engine,track,id,seconds,n_tokens,page_error,meta_book,meta_lang,cer_dip,cer,wer,cer_edits,ref_chars,bow_recall,bow_precision,over_extraction,len_ratio,empty,loop,meta_category,tests_total,tests_passed,test_results,meta_layout,meta_level
doctr,books,birdsofgreatbrit02butl_0093_full,5.916142460125002,,False,birdsofgreatbrit02butl,en,0.027097902097902096,0.017872711421098517,0.0673854447439353,41.0,2294.0,0.9689119170984456,0.9639175257731959,0.03608247422680412,1.0039232781168266,False,False,,,,,,
doctr,books,birdsofgreatbrit02butl_0126_full,5.916142460125002,,False,birdsofgreatbrit02butl,en,0.022198731501057084,0.011619718309859155,0.04772234273318872,33.0,2840.0,0.9737903225806451,0.9737903225806451,0.02620967741935484,1.0003521126760564,False,False,,,,,,
doctr,books,birdsofgreatbrit02butl_0156_full,5.916142460125002,,False,birdsofgreatbrit02butl,en,0.03387096774193549,0.0213903743315508,0.0756578947368421,40.0,1870.0,0.9583333333333334,0.9552715654952076,0.04472843450479233,1.0064171122994652,False,False,,,,,,
doctr,books,birdsofgreatbrit02butl_0159_full,5.916142460125002,,False,birdsofgreatbrit02butl,en,0.018345448251990307,0.010700724887814981,0.03088803088803089,31.0,2897.0,0.9887640449438202,0.9869158878504672,0.013084112149532711,1.0017259233690023,False,False,,,,,,
doctr,books,birdsofgreatbrit02butl_0172_full,5.916142460125002,,False,birdsofgreatbrit02butl,en,0.02311589613679544,0.0069138906348208675,0.027586206896551724,22.0,3182.0,0.9864406779661017,0.9864406779661017,0.013559322033898305,0.9996857322438718,False,False,,,,,,
doctr,books,birdsofgreatbrit02butl_0308_full,5.916142460125002,,False,birdsofgreatbrit02butl,en,0.01643835616438356,0.01095290251916758,0.04878048780487805,20.0,1826.0,0.9881305637982196,0.985207100591716,0.014792899408284023,0.9994523548740416,False,False,,,,,,
doctr,books,birdsofgreatbrit02butl_0312_full,5.916142460125002,,False,birdsofgreatbrit02butl,en,0.013059701492537313,0.008387698042870456,0.033707865168539325,9.0,1073.0,0.989010989010989,0.972972972972973,0.02702702702702703,1.0046598322460392,False,False,,,,,,
doctr,books,birdsofgreatbrit02butl_0320_full,5.916142460125002,,False,birdsofgreatbrit02butl,en,0.015475648611743286,0.012283894449499545,0.043835616438356165,27.0,2198.0,0.9791666666666666,0.9740932642487047,0.025906735751295335,1.0018198362147406,False,False,,,,,,
doctr,books,birdsofgreatbrit02butl_0328_full,7.200623409875021,,False,birdsofgreatbrit02butl,en,0.04776579352850539,0.04776579352850539,0.2631578947368421,31.0,649.0,0.8679245283018868,0.8214285714285714,0.17857142857142858,1.012326656394453,False,False,,,,,,
doctr,books,conchologiaiconi05reev_0039_full,7.200623409875021,,False,conchologiaiconi05reev,en,0.029770992366412213,0.020112016293279023,0.10157618213660245,79.0,3928.0,0.9196581196581196,0.9180887372013652,0.08191126279863481,0.9997454175152749,False,False,,,,,,
doctr,books,conchologiaiconi05reev_0127_full,7.200623409875021,,False,conchologiaiconi05reev,en,0.039715616572689384,0.03125769136106325,0.15057915057915058,127.0,4063.0,0.8810408921933085,0.8794063079777366,0.12059369202226346,1.0012306177701207,False,False,,,,,,
doctr,books,conchologiaiconi05reev_0200_full,7.200623409875021,,False,conchologiaiconi05reev,en,0.22370138345079613,0.21541294055760127,0.28628230616302186,819.0,3802.0,0.8869731800766284,0.8852772466539197,0.1147227533460803,1.0015781167806417,False,False,,,,,,
doctr,books,conchologiaiconi05reev_0235_full,7.200623409875021,,False,conchologiaiconi05reev,en,0.2454973676918814,0.23348139922265407,0.31956521739130433,841.0,3602.0,0.8723849372384938,0.8723849372384938,0.12761506276150628,0.9997223764575236,False,False,,,,,,
doctr,books,conchologiaiconi05reev_0271_full,7.200623409875021,,False,conchologiaiconi05reev,en,0.392550911039657,0.38226627377444417,0.5462184873949579,1427.0,3733.0,0.8600405679513184,0.8635437881873728,0.1364562118126273,1.0,False,False,,,,,,
doctr,books,conchologiaiconi05reev_0276_full,7.200623409875021,,False,conchologiaiconi05reev,en,0.16043715846994536,0.15187376725838264,0.24390243902439024,693.0,4563.0,0.8793969849246231,0.8823529411764706,0.11764705882352941,0.9982467674775367,False,False,,,,,,
doctr,books,conchologiaiconi05reev_0350_full,7.200623409875021,,False,conchologiaiconi05reev,en,0.036155606407322655,0.022048690858980247,0.13898305084745763,48.0,2177.0,0.8841059602649006,0.8841059602649006,0.11589403973509933,1.0004593477262287,False,False,,,,,,
doctr,books,conchologiaiconi05reev_0354_full,7.946999400999999,,False,conchologiaiconi05reev,en,0.17177396682597695,0.15907813378302418,0.2489451476793249,566.0,3558.0,0.8640973630831643,0.8640973630831643,0.1359026369168357,0.9997189432265318,False,False,,,,,,
doctr,books,conchologiaiconi05reev_0433_full,7.946999400999999,,False,conchologiaiconi05reev,en,0.5155699972921743,0.5122282608695652,0.6391304347826087,1885.0,3680.0,0.86652977412731,0.8683127572016461,0.13168724279835392,0.9980978260869565,False,False,,,,,,
doctr,books,daschitinskelett00prel_0011_full,7.946999400999999,,False,daschitinskelett00prel,de,0.023839796567069294,0.023931078493937462,0.12903225806451613,75.0,3134.0,0.8909512761020881,0.8868360277136259,0.11316397228637413,1.0015954052329292,False,False,,,,,,
doctr,books,daschitinskelett00prel_0021_full,7.946999400999999,,False,daschitinskelett00prel,de,0.020202020202020204,0.019735133731498312,0.11170212765957446,76.0,3851.0,0.9039145907473309,0.9023090586145648,0.09769094138543517,0.9992209815632304,False,False,,,,,,
doctr,books,daschitinskelett00prel_0034_full,7.946999400999999,,False,daschitinskelett00prel,de,0.021768251841929,0.021797451374916163,0.11502347417840375,65.0,2982.0,0.9011764705882352,0.8927738927738927,0.10722610722610723,1.000670690811536,False,False,,,,,,
doctr,books,daschitinskelett00prel_0037_full,7.946999400999999,,False,daschitinskelett00prel,de,0.022169437846397466,0.02066772655007949,0.122040072859745,78.0,3774.0,0.8978102189781022,0.8913043478260869,0.10869565217391304,1.0010598834128246,False,False,,,,,,
doctr,books,daschitinskelett00prel_0038_full,7.946999400999999,,False,daschitinskelett00prel,de,0.02229712211563391,0.020567560531111688,0.10566037735849057,79.0,3841.0,0.9056603773584906,0.903954802259887,0.096045197740113,1.003124186409789,False,False,,,,,,
doctr,books,daschitinskelett00prel_0051_full,7.946999400999999,,False,daschitinskelett00prel,de,0.018653894630703303,0.018710493046776234,0.11428571428571428,74.0,3955.0,0.8978494623655914,0.891459074733096,0.10854092526690391,1.0027812895069532,False,False,,,,,,
doctr,books,daschitinskelett00prel_0057_full,3.8675377463749783,,False,daschitinskelett00prel,de,0.019208715596330275,0.019230769230769232,0.10714285714285714,67.0,3484.0,0.9096638655462185,0.9077568134171907,0.09224318658280922,1.0017221584385763,False,False,,,,,,
doctr,books,daschitinskelett00prel_0060_full,3.8675377463749783,,False,daschitinskelett00prel,de,0.026607538802660754,0.026785714285714284,0.14049586776859505,24.0,896.0,0.8907563025210085,0.8833333333333333,0.11666666666666667,1.0011160714285714,False,False,,,,,,
doctr,books,histoirenaturell10cuvi_0014_full,3.8675377463749783,,False,histoirenaturell10cuvi,fr,0.014285714285714285,0.011016949152542373,0.09090909090909091,13.0,1180.0,0.9202127659574468,0.9453551912568307,0.0546448087431694,0.9957627118644068,False,False,,,,,,
doctr,books,histoirenaturell10cuvi_0070_full,3.8675377463749783,,False,histoirenaturell10cuvi,fr,0.09046454767726161,0.07078189300411522,0.18446601941747573,86.0,1215.0,0.9013452914798207,0.8933333333333333,0.10666666666666667,1.0032921810699589,False,False,,,,,,
doctr,books,histoirenaturell10cuvi_0172_full,3.8675377463749783,,False,histoirenaturell10cuvi,fr,0.013009540329575022,0.0008695652173913044,0.005076142131979695,1.0,1150.0,0.9953271028037384,0.9953271028037384,0.004672897196261682,1.0,False,False,,,,,,
doctr,books,histoirenaturell10cuvi_0188_full,3.8675377463749783,,False,histoirenaturell10cuvi,fr,0.030244530244530245,0.01288659793814433,0.045283018867924525,20.0,1552.0,0.9661016949152542,0.9661016949152542,0.03389830508474576,1.0045103092783505,False,False,,,,,,
doctr,books,histoirenaturell10cuvi_0251_full,3.8675377463749783,,False,histoirenaturell10cuvi,fr,0.02901023890784983,0.014667817083692839,0.06965174129353234,17.0,1159.0,0.9579439252336449,0.9669811320754716,0.0330188679245283,1.0,False,False,,,,,,
doctr,books,histoirenaturell10cuvi_0343_full,3.8675377463749783,,False,histoirenaturell10cuvi,fr,0.0508209538702111,0.04189723320158103,0.08040201005025126,53.0,1265.0,0.9803921568627451,0.9389671361502347,0.06103286384976526,1.0047430830039525,False,False,,,,,,
doctr,books,histoirenaturell10cuvi_0369_full,3.9270514382499755,,False,histoirenaturell10cuvi,fr,0.03461538461538462,0.019334880123743233,0.12727272727272726,25.0,1293.0,0.8879310344827587,0.9493087557603687,0.05069124423963134,0.9868522815158546,False,False,,,,,,
doctr,books,histoirenaturell10cuvi_0425_full,3.9270514382499755,,False,histoirenaturell10cuvi,fr,0.024699176694110196,0.00826972010178117,0.04332129963898917,13.0,1572.0,0.9761904761904762,0.9828767123287672,0.017123287671232876,0.9980916030534351,False,False,,,,,,
doctr,books,pisciumquerelaee00sche_0012_full,3.9270514382499755,,False,pisciumquerelaee00sche,la,0.15723645026801666,0.15370705244122965,0.5677966101694916,255.0,1659.0,0.46360153256704983,0.5353982300884956,0.4646017699115044,1.027124773960217,False,False,,,,,,
doctr,books,pisciumquerelaee00sche_0013_full,3.9270514382499755,,False,pisciumquerelaee00sche,la,0.11071849234393404,0.10760998810939358,0.5166666666666667,181.0,1682.0,0.50187265917603,0.600896860986547,0.3991031390134529,1.009512485136742,False,False,,,,,,
doctr,books,pisciumquerelaee00sche_0016_full,3.9270514382499755,,False,pisciumquerelaee00sche,la,0.116875,0.11652944901836605,0.5594713656387665,184.0,1579.0,0.5041322314049587,0.5622119815668203,0.4377880184331797,1.0107663077897404,False,False,,,,,,
doctr,books,pisciumquerelaee00sche_0035_full,3.9270514382499755,,False,pisciumquerelaee00sche,la,0.1847560975609756,0.17372621240024555,0.5526315789473685,283.0,1629.0,0.5121951219512195,0.5833333333333334,0.4166666666666667,1.0313075506445673,False,False,,,,,,
doctr,books,pisciumquerelaee00sche_0038_full,3.9270514382499755,,False,pisciumquerelaee00sche,la,0.16342141863699583,0.16537102473498233,0.5786802030456852,234.0,1415.0,0.5099009900990099,0.544973544973545,0.455026455026455,1.0431095406360424,False,False,,,,,,
doctr,books,pisciumquerelaee00sche_0040_full,3.9270514382499755,,False,pisciumquerelaee00sche,la,0.16778900112233447,0.16997167138810199,0.7389705882352942,300.0,1765.0,0.4735099337748344,0.5909090909090909,0.4090909090909091,0.9909348441926346,False,False,,,,,,
doctr,books,pisciumquerelaee00sche_0041_full,3.6644540477499845,,False,pisciumquerelaee00sche,la,0.12202753441802253,0.11749842072015161,0.5,186.0,1583.0,0.5363984674329502,0.625,0.375,1.0277953253316487,False,False,,,,,,
doctr,books,pisciumquerelaee00sche_0044_full,3.6644540477499845,,False,pisciumquerelaee00sche,la,0.27205882352941174,0.27722772277227725,0.7321428571428571,112.0,404.0,0.4528301886792453,0.46153846153846156,0.5384615384615384,1.0915841584158417,False,False,,,,,,
doctr,books,trudyrusskagoent161881russ_0098_full,3.6644540477499845,,False,trudyrusskagoent161881russ,fr+de,0.019917582417582416,0.015829318651066758,0.08823529411764706,23.0,1453.0,0.949748743718593,0.9402985074626866,0.05970149253731343,0.9986235375086029,False,False,,,,,,
doctr,books,trudyrusskagoent161881russ_0121_full,3.6644540477499845,,False,trudyrusskagoent161881russ,fr+de,0.03503184713375796,0.022872340425531913,0.11764705882352941,43.0,1880.0,0.9195804195804196,0.9131944444444444,0.08680555555555555,0.9984042553191489,False,False,,,,,,
doctr,books,trudyrusskagoent161881russ_0276_full,3.6644540477499845,,False,trudyrusskagoent161881russ,fr+de,0.041666666666666664,0.03530092592592592,0.11952191235059761,61.0,1728.0,0.9068825910931174,0.9032258064516129,0.0967741935483871,1.0011574074074074,False,False,,,,,,
doctr,books,trudyrusskagoent161881russ_0329_full,3.6644540477499845,,False,trudyrusskagoent161881russ,fr+de,0.050119331742243436,0.04697986577181208,0.14383561643835616,98.0,2086.0,0.8689655172413793,0.8873239436619719,0.11267605633802817,0.9803451581975072,False,False,,,,,,
doctr,books,trudyrusskagoent161881russ_0357_full,3.6644540477499845,,False,trudyrusskagoent161881russ,fr+de,0.04325259515570934,0.04004643064422519,0.1825726141078838,69.0,1723.0,0.8512396694214877,0.8408163265306122,0.15918367346938775,1.0017411491584445,False,False,,,,,,
doctr,books,trudyrusskagoent161881russ_0379_full,3.6644540477499845,,False,trudyrusskagoent161881russ,fr+de,0.017482517482517484,0.016056196688409432,0.07547169811320754,32.0,1993.0,0.954954954954955,0.9607250755287009,0.03927492447129909,0.994982438534872,False,False,,,,,,
doctr,books,trudyrusskagoent161881russ_0388_full,3.53233702849991,,False,trudyrusskagoent161881russ,fr+de,0.018022938285090113,0.013683634373289545,0.06397306397306397,25.0,1827.0,0.9902912621359223,0.9714285714285714,0.02857142857142857,0.9956212370005474,False,False,,,,,,
doctr,books,trudyrusskagoent161881russ_0446_full,3.53233702849991,,False,trudyrusskagoent161881russ,fr+de,0.026022304832713755,0.024299065420560748,0.07853403141361257,26.0,1070.0,0.985,0.9609756097560975,0.03902439024390244,0.9953271028037384,False,False,,,,,,
doctr,docs,headers_footers__0b8de922246569bf96136cd5bb1d9643b2d269fe_page_10_processed,5.26397053300002,,False,,,,,,,,,,,,False,,headers_footers,2.0,1.0,"[{""id"": ""0b8de922246569bf96136cd5bb1d9643b2d269fe_page_10_processed.pdf_manual_00"", ""type"": ""absent"", ""passed"": false, ""category"": ""headers_footers""}, {""id"": ""auto_baseline"", ""type"": ""baseline"", ""passed"": true, ""category"": ""baseline""}]",,
doctr,docs,headers_footers__12e836a20227be4b63f7dcdebb2498e9d189d4da_page_5_processed,5.26397053300002,,False,,,,,,,,,,,,False,,headers_footers,4.0,4.0,"[{""id"": ""12e836a20227be4b63f7dcdebb2498e9d189d4da_page_5_processed_pg1_header_00"", ""type"": ""absent"", ""passed"": true, ""category"": ""headers_footers""}, {""id"": ""12e836a20227be4b63f7dcdebb2498e9d189d4da_page_5_processed_pg1_header_01"", ""type"": ""absent"", ""passed"": true, ""category"": ""headers_footers""}, {""id"": ""12e836a20227be4b63f7dcdebb2498e9d189d4da_page_5_processed_pg1_header_02"", ""type"": ""absent"", ""passed"": true, ""category"": ""headers_footers""}, {""id"": ""auto_baseline"", ""type"": ""baseline"", ""passed"": true, ""category"": ""baseline""}]",,
doctr,docs,headers_footers__17ce5025be595d7fc2c3a347b6a2fa4e4d06419d_page_1,5.26397053300002,,False,,,,,,,,,,,,False,,headers_footers,2.0,2.0,"[{""id"": ""17ce5025be595d7fc2c3a347b6a2fa4e4d06419d_page_1_header_00"", ""type"": ""absent"", ""passed"": true, ""category"": ""headers_footers""}, {""id"": ""auto_baseline"", ""type"": ""baseline"", ""passed"": true, ""category"": ""baseline""}]",,
doctr,docs,headers_footers__1a3e61746b0965df09bce6cb1051c455807363d5_page_1,5.26397053300002,,False,,,,,,,,,,,,False,,headers_footers,3.0,2.0,"[{""id"": ""1a3e61746b0965df09bce6cb1051c455807363d5_page_1_header_00"", ""type"": ""absent"", ""passed"": false, ""category"": ""headers_footers""}, {""id"": ""1a3e61746b0965df09bce6cb1051c455807363d5_page_1.pdf_manual_00"", ""type"": ""absent"", ""passed"": true, ""category"": ""headers_footers""}, {""id"": ""auto_baseline"", ""type"": ""baseline"", ""passed"": true, ""category"": ""baseline""}]",,
doctr,docs,headers_footers__2cb8b9fbe5aaac3d7f95d110a3b08132ee09d103_page_2,5.26397053300002,,False,,,,,,,,,,,,False,,headers_footers,3.0,1.0,"[{""id"": ""2cb8b9fbe5aaac3d7f95d110a3b08132ee09d103_page_2_header_00"", ""type"": ""absent"", ""passed"": false, ""category"": ""headers_footers""}, {""id"": ""2cb8b9fbe5aaac3d7f95d110a3b08132ee09d103_page_2.pdf_manual_00"", ""type"": ""absent"", ""passed"": false, ""category"": ""headers_footers""}, {""id"": ""auto_baseline"", ""type"": ""baseline"", ""passed"": true, ""category"": ""baseline""}]",,
doctr,docs,headers_footers__363300831b3da664b1bfe972e4f86464fa076da3_page_149,5.26397053300002,,False,,,,,,,,,,,,False,,headers_footers,6.0,5.0,"[{""id"": ""363300831b3da664b1bfe972e4f86464fa076da3_page_149_header_00"", ""type"": ""absent"", ""passed"": true, ""category"": ""headers_footers""}, {""id"": ""363300831b3da664b1bfe972e4f86464fa076da3_page_149_header_01"", ""type"": ""absent"", ""passed"": false, ""category"": ""headers_footers""}, {""id"": ""363300831b3da664b1bfe972e4f86464fa076da3_page_149_header_15"", ""type"": ""absent"", ""passed"": true, ""category"": ""headers_footers""}, {""id"": ""363300831b3da664b1bfe972e4f86464fa076da3_page_149_header_16"", ""type"": ""absent"", ""passed"": true, ""category"": ""headers_footers""}, {""id"": ""363300831b3da664b1bfe972e4f86464fa076da3_page_149.pdf_manual_00"", ""type"": ""absent"", ""passed"": true, ""category"": ""headers_footers""}, {""id"": ""auto_baseline"", ""type"": ""baseline"", ""passed"": true, ""category"": ""baseline""}]",,
doctr,docs,headers_footers__62621cef2b1d5356a063aa7c9c735ac396fb2223_page_33,5.26397053300002,,False,,,,,,,,,,,,False,,headers_footers,4.0,2.0,"[{""id"": ""62621cef2b1d5356a063aa7c9c735ac396fb2223_page_33_header_00"", ""type"": ""absent"", ""passed"": false, ""category"": ""headers_footers""}, {""id"": ""62621cef2b1d5356a063aa7c9c735ac396fb2223_page_33.pdf_manual_00"", ""type"": ""absent"", ""passed"": true, ""category"": ""headers_footers""}, {""id"": ""62621cef2b1d5356a063aa7c9c735ac396fb2223_page_33.pdf_manual_01"", ""type"": ""absent"", ""passed"": false, ""category"": ""headers_footers""}, {""id"": ""auto_baseline"", ""type"": ""baseline"", ""passed"": true, ""category"": ""baseline""}]",,
doctr,docs,headers_footers__7901d119ed91a89f8fbabf0eef7174d75a7656e3_page_1,5.26397053300002,,False,,,,,,,,,,,,False,,headers_footers,2.0,1.0,"[{""id"": ""7901d119ed91a89f8fbabf0eef7174d75a7656e3_page_1.pdf_manual_00"", ""type"": ""absent"", ""passed"": false, ""category"": ""headers_footers""}, {""id"": ""auto_baseline"", ""type"": ""baseline"", ""passed"": true, ""category"": ""baseline""}]",,
doctr,docs,headers_footers__ba10222e40f05d76e2bf1d51c39066a4b1fe82ed_page_11,15.013315133499987,,False,,,,,,,,,,,,False,,headers_footers,3.0,2.0,"[{""id"": ""ba10222e40f05d76e2bf1d51c39066a4b1fe82ed_page_11_header_00"", ""type"": ""absent"", ""passed"": false, ""category"": ""headers_footers""}, {""id"": ""ba10222e40f05d76e2bf1d51c39066a4b1fe82ed_page_11.pdf_manual_00"", ""type"": ""absent"", ""passed"": true, ""category"": ""headers_footers""}, {""id"": ""auto_baseline"", ""type"": ""baseline"", ""passed"": true, ""category"": ""baseline""}]",,
doctr,docs,headers_footers__d8b9c4cd0ba9b036e09168c8dccccd1d43315ef4_page_1,15.013315133499987,,False,,,,,,,,,,,,False,,headers_footers,3.0,1.0,"[{""id"": ""d8b9c4cd0ba9b036e09168c8dccccd1d43315ef4_page_1_header_00"", ""type"": ""absent"", ""passed"": false, ""category"": ""headers_footers""}, {""id"": ""d8b9c4cd0ba9b036e09168c8dccccd1d43315ef4_page_1.pdf_manual_00"", ""type"": ""absent"", ""passed"": false, ""category"": ""headers_footers""}, {""id"": ""auto_baseline"", ""type"": ""baseline"", ""passed"": true, ""category"": ""baseline""}]",,
doctr,docs,long_tiny_text__11_pg161_pg1,15.013315133499987,,False,,,,,,,,,,,,False,,long_tiny_text,9.0,9.0,"[{""id"": ""11_pg161_pg1_text_00"", ""type"": ""present"", ""passed"": true, ""category"": ""long_tiny_text""}, {""id"": ""11_pg161_pg1_text_01"", ""type"": ""present"", ""passed"": true, ""category"": ""long_tiny_text""}, {""id"": ""11_pg161_pg1_text_02"", ""type"": ""present"", ""passed"": true, ""category"": ""long_tiny_text""}, {""id"": ""11_pg161_pg1_text_03"", ""type"": ""present"", ""passed"": true, ""category"": ""long_tiny_text""}, {""id"": ""11_pg161_pg1_text_04"", ""type"": ""present"", ""passed"": true, ""category"": ""long_tiny_text""}, {""id"": ""11_pg161_pg1_text_05"", ""type"": ""present"", ""passed"": true, ""category"": ""long_tiny_text""}, {""id"": ""11_pg161_pg1_text_06"", ""type"": ""present"", ""passed"": true, ""category"": ""long_tiny_text""}, {""id"": ""11_pg161_pg1_text_07"", ""type"": ""present"", ""passed"": true, ""category"": ""long_tiny_text""}, {""id"": ""auto_baseline"", ""type"": ""baseline"", ""passed"": true, ""category"": ""baseline""}]",,
doctr,docs,long_tiny_text__11_pg375_pg1,15.013315133499987,,False,,,,,,,,,,,,False,,long_tiny_text,4.0,2.0,"[{""id"": ""11_pg375_pg1_text_00"", ""type"": ""present"", ""passed"": true, ""category"": ""long_tiny_text""}, {""id"": ""11_pg375_pg1_text_01"", ""type"": ""present"", ""passed"": false, ""category"": ""long_tiny_text""}, {""id"": ""11_pg375_pg1_text_02"", ""type"": ""present"", ""passed"": false, ""category"": ""long_tiny_text""}, {""id"": ""auto_baseline"", ""type"": ""baseline"", ""passed"": true, ""category"": ""baseline""}]",,
doctr,docs,long_tiny_text__13_pg556_pg1,15.013315133499987,,False,,,,,,,,,,,,False,,long_tiny_text,5.0,1.0,"[{""id"": ""13_pg556_pg1_text_00"", ""type"": ""present"", ""passed"": false, ""category"": ""long_tiny_text""}, {""id"": ""13_pg556_pg1_text_01"", ""type"": ""present"", ""passed"": false, ""category"": ""long_tiny_text""}, {""id"": ""13_pg556_pg1_text_02"", ""type"": ""present"", ""passed"": false, ""category"": ""long_tiny_text""}, {""id"": ""13_pg556_pg1_text_03"", ""type"": ""present"", ""passed"": false, ""category"": ""long_tiny_text""}, {""id"": ""auto_baseline"", ""type"": ""baseline"", ""passed"": true, ""category"": ""baseline""}]",,
doctr,docs,long_tiny_text__13_pg566_pg1,15.013315133499987,,False,,,,,,,,,,,,False,,long_tiny_text,6.0,1.0,"[{""id"": ""13_pg566_pg1_text_00"", ""type"": ""present"", ""passed"": false, ""category"": ""long_tiny_text""}, {""id"": ""13_pg566_pg1_text_01"", ""type"": ""present"", ""passed"": false, ""category"": ""long_tiny_text""}, {""id"": ""13_pg566_pg1_text_02"", ""type"": ""present"", ""passed"": false, ""category"": ""long_tiny_text""}, {""id"": ""13_pg566_pg1_text_03"", ""type"": ""present"", ""passed"": false, ""category"": ""long_tiny_text""}, {""id"": ""13_pg566_pg1_text_04"", ""type"": ""present"", ""passed"": false, ""category"": ""long_tiny_text""}, {""id"": ""auto_baseline"", ""type"": ""baseline"", ""passed"": true, ""category"": ""baseline""}]",,
doctr,docs,long_tiny_text__13_pg67_pg1,15.013315133499987,,False,,,,,,,,,,,,False,,long_tiny_text,6.0,3.0,"[{""id"": ""13_pg67_pg1_text_00"", ""type"": ""present"", ""passed"": false, ""category"": ""long_tiny_text""}, {""id"": ""13_pg67_pg1_text_01"", ""type"": ""present"", ""passed"": true, ""category"": ""long_tiny_text""}, {""id"": ""13_pg67_pg1_text_02"", ""type"": ""present"", ""passed"": false, ""category"": ""long_tiny_text""}, {""id"": ""13_pg67_pg1_text_03"", ""type"": ""present"", ""passed"": false, ""category"": ""long_tiny_text""}, {""id"": ""13_pg67_pg1_text_04"", ""type"": ""present"", ""passed"": true, ""category"": ""long_tiny_text""}, {""id"": ""auto_baseline"", ""type"": ""baseline"", ""passed"": true, ""category"": ""baseline""}]",,
doctr,docs,long_tiny_text__14a_pg1,15.013315133499987,,False,,,,,,,,,,,,False,,long_tiny_text,6.0,5.0,"[{""id"": ""14a_pg1_text_01"", ""type"": ""present"", ""passed"": true, ""category"": ""long_tiny_text""}, {""id"": ""14a_pg1_text_02"", ""type"": ""present"", ""passed"": true, ""category"": ""long_tiny_text""}, {""id"": ""14a_pg1_text_04"", ""type"": ""present"", ""passed"": false, ""category"": ""long_tiny_text""}, {""id"": ""14a_pg1_text_05"", ""type"": ""present"", ""passed"": true, ""category"": ""long_tiny_text""}, {""id"": ""14a_pg1_text_06"", ""type"": ""present"", ""passed"": true, ""category"": ""long_tiny_text""}, {""id"": ""auto_baseline"", ""type"": ""baseline"", ""passed"": true, ""category"": ""baseline""}]",,
doctr,docs,long_tiny_text__15c_pg1,12.383227125499985,,False,,,,,,,,,,,,False,,long_tiny_text,5.0,3.0,"[{""id"": ""15c_pg1_text_00"", ""type"": ""present"", ""passed"": true, ""category"": ""long_tiny_text""}, {""id"": ""15c_pg1_text_01"", ""type"": ""present"", ""passed"": true, ""category"": ""long_tiny_text""}, {""id"": ""15c_pg1_text_02"", ""type"": ""present"", ""passed"": false, ""category"": ""long_tiny_text""}, {""id"": ""15c_pg1_text_03"", ""type"": ""present"", ""passed"": false, ""category"": ""long_tiny_text""}, {""id"": ""auto_baseline"", ""type"": ""baseline"", ""passed"": true, ""category"": ""baseline""}]",,
doctr,docs,long_tiny_text__17_pg2_pg1,12.383227125499985,,False,,,,,,,,,,,,False,,long_tiny_text,40.0,34.0,"[{""id"": ""17_pg2_pg1_text_00"", ""type"": ""present"", ""passed"": true, ""category"": ""long_tiny_text""}, {""id"": ""17_pg2_pg1_text_01"", ""type"": ""present"", ""passed"": true, ""category"": ""long_tiny_text""}, {""id"": ""17_pg2_pg1_text_02"", ""type"": ""present"", ""passed"": true, ""category"": ""long_tiny_text""}, {""id"": ""17_pg2_pg1_text_03"", ""type"": ""present"", ""passed"": true, ""category"": ""long_tiny_text""}, {""id"": ""17_pg2_pg1_text_04"", ""type"": ""present"", ""passed"": false, ""category"": ""long_tiny_text""}, {""id"": ""17_pg2_pg1_text_06"", ""type"": ""present"", ""passed"": true, ""category"": ""long_tiny_text""}, {""id"": ""17_pg2_pg1_text_07"", ""type"": ""present"", ""passed"": true, ""category"": ""long_tiny_text""}, {""id"": ""17_pg2_pg1_text_09"", ""type"": ""present"", ""passed"": true, ""category"": ""long_tiny_text""}, {""id"": ""17_pg2_pg1_text_10"", ""type"": ""present"", ""passed"": true, ""category"": ""long_tiny_text""}, {""id"": ""17_pg2_pg1_text_12"", ""type"": ""present"", ""passed"": true, ""category"": ""long_tiny_text""}, {""id"": ""17_pg2_pg1_text_13"", ""type"": ""present"", ""passed"": false, ""category"": ""long_tiny_text""}, {""id"": ""17_pg2_pg1_text_16"", ""type"": ""present"", ""passed"": true, ""category"": ""long_tiny_text""}, {""id"": ""17_pg2_pg1_text_17"", ""type"": ""present"", ""passed"": false, ""category"": ""long_tiny_text""}, {""id"": ""17_pg2_pg1_text_20"", ""type"": ""present"", ""passed"": true, ""category"": ""long_tiny_text""}, {""id"": ""17_pg2_pg1_text_23"", ""type"": ""present"", ""passed"": true, ""category"": ""long_tiny_text""}, {""id"": ""17_pg2_pg1_text_24"", ""type"": ""present"", ""passed"": true, ""category"": ""long_tiny_text""}, {""id"": ""17_pg2_pg1_text_25"", ""type"": ""present"", ""passed"": true, ""category"": ""long_tiny_text""}, {""id"": ""17_pg2_pg1_text_27"", ""type"": ""present"", ""passed"": true, ""category"": ""long_tiny_text""}, {""id"": ""17_pg2_pg1_text_28"", ""type"": ""present"", ""passed"": true, ""category"": ""long_tiny_text""}, {""id"": ""17_pg2_pg1_text_30"", ""type"": ""present"", ""passed"": true, ""category"": ""long_tiny_text""}, {""id"": ""17_pg2_pg1_text_31"", ""type"": ""present"", ""passed"": true, ""category"": ""long_tiny_text""}, {""id"": ""17_pg2_pg1_text_34"", ""type"": ""present"", ""passed"": true, ""category"": ""long_tiny_text""}, {""id"": ""17_pg2_pg1_text_37"", ""type"": ""present"", ""passed"": true, ""category"": ""long_tiny_text""}, {""id"": ""17_pg2_pg1_text_41"", ""type"": ""present"", ""passed"": true, ""category"": ""long_tiny_text""}, {""id"": ""17_pg2_pg1_text_43"", ""type"": ""present"", ""passed"": false, ""category"": ""long_tiny_text""}, {""id"": ""17_pg2_pg1_text_45"", ""type"": ""present"", ""passed"": false, ""category"": ""long_tiny_text""}, {""id"": ""17_pg2_pg1_text_49"", ""type"": ""present"", ""passed"": true, ""category"": ""long_tiny_text""}, {""id"": ""17_pg2_pg1_text_51"", ""type"": ""present"", ""passed"": false, ""category"": ""long_tiny_text""}, {""id"": ""17_pg2_pg1_text_56"", ""type"": ""present"", ""passed"": true, ""category"": ""long_tiny_text""}, {""id"": ""17_pg2_pg1_text_61"", ""type"": ""present"", ""passed"": true, ""category"": ""long_tiny_text""}, {""id"": ""17_pg2_pg1_text_65"", ""type"": ""present"", ""passed"": true, ""category"": ""long_tiny_text""}, {""id"": ""17_pg2_pg1_text_69"", ""type"": ""present"", ""passed"": true, ""category"": ""long_tiny_text""}, {""id"": ""17_pg2_pg1_text_74"", ""type"": ""present"", ""passed"": true, ""category"": ""long_tiny_text""}, {""id"": ""17_pg2_pg1_text_80"", ""type"": ""present"", ""passed"": true, ""category"": ""long_tiny_text""}, {""id"": ""17_pg2_pg1_text_83"", ""type"": ""present"", ""passed"": true, ""category"": ""long_tiny_text""}, {""id"": ""17_pg2_pg1_text_86"", ""type"": ""present"", ""passed"": true, ""category"": ""long_tiny_text""}, {""id"": ""17_pg2_pg1_text_88"", ""type"": ""present"", ""passed"": true, ""category"": ""long_tiny_text""}, {""id"": ""17_pg2_pg1_text_95"", ""type"": ""present"", ""passed"": true, ""category"": ""long_tiny_text""}, {""id"": ""17_pg2_pg1_text_97"", ""type"": ""present"", ""passed"": true, ""category"": ""long_tiny_text""}, {""id"": ""auto_baseline"", ""type"": ""baseline"", ""passed"": true, ""category"": ""baseline""}]",,
doctr,docs,long_tiny_text__20_pg40_pg1,12.383227125499985,,False,,,,,,,,,,,,False,,long_tiny_text,6.0,1.0,"[{""id"": ""20_pg40_pg1_text_00"", ""type"": ""present"", ""passed"": false, ""category"": ""long_tiny_text""}, {""id"": ""20_pg40_pg1_text_01"", ""type"": ""present"", ""passed"": false, ""category"": ""long_tiny_text""}, {""id"": ""20_pg40_pg1_text_02"", ""type"": ""present"", ""passed"": false, ""category"": ""long_tiny_text""}, {""id"": ""20_pg40_pg1_text_03"", ""type"": ""present"", ""passed"": false, ""category"": ""long_tiny_text""}, {""id"": ""20_pg40_pg1_text_04"", ""type"": ""present"", ""passed"": false, ""category"": ""long_tiny_text""}, {""id"": ""auto_baseline"", ""type"": ""baseline"", ""passed"": true, ""category"": ""baseline""}]",,
doctr,docs,long_tiny_text__20_pg46_pg1,12.383227125499985,,False,,,,,,,,,,,,False,,long_tiny_text,10.0,1.0,"[{""id"": ""20_pg46_pg1_text_00"", ""type"": ""present"", ""passed"": false, ""category"": ""long_tiny_text""}, {""id"": ""20_pg46_pg1_text_01"", ""type"": ""present"", ""passed"": false, ""category"": ""long_tiny_text""}, {""id"": ""20_pg46_pg1_text_02"", ""type"": ""present"", ""passed"": false, ""category"": ""long_tiny_text""}, {""id"": ""20_pg46_pg1_text_03"", ""type"": ""present"", ""passed"": false, ""category"": ""long_tiny_text""}, {""id"": ""20_pg46_pg1_text_04"", ""type"": ""present"", ""passed"": false, ""category"": ""long_tiny_text""}, {""id"": ""20_pg46_pg1_text_05"", ""type"": ""present"", ""passed"": false, ""category"": ""long_tiny_text""}, {""id"": ""20_pg46_pg1_text_06"", ""type"": ""present"", ""passed"": false, ""category"": ""long_tiny_text""}, {""id"": ""20_pg46_pg1_text_08"", ""type"": ""present"", ""passed"": false, ""category"": ""long_tiny_text""}, {""id"": ""20_pg46_pg1_text_09"", ""type"": ""present"", ""passed"": false, ""category"": ""long_tiny_text""}, {""id"": ""auto_baseline"", ""type"": ""baseline"", ""passed"": true, ""category"": ""baseline""}]",,
doctr,docs,multi_column__00945e98ea0970dcffb8f548336df3a0137f_page_4_pg1,12.383227125499985,,False,,,,,,,,,,,,False,,multi_column,4.0,3.0,"[{""id"": ""00945e98ea0970dcffb8f548336df3a0137f_page_4.pdf_order_0a8f368a"", ""type"": ""order"", ""passed"": true, ""category"": ""multi_column""}, {""id"": ""00945e98ea0970dcffb8f548336df3a0137f_page_4.pdf_order_3d4bbd69"", ""type"": ""order"", ""passed"": false, ""category"": ""multi_column""}, {""id"": ""00945e98ea0970dcffb8f548336df3a0137f_page_4.pdf_order_4cbab131"", ""type"": ""order"", ""passed"": true, ""category"": ""multi_column""}, {""id"": ""auto_baseline"", ""type"": ""baseline"", ""passed"": true, ""category"": ""baseline""}]",,
doctr,docs,multi_column__00e2c7719d58bb49fd4031cce9dcccdddec2_page_1_pg1,12.383227125499985,,False,,,,,,,,,,,,False,,multi_column,3.0,2.0,"[{""id"": ""00e2c7719d58bb49fd4031cce9dcccdddec2_page_1.pdf_order_85be1097"", ""type"": ""order"", ""passed"": false, ""category"": ""multi_column""}, {""id"": ""00e2c7719d58bb49fd4031cce9dcccdddec2_page_1.pdf_order_b903400b"", ""type"": ""order"", ""passed"": true, ""category"": ""multi_column""}, {""id"": ""auto_baseline"", ""type"": ""baseline"", ""passed"": true, ""category"": ""baseline""}]",,
doctr,docs,multi_column__0114396ecb251aa3ebaeaeaed6bd4fe50bd2_page_2_pg1,12.383227125499985,,False,,,,,,,,,,,,False,,multi_column,6.0,6.0,"[{""id"": ""0114396ecb251aa3ebaeaeaed6bd4fe50bd2_page_2.pdf_order_e5d2d945"", ""type"": ""order"", ""passed"": true, ""category"": ""multi_column""}, {""id"": ""0114396ecb251aa3ebaeaeaed6bd4fe50bd2_page_2.pdf_order_6b2daa2b"", ""type"": ""order"", ""passed"": true, ""category"": ""multi_column""}, {""id"": ""0114396ecb251aa3ebaeaeaed6bd4fe50bd2_page_2.pdf_order_f61eafae"", ""type"": ""order"", ""passed"": true, ""category"": ""multi_column""}, {""id"": ""0114396ecb251aa3ebaeaeaed6bd4fe50bd2_page_2.pdf_order_40a2536e"", ""type"": ""order"", ""passed"": true, ""category"": ""multi_column""}, {""id"": ""0114396ecb251aa3ebaeaeaed6bd4fe50bd2_page_2.pdf_order_b8d41298"", ""type"": ""order"", ""passed"": true, ""category"": ""multi_column""}, {""id"": ""auto_baseline"", ""type"": ""baseline"", ""passed"": true, ""category"": ""baseline""}]",,
doctr,docs,multi_column__019a8841dddeb304774ba62a9f5d8dccb43d_page_2_pg1,12.383227125499985,,False,,,,,,,,,,,,False,,multi_column,5.0,3.0,"[{""id"": ""019a8841dddeb304774ba62a9f5d8dccb43d_page_2.pdf_order_00d331ca"", ""type"": ""order"", ""passed"": false, ""category"": ""multi_column""}, {""id"": ""019a8841dddeb304774ba62a9f5d8dccb43d_page_2.pdf_order_2410e748"", ""type"": ""order"", ""passed"": true, ""category"": ""multi_column""}, {""id"": ""019a8841dddeb304774ba62a9f5d8dccb43d_page_2.pdf_order_5a8cba0a"", ""type"": ""order"", ""passed"": true, ""category"": ""multi_column""}, {""id"": ""019a8841dddeb304774ba62a9f5d8dccb43d_page_2.pdf_order_6a2477bc"", ""type"": ""order"", ""passed"": false, ""category"": ""multi_column""}, {""id"": ""auto_baseline"", ""type"": ""baseline"", ""passed"": true, ""category"": ""baseline""}]",,
doctr,docs,multi_column__0208fbb5d6b646f972f4702428ad2cede5c5_page_6_pg1,8.896753734250012,,False,,,,,,,,,,,,False,,multi_column,2.0,1.0,"[{""id"": ""0208fbb5d6b646f972f4702428ad2cede5c5_page_6.pdf_order_71ab8004"", ""type"": ""order"", ""passed"": false, ""category"": ""multi_column""}, {""id"": ""auto_baseline"", ""type"": ""baseline"", ""passed"": true, ""category"": ""baseline""}]",,
doctr,docs,multi_column__027c390510b2fd3364f5a382f2bc304af018_page_4_pg1,8.896753734250012,,False,,,,,,,,,,,,False,,multi_column,5.0,3.0,"[{""id"": ""027c390510b2fd3364f5a382f2bc304af018_page_4.pdf_order_ea693a98"", ""type"": ""order"", ""passed"": false, ""category"": ""multi_column""}, {""id"": ""027c390510b2fd3364f5a382f2bc304af018_page_4.pdf_order_053bda58"", ""type"": ""order"", ""passed"": true, ""category"": ""multi_column""}, {""id"": ""027c390510b2fd3364f5a382f2bc304af018_page_4.pdf_order_9e06820d"", ""type"": ""order"", ""passed"": true, ""category"": ""multi_column""}, {""id"": ""027c390510b2fd3364f5a382f2bc304af018_page_4.pdf_order_97e749bf"", ""type"": ""order"", ""passed"": false, ""category"": ""multi_column""}, {""id"": ""auto_baseline"", ""type"": ""baseline"", ""passed"": true, ""category"": ""baseline""}]",,
doctr,docs,multi_column__02943986dff2d4a84b7c2dd81abfc51fceea_page_5_pg1,8.896753734250012,,False,,,,,,,,,,,,False,,multi_column,5.0,2.0,"[{""id"": ""02943986dff2d4a84b7c2dd81abfc51fceea_page_5.pdf_order_3f1adc6b"", ""type"": ""order"", ""passed"": false, ""category"": ""multi_column""}, {""id"": ""02943986dff2d4a84b7c2dd81abfc51fceea_page_5.pdf_order_00ce4e6f"", ""type"": ""order"", ""passed"": false, ""category"": ""multi_column""}, {""id"": ""02943986dff2d4a84b7c2dd81abfc51fceea_page_5.pdf_order_46755e50"", ""type"": ""order"", ""passed"": false, ""category"": ""multi_column""}, {""id"": ""02943986dff2d4a84b7c2dd81abfc51fceea_page_5.pdf_order_13f6999c"", ""type"": ""order"", ""passed"": true, ""category"": ""multi_column""}, {""id"": ""auto_baseline"", ""type"": ""baseline"", ""passed"": true, ""category"": ""baseline""}]",,
doctr,docs,multi_column__02943986dff2d4a84b7c2dd81abfc51fceea_page_9_pg1,8.896753734250012,,False,,,,,,,,,,,,False,,multi_column,5.0,2.0,"[{""id"": ""02943986dff2d4a84b7c2dd81abfc51fceea_page_9.pdf_order_babd8e0e"", ""type"": ""order"", ""passed"": false, ""category"": ""multi_column""}, {""id"": ""02943986dff2d4a84b7c2dd81abfc51fceea_page_9.pdf_order_2e6f0ead"", ""type"": ""order"", ""passed"": false, ""category"": ""multi_column""}, {""id"": ""02943986dff2d4a84b7c2dd81abfc51fceea_page_9.pdf_order_7e60c895"", ""type"": ""order"", ""passed"": false, ""category"": ""multi_column""}, {""id"": ""02943986dff2d4a84b7c2dd81abfc51fceea_page_9.pdf_order_81a40b7f"", ""type"": ""order"", ""passed"": true, ""category"": ""multi_column""}, {""id"": ""auto_baseline"", ""type"": ""baseline"", ""passed"": true, ""category"": ""baseline""}]",,
doctr,docs,multi_column__038650c9dfd95e7495d0c4d301d9dcca735a_page_1_pg1,8.896753734250012,,False,,,,,,,,,,,,False,,multi_column,5.0,2.0,"[{""id"": ""038650c9dfd95e7495d0c4d301d9dcca735a_page_1.pdf_order_eb32d864"", ""type"": ""order"", ""passed"": false, ""category"": ""multi_column""}, {""id"": ""038650c9dfd95e7495d0c4d301d9dcca735a_page_1.pdf_order_517c20f9"", ""type"": ""order"", ""passed"": true, ""category"": ""multi_column""}, {""id"": ""038650c9dfd95e7495d0c4d301d9dcca735a_page_1.pdf_order_12a7fa3e"", ""type"": ""order"", ""passed"": false, ""category"": ""multi_column""}, {""id"": ""038650c9dfd95e7495d0c4d301d9dcca735a_page_1.pdf_order_cf779f79"", ""type"": ""order"", ""passed"": false, ""category"": ""multi_column""}, {""id"": ""auto_baseline"", ""type"": ""baseline"", ""passed"": true, ""category"": ""baseline""}]",,
doctr,docs,multi_column__0845863d27c84b14011e17a388821525e783_page_16_pg1,8.896753734250012,,False,,,,,,,,,,,,False,,multi_column,4.0,1.0,"[{""id"": ""0845863d27c84b14011e17a388821525e783_page_16.pdf_order_dffceb1b"", ""type"": ""order"", ""passed"": false, ""category"": ""multi_column""}, {""id"": ""0845863d27c84b14011e17a388821525e783_page_16.pdf_order_ac24f586"", ""type"": ""order"", ""passed"": false, ""category"": ""multi_column""}, {""id"": ""0845863d27c84b14011e17a388821525e783_page_16.pdf_order_4bda9b61"", ""type"": ""order"", ""passed"": false, ""category"": ""multi_column""}, {""id"": ""auto_baseline"", ""type"": ""baseline"", ""passed"": true, ""category"": ""baseline""}]",,
doctr,docs,old_scans__1,8.896753734250012,,False,,,,,,,,,,,,False,,old_scans,6.0,2.0,"[{""id"": ""1_680487"", ""type"": ""present"", ""passed"": false, ""category"": ""old_scans""}, {""id"": ""1_126739"", ""type"": ""absent"", ""passed"": true, ""category"": ""old_scans""}, {""id"": ""1_36225"", ""type"": ""present"", ""passed"": false, ""category"": ""old_scans""}, {""id"": ""1_787572"", ""type"": ""order"", ""passed"": false, ""category"": ""old_scans""}, {""id"": ""1_298389"", ""type"": ""order"", ""passed"": false, ""category"": ""old_scans""}, {""id"": ""auto_baseline"", ""type"": ""baseline"", ""passed"": true, ""category"": ""baseline""}]",,
doctr,docs,old_scans__21,8.896753734250012,,False,,,,,,,,,,,,False,,old_scans,8.0,2.0,"[{""id"": ""21_398162"", ""type"": ""present"", ""passed"": false, ""category"": ""old_scans""}, {""id"": ""21_382528"", ""type"": ""order"", ""passed"": false, ""category"": ""old_scans""}, {""id"": ""21_229684"", ""type"": ""absent"", ""passed"": true, ""category"": ""old_scans""}, {""id"": ""21_712729"", ""type"": ""present"", ""passed"": false, ""category"": ""old_scans""}, {""id"": ""21_289946"", ""type"": ""present"", ""passed"": false, ""category"": ""old_scans""}, {""id"": ""21_745911"", ""type"": ""present"", ""passed"": false, ""category"": ""old_scans""}, {""id"": ""21_992153"", ""type"": ""order"", ""passed"": false, ""category"": ""old_scans""}, {""id"": ""auto_baseline"", ""type"": ""baseline"", ""passed"": true, ""category"": ""baseline""}]",,
doctr,docs,old_scans__23,1.2321669939999538,,False,,,,,,,,,,,,False,,old_scans,6.0,5.0,"[{""id"": ""23_675822"", ""type"": ""present"", ""passed"": false, ""category"": ""old_scans""}, {""id"": ""23_189451"", ""type"": ""order"", ""passed"": true, ""category"": ""old_scans""}, {""id"": ""23_570086"", ""type"": ""absent"", ""passed"": true, ""category"": ""old_scans""}, {""id"": ""23_774544"", ""type"": ""present"", ""passed"": true, ""category"": ""old_scans""}, {""id"": ""23_266702"", ""type"": ""present"", ""passed"": true, ""category"": ""old_scans""}, {""id"": ""auto_baseline"", ""type"": ""baseline"", ""passed"": true, ""category"": ""baseline""}]",,
doctr,docs,old_scans__26,1.2321669939999538,,False,,,,,,,,,,,,False,,old_scans,5.0,2.0,"[{""id"": ""26_727870"", ""type"": ""present"", ""passed"": false, ""category"": ""old_scans""}, {""id"": ""26_350035"", ""type"": ""order"", ""passed"": false, ""category"": ""old_scans""}, {""id"": ""26_893794"", ""type"": ""absent"", ""passed"": true, ""category"": ""old_scans""}, {""id"": ""26_815635"", ""type"": ""present"", ""passed"": false, ""category"": ""old_scans""}, {""id"": ""auto_baseline"", ""type"": ""baseline"", ""passed"": true, ""category"": ""baseline""}]",,
doctr,docs,old_scans__52,1.4279171979997045,,False,,,,,,,,,,,,False,,old_scans,4.0,1.0,"[{""id"": ""52_591542"", ""type"": ""present"", ""passed"": false, ""category"": ""old_scans""}, {""id"": ""52_323921"", ""type"": ""present"", ""passed"": false, ""category"": ""old_scans""}, {""id"": ""52_987017"", ""type"": ""present"", ""passed"": false, ""category"": ""old_scans""}, {""id"": ""auto_baseline"", ""type"": ""baseline"", ""passed"": true, ""category"": ""baseline""}]",,
doctr,docs,old_scans__55,1.936601403000168,,False,,,,,,,,,,,,False,,old_scans,4.0,1.0,"[{""id"": ""55_930782"", ""type"": ""present"", ""passed"": false, ""category"": ""old_scans""}, {""id"": ""55_150814"", ""type"": ""present"", ""passed"": false, ""category"": ""old_scans""}, {""id"": ""55_287312"", ""type"": ""present"", ""passed"": false, ""category"": ""old_scans""}, {""id"": ""auto_baseline"", ""type"": ""baseline"", ""passed"": true, ""category"": ""baseline""}]",,
doctr,docs,old_scans__58,9.208126019000247,,False,,,,,,,,,,,,False,,old_scans,7.0,2.0,"[{""id"": ""58_984036"", ""type"": ""present"", ""passed"": false, ""category"": ""old_scans""}, {""id"": ""58_575492"", ""type"": ""order"", ""passed"": false, ""category"": ""old_scans""}, {""id"": ""58_801952"", ""type"": ""absent"", ""passed"": true, ""category"": ""old_scans""}, {""id"": ""58_775388"", ""type"": ""present"", ""passed"": false, ""category"": ""old_scans""}, {""id"": ""58_733378"", ""type"": ""present"", ""passed"": false, ""category"": ""old_scans""}, {""id"": ""58_220922"", ""type"": ""order"", ""passed"": false, ""category"": ""old_scans""}, {""id"": ""auto_baseline"", ""type"": ""baseline"", ""passed"": true, ""category"": ""baseline""}]",,
doctr,docs,old_scans__82,4.389942431000236,,False,,,,,,,,,,,,False,,old_scans,7.0,1.0,"[{""id"": ""82_617314"", ""type"": ""present"", ""passed"": false, ""category"": ""old_scans""}, {""id"": ""82_781476"", ""type"": ""order"", ""passed"": false, ""category"": ""old_scans""}, {""id"": ""82_578532"", ""type"": ""present"", ""passed"": false, ""category"": ""old_scans""}, {""id"": ""82_73918"", ""type"": ""present"", ""passed"": false, ""category"": ""old_scans""}, {""id"": ""82_794309"", ""type"": ""present"", ""passed"": false, ""category"": ""old_scans""}, {""id"": ""82_338838"", ""type"": ""order"", ""passed"": false, ""category"": ""old_scans""}, {""id"": ""auto_baseline"", ""type"": ""baseline"", ""passed"": true, ""category"": ""baseline""}]",,
doctr,docs,old_scans__85,3.5219171169997026,,False,,,,,,,,,,,,False,,old_scans,7.0,1.0,"[{""id"": ""85_204851"", ""type"": ""present"", ""passed"": false, ""category"": ""old_scans""}, {""id"": ""85_81849"", ""type"": ""order"", ""passed"": false, ""category"": ""old_scans""}, {""id"": ""85_633939"", ""type"": ""present"", ""passed"": false, ""category"": ""old_scans""}, {""id"": ""85_81262"", ""type"": ""present"", ""passed"": false, ""category"": ""old_scans""}, {""id"": ""85_718011"", ""type"": ""present"", ""passed"": false, ""category"": ""old_scans""}, {""id"": ""85_913682"", ""type"": ""order"", ""passed"": false, ""category"": ""old_scans""}, {""id"": ""auto_baseline"", ""type"": ""baseline"", ""passed"": true, ""category"": ""baseline""}]",,
doctr,docs,old_scans__96,5.961288796625013,,False,,,,,,,,,,,,False,,old_scans,8.0,1.0,"[{""id"": ""96_686856"", ""type"": ""present"", ""passed"": false, ""category"": ""old_scans""}, {""id"": ""96_324569"", ""type"": ""order"", ""passed"": false, ""category"": ""old_scans""}, {""id"": ""96_489434"", ""type"": ""present"", ""passed"": false, ""category"": ""old_scans""}, {""id"": ""96_341535"", ""type"": ""present"", ""passed"": false, ""category"": ""old_scans""}, {""id"": ""96_984146"", ""type"": ""present"", ""passed"": false, ""category"": ""old_scans""}, {""id"": ""96_798387"", ""type"": ""order"", ""passed"": false, ""category"": ""old_scans""}, {""id"": ""96_991188"", ""type"": ""order"", ""passed"": false, ""category"": ""old_scans""}, {""id"": ""auto_baseline"", ""type"": ""baseline"", ""passed"": true, ""category"": ""baseline""}]",,
doctr,docs,tables__2d54e996d1247bd36695d872863eefebd8f8_pg4,5.961288796625013,,False,,,,,,,,,,,,False,,table_tests,5.0,1.0,"[{""id"": ""2d54e996d1247bd36695d872863eefebd8f8_pg4_table_00"", ""type"": ""table"", ""passed"": false, ""category"": ""table_tests""}, {""id"": ""2d54e996d1247bd36695d872863eefebd8f8_pg4_table_01"", ""type"": ""table"", ""passed"": false, ""category"": ""table_tests""}, {""id"": ""2d54e996d1247bd36695d872863eefebd8f8_pg4_table_02"", ""type"": ""table"", ""passed"": false, ""category"": ""table_tests""}, {""id"": ""2d54e996d1247bd36695d872863eefebd8f8_pg4_table_03"", ""type"": ""table"", ""passed"": false, ""category"": ""table_tests""}, {""id"": ""auto_baseline"", ""type"": ""baseline"", ""passed"": true, ""category"": ""baseline""}]",,
doctr,docs,tables__2d932ac96ad0d8ccf81a56bd105fa18fdcbb_pg7,5.961288796625013,,False,,,,,,,,,,,,False,,table_tests,2.0,1.0,"[{""id"": ""2d932ac96ad0d8ccf81a56bd105fa18fdcbb_pg7_table_00"", ""type"": ""table"", ""passed"": false, ""category"": ""table_tests""}, {""id"": ""auto_baseline"", ""type"": ""baseline"", ""passed"": true, ""category"": ""baseline""}]",,
doctr,docs,tables__4fafd7de9caa1cf3c0fad313d7bb24b2e685_pg9,5.961288796625013,,False,,,,,,,,,,,,False,,table_tests,5.0,1.0,"[{""id"": ""4fafd7de9caa1cf3c0fad313d7bb24b2e685_pg9_table_00"", ""type"": ""table"", ""passed"": false, ""category"": ""table_tests""}, {""id"": ""4fafd7de9caa1cf3c0fad313d7bb24b2e685_pg9_table_01"", ""type"": ""table"", ""passed"": false, ""category"": ""table_tests""}, {""id"": ""4fafd7de9caa1cf3c0fad313d7bb24b2e685_pg9_table_02"", ""type"": ""table"", ""passed"": false, ""category"": ""table_tests""}, {""id"": ""4fafd7de9caa1cf3c0fad313d7bb24b2e685_pg9_table_03"", ""type"": ""table"", ""passed"": false, ""category"": ""table_tests""}, {""id"": ""auto_baseline"", ""type"": ""baseline"", ""passed"": true, ""category"": ""baseline""}]",,
doctr,docs,tables__529eeb84602e4fba7df7a4b127af6c830f97_pg12,5.961288796625013,,False,,,,,,,,,,,,False,,table_tests,4.0,1.0,"[{""id"": ""529eeb84602e4fba7df7a4b127af6c830f97_pg12_table_00"", ""type"": ""table"", ""passed"": false, ""category"": ""table_tests""}, {""id"": ""529eeb84602e4fba7df7a4b127af6c830f97_pg12_table_01"", ""type"": ""table"", ""passed"": false, ""category"": ""table_tests""}, {""id"": ""529eeb84602e4fba7df7a4b127af6c830f97_pg12_table_04"", ""type"": ""table"", ""passed"": false, ""category"": ""table_tests""}, {""id"": ""auto_baseline"", ""type"": ""baseline"", ""passed"": true, ""category"": ""baseline""}]",,
doctr,docs,tables__a70c1fc81feccfd878dabffd3dc5617b584c_pg5,5.961288796625013,,False,,,,,,,,,,,,False,,table_tests,6.0,1.0,"[{""id"": ""a70c1fc81feccfd878dabffd3dc5617b584c_pg5_table_00"", ""type"": ""table"", ""passed"": false, ""category"": ""table_tests""}, {""id"": ""a70c1fc81feccfd878dabffd3dc5617b584c_pg5_table_01"", ""type"": ""table"", ""passed"": false, ""category"": ""table_tests""}, {""id"": ""a70c1fc81feccfd878dabffd3dc5617b584c_pg5_table_02"", ""type"": ""table"", ""passed"": false, ""category"": ""table_tests""}, {""id"": ""a70c1fc81feccfd878dabffd3dc5617b584c_pg5_table_03"", ""type"": ""table"", ""passed"": false, ""category"": ""table_tests""}, {""id"": ""a70c1fc81feccfd878dabffd3dc5617b584c_pg5_table_04"", ""type"": ""table"", ""passed"": false, ""category"": ""table_tests""}, {""id"": ""auto_baseline"", ""type"": ""baseline"", ""passed"": true, ""category"": ""baseline""}]",,
doctr,docs,tables__b2a4c508f7839c1fbd2bb29a0d56c46bc00e_pg13_pg1,5.961288796625013,,False,,,,,,,,,,,,False,,table_tests,11.0,1.0,"[{""id"": ""b2a4c508f7839c1fbd2bb29a0d56c46bc00e_pg13_table_00"", ""type"": ""table"", ""passed"": false, ""category"": ""table_tests""}, {""id"": ""b2a4c508f7839c1fbd2bb29a0d56c46bc00e_pg13_table_01"", ""type"": ""table"", ""passed"": false, ""category"": ""table_tests""}, {""id"": ""b2a4c508f7839c1fbd2bb29a0d56c46bc00e_pg13_table_02"", ""type"": ""table"", ""passed"": false, ""category"": ""table_tests""}, {""id"": ""b2a4c508f7839c1fbd2bb29a0d56c46bc00e_pg13_table_03"", ""type"": ""table"", ""passed"": false, ""category"": ""table_tests""}, {""id"": ""b2a4c508f7839c1fbd2bb29a0d56c46bc00e_pg13_table_04"", ""type"": ""table"", ""passed"": false, ""category"": ""table_tests""}, {""id"": ""b2a4c508f7839c1fbd2bb29a0d56c46bc00e_pg13_table_05"", ""type"": ""table"", ""passed"": false, ""category"": ""table_tests""}, {""id"": ""b2a4c508f7839c1fbd2bb29a0d56c46bc00e_pg13_table_06"", ""type"": ""table"", ""passed"": false, ""category"": ""table_tests""}, {""id"": ""b2a4c508f7839c1fbd2bb29a0d56c46bc00e_pg13_table_07"", ""type"": ""table"", ""passed"": false, ""category"": ""table_tests""}, {""id"": ""b2a4c508f7839c1fbd2bb29a0d56c46bc00e_pg13_table_08"", ""type"": ""table"", ""passed"": false, ""category"": ""table_tests""}, {""id"": ""b2a4c508f7839c1fbd2bb29a0d56c46bc00e_pg13_table_09"", ""type"": ""table"", ""passed"": false, ""category"": ""table_tests""}, {""id"": ""auto_baseline"", ""type"": ""baseline"", ""passed"": true, ""category"": ""baseline""}]",,
doctr,docs,tables__b45c138c634308a84b8b2e67997bef8aa70b_pg15,5.961288796625013,,False,,,,,,,,,,,,False,,table_tests,6.0,1.0,"[{""id"": ""b45c138c634308a84b8b2e67997bef8aa70b_pg15_table_00"", ""type"": ""table"", ""passed"": false, ""category"": ""table_tests""}, {""id"": ""b45c138c634308a84b8b2e67997bef8aa70b_pg15_table_01"", ""type"": ""table"", ""passed"": false, ""category"": ""table_tests""}, {""id"": ""b45c138c634308a84b8b2e67997bef8aa70b_pg15_table_02"", ""type"": ""table"", ""passed"": false, ""category"": ""table_tests""}, {""id"": ""b45c138c634308a84b8b2e67997bef8aa70b_pg15_table_03"", ""type"": ""table"", ""passed"": false, ""category"": ""table_tests""}, {""id"": ""b45c138c634308a84b8b2e67997bef8aa70b_pg15_table_04"", ""type"": ""table"", ""passed"": false, ""category"": ""table_tests""}, {""id"": ""auto_baseline"", ""type"": ""baseline"", ""passed"": true, ""category"": ""baseline""}]",,
doctr,docs,tables__b5d9db350b31304da912832bcbafc47b64d8_pg2_pg1,8.801707245666572,,False,,,,,,,,,,,,False,,table_tests,6.0,1.0,"[{""id"": ""b5d9db350b31304da912832bcbafc47b64d8_pg2_table_00"", ""type"": ""table"", ""passed"": false, ""category"": ""table_tests""}, {""id"": ""b5d9db350b31304da912832bcbafc47b64d8_pg2_table_01"", ""type"": ""table"", ""passed"": false, ""category"": ""table_tests""}, {""id"": ""b5d9db350b31304da912832bcbafc47b64d8_pg2_table_02"", ""type"": ""table"", ""passed"": false, ""category"": ""table_tests""}, {""id"": ""b5d9db350b31304da912832bcbafc47b64d8_pg2_table_03"", ""type"": ""table"", ""passed"": false, ""category"": ""table_tests""}, {""id"": ""b5d9db350b31304da912832bcbafc47b64d8_pg2_table_04"", ""type"": ""table"", ""passed"": false, ""category"": ""table_tests""}, {""id"": ""auto_baseline"", ""type"": ""baseline"", ""passed"": true, ""category"": ""baseline""}]",,
doctr,docs,tables__b773892dc3e755672b9e085e9eeb8ad18690_pg1_pg1,8.801707245666572,,False,,,,,,,,,,,,False,,table_tests,6.0,1.0,"[{""id"": ""b773892dc3e755672b9e085e9eeb8ad18690_pg1_table_00"", ""type"": ""table"", ""passed"": false, ""category"": ""table_tests""}, {""id"": ""b773892dc3e755672b9e085e9eeb8ad18690_pg1_table_01"", ""type"": ""table"", ""passed"": false, ""category"": ""table_tests""}, {""id"": ""b773892dc3e755672b9e085e9eeb8ad18690_pg1_table_02"", ""type"": ""table"", ""passed"": false, ""category"": ""table_tests""}, {""id"": ""b773892dc3e755672b9e085e9eeb8ad18690_pg1_table_03"", ""type"": ""table"", ""passed"": false, ""category"": ""table_tests""}, {""id"": ""b773892dc3e755672b9e085e9eeb8ad18690_pg1_table_04"", ""type"": ""table"", ""passed"": false, ""category"": ""table_tests""}, {""id"": ""auto_baseline"", ""type"": ""baseline"", ""passed"": true, ""category"": ""baseline""}]",,
doctr,docs,tables__fd6cb6dfe3a918390855052669d9a194231a_pg3,8.801707245666572,,False,,,,,,,,,,,,False,,table_tests,6.0,1.0,"[{""id"": ""fd6cb6dfe3a918390855052669d9a194231a_pg3_table_00"", ""type"": ""table"", ""passed"": false, ""category"": ""table_tests""}, {""id"": ""fd6cb6dfe3a918390855052669d9a194231a_pg3_table_01"", ""type"": ""table"", ""passed"": false, ""category"": ""table_tests""}, {""id"": ""fd6cb6dfe3a918390855052669d9a194231a_pg3_table_02"", ""type"": ""table"", ""passed"": false, ""category"": ""table_tests""}, {""id"": ""fd6cb6dfe3a918390855052669d9a194231a_pg3_table_03"", ""type"": ""table"", ""passed"": false, ""category"": ""table_tests""}, {""id"": ""fd6cb6dfe3a918390855052669d9a194231a_pg3_table_04"", ""type"": ""table"", ""passed"": false, ""category"": ""table_tests""}, {""id"": ""auto_baseline"", ""type"": ""baseline"", ""passed"": true, ""category"": ""baseline""}]",,
doctr,handwriting,iam_00023,0.3078518208750438,,False,,,0.925,0.925,0.875,37.0,40.0,0.125,0.3333333333333333,0.6666666666666666,0.125,False,False,,,,,,
doctr,handwriting,iam_00030,0.3078518208750438,,False,,,0.6727272727272727,0.6727272727272727,1.0,37.0,55.0,0.125,0.14285714285714285,0.8571428571428571,0.7818181818181819,False,False,,,,,,
doctr,handwriting,iam_00059,0.3078518208750438,,False,,,0.7209302325581395,0.7209302325581395,1.4285714285714286,31.0,43.0,0.14285714285714285,0.1,0.9,0.6511627906976745,False,False,,,,,,
doctr,handwriting,iam_00064,0.3078518208750438,,False,,,0.5633802816901409,0.5633802816901409,0.8333333333333334,40.0,71.0,0.16666666666666666,0.25,0.75,0.5633802816901409,False,False,,,,,,
doctr,handwriting,iam_00071,0.3078518208750438,,False,,,0.15384615384615385,0.15384615384615385,0.375,6.0,39.0,0.75,1.0,0.0,0.8717948717948718,False,False,,,,,,
doctr,handwriting,iam_00079,0.3078518208750438,,False,,,0.18604651162790697,0.18604651162790697,0.42857142857142855,8.0,43.0,0.7142857142857143,0.7142857142857143,0.2857142857142857,0.9767441860465116,False,False,,,,,,
doctr,handwriting,iam_00126,0.3078518208750438,,False,,,0.3469387755102041,0.3469387755102041,0.6363636363636364,17.0,49.0,0.36363636363636365,0.4444444444444444,0.5555555555555556,0.8775510204081632,False,False,,,,,,
doctr,handwriting,iam_00143,0.3078518208750438,,False,,,0.7435897435897436,0.7435897435897436,0.8571428571428571,29.0,39.0,0.14285714285714285,0.16666666666666666,0.8333333333333334,0.7692307692307693,False,False,,,,,,
doctr,handwriting,iam_00188,0.30314404612499857,,False,,,0.3111111111111111,0.3111111111111111,0.8571428571428571,14.0,45.0,0.375,0.375,0.625,0.9333333333333333,False,False,,,,,,
doctr,handwriting,iam_00258,0.30314404612499857,,False,,,0.36538461538461536,0.36538461538461536,1.5,19.0,52.0,0.25,0.15384615384615385,0.8461538461538461,0.9615384615384616,False,False,,,,,,
doctr,handwriting,iam_00264,0.30314404612499857,,False,,,0.288135593220339,0.288135593220339,0.8181818181818182,17.0,59.0,0.3,0.25,0.75,1.0169491525423728,False,False,,,,,,
doctr,handwriting,iam_00280,0.30314404612499857,,False,,,0.627906976744186,0.627906976744186,1.8,27.0,43.0,0.16666666666666666,0.14285714285714285,0.8571428571428571,0.6046511627906976,False,False,,,,,,
doctr,handwriting,iam_00289,0.30314404612499857,,False,,,0.45,0.45,0.75,27.0,60.0,0.3333333333333333,0.4,0.6,0.7166666666666667,False,False,,,,,,
doctr,handwriting,iam_00343,0.30314404612499857,,False,,,0.27450980392156865,0.27450980392156865,0.8571428571428571,14.0,51.0,0.42857142857142855,0.42857142857142855,0.5714285714285714,0.9019607843137255,False,False,,,,,,
doctr,handwriting,iam_00364,0.30314404612499857,,False,,,0.2777777777777778,0.2777777777777778,1.0,10.0,36.0,0.16666666666666666,0.16666666666666666,0.8333333333333334,0.9722222222222222,False,False,,,,,,
doctr,handwriting,iam_00371,0.30314404612499857,,False,,,0.45454545454545453,0.45454545454545453,0.75,20.0,44.0,0.25,0.25,0.75,0.8636363636363636,False,False,,,,,,
doctr,handwriting,iam_00373,0.3086329396249994,,False,,,0.71875,0.71875,1.2,23.0,32.0,0.0,0.0,1.0,0.78125,False,False,,,,,,
doctr,handwriting,iam_00403,0.3086329396249994,,False,,,0.3611111111111111,0.3611111111111111,1.0,13.0,36.0,0.16666666666666666,0.2,0.8,0.9166666666666666,False,False,,,,,,
doctr,handwriting,iam_00468,0.3086329396249994,,False,,,0.21621621621621623,0.21621621621621623,0.7142857142857143,8.0,37.0,0.42857142857142855,0.42857142857142855,0.5714285714285714,0.972972972972973,False,False,,,,,,
doctr,handwriting,iam_00478,0.3086329396249994,,False,,,1.0,1.0,1.0,29.0,29.0,0.0,0.0,0.0,0.034482758620689655,False,False,,,,,,
doctr,handwriting,iam_00588,0.3086329396249994,,False,,,0.40425531914893614,0.40425531914893614,1.0,19.0,47.0,0.0,0.0,1.0,1.0,False,False,,,,,,
doctr,handwriting,iam_00608,0.3086329396249994,,False,,,0.3076923076923077,0.3076923076923077,0.7777777777777778,16.0,52.0,0.25,0.25,0.75,0.9038461538461539,False,False,,,,,,
doctr,handwriting,iam_00749,0.3086329396249994,,False,,,0.5,0.5,1.0,6.0,12.0,0.0,0.0,1.0,0.5833333333333334,False,False,,,,,,
doctr,handwriting,iam_00819,0.3086329396249994,,False,,,0.5813953488372093,0.5813953488372093,1.4285714285714286,25.0,43.0,0.0,0.0,1.0,0.813953488372093,False,False,,,,,,
doctr,handwriting,iam_00969,0.34770077737499605,,False,,,0.6,0.6,1.7142857142857142,24.0,40.0,0.2857142857142857,0.15384615384615385,0.8461538461538461,1.025,False,False,,,,,,
doctr,handwriting,iam_01020,0.34770077737499605,,False,,,0.7714285714285715,0.7714285714285715,1.0,27.0,35.0,0.0,0.0,1.0,0.37142857142857144,False,False,,,,,,
doctr,handwriting,iam_01023,0.34770077737499605,,False,,,0.19148936170212766,0.19148936170212766,0.7142857142857143,9.0,47.0,0.42857142857142855,0.42857142857142855,0.5714285714285714,0.9148936170212766,False,False,,,,,,
doctr,handwriting,iam_01091,0.34770077737499605,,False,,,0.39215686274509803,0.39215686274509803,0.7777777777777778,20.0,51.0,0.4,0.8,0.2,0.6470588235294118,False,False,,,,,,
doctr,handwriting,iam_01104,0.34770077737499605,,False,,,0.6774193548387096,0.6774193548387096,1.5,21.0,31.0,0.16666666666666666,0.16666666666666666,0.8333333333333334,0.8064516129032258,False,False,,,,,,
doctr,handwriting,iam_01238,0.34770077737499605,,False,,,0.5,0.5,0.8333333333333334,20.0,40.0,0.16666666666666666,0.16666666666666666,0.8333333333333334,0.9,False,False,,,,,,
doctr,handwriting,iam_01366,0.34770077737499605,,False,,,0.3617021276595745,0.3617021276595745,0.8888888888888888,17.0,47.0,0.2222222222222222,0.2,0.8,1.0425531914893618,False,False,,,,,,
doctr,handwriting,iam_01417,0.34770077737499605,,False,,,0.1320754716981132,0.1320754716981132,0.5,7.0,53.0,0.8181818181818182,0.6923076923076923,0.3076923076923077,1.0566037735849056,False,False,,,,,,
doctr,handwriting,iam_01452,0.3182923531250026,,False,,,0.37254901960784315,0.37254901960784315,0.75,19.0,51.0,0.25,0.25,0.75,0.9803921568627451,False,False,,,,,,
doctr,handwriting,iam_01455,0.3182923531250026,,False,,,1.0,1.0,1.0,5.0,5.0,0.0,0.0,0.0,0.0,True,False,,,,,,
doctr,handwriting,iam_01805,0.3182923531250026,,False,,,0.39473684210526316,0.39473684210526316,0.625,15.0,38.0,0.5,0.5,0.5,0.868421052631579,False,False,,,,,,
doctr,handwriting,iam_01857,0.3182923531250026,,False,,,0.40540540540540543,0.40540540540540543,1.2857142857142858,15.0,37.0,0.0,0.0,1.0,1.027027027027027,False,False,,,,,,
doctr,handwriting,iam_01898,0.3182923531250026,,False,,,0.14,0.14,0.5,7.0,50.0,0.8,0.8,0.2,0.96,False,False,,,,,,
doctr,handwriting,iam_01908,0.3182923531250026,,False,,,0.24528301886792453,0.24528301886792453,0.7272727272727273,13.0,53.0,0.36363636363636365,0.36363636363636365,0.6363636363636364,0.9622641509433962,False,False,,,,,,
doctr,handwriting,iam_01970,0.3182923531250026,,False,,,0.35,0.35,0.75,14.0,40.0,0.42857142857142855,0.3333333333333333,0.6666666666666666,1.025,False,False,,,,,,
doctr,handwriting,iam_01983,0.3182923531250026,,False,,,0.7391304347826086,0.7391304347826086,1.0,34.0,46.0,0.1111111111111111,0.16666666666666666,0.8333333333333334,0.5652173913043478,False,False,,,,,,
doctr,handwriting,iam_01993,0.36844952662499963,,False,,,0.1956521739130435,0.1956521739130435,0.5555555555555556,9.0,46.0,0.5555555555555556,0.5555555555555556,0.4444444444444444,0.9130434782608695,False,False,,,,,,
doctr,handwriting,iam_02060,0.36844952662499963,,False,,,0.5918367346938775,0.5918367346938775,1.0,29.0,49.0,0.0,0.0,1.0,0.8163265306122449,False,False,,,,,,
doctr,handwriting,iam_02081,0.36844952662499963,,False,,,0.6,0.6,1.0,27.0,45.0,0.0,0.0,1.0,0.7555555555555555,False,False,,,,,,
doctr,handwriting,iam_02109,0.36844952662499963,,False,,,0.37209302325581395,0.37209302325581395,0.6666666666666666,16.0,43.0,0.4444444444444444,0.4444444444444444,0.5555555555555556,0.9302325581395349,False,False,,,,,,
doctr,handwriting,iam_02171,0.36844952662499963,,False,,,0.275,0.275,1.0,11.0,40.0,0.2,0.16666666666666666,0.8333333333333334,1.025,False,False,,,,,,
doctr,handwriting,iam_02216,0.36844952662499963,,False,,,0.2926829268292683,0.2926829268292683,0.8571428571428571,12.0,41.0,0.14285714285714285,0.14285714285714285,0.8571428571428571,0.926829268292683,False,False,,,,,,
doctr,handwriting,iam_02279,0.36844952662499963,,False,,,0.5918367346938775,0.5918367346938775,1.3,29.0,49.0,0.0,0.0,1.0,0.8367346938775511,False,False,,,,,,
doctr,handwriting,iam_02371,0.36844952662499963,,False,,,0.5454545454545454,0.5454545454545454,1.0,12.0,22.0,0.25,0.2,0.8,0.8636363636363636,False,False,,,,,,
doctr,handwriting,iam_02384,0.3584545557499723,,False,,,0.5128205128205128,0.5128205128205128,0.8,20.0,39.0,0.4,0.4444444444444444,0.5555555555555556,0.7692307692307693,False,False,,,,,,
doctr,handwriting,iam_02463,0.3584545557499723,,False,,,0.625,0.625,1.375,25.0,40.0,0.1,0.1,0.9,0.875,False,False,,,,,,
doctr,handwriting,iam_02522,0.3584545557499723,,False,,,0.5510204081632653,0.5510204081632653,1.1428571428571428,27.0,49.0,0.125,0.125,0.875,0.8367346938775511,False,False,,,,,,
doctr,handwriting,iam_02552,0.3584545557499723,,False,,,0.4146341463414634,0.4146341463414634,0.7,17.0,41.0,0.2727272727272727,0.3333333333333333,0.6666666666666666,0.8292682926829268,False,False,,,,,,
doctr,handwriting,iam_02640,0.3584545557499723,,False,,,0.2653061224489796,0.2653061224489796,0.7777777777777778,13.0,49.0,0.4444444444444444,0.36363636363636365,0.6363636363636364,0.9387755102040817,False,False,,,,,,
doctr,handwriting,iam_02655,0.3584545557499723,,False,,,0.35294117647058826,0.35294117647058826,1.1,18.0,51.0,0.6363636363636364,0.4666666666666667,0.5333333333333333,1.0,False,False,,,,,,
doctr,handwriting,iam_02684,0.3584545557499723,,False,,,0.24561403508771928,0.24561403508771928,0.6428571428571429,14.0,57.0,0.5714285714285714,0.6153846153846154,0.38461538461538464,0.9298245614035088,False,False,,,,,,
doctr,handwriting,iam_02725,0.3584545557499723,,False,,,0.5087719298245614,0.5087719298245614,1.2,29.0,57.0,0.09090909090909091,0.08333333333333333,0.9166666666666666,1.0,False,False,,,,,,
doctr,handwriting,iam_02733,0.3123829582499411,,False,,,0.358974358974359,0.358974358974359,1.0,14.0,39.0,0.0,0.0,1.0,0.7948717948717948,False,False,,,,,,
doctr,handwriting,iam_02750,0.3123829582499411,,False,,,0.5,0.5,1.4285714285714286,20.0,40.0,0.2857142857142857,0.16666666666666666,0.8333333333333334,1.025,False,False,,,,,,
doctr,handwriting,iam_02765,0.3123829582499411,,False,,,0.7894736842105263,0.7894736842105263,0.875,30.0,38.0,0.125,0.5,0.5,0.2631578947368421,False,False,,,,,,
doctr,handwriting,iam_02838,0.3123829582499411,,False,,,0.48148148148148145,0.48148148148148145,1.0,13.0,27.0,0.16666666666666666,0.2,0.8,0.7037037037037037,False,False,,,,,,
doctr,stress,syn000_prose__clean,5.6588640973749875,,False,,,0.005491990846681922,0.006416131989000917,0.02056555269922879,14.0,2182.0,0.9924433249370277,0.9924433249370277,0.007556675062972292,1.001833180568286,False,False,,,,,prose,clean
doctr,stress,syn000_prose__dpi150,5.6588640973749875,,False,,,0.004118993135011442,0.005041246562786435,0.017994858611825194,11.0,2182.0,0.9949622166246851,0.992462311557789,0.007537688442211055,1.0013748854262146,False,False,,,,,prose,dpi150
doctr,stress,syn000_prose__dpi75,5.6588640973749875,,False,,,0.006407322654462242,0.007332722273143905,0.028277634961439587,16.0,2182.0,0.9798488664987406,0.974937343358396,0.02506265664160401,1.0004582951420715,False,False,,,,,prose,dpi75
doctr,stress,syn000_prose__blur,5.6588640973749875,,False,,,0.007780320366132723,0.008707607699358386,0.030848329048843187,19.0,2182.0,0.9798488664987406,0.974937343358396,0.02506265664160401,0.9986251145737856,False,False,,,,,prose,blur
doctr,stress,syn000_prose__noise,5.6588640973749875,,False,,,0.012356979405034324,0.013290559120073327,0.04113110539845758,29.0,2182.0,0.9773299748110831,0.9797979797979798,0.020202020202020204,1.0022914757103574,False,False,,,,,prose,noise
doctr,stress,syn000_prose__rotate3,5.6588640973749875,,False,,,0.003203661327231121,0.004124656278643446,0.017994858611825194,9.0,2182.0,0.9949622166246851,0.9949622166246851,0.005037783375314861,1.0013748854262146,False,False,,,,,prose,rotate3
doctr,stress,syn000_prose__rotate8,5.6588640973749875,,False,,,0.008695652173913044,0.009624197983501375,0.043701799485861184,21.0,2182.0,0.9974811083123426,0.9924812030075187,0.007518796992481203,0.999083409715857,False,False,,,,,prose,rotate8
doctr,stress,syn000_prose__jpeg_q10,5.6588640973749875,,False,,,0.005034324942791762,0.005957836846929423,0.030848329048843187,13.0,2182.0,0.982367758186398,0.9848484848484849,0.015151515151515152,1.0004582951420715,False,False,,,,,prose,jpeg_q10
doctr,stress,syn000_prose__low_contrast,5.42772136924998,,False,,,0.0036613272311212816,0.00458295142071494,0.02056555269922879,10.0,2182.0,0.9924433249370277,0.9949494949494949,0.005050505050505051,1.0013748854262146,False,False,,,,,prose,low_contrast
doctr,stress,syn000_prose__photocopy,5.42772136924998,,False,,,0.007780320366132723,0.008707607699358386,0.02313624678663239,19.0,2182.0,0.9874055415617129,0.9874055415617129,0.012594458438287154,1.0041246562786434,False,False,,,,,prose,photocopy
doctr,stress,syn000_prose__phone_photo,5.42772136924998,,False,,,0.005491990846681922,0.006416131989000917,0.02056555269922879,14.0,2182.0,0.9874055415617129,0.9849246231155779,0.01507537688442211,1.0013748854262146,False,False,,,,,prose,phone_photo
doctr,stress,syn001_two_column__clean,5.42772136924998,,False,,,0.0048638132295719845,0.0048638132295719845,0.013404825737265416,10.0,2056.0,0.9946666666666667,0.9946666666666667,0.005333333333333333,1.0,False,False,,,,,two_column,clean
doctr,stress,syn001_two_column__dpi150,5.42772136924998,,False,,,0.0038910505836575876,0.0038910505836575876,0.010723860589812333,8.0,2056.0,0.9973333333333333,0.9973333333333333,0.0026666666666666666,1.0,False,False,,,,,two_column,dpi150
doctr,stress,syn001_two_column__dpi75,5.42772136924998,,False,,,0.011186770428015564,0.011186770428015564,0.03485254691689008,23.0,2056.0,0.976,0.9812332439678284,0.01876675603217158,0.9980544747081712,False,False,,,,,two_column,dpi75
doctr,stress,syn001_two_column__blur,5.42772136924998,,False,,,0.013618677042801557,0.013618677042801557,0.05361930294906166,28.0,2056.0,0.96,0.967741935483871,0.03225806451612903,0.9941634241245136,False,False,,,,,two_column,blur
doctr,stress,syn001_two_column__noise,5.42772136924998,,False,,,0.010214007782101167,0.010214007782101167,0.029490616621983913,21.0,2056.0,0.9786666666666667,0.9839142091152815,0.0160857908847185,1.0,False,False,,,,,two_column,noise
doctr,stress,syn001_two_column__rotate3,4.258628529875011,,False,,,0.005836575875486381,0.005836575875486381,0.01876675603217158,12.0,2056.0,0.9946666666666667,0.9946666666666667,0.005333333333333333,0.9990272373540856,False,False,,,,,two_column,rotate3
doctr,stress,syn001_two_column__rotate8,4.258628529875011,,False,,,0.0038910505836575876,0.0038910505836575876,0.01876675603217158,8.0,2056.0,1.0,1.0,0.0,0.997568093385214,False,False,,,,,two_column,rotate8
doctr,stress,syn001_two_column__jpeg_q10,4.258628529875011,,False,,,0.0019455252918287938,0.0019455252918287938,0.005361930294906166,4.0,2056.0,0.9946666666666667,0.9973262032085561,0.00267379679144385,0.9990272373540856,False,False,,,,,two_column,jpeg_q10
doctr,stress,syn001_two_column__low_contrast,4.258628529875011,,False,,,0.005350194552529183,0.005350194552529183,0.021447721179624665,11.0,2056.0,0.9866666666666667,0.9919571045576407,0.00804289544235925,0.9990272373540856,False,False,,,,,two_column,low_contrast
doctr,stress,syn001_two_column__photocopy,4.258628529875011,,False,,,0.0048638132295719845,0.0048638132295719845,0.013404825737265416,10.0,2056.0,0.992,0.9946524064171123,0.0053475935828877,0.9990272373540856,False,False,,,,,two_column,photocopy
doctr,stress,syn001_two_column__phone_photo,4.258628529875011,,False,,,0.003404669260700389,0.003404669260700389,0.0160857908847185,7.0,2056.0,0.984,0.9892761394101877,0.010723860589812333,0.9990272373540856,False,False,,,,,two_column,phone_photo
doctr,stress,syn002_table__clean,4.258628529875011,,False,,,0.6690140845070423,0.6690140845070423,0.8,285.0,426.0,1.0,1.0,0.0,1.0,False,False,,,,,table,clean
doctr,stress,syn002_table__dpi150,4.258628529875011,,False,,,0.6690140845070423,0.6690140845070423,0.8,285.0,426.0,1.0,1.0,0.0,1.0,False,False,,,,,table,dpi150
doctr,stress,syn002_table__dpi75,1.1392247814999905,,False,,,0.6690140845070423,0.6690140845070423,0.8153846153846154,285.0,426.0,0.9888888888888889,0.9888888888888889,0.011111111111111112,1.0,False,False,,,,,table,dpi75
doctr,stress,syn002_table__blur,1.1392247814999905,,False,,,0.6666666666666666,0.6666666666666666,0.8,284.0,426.0,0.9888888888888889,1.0,0.0,0.9953051643192489,False,False,,,,,table,blur
doctr,stress,syn002_table__noise,1.1392247814999905,,False,,,0.6690140845070423,0.6690140845070423,0.8,285.0,426.0,1.0,1.0,0.0,1.0,False,False,,,,,table,noise
doctr,stress,syn002_table__rotate3,1.1392247814999905,,False,,,0.6690140845070423,0.6690140845070423,0.8,285.0,426.0,1.0,1.0,0.0,1.0,False,False,,,,,table,rotate3
doctr,stress,syn002_table__rotate8,1.1392247814999905,,False,,,0.6690140845070423,0.6690140845070423,0.8,285.0,426.0,1.0,1.0,0.0,1.0,False,False,,,,,table,rotate8
doctr,stress,syn002_table__jpeg_q10,1.1392247814999905,,False,,,0.6690140845070423,0.6690140845070423,0.8153846153846154,285.0,426.0,0.9888888888888889,0.9888888888888889,0.011111111111111112,1.0,False,False,,,,,table,jpeg_q10
doctr,stress,syn002_table__low_contrast,1.1392247814999905,,False,,,0.6690140845070423,0.6690140845070423,0.8,285.0,426.0,1.0,1.0,0.0,1.0,False,False,,,,,table,low_contrast
doctr,stress,syn002_table__photocopy,1.1392247814999905,,False,,,0.6690140845070423,0.6690140845070423,0.8,285.0,426.0,1.0,1.0,0.0,1.0,False,False,,,,,table,photocopy
doctr,stress,syn002_table__phone_photo,1.224719555249976,,False,,,0.6690140845070423,0.6690140845070423,0.8153846153846154,285.0,426.0,0.9888888888888889,0.9888888888888889,0.011111111111111112,1.0,False,False,,,,,table,phone_photo
doctr,stress,syn003_invoice__clean,1.224719555249976,,False,,,0.43628509719222464,0.43628509719222464,0.5151515151515151,202.0,463.0,1.0,1.0,0.0,1.0,False,False,,,,,invoice,clean
doctr,stress,syn003_invoice__dpi150,1.224719555249976,,False,,,0.43628509719222464,0.43628509719222464,0.5151515151515151,202.0,463.0,1.0,1.0,0.0,1.0,False,False,,,,,invoice,dpi150
doctr,stress,syn003_invoice__dpi75,1.224719555249976,,False,,,0.43844492440604754,0.43844492440604754,0.5303030303030303,203.0,463.0,1.0,1.0,0.0,1.0,False,False,,,,,invoice,dpi75
doctr,stress,syn003_invoice__blur,1.224719555249976,,False,,,0.4406047516198704,0.4406047516198704,0.5454545454545454,204.0,463.0,1.0,1.0,0.0,1.0,False,False,,,,,invoice,blur
doctr,stress,syn003_invoice__noise,1.224719555249976,,False,,,0.43628509719222464,0.43628509719222464,0.5151515151515151,202.0,463.0,1.0,1.0,0.0,1.0,False,False,,,,,invoice,noise
doctr,stress,syn003_invoice__rotate3,1.224719555249976,,False,,,0.43628509719222464,0.43628509719222464,0.5151515151515151,202.0,463.0,1.0,1.0,0.0,1.0,False,False,,,,,invoice,rotate3
doctr,stress,syn003_invoice__rotate8,1.224719555249976,,False,,,0.43628509719222464,0.43628509719222464,0.5151515151515151,202.0,463.0,1.0,1.0,0.0,1.0,False,False,,,,,invoice,rotate8
doctr,stress,syn003_invoice__jpeg_q10,3.367194288625001,,False,,,0.43844492440604754,0.43844492440604754,0.5303030303030303,203.0,463.0,1.0,1.0,0.0,1.0,False,False,,,,,invoice,jpeg_q10
doctr,stress,syn003_invoice__low_contrast,3.367194288625001,,False,,,0.43628509719222464,0.43628509719222464,0.5151515151515151,202.0,463.0,1.0,1.0,0.0,1.0,False,False,,,,,invoice,low_contrast
doctr,stress,syn003_invoice__photocopy,3.367194288625001,,False,,,0.43628509719222464,0.43628509719222464,0.5151515151515151,202.0,463.0,1.0,1.0,0.0,1.0,False,False,,,,,invoice,photocopy
doctr,stress,syn003_invoice__phone_photo,3.367194288625001,,False,,,0.43628509719222464,0.43628509719222464,0.5151515151515151,202.0,463.0,1.0,1.0,0.0,1.0,False,False,,,,,invoice,phone_photo
doctr,stress,syn004_prose__clean,3.367194288625001,,False,,,0.012934879571810883,0.012934879571810883,0.028132992327365727,29.0,2242.0,0.9822335025380711,0.979746835443038,0.020253164556962026,0.9995539696699376,False,False,,,,,prose,clean
doctr,stress,syn004_prose__dpi150,3.367194288625001,,False,,,0.006690454950936664,0.006690454950936664,0.02557544757033248,15.0,2242.0,0.9873096446700508,0.9873096446700508,0.012690355329949238,0.9995539696699376,False,False,,,,,prose,dpi150
doctr,stress,syn004_prose__dpi75,3.367194288625001,,False,,,0.007136485280999108,0.007136485280999108,0.02557544757033248,16.0,2242.0,0.9771573604060914,0.9771573604060914,0.02284263959390863,0.9995539696699376,False,False,,,,,prose,dpi75
doctr,stress,syn004_prose__blur,3.367194288625001,,False,,,0.006244424620874219,0.006244424620874219,0.02557544757033248,14.0,2242.0,0.9746192893401016,0.9746192893401016,0.025380710659898477,0.9977698483496877,False,False,,,,,prose,blur
doctr,stress,syn004_prose__noise,5.548530477428552,,False,,,0.012042818911685994,0.012042818911685994,0.03580562659846547,27.0,2242.0,0.9720812182741116,0.9770408163265306,0.02295918367346939,0.9982158786797503,False,False,,,,,prose,noise
doctr,stress,syn004_prose__rotate3,5.548530477428552,,False,,,0.004906333630686887,0.004906333630686887,0.023017902813299233,11.0,2242.0,0.9847715736040609,0.9872773536895675,0.01272264631043257,0.9995539696699376,False,False,,,,,prose,rotate3
doctr,stress,syn004_prose__rotate8,5.548530477428552,,False,,,0.00847457627118644,0.00847457627118644,0.03836317135549872,19.0,2242.0,0.9898477157360406,0.9898477157360406,0.01015228426395939,0.9973238180196253,False,False,,,,,prose,rotate8
doctr,stress,syn004_prose__jpeg_q10,5.548530477428552,,False,,,0.006244424620874219,0.006244424620874219,0.030690537084398978,14.0,2242.0,0.9771573604060914,0.9821428571428571,0.017857142857142856,0.9995539696699376,False,False,,,,,prose,jpeg_q10
doctr,stress,syn004_prose__low_contrast,5.548530477428552,,False,,,0.007582515611061552,0.007582515611061552,0.04603580562659847,17.0,2242.0,0.9670050761421319,0.9769230769230769,0.023076923076923078,0.9973238180196253,False,False,,,,,prose,low_contrast
doctr,stress,syn004_prose__photocopy,5.548530477428552,,False,,,0.006244424620874219,0.006244424620874219,0.023017902813299233,14.0,2242.0,0.9822335025380711,0.9822335025380711,0.017766497461928935,1.0,False,False,,,,,prose,photocopy
doctr,stress,syn004_prose__phone_photo,5.548530477428552,,False,,,0.003568242640499554,0.003568242640499554,0.015345268542199489,8.0,2242.0,0.9847715736040609,0.9847715736040609,0.015228426395939087,1.0,False,False,,,,,prose,phone_photo
easyocr,books,birdsofgreatbrit02butl_0093_full,8.135936425000011,,False,birdsofgreatbrit02butl,en,0.06468531468531469,0.05274629468177855,0.2722371967654987,121.0,2294.0,0.8264248704663213,0.8200514138817481,0.17994858611825193,1.00871839581517,False,False,,,,,,
easyocr,books,birdsofgreatbrit02butl_0126_full,9.844636943000012,,False,birdsofgreatbrit02butl,en,0.056025369978858354,0.04683098591549296,0.2299349240780911,133.0,2840.0,0.844758064516129,0.8346613545816733,0.16533864541832669,1.0112676056338028,False,False,,,,,,
easyocr,books,birdsofgreatbrit02butl_0156_full,7.435112888999981,,False,birdsofgreatbrit02butl,en,0.054838709677419356,0.039037433155080216,0.19407894736842105,73.0,1870.0,0.875,0.8778135048231511,0.12218649517684887,1.0005347593582887,False,False,,,,,,
easyocr,books,birdsofgreatbrit02butl_0159_full,9.893036233999965,,False,birdsofgreatbrit02butl,en,0.04672897196261682,0.037625129444252677,0.17374517374517376,109.0,2897.0,0.8707865168539326,0.8691588785046729,0.1308411214953271,1.0013807386952018,False,False,,,,,,
easyocr,books,birdsofgreatbrit02butl_0172_full,9.867455754000048,,False,birdsofgreatbrit02butl,en,0.04306523115896137,0.025769956002514142,0.1206896551724138,82.0,3182.0,0.911864406779661,0.9087837837837838,0.09121621621621621,1.0034569453174105,False,False,,,,,,
easyocr,books,birdsofgreatbrit02butl_0308_full,7.534469010999999,,False,birdsofgreatbrit02butl,en,0.03671232876712329,0.03066812705366922,0.14329268292682926,56.0,1826.0,0.9109792284866469,0.9029411764705882,0.09705882352941177,1.0049288061336255,False,False,,,,,,
easyocr,books,birdsofgreatbrit02butl_0312_full,6.3305715540000165,,False,birdsofgreatbrit02butl,en,0.028917910447761194,0.0260950605778192,0.11797752808988764,28.0,1073.0,0.945054945054945,0.9347826086956522,0.06521739130434782,1.0046598322460392,False,False,,,,,,
easyocr,books,birdsofgreatbrit02butl_0320_full,8.356327738000005,,False,birdsofgreatbrit02butl,en,0.03140646335912608,0.026387625113739762,0.13972602739726028,58.0,2198.0,0.9088541666666666,0.9018087855297158,0.09819121447028424,1.0050045495905369,False,False,,,,,,
easyocr,books,birdsofgreatbrit02butl_0328_full,5.188119244000006,,False,birdsofgreatbrit02butl,en,0.08166409861325115,0.07704160246533127,0.43157894736842106,50.0,649.0,0.839622641509434,0.7946428571428571,0.20535714285714285,1.0261941448382126,False,False,,,,,,
easyocr,books,conchologiaiconi05reev_0039_full,10.330806228000029,,False,conchologiaiconi05reev,en,0.7809160305343511,0.7774949083503055,0.9982486865148862,3054.0,3928.0,0.8974358974358975,0.8853288364249579,0.11467116357504216,1.005600814663951,False,False,,,,,,
easyocr,books,conchologiaiconi05reev_0127_full,9.529171383999994,,False,conchologiaiconi05reev,en,0.7531257661191468,0.7523997046517352,0.9903474903474904,3057.0,4063.0,0.8252788104089219,0.7956989247311828,0.20430107526881722,1.0145212896874232,False,False,,,,,,
easyocr,books,conchologiaiconi05reev_0200_full,9.401421784999968,,False,conchologiaiconi05reev,en,0.7608979378752284,0.7585481325618095,0.9781312127236581,2884.0,3802.0,0.8793103448275862,0.8468634686346863,0.15313653136531366,1.0149921094160967,False,False,,,,,,
easyocr,books,conchologiaiconi05reev_0235_full,8.921502973999964,,False,conchologiaiconi05reev,en,0.742587974508174,0.7415324819544697,0.9826086956521739,2671.0,3602.0,0.803347280334728,0.7852760736196319,0.2147239263803681,1.0102720710716269,False,False,,,,,,
easyocr,books,conchologiaiconi05reev_0271_full,9.046861553000042,,False,conchologiaiconi05reev,en,0.7505359056806002,0.7492633270827752,1.0126050420168067,2797.0,3733.0,0.8032454361054767,0.782608695652174,0.21739130434782608,1.009911599249933,False,False,,,,,,
easyocr,books,conchologiaiconi05reev_0276_full,10.19555328599995,,False,conchologiaiconi05reev,en,0.7626229508196721,0.7595879903572211,1.0,3466.0,4563.0,0.8157453936348409,0.7996715927750411,0.20032840722495895,1.009861932938856,False,False,,,,,,
easyocr,books,conchologiaiconi05reev_0350_full,7.401253858000018,,False,conchologiaiconi05reev,en,0.7208237986270023,0.718419843821773,0.9525423728813559,1564.0,2177.0,0.8642384105960265,0.8365384615384616,0.16346153846153846,1.0142397795130913,False,False,,,,,,
easyocr,books,conchologiaiconi05reev_0354_full,9.830249113000036,,False,conchologiaiconi05reev,en,0.7466966544841158,0.7433951658234963,0.9535864978902954,2645.0,3558.0,0.8519269776876268,0.84,0.16,1.0098369870713884,False,False,,,,,,
easyocr,books,conchologiaiconi05reev_0433_full,9.054553381000005,,False,conchologiaiconi05reev,en,0.7370701326834552,0.7380434782608696,0.9956521739130435,2716.0,3680.0,0.8809034907597536,0.8511904761904762,0.1488095238095238,1.013586956521739,False,False,,,,,,
easyocr,books,daschitinskelett00prel_0011_full,8.829387893999979,,False,daschitinskelett00prel,de,0.040686586141131596,0.04435226547543076,0.2695852534562212,139.0,3134.0,0.9071925754060325,0.8231578947368421,0.17684210526315788,1.0175494575622208,False,False,,,,,,
easyocr,books,daschitinskelett00prel_0021_full,9.888645417999896,,False,daschitinskelett00prel,de,0.03108003108003108,0.033757465593352375,0.1950354609929078,130.0,3851.0,0.9359430604982206,0.8694214876033057,0.1305785123966942,1.0109062581147754,False,False,,,,,,
easyocr,books,daschitinskelett00prel_0034_full,8.298598197000047,,False,daschitinskelett00prel,de,0.02913596784996651,0.030181086519114688,0.1784037558685446,90.0,2982.0,0.9623529411764706,0.8872017353579176,0.11279826464208242,1.012407780013414,False,False,,,,,,
easyocr,books,daschitinskelett00prel_0037_full,9.758335810999938,,False,daschitinskelett00prel,de,0.027447875428873055,0.0296767355590885,0.1912568306010929,112.0,3774.0,0.9543795620437956,0.870216306156406,0.129783693843594,1.016163222045575,False,False,,,,,,
easyocr,books,daschitinskelett00prel_0038_full,9.866461447999995,,False,daschitinskelett00prel,de,0.015815400570391495,0.017964071856287425,0.11886792452830189,69.0,3841.0,0.9547169811320755,0.9183303085299456,0.08166969147005444,1.0067690705545431,False,False,,,,,,
easyocr,books,daschitinskelett00prel_0051_full,9.667156573999932,,False,daschitinskelett00prel,de,0.06150743634988656,0.06472819216182048,0.4125,256.0,3955.0,0.899641577060932,0.7349926793557833,0.26500732064421667,1.034134007585335,False,False,,,,,,
easyocr,books,daschitinskelett00prel_0057_full,8.877478766999957,,False,daschitinskelett00prel,de,0.03727064220183486,0.038461538461538464,0.23949579831932774,134.0,3484.0,0.9327731092436975,0.8314606741573034,0.16853932584269662,1.0189437428243397,False,False,,,,,,
easyocr,books,daschitinskelett00prel_0060_full,5.088147239000023,,False,daschitinskelett00prel,de,0.04434589800443459,0.05133928571428571,0.3305785123966942,46.0,896.0,0.9495798319327731,0.7687074829931972,0.23129251700680273,1.0267857142857142,False,False,,,,,,
easyocr,books,histoirenaturell10cuvi_0014_full,4.948340508000001,,False,histoirenaturell10cuvi,fr,0.040336134453781515,0.04576271186440678,0.29545454545454547,54.0,1180.0,0.8351063829787234,0.8532608695652174,0.14673913043478262,1.011864406779661,False,False,,,,,,
easyocr,books,histoirenaturell10cuvi_0070_full,5.179645829999913,,False,histoirenaturell10cuvi,fr,0.1263243683781581,0.12839506172839507,0.5485436893203883,156.0,1215.0,0.8071748878923767,0.7792207792207793,0.22077922077922077,1.0411522633744856,False,False,,,,,,
easyocr,books,histoirenaturell10cuvi_0172_full,5.080256899999995,,False,histoirenaturell10cuvi,fr,0.033824804856895055,0.03130434782608696,0.15736040609137056,36.0,1150.0,0.9065420560747663,0.9238095238095239,0.0761904761904762,0.9982608695652174,False,False,,,,,,
easyocr,books,histoirenaturell10cuvi_0188_full,5.839603876000069,,False,histoirenaturell10cuvi,fr,0.0444015444015444,0.04059278350515464,0.2037735849056604,63.0,1552.0,0.8508474576271187,0.8838028169014085,0.11619718309859155,0.9980670103092784,False,False,,,,,,
easyocr,books,histoirenaturell10cuvi_0251_full,4.902244687999996,,False,histoirenaturell10cuvi,fr,0.04522184300341297,0.04659188955996549,0.26865671641791045,54.0,1159.0,0.8598130841121495,0.8558139534883721,0.14418604651162792,1.009490940465919,False,False,,,,,,
easyocr,books,histoirenaturell10cuvi_0343_full,5.275596841000038,,False,histoirenaturell10cuvi,fr,0.06958561376075059,0.07430830039525692,0.35678391959798994,94.0,1265.0,0.8823529411764706,0.8256880733944955,0.1743119266055046,1.0300395256916997,False,False,,,,,,
easyocr,books,histoirenaturell10cuvi_0369_full,5.322895327000083,,False,histoirenaturell10cuvi,fr,0.06538461538461539,0.0634184068058778,0.33636363636363636,82.0,1293.0,0.8491379310344828,0.8347457627118644,0.1652542372881356,1.013921113689095,False,False,,,,,,
easyocr,books,histoirenaturell10cuvi_0425_full,5.735119959000031,,False,histoirenaturell10cuvi,fr,0.04623179227359088,0.03816793893129771,0.22743682310469315,60.0,1572.0,0.9285714285714286,0.9130434782608695,0.08695652173913043,1.020356234096692,False,False,,,,,,
easyocr,books,pisciumquerelaee00sche_0012_full,6.519596679000074,,False,pisciumquerelaee00sche,la,0.15842763549731984,0.16937914406268836,0.6567796610169492,281.0,1659.0,0.4789272030651341,0.5230125523012552,0.4769874476987448,1.0325497287522605,False,False,,,,,,
easyocr,books,pisciumquerelaee00sche_0013_full,6.9428287370000135,,False,pisciumquerelaee00sche,la,0.15606595995288575,0.1634958382877527,0.6416666666666667,275.0,1682.0,0.5205992509363296,0.5582329317269076,0.44176706827309237,1.0267538644470868,False,False,,,,,,
easyocr,books,pisciumquerelaee00sche_0016_full,6.72019396799999,,False,pisciumquerelaee00sche,la,0.129375,0.13426219126029132,0.5859030837004405,212.0,1579.0,0.5454545454545454,0.5739130434782609,0.4260869565217391,1.0291323622545916,False,False,,,,,,
easyocr,books,pisciumquerelaee00sche_0035_full,6.554042209000045,,False,pisciumquerelaee00sche,la,0.175,0.17188459177409454,0.6622807017543859,280.0,1629.0,0.5284552845528455,0.5627705627705628,0.43722943722943725,1.0337630448127686,False,False,,,,,,
easyocr,books,pisciumquerelaee00sche_0038_full,6.426834197999938,,False,pisciumquerelaee00sche,la,0.18011126564673158,0.192226148409894,0.5888324873096447,272.0,1415.0,0.6039603960396039,0.583732057416268,0.41626794258373206,1.0713780918727915,False,False,,,,,,
easyocr,books,pisciumquerelaee00sche_0040_full,6.731132858000024,,False,pisciumquerelaee00sche,la,0.14814814814814814,0.15637393767705382,0.7242647058823529,276.0,1765.0,0.5264900662251656,0.5932835820895522,0.40671641791044777,1.0062322946175637,False,False,,,,,,
easyocr,books,pisciumquerelaee00sche_0041_full,6.412015528999973,,False,pisciumquerelaee00sche,la,0.15081351689612016,0.15919140871762477,0.6208333333333333,252.0,1583.0,0.4904214559386973,0.5663716814159292,0.4336283185840708,1.0132659507264687,False,False,,,,,,
easyocr,books,pisciumquerelaee00sche_0044_full,6.053456649000054,,False,pisciumquerelaee00sche,la,0.6029411764705882,0.6064356435643564,1.7321428571428572,245.0,404.0,0.5283018867924528,0.3333333333333333,0.6666666666666666,1.3712871287128714,False,False,,,,,,
easyocr,books,trudyrusskagoent161881russ_0098_full,6.05740584800003,,False,trudyrusskagoent161881russ,fr+de,0.07898351648351648,0.07777013076393668,0.7058823529411765,113.0,1453.0,0.8391959798994975,0.7229437229437229,0.27705627705627706,1.0350997935306263,False,False,,,,,,
easyocr,books,trudyrusskagoent161881russ_0121_full,7.710564619000024,,False,trudyrusskagoent161881russ,fr+de,0.04670912951167728,0.040957446808510635,0.25259515570934254,77.0,1880.0,0.9125874125874126,0.8907849829351536,0.10921501706484642,1.0111702127659574,False,False,,,,,,
easyocr,books,trudyrusskagoent161881russ_0276_full,6.556433533000018,,False,trudyrusskagoent161881russ,fr+de,0.05439814814814815,0.050347222222222224,0.3107569721115538,87.0,1728.0,0.8744939271255061,0.8212927756653993,0.17870722433460076,1.0173611111111112,False,False,,,,,,
easyocr,books,trudyrusskagoent161881russ_0329_full,7.194537243000013,,False,trudyrusskagoent161881russ,fr+de,0.032458233890214794,0.03547459252157239,0.22602739726027396,74.0,2086.0,0.9379310344827586,0.9158249158249159,0.08417508417508418,1.0086289549376797,False,False,,,,,,
easyocr,books,trudyrusskagoent161881russ_0357_full,6.611418189999995,,False,trudyrusskagoent161881russ,fr+de,0.02883506343713956,0.03424260011607661,0.22821576763485477,59.0,1723.0,0.9214876033057852,0.8884462151394422,0.11155378486055777,1.0069645966337784,False,False,,,,,,
easyocr,books,trudyrusskagoent161881russ_0379_full,7.553535619000058,,False,trudyrusskagoent161881russ,fr+de,0.038461538461538464,0.04616156547917712,0.24528301886792453,92.0,1993.0,0.8648648648648649,0.8727272727272727,0.12727272727272726,1.0030105368790767,False,False,,,,,,
easyocr,books,trudyrusskagoent161881russ_0388_full,6.586620641000081,,False,trudyrusskagoent161881russ,fr+de,0.03986892408519935,0.041050903119868636,0.2222222222222222,75.0,1827.0,0.8802588996763754,0.9006622516556292,0.09933774834437085,0.9901477832512315,False,False,,,,,,
easyocr,books,trudyrusskagoent161881russ_0446_full,5.78447260400003,,False,trudyrusskagoent161881russ,fr+de,0.041821561338289966,0.04766355140186916,0.225130890052356,51.0,1070.0,0.9,0.8823529411764706,0.11764705882352941,0.9962616822429906,False,False,,,,,,
easyocr,docs,headers_footers__0b8de922246569bf96136cd5bb1d9643b2d269fe_page_10_processed,5.290127646000087,,False,,,,,,,,,,,,False,,headers_footers,2.0,1.0,"[{""id"": ""0b8de922246569bf96136cd5bb1d9643b2d269fe_page_10_processed.pdf_manual_00"", ""type"": ""absent"", ""passed"": false, ""category"": ""headers_footers""}, {""id"": ""auto_baseline"", ""type"": ""baseline"", ""passed"": true, ""category"": ""baseline""}]",,
easyocr,docs,headers_footers__12e836a20227be4b63f7dcdebb2498e9d189d4da_page_5_processed,7.857794664999915,,False,,,,,,,,,,,,False,,headers_footers,4.0,4.0,"[{""id"": ""12e836a20227be4b63f7dcdebb2498e9d189d4da_page_5_processed_pg1_header_00"", ""type"": ""absent"", ""passed"": true, ""category"": ""headers_footers""}, {""id"": ""12e836a20227be4b63f7dcdebb2498e9d189d4da_page_5_processed_pg1_header_01"", ""type"": ""absent"", ""passed"": true, ""category"": ""headers_footers""}, {""id"": ""12e836a20227be4b63f7dcdebb2498e9d189d4da_page_5_processed_pg1_header_02"", ""type"": ""absent"", ""passed"": true, ""category"": ""headers_footers""}, {""id"": ""auto_baseline"", ""type"": ""baseline"", ""passed"": true, ""category"": ""baseline""}]",,
easyocr,docs,headers_footers__17ce5025be595d7fc2c3a347b6a2fa4e4d06419d_page_1,3.3907477449999988,,False,,,,,,,,,,,,False,,headers_footers,2.0,2.0,"[{""id"": ""17ce5025be595d7fc2c3a347b6a2fa4e4d06419d_page_1_header_00"", ""type"": ""absent"", ""passed"": true, ""category"": ""headers_footers""}, {""id"": ""auto_baseline"", ""type"": ""baseline"", ""passed"": true, ""category"": ""baseline""}]",,
easyocr,docs,headers_footers__1a3e61746b0965df09bce6cb1051c455807363d5_page_1,8.354159323999966,,False,,,,,,,,,,,,False,,headers_footers,3.0,2.0,"[{""id"": ""1a3e61746b0965df09bce6cb1051c455807363d5_page_1_header_00"", ""type"": ""absent"", ""passed"": false, ""category"": ""headers_footers""}, {""id"": ""1a3e61746b0965df09bce6cb1051c455807363d5_page_1.pdf_manual_00"", ""type"": ""absent"", ""passed"": true, ""category"": ""headers_footers""}, {""id"": ""auto_baseline"", ""type"": ""baseline"", ""passed"": true, ""category"": ""baseline""}]",,
easyocr,docs,headers_footers__2cb8b9fbe5aaac3d7f95d110a3b08132ee09d103_page_2,5.411879502000033,,False,,,,,,,,,,,,False,,headers_footers,3.0,2.0,"[{""id"": ""2cb8b9fbe5aaac3d7f95d110a3b08132ee09d103_page_2_header_00"", ""type"": ""absent"", ""passed"": false, ""category"": ""headers_footers""}, {""id"": ""2cb8b9fbe5aaac3d7f95d110a3b08132ee09d103_page_2.pdf_manual_00"", ""type"": ""absent"", ""passed"": true, ""category"": ""headers_footers""}, {""id"": ""auto_baseline"", ""type"": ""baseline"", ""passed"": true, ""category"": ""baseline""}]",,
easyocr,docs,headers_footers__363300831b3da664b1bfe972e4f86464fa076da3_page_149,6.65644475199997,,False,,,,,,,,,,,,False,,headers_footers,6.0,5.0,"[{""id"": ""363300831b3da664b1bfe972e4f86464fa076da3_page_149_header_00"", ""type"": ""absent"", ""passed"": false, ""category"": ""headers_footers""}, {""id"": ""363300831b3da664b1bfe972e4f86464fa076da3_page_149_header_01"", ""type"": ""absent"", ""passed"": true, ""category"": ""headers_footers""}, {""id"": ""363300831b3da664b1bfe972e4f86464fa076da3_page_149_header_15"", ""type"": ""absent"", ""passed"": true, ""category"": ""headers_footers""}, {""id"": ""363300831b3da664b1bfe972e4f86464fa076da3_page_149_header_16"", ""type"": ""absent"", ""passed"": true, ""category"": ""headers_footers""}, {""id"": ""363300831b3da664b1bfe972e4f86464fa076da3_page_149.pdf_manual_00"", ""type"": ""absent"", ""passed"": true, ""category"": ""headers_footers""}, {""id"": ""auto_baseline"", ""type"": ""baseline"", ""passed"": true, ""category"": ""baseline""}]",,
easyocr,docs,headers_footers__62621cef2b1d5356a063aa7c9c735ac396fb2223_page_33,4.728675282999916,,False,,,,,,,,,,,,False,,headers_footers,4.0,2.0,"[{""id"": ""62621cef2b1d5356a063aa7c9c735ac396fb2223_page_33_header_00"", ""type"": ""absent"", ""passed"": false, ""category"": ""headers_footers""}, {""id"": ""62621cef2b1d5356a063aa7c9c735ac396fb2223_page_33.pdf_manual_00"", ""type"": ""absent"", ""passed"": true, ""category"": ""headers_footers""}, {""id"": ""62621cef2b1d5356a063aa7c9c735ac396fb2223_page_33.pdf_manual_01"", ""type"": ""absent"", ""passed"": false, ""category"": ""headers_footers""}, {""id"": ""auto_baseline"", ""type"": ""baseline"", ""passed"": true, ""category"": ""baseline""}]",,
easyocr,docs,headers_footers__7901d119ed91a89f8fbabf0eef7174d75a7656e3_page_1,5.143983875999993,,False,,,,,,,,,,,,False,,headers_footers,2.0,1.0,"[{""id"": ""7901d119ed91a89f8fbabf0eef7174d75a7656e3_page_1.pdf_manual_00"", ""type"": ""absent"", ""passed"": false, ""category"": ""headers_footers""}, {""id"": ""auto_baseline"", ""type"": ""baseline"", ""passed"": true, ""category"": ""baseline""}]",,
easyocr,docs,headers_footers__ba10222e40f05d76e2bf1d51c39066a4b1fe82ed_page_11,5.616598557999964,,False,,,,,,,,,,,,False,,headers_footers,3.0,1.0,"[{""id"": ""ba10222e40f05d76e2bf1d51c39066a4b1fe82ed_page_11_header_00"", ""type"": ""absent"", ""passed"": false, ""category"": ""headers_footers""}, {""id"": ""ba10222e40f05d76e2bf1d51c39066a4b1fe82ed_page_11.pdf_manual_00"", ""type"": ""absent"", ""passed"": false, ""category"": ""headers_footers""}, {""id"": ""auto_baseline"", ""type"": ""baseline"", ""passed"": true, ""category"": ""baseline""}]",,
easyocr,docs,headers_footers__d8b9c4cd0ba9b036e09168c8dccccd1d43315ef4_page_1,4.578978975999917,,False,,,,,,,,,,,,False,,headers_footers,3.0,2.0,"[{""id"": ""d8b9c4cd0ba9b036e09168c8dccccd1d43315ef4_page_1_header_00"", ""type"": ""absent"", ""passed"": true, ""category"": ""headers_footers""}, {""id"": ""d8b9c4cd0ba9b036e09168c8dccccd1d43315ef4_page_1.pdf_manual_00"", ""type"": ""absent"", ""passed"": false, ""category"": ""headers_footers""}, {""id"": ""auto_baseline"", ""type"": ""baseline"", ""passed"": true, ""category"": ""baseline""}]",,
easyocr,docs,long_tiny_text__11_pg161_pg1,8.450879802000031,,False,,,,,,,,,,,,False,,long_tiny_text,9.0,8.0,"[{""id"": ""11_pg161_pg1_text_00"", ""type"": ""present"", ""passed"": true, ""category"": ""long_tiny_text""}, {""id"": ""11_pg161_pg1_text_01"", ""type"": ""present"", ""passed"": false, ""category"": ""long_tiny_text""}, {""id"": ""11_pg161_pg1_text_02"", ""type"": ""present"", ""passed"": true, ""category"": ""long_tiny_text""}, {""id"": ""11_pg161_pg1_text_03"", ""type"": ""present"", ""passed"": true, ""category"": ""long_tiny_text""}, {""id"": ""11_pg161_pg1_text_04"", ""type"": ""present"", ""passed"": true, ""category"": ""long_tiny_text""}, {""id"": ""11_pg161_pg1_text_05"", ""type"": ""present"", ""passed"": true, ""category"": ""long_tiny_text""}, {""id"": ""11_pg161_pg1_text_06"", ""type"": ""present"", ""passed"": true, ""category"": ""long_tiny_text""}, {""id"": ""11_pg161_pg1_text_07"", ""type"": ""present"", ""passed"": true, ""category"": ""long_tiny_text""}, {""id"": ""auto_baseline"", ""type"": ""baseline"", ""passed"": true, ""category"": ""baseline""}]",,
easyocr,docs,long_tiny_text__11_pg375_pg1,9.661995803000082,,False,,,,,,,,,,,,False,,long_tiny_text,4.0,1.0,"[{""id"": ""11_pg375_pg1_text_00"", ""type"": ""present"", ""passed"": false, ""category"": ""long_tiny_text""}, {""id"": ""11_pg375_pg1_text_01"", ""type"": ""present"", ""passed"": false, ""category"": ""long_tiny_text""}, {""id"": ""11_pg375_pg1_text_02"", ""type"": ""present"", ""passed"": false, ""category"": ""long_tiny_text""}, {""id"": ""auto_baseline"", ""type"": ""baseline"", ""passed"": true, ""category"": ""baseline""}]",,
easyocr,docs,long_tiny_text__13_pg556_pg1,15.884338068000034,,False,,,,,,,,,,,,False,,long_tiny_text,5.0,1.0,"[{""id"": ""13_pg556_pg1_text_00"", ""type"": ""present"", ""passed"": false, ""category"": ""long_tiny_text""}, {""id"": ""13_pg556_pg1_text_01"", ""type"": ""present"", ""passed"": false, ""category"": ""long_tiny_text""}, {""id"": ""13_pg556_pg1_text_02"", ""type"": ""present"", ""passed"": false, ""category"": ""long_tiny_text""}, {""id"": ""13_pg556_pg1_text_03"", ""type"": ""present"", ""passed"": false, ""category"": ""long_tiny_text""}, {""id"": ""auto_baseline"", ""type"": ""baseline"", ""passed"": true, ""category"": ""baseline""}]",,
easyocr,docs,long_tiny_text__13_pg566_pg1,14.451164731000063,,False,,,,,,,,,,,,False,,long_tiny_text,6.0,1.0,"[{""id"": ""13_pg566_pg1_text_00"", ""type"": ""present"", ""passed"": false, ""category"": ""long_tiny_text""}, {""id"": ""13_pg566_pg1_text_01"", ""type"": ""present"", ""passed"": false, ""category"": ""long_tiny_text""}, {""id"": ""13_pg566_pg1_text_02"", ""type"": ""present"", ""passed"": false, ""category"": ""long_tiny_text""}, {""id"": ""13_pg566_pg1_text_03"", ""type"": ""present"", ""passed"": false, ""category"": ""long_tiny_text""}, {""id"": ""13_pg566_pg1_text_04"", ""type"": ""present"", ""passed"": false, ""category"": ""long_tiny_text""}, {""id"": ""auto_baseline"", ""type"": ""baseline"", ""passed"": true, ""category"": ""baseline""}]",,
easyocr,docs,long_tiny_text__13_pg67_pg1,15.084591971000009,,False,,,,,,,,,,,,False,,long_tiny_text,6.0,2.0,"[{""id"": ""13_pg67_pg1_text_00"", ""type"": ""present"", ""passed"": false, ""category"": ""long_tiny_text""}, {""id"": ""13_pg67_pg1_text_01"", ""type"": ""present"", ""passed"": false, ""category"": ""long_tiny_text""}, {""id"": ""13_pg67_pg1_text_02"", ""type"": ""present"", ""passed"": false, ""category"": ""long_tiny_text""}, {""id"": ""13_pg67_pg1_text_03"", ""type"": ""present"", ""passed"": false, ""category"": ""long_tiny_text""}, {""id"": ""13_pg67_pg1_text_04"", ""type"": ""present"", ""passed"": true, ""category"": ""long_tiny_text""}, {""id"": ""auto_baseline"", ""type"": ""baseline"", ""passed"": true, ""category"": ""baseline""}]",,
easyocr,docs,long_tiny_text__14a_pg1,16.142360324000038,,False,,,,,,,,,,,,False,,long_tiny_text,6.0,1.0,"[{""id"": ""14a_pg1_text_01"", ""type"": ""present"", ""passed"": false, ""category"": ""long_tiny_text""}, {""id"": ""14a_pg1_text_02"", ""type"": ""present"", ""passed"": false, ""category"": ""long_tiny_text""}, {""id"": ""14a_pg1_text_04"", ""type"": ""present"", ""passed"": false, ""category"": ""long_tiny_text""}, {""id"": ""14a_pg1_text_05"", ""type"": ""present"", ""passed"": false, ""category"": ""long_tiny_text""}, {""id"": ""14a_pg1_text_06"", ""type"": ""present"", ""passed"": false, ""category"": ""long_tiny_text""}, {""id"": ""auto_baseline"", ""type"": ""baseline"", ""passed"": true, ""category"": ""baseline""}]",,
easyocr,docs,long_tiny_text__15c_pg1,13.274274988999991,,False,,,,,,,,,,,,False,,long_tiny_text,5.0,1.0,"[{""id"": ""15c_pg1_text_00"", ""type"": ""present"", ""passed"": false, ""category"": ""long_tiny_text""}, {""id"": ""15c_pg1_text_01"", ""type"": ""present"", ""passed"": false, ""category"": ""long_tiny_text""}, {""id"": ""15c_pg1_text_02"", ""type"": ""present"", ""passed"": false, ""category"": ""long_tiny_text""}, {""id"": ""15c_pg1_text_03"", ""type"": ""present"", ""passed"": false, ""category"": ""long_tiny_text""}, {""id"": ""auto_baseline"", ""type"": ""baseline"", ""passed"": true, ""category"": ""baseline""}]",,
easyocr,docs,long_tiny_text__17_pg2_pg1,10.967867206999927,,False,,,,,,,,,,,,False,,long_tiny_text,40.0,18.0,"[{""id"": ""17_pg2_pg1_text_00"", ""type"": ""present"", ""passed"": true, ""category"": ""long_tiny_text""}, {""id"": ""17_pg2_pg1_text_01"", ""type"": ""present"", ""passed"": false, ""category"": ""long_tiny_text""}, {""id"": ""17_pg2_pg1_text_02"", ""type"": ""present"", ""passed"": false, ""category"": ""long_tiny_text""}, {""id"": ""17_pg2_pg1_text_03"", ""type"": ""present"", ""passed"": false, ""category"": ""long_tiny_text""}, {""id"": ""17_pg2_pg1_text_04"", ""type"": ""present"", ""passed"": false, ""category"": ""long_tiny_text""}, {""id"": ""17_pg2_pg1_text_06"", ""type"": ""present"", ""passed"": true, ""category"": ""long_tiny_text""}, {""id"": ""17_pg2_pg1_text_07"", ""type"": ""present"", ""passed"": true, ""category"": ""long_tiny_text""}, {""id"": ""17_pg2_pg1_text_09"", ""type"": ""present"", ""passed"": true, ""category"": ""long_tiny_text""}, {""id"": ""17_pg2_pg1_text_10"", ""type"": ""present"", ""passed"": true, ""category"": ""long_tiny_text""}, {""id"": ""17_pg2_pg1_text_12"", ""type"": ""present"", ""passed"": true, ""category"": ""long_tiny_text""}, {""id"": ""17_pg2_pg1_text_13"", ""type"": ""present"", ""passed"": false, ""category"": ""long_tiny_text""}, {""id"": ""17_pg2_pg1_text_16"", ""type"": ""present"", ""passed"": false, ""category"": ""long_tiny_text""}, {""id"": ""17_pg2_pg1_text_17"", ""type"": ""present"", ""passed"": false, ""category"": ""long_tiny_text""}, {""id"": ""17_pg2_pg1_text_20"", ""type"": ""present"", ""passed"": true, ""category"": ""long_tiny_text""}, {""id"": ""17_pg2_pg1_text_23"", ""type"": ""present"", ""passed"": true, ""category"": ""long_tiny_text""}, {""id"": ""17_pg2_pg1_text_24"", ""type"": ""present"", ""passed"": true, ""category"": ""long_tiny_text""}, {""id"": ""17_pg2_pg1_text_25"", ""type"": ""present"", ""passed"": true, ""category"": ""long_tiny_text""}, {""id"": ""17_pg2_pg1_text_27"", ""type"": ""present"", ""passed"": true, ""category"": ""long_tiny_text""}, {""id"": ""17_pg2_pg1_text_28"", ""type"": ""present"", ""passed"": false, ""category"": ""long_tiny_text""}, {""id"": ""17_pg2_pg1_text_30"", ""type"": ""present"", ""passed"": true, ""category"": ""long_tiny_text""}, {""id"": ""17_pg2_pg1_text_31"", ""type"": ""present"", ""passed"": true, ""category"": ""long_tiny_text""}, {""id"": ""17_pg2_pg1_text_34"", ""type"": ""present"", ""passed"": true, ""category"": ""long_tiny_text""}, {""id"": ""17_pg2_pg1_text_37"", ""type"": ""present"", ""passed"": true, ""category"": ""long_tiny_text""}, {""id"": ""17_pg2_pg1_text_41"", ""type"": ""present"", ""passed"": true, ""category"": ""long_tiny_text""}, {""id"": ""17_pg2_pg1_text_43"", ""type"": ""present"", ""passed"": true, ""category"": ""long_tiny_text""}, {""id"": ""17_pg2_pg1_text_45"", ""type"": ""present"", ""passed"": false, ""category"": ""long_tiny_text""}, {""id"": ""17_pg2_pg1_text_49"", ""type"": ""present"", ""passed"": false, ""category"": ""long_tiny_text""}, {""id"": ""17_pg2_pg1_text_51"", ""type"": ""present"", ""passed"": false, ""category"": ""long_tiny_text""}, {""id"": ""17_pg2_pg1_text_56"", ""type"": ""present"", ""passed"": false, ""category"": ""long_tiny_text""}, {""id"": ""17_pg2_pg1_text_61"", ""type"": ""present"", ""passed"": false, ""category"": ""long_tiny_text""}, {""id"": ""17_pg2_pg1_text_65"", ""type"": ""present"", ""passed"": false, ""category"": ""long_tiny_text""}, {""id"": ""17_pg2_pg1_text_69"", ""type"": ""present"", ""passed"": false, ""category"": ""long_tiny_text""}, {""id"": ""17_pg2_pg1_text_74"", ""type"": ""present"", ""passed"": false, ""category"": ""long_tiny_text""}, {""id"": ""17_pg2_pg1_text_80"", ""type"": ""present"", ""passed"": false, ""category"": ""long_tiny_text""}, {""id"": ""17_pg2_pg1_text_83"", ""type"": ""present"", ""passed"": false, ""category"": ""long_tiny_text""}, {""id"": ""17_pg2_pg1_text_86"", ""type"": ""present"", ""passed"": false, ""category"": ""long_tiny_text""}, {""id"": ""17_pg2_pg1_text_88"", ""type"": ""present"", ""passed"": false, ""category"": ""long_tiny_text""}, {""id"": ""17_pg2_pg1_text_95"", ""type"": ""present"", ""passed"": false, ""category"": ""long_tiny_text""}, {""id"": ""17_pg2_pg1_text_97"", ""type"": ""present"", ""passed"": false, ""category"": ""long_tiny_text""}, {""id"": ""auto_baseline"", ""type"": ""baseline"", ""passed"": true, ""category"": ""baseline""}]",,
easyocr,docs,long_tiny_text__20_pg40_pg1,11.396745033000002,,False,,,,,,,,,,,,False,,long_tiny_text,6.0,1.0,"[{""id"": ""20_pg40_pg1_text_00"", ""type"": ""present"", ""passed"": false, ""category"": ""long_tiny_text""}, {""id"": ""20_pg40_pg1_text_01"", ""type"": ""present"", ""passed"": false, ""category"": ""long_tiny_text""}, {""id"": ""20_pg40_pg1_text_02"", ""type"": ""present"", ""passed"": false, ""category"": ""long_tiny_text""}, {""id"": ""20_pg40_pg1_text_03"", ""type"": ""present"", ""passed"": false, ""category"": ""long_tiny_text""}, {""id"": ""20_pg40_pg1_text_04"", ""type"": ""present"", ""passed"": false, ""category"": ""long_tiny_text""}, {""id"": ""auto_baseline"", ""type"": ""baseline"", ""passed"": true, ""category"": ""baseline""}]",,
easyocr,docs,long_tiny_text__20_pg46_pg1,11.874059481000018,,False,,,,,,,,,,,,False,,long_tiny_text,10.0,3.0,"[{""id"": ""20_pg46_pg1_text_00"", ""type"": ""present"", ""passed"": false, ""category"": ""long_tiny_text""}, {""id"": ""20_pg46_pg1_text_01"", ""type"": ""present"", ""passed"": false, ""category"": ""long_tiny_text""}, {""id"": ""20_pg46_pg1_text_02"", ""type"": ""present"", ""passed"": false, ""category"": ""long_tiny_text""}, {""id"": ""20_pg46_pg1_text_03"", ""type"": ""present"", ""passed"": false, ""category"": ""long_tiny_text""}, {""id"": ""20_pg46_pg1_text_04"", ""type"": ""present"", ""passed"": false, ""category"": ""long_tiny_text""}, {""id"": ""20_pg46_pg1_text_05"", ""type"": ""present"", ""passed"": true, ""category"": ""long_tiny_text""}, {""id"": ""20_pg46_pg1_text_06"", ""type"": ""present"", ""passed"": false, ""category"": ""long_tiny_text""}, {""id"": ""20_pg46_pg1_text_08"", ""type"": ""present"", ""passed"": false, ""category"": ""long_tiny_text""}, {""id"": ""20_pg46_pg1_text_09"", ""type"": ""present"", ""passed"": true, ""category"": ""long_tiny_text""}, {""id"": ""auto_baseline"", ""type"": ""baseline"", ""passed"": true, ""category"": ""baseline""}]",,
easyocr,docs,multi_column__00945e98ea0970dcffb8f548336df3a0137f_page_4_pg1,7.074150153000005,,False,,,,,,,,,,,,False,,multi_column,4.0,3.0,"[{""id"": ""00945e98ea0970dcffb8f548336df3a0137f_page_4.pdf_order_0a8f368a"", ""type"": ""order"", ""passed"": false, ""category"": ""multi_column""}, {""id"": ""00945e98ea0970dcffb8f548336df3a0137f_page_4.pdf_order_3d4bbd69"", ""type"": ""order"", ""passed"": true, ""category"": ""multi_column""}, {""id"": ""00945e98ea0970dcffb8f548336df3a0137f_page_4.pdf_order_4cbab131"", ""type"": ""order"", ""passed"": true, ""category"": ""multi_column""}, {""id"": ""auto_baseline"", ""type"": ""baseline"", ""passed"": true, ""category"": ""baseline""}]",,
easyocr,docs,multi_column__00e2c7719d58bb49fd4031cce9dcccdddec2_page_1_pg1,6.331903988000022,,False,,,,,,,,,,,,False,,multi_column,3.0,2.0,"[{""id"": ""00e2c7719d58bb49fd4031cce9dcccdddec2_page_1.pdf_order_85be1097"", ""type"": ""order"", ""passed"": false, ""category"": ""multi_column""}, {""id"": ""00e2c7719d58bb49fd4031cce9dcccdddec2_page_1.pdf_order_b903400b"", ""type"": ""order"", ""passed"": true, ""category"": ""multi_column""}, {""id"": ""auto_baseline"", ""type"": ""baseline"", ""passed"": true, ""category"": ""baseline""}]",,
easyocr,docs,multi_column__0114396ecb251aa3ebaeaeaed6bd4fe50bd2_page_2_pg1,9.496545498000046,,False,,,,,,,,,,,,False,,multi_column,6.0,5.0,"[{""id"": ""0114396ecb251aa3ebaeaeaed6bd4fe50bd2_page_2.pdf_order_e5d2d945"", ""type"": ""order"", ""passed"": true, ""category"": ""multi_column""}, {""id"": ""0114396ecb251aa3ebaeaeaed6bd4fe50bd2_page_2.pdf_order_6b2daa2b"", ""type"": ""order"", ""passed"": true, ""category"": ""multi_column""}, {""id"": ""0114396ecb251aa3ebaeaeaed6bd4fe50bd2_page_2.pdf_order_f61eafae"", ""type"": ""order"", ""passed"": true, ""category"": ""multi_column""}, {""id"": ""0114396ecb251aa3ebaeaeaed6bd4fe50bd2_page_2.pdf_order_40a2536e"", ""type"": ""order"", ""passed"": true, ""category"": ""multi_column""}, {""id"": ""0114396ecb251aa3ebaeaeaed6bd4fe50bd2_page_2.pdf_order_b8d41298"", ""type"": ""order"", ""passed"": false, ""category"": ""multi_column""}, {""id"": ""auto_baseline"", ""type"": ""baseline"", ""passed"": true, ""category"": ""baseline""}]",,
easyocr,docs,multi_column__019a8841dddeb304774ba62a9f5d8dccb43d_page_2_pg1,10.84145480899997,,False,,,,,,,,,,,,False,,multi_column,5.0,2.0,"[{""id"": ""019a8841dddeb304774ba62a9f5d8dccb43d_page_2.pdf_order_00d331ca"", ""type"": ""order"", ""passed"": false, ""category"": ""multi_column""}, {""id"": ""019a8841dddeb304774ba62a9f5d8dccb43d_page_2.pdf_order_2410e748"", ""type"": ""order"", ""passed"": true, ""category"": ""multi_column""}, {""id"": ""019a8841dddeb304774ba62a9f5d8dccb43d_page_2.pdf_order_5a8cba0a"", ""type"": ""order"", ""passed"": false, ""category"": ""multi_column""}, {""id"": ""019a8841dddeb304774ba62a9f5d8dccb43d_page_2.pdf_order_6a2477bc"", ""type"": ""order"", ""passed"": false, ""category"": ""multi_column""}, {""id"": ""auto_baseline"", ""type"": ""baseline"", ""passed"": true, ""category"": ""baseline""}]",,
easyocr,docs,multi_column__0208fbb5d6b646f972f4702428ad2cede5c5_page_6_pg1,6.132669641999996,,False,,,,,,,,,,,,False,,multi_column,2.0,1.0,"[{""id"": ""0208fbb5d6b646f972f4702428ad2cede5c5_page_6.pdf_order_71ab8004"", ""type"": ""order"", ""passed"": false, ""category"": ""multi_column""}, {""id"": ""auto_baseline"", ""type"": ""baseline"", ""passed"": true, ""category"": ""baseline""}]",,
easyocr,docs,multi_column__027c390510b2fd3364f5a382f2bc304af018_page_4_pg1,8.47576083499996,,False,,,,,,,,,,,,False,,multi_column,5.0,3.0,"[{""id"": ""027c390510b2fd3364f5a382f2bc304af018_page_4.pdf_order_ea693a98"", ""type"": ""order"", ""passed"": false, ""category"": ""multi_column""}, {""id"": ""027c390510b2fd3364f5a382f2bc304af018_page_4.pdf_order_053bda58"", ""type"": ""order"", ""passed"": true, ""category"": ""multi_column""}, {""id"": ""027c390510b2fd3364f5a382f2bc304af018_page_4.pdf_order_9e06820d"", ""type"": ""order"", ""passed"": true, ""category"": ""multi_column""}, {""id"": ""027c390510b2fd3364f5a382f2bc304af018_page_4.pdf_order_97e749bf"", ""type"": ""order"", ""passed"": false, ""category"": ""multi_column""}, {""id"": ""auto_baseline"", ""type"": ""baseline"", ""passed"": true, ""category"": ""baseline""}]",,
easyocr,docs,multi_column__02943986dff2d4a84b7c2dd81abfc51fceea_page_5_pg1,7.515239326000028,,False,,,,,,,,,,,,False,,multi_column,5.0,1.0,"[{""id"": ""02943986dff2d4a84b7c2dd81abfc51fceea_page_5.pdf_order_3f1adc6b"", ""type"": ""order"", ""passed"": false, ""category"": ""multi_column""}, {""id"": ""02943986dff2d4a84b7c2dd81abfc51fceea_page_5.pdf_order_00ce4e6f"", ""type"": ""order"", ""passed"": false, ""category"": ""multi_column""}, {""id"": ""02943986dff2d4a84b7c2dd81abfc51fceea_page_5.pdf_order_46755e50"", ""type"": ""order"", ""passed"": false, ""category"": ""multi_column""}, {""id"": ""02943986dff2d4a84b7c2dd81abfc51fceea_page_5.pdf_order_13f6999c"", ""type"": ""order"", ""passed"": false, ""category"": ""multi_column""}, {""id"": ""auto_baseline"", ""type"": ""baseline"", ""passed"": true, ""category"": ""baseline""}]",,
easyocr,docs,multi_column__02943986dff2d4a84b7c2dd81abfc51fceea_page_9_pg1,7.931160642000009,,False,,,,,,,,,,,,False,,multi_column,5.0,3.0,"[{""id"": ""02943986dff2d4a84b7c2dd81abfc51fceea_page_9.pdf_order_babd8e0e"", ""type"": ""order"", ""passed"": false, ""category"": ""multi_column""}, {""id"": ""02943986dff2d4a84b7c2dd81abfc51fceea_page_9.pdf_order_2e6f0ead"", ""type"": ""order"", ""passed"": true, ""category"": ""multi_column""}, {""id"": ""02943986dff2d4a84b7c2dd81abfc51fceea_page_9.pdf_order_7e60c895"", ""type"": ""order"", ""passed"": true, ""category"": ""multi_column""}, {""id"": ""02943986dff2d4a84b7c2dd81abfc51fceea_page_9.pdf_order_81a40b7f"", ""type"": ""order"", ""passed"": false, ""category"": ""multi_column""}, {""id"": ""auto_baseline"", ""type"": ""baseline"", ""passed"": true, ""category"": ""baseline""}]",,
easyocr,docs,multi_column__038650c9dfd95e7495d0c4d301d9dcca735a_page_1_pg1,9.522351533999881,,False,,,,,,,,,,,,False,,multi_column,5.0,1.0,"[{""id"": ""038650c9dfd95e7495d0c4d301d9dcca735a_page_1.pdf_order_eb32d864"", ""type"": ""order"", ""passed"": false, ""category"": ""multi_column""}, {""id"": ""038650c9dfd95e7495d0c4d301d9dcca735a_page_1.pdf_order_517c20f9"", ""type"": ""order"", ""passed"": false, ""category"": ""multi_column""}, {""id"": ""038650c9dfd95e7495d0c4d301d9dcca735a_page_1.pdf_order_12a7fa3e"", ""type"": ""order"", ""passed"": false, ""category"": ""multi_column""}, {""id"": ""038650c9dfd95e7495d0c4d301d9dcca735a_page_1.pdf_order_cf779f79"", ""type"": ""order"", ""passed"": false, ""category"": ""multi_column""}, {""id"": ""auto_baseline"", ""type"": ""baseline"", ""passed"": true, ""category"": ""baseline""}]",,
easyocr,docs,multi_column__0845863d27c84b14011e17a388821525e783_page_16_pg1,17.028470879999986,,False,,,,,,,,,,,,False,,multi_column,4.0,1.0,"[{""id"": ""0845863d27c84b14011e17a388821525e783_page_16.pdf_order_dffceb1b"", ""type"": ""order"", ""passed"": false, ""category"": ""multi_column""}, {""id"": ""0845863d27c84b14011e17a388821525e783_page_16.pdf_order_ac24f586"", ""type"": ""order"", ""passed"": false, ""category"": ""multi_column""}, {""id"": ""0845863d27c84b14011e17a388821525e783_page_16.pdf_order_4bda9b61"", ""type"": ""order"", ""passed"": false, ""category"": ""multi_column""}, {""id"": ""auto_baseline"", ""type"": ""baseline"", ""passed"": true, ""category"": ""baseline""}]",,
easyocr,docs,old_scans__1,3.8630644170000323,,False,,,,,,,,,,,,False,,old_scans,6.0,2.0,"[{""id"": ""1_680487"", ""type"": ""present"", ""passed"": false, ""category"": ""old_scans""}, {""id"": ""1_126739"", ""type"": ""absent"", ""passed"": true, ""category"": ""old_scans""}, {""id"": ""1_36225"", ""type"": ""present"", ""passed"": false, ""category"": ""old_scans""}, {""id"": ""1_787572"", ""type"": ""order"", ""passed"": false, ""category"": ""old_scans""}, {""id"": ""1_298389"", ""type"": ""order"", ""passed"": false, ""category"": ""old_scans""}, {""id"": ""auto_baseline"", ""type"": ""baseline"", ""passed"": true, ""category"": ""baseline""}]",,
easyocr,docs,old_scans__21,4.246217202000025,,False,,,,,,,,,,,,False,,old_scans,8.0,2.0,"[{""id"": ""21_398162"", ""type"": ""present"", ""passed"": false, ""category"": ""old_scans""}, {""id"": ""21_382528"", ""type"": ""order"", ""passed"": false, ""category"": ""old_scans""}, {""id"": ""21_229684"", ""type"": ""absent"", ""passed"": true, ""category"": ""old_scans""}, {""id"": ""21_712729"", ""type"": ""present"", ""passed"": false, ""category"": ""old_scans""}, {""id"": ""21_289946"", ""type"": ""present"", ""passed"": false, ""category"": ""old_scans""}, {""id"": ""21_745911"", ""type"": ""present"", ""passed"": false, ""category"": ""old_scans""}, {""id"": ""21_992153"", ""type"": ""order"", ""passed"": false, ""category"": ""old_scans""}, {""id"": ""auto_baseline"", ""type"": ""baseline"", ""passed"": true, ""category"": ""baseline""}]",,
easyocr,docs,old_scans__23,4.490558109999938,,False,,,,,,,,,,,,False,,old_scans,6.0,2.0,"[{""id"": ""23_675822"", ""type"": ""present"", ""passed"": false, ""category"": ""old_scans""}, {""id"": ""23_189451"", ""type"": ""order"", ""passed"": false, ""category"": ""old_scans""}, {""id"": ""23_570086"", ""type"": ""absent"", ""passed"": true, ""category"": ""old_scans""}, {""id"": ""23_774544"", ""type"": ""present"", ""passed"": false, ""category"": ""old_scans""}, {""id"": ""23_266702"", ""type"": ""present"", ""passed"": false, ""category"": ""old_scans""}, {""id"": ""auto_baseline"", ""type"": ""baseline"", ""passed"": true, ""category"": ""baseline""}]",,
easyocr,docs,old_scans__26,3.779040487999964,,False,,,,,,,,,,,,False,,old_scans,5.0,2.0,"[{""id"": ""26_727870"", ""type"": ""present"", ""passed"": false, ""category"": ""old_scans""}, {""id"": ""26_350035"", ""type"": ""order"", ""passed"": false, ""category"": ""old_scans""}, {""id"": ""26_893794"", ""type"": ""absent"", ""passed"": true, ""category"": ""old_scans""}, {""id"": ""26_815635"", ""type"": ""present"", ""passed"": false, ""category"": ""old_scans""}, {""id"": ""auto_baseline"", ""type"": ""baseline"", ""passed"": true, ""category"": ""baseline""}]",,
easyocr,docs,old_scans__52,4.206322553000064,,False,,,,,,,,,,,,False,,old_scans,4.0,1.0,"[{""id"": ""52_591542"", ""type"": ""present"", ""passed"": false, ""category"": ""old_scans""}, {""id"": ""52_323921"", ""type"": ""present"", ""passed"": false, ""category"": ""old_scans""}, {""id"": ""52_987017"", ""type"": ""present"", ""passed"": false, ""category"": ""old_scans""}, {""id"": ""auto_baseline"", ""type"": ""baseline"", ""passed"": true, ""category"": ""baseline""}]",,
easyocr,docs,old_scans__55,4.580845439000086,,False,,,,,,,,,,,,False,,old_scans,4.0,1.0,"[{""id"": ""55_930782"", ""type"": ""present"", ""passed"": false, ""category"": ""old_scans""}, {""id"": ""55_150814"", ""type"": ""present"", ""passed"": false, ""category"": ""old_scans""}, {""id"": ""55_287312"", ""type"": ""present"", ""passed"": false, ""category"": ""old_scans""}, {""id"": ""auto_baseline"", ""type"": ""baseline"", ""passed"": true, ""category"": ""baseline""}]",,
easyocr,docs,old_scans__58,9.368025605999946,,False,,,,,,,,,,,,False,,old_scans,7.0,2.0,"[{""id"": ""58_984036"", ""type"": ""present"", ""passed"": false, ""category"": ""old_scans""}, {""id"": ""58_575492"", ""type"": ""order"", ""passed"": false, ""category"": ""old_scans""}, {""id"": ""58_801952"", ""type"": ""absent"", ""passed"": true, ""category"": ""old_scans""}, {""id"": ""58_775388"", ""type"": ""present"", ""passed"": false, ""category"": ""old_scans""}, {""id"": ""58_733378"", ""type"": ""present"", ""passed"": false, ""category"": ""old_scans""}, {""id"": ""58_220922"", ""type"": ""order"", ""passed"": false, ""category"": ""old_scans""}, {""id"": ""auto_baseline"", ""type"": ""baseline"", ""passed"": true, ""category"": ""baseline""}]",,
easyocr,docs,old_scans__82,7.507285425999953,,False,,,,,,,,,,,,False,,old_scans,7.0,1.0,"[{""id"": ""82_617314"", ""type"": ""present"", ""passed"": false, ""category"": ""old_scans""}, {""id"": ""82_781476"", ""type"": ""order"", ""passed"": false, ""category"": ""old_scans""}, {""id"": ""82_578532"", ""type"": ""present"", ""passed"": false, ""category"": ""old_scans""}, {""id"": ""82_73918"", ""type"": ""present"", ""passed"": false, ""category"": ""old_scans""}, {""id"": ""82_794309"", ""type"": ""present"", ""passed"": false, ""category"": ""old_scans""}, {""id"": ""82_338838"", ""type"": ""order"", ""passed"": false, ""category"": ""old_scans""}, {""id"": ""auto_baseline"", ""type"": ""baseline"", ""passed"": true, ""category"": ""baseline""}]",,
easyocr,docs,old_scans__85,6.520832227000028,,False,,,,,,,,,,,,False,,old_scans,7.0,1.0,"[{""id"": ""85_204851"", ""type"": ""present"", ""passed"": false, ""category"": ""old_scans""}, {""id"": ""85_81849"", ""type"": ""order"", ""passed"": false, ""category"": ""old_scans""}, {""id"": ""85_633939"", ""type"": ""present"", ""passed"": false, ""category"": ""old_scans""}, {""id"": ""85_81262"", ""type"": ""present"", ""passed"": false, ""category"": ""old_scans""}, {""id"": ""85_718011"", ""type"": ""present"", ""passed"": false, ""category"": ""old_scans""}, {""id"": ""85_913682"", ""type"": ""order"", ""passed"": false, ""category"": ""old_scans""}, {""id"": ""auto_baseline"", ""type"": ""baseline"", ""passed"": true, ""category"": ""baseline""}]",,
easyocr,docs,old_scans__96,4.026071035000086,,False,,,,,,,,,,,,False,,old_scans,8.0,1.0,"[{""id"": ""96_686856"", ""type"": ""present"", ""passed"": false, ""category"": ""old_scans""}, {""id"": ""96_324569"", ""type"": ""order"", ""passed"": false, ""category"": ""old_scans""}, {""id"": ""96_489434"", ""type"": ""present"", ""passed"": false, ""category"": ""old_scans""}, {""id"": ""96_341535"", ""type"": ""present"", ""passed"": false, ""category"": ""old_scans""}, {""id"": ""96_984146"", ""type"": ""present"", ""passed"": false, ""category"": ""old_scans""}, {""id"": ""96_798387"", ""type"": ""order"", ""passed"": false, ""category"": ""old_scans""}, {""id"": ""96_991188"", ""type"": ""order"", ""passed"": false, ""category"": ""old_scans""}, {""id"": ""auto_baseline"", ""type"": ""baseline"", ""passed"": true, ""category"": ""baseline""}]",,
easyocr,docs,tables__2d54e996d1247bd36695d872863eefebd8f8_pg4,9.513028844000019,,False,,,,,,,,,,,,False,,table_tests,5.0,1.0,"[{""id"": ""2d54e996d1247bd36695d872863eefebd8f8_pg4_table_00"", ""type"": ""table"", ""passed"": false, ""category"": ""table_tests""}, {""id"": ""2d54e996d1247bd36695d872863eefebd8f8_pg4_table_01"", ""type"": ""table"", ""passed"": false, ""category"": ""table_tests""}, {""id"": ""2d54e996d1247bd36695d872863eefebd8f8_pg4_table_02"", ""type"": ""table"", ""passed"": false, ""category"": ""table_tests""}, {""id"": ""2d54e996d1247bd36695d872863eefebd8f8_pg4_table_03"", ""type"": ""table"", ""passed"": false, ""category"": ""table_tests""}, {""id"": ""auto_baseline"", ""type"": ""baseline"", ""passed"": true, ""category"": ""baseline""}]",,
easyocr,docs,tables__2d932ac96ad0d8ccf81a56bd105fa18fdcbb_pg7,4.966513776000056,,False,,,,,,,,,,,,False,,table_tests,2.0,1.0,"[{""id"": ""2d932ac96ad0d8ccf81a56bd105fa18fdcbb_pg7_table_00"", ""type"": ""table"", ""passed"": false, ""category"": ""table_tests""}, {""id"": ""auto_baseline"", ""type"": ""baseline"", ""passed"": true, ""category"": ""baseline""}]",,
easyocr,docs,tables__4fafd7de9caa1cf3c0fad313d7bb24b2e685_pg9,4.890858506000086,,False,,,,,,,,,,,,False,,table_tests,5.0,1.0,"[{""id"": ""4fafd7de9caa1cf3c0fad313d7bb24b2e685_pg9_table_00"", ""type"": ""table"", ""passed"": false, ""category"": ""table_tests""}, {""id"": ""4fafd7de9caa1cf3c0fad313d7bb24b2e685_pg9_table_01"", ""type"": ""table"", ""passed"": false, ""category"": ""table_tests""}, {""id"": ""4fafd7de9caa1cf3c0fad313d7bb24b2e685_pg9_table_02"", ""type"": ""table"", ""passed"": false, ""category"": ""table_tests""}, {""id"": ""4fafd7de9caa1cf3c0fad313d7bb24b2e685_pg9_table_03"", ""type"": ""table"", ""passed"": false, ""category"": ""table_tests""}, {""id"": ""auto_baseline"", ""type"": ""baseline"", ""passed"": true, ""category"": ""baseline""}]",,
easyocr,docs,tables__529eeb84602e4fba7df7a4b127af6c830f97_pg12,4.592333808999911,,False,,,,,,,,,,,,False,,table_tests,4.0,1.0,"[{""id"": ""529eeb84602e4fba7df7a4b127af6c830f97_pg12_table_00"", ""type"": ""table"", ""passed"": false, ""category"": ""table_tests""}, {""id"": ""529eeb84602e4fba7df7a4b127af6c830f97_pg12_table_01"", ""type"": ""table"", ""passed"": false, ""category"": ""table_tests""}, {""id"": ""529eeb84602e4fba7df7a4b127af6c830f97_pg12_table_04"", ""type"": ""table"", ""passed"": false, ""category"": ""table_tests""}, {""id"": ""auto_baseline"", ""type"": ""baseline"", ""passed"": true, ""category"": ""baseline""}]",,
easyocr,docs,tables__a70c1fc81feccfd878dabffd3dc5617b584c_pg5,6.161930631999894,,False,,,,,,,,,,,,False,,table_tests,6.0,1.0,"[{""id"": ""a70c1fc81feccfd878dabffd3dc5617b584c_pg5_table_00"", ""type"": ""table"", ""passed"": false, ""category"": ""table_tests""}, {""id"": ""a70c1fc81feccfd878dabffd3dc5617b584c_pg5_table_01"", ""type"": ""table"", ""passed"": false, ""category"": ""table_tests""}, {""id"": ""a70c1fc81feccfd878dabffd3dc5617b584c_pg5_table_02"", ""type"": ""table"", ""passed"": false, ""category"": ""table_tests""}, {""id"": ""a70c1fc81feccfd878dabffd3dc5617b584c_pg5_table_03"", ""type"": ""table"", ""passed"": false, ""category"": ""table_tests""}, {""id"": ""a70c1fc81feccfd878dabffd3dc5617b584c_pg5_table_04"", ""type"": ""table"", ""passed"": false, ""category"": ""table_tests""}, {""id"": ""auto_baseline"", ""type"": ""baseline"", ""passed"": true, ""category"": ""baseline""}]",,
easyocr,docs,tables__b2a4c508f7839c1fbd2bb29a0d56c46bc00e_pg13_pg1,7.103667701999939,,False,,,,,,,,,,,,False,,table_tests,11.0,1.0,"[{""id"": ""b2a4c508f7839c1fbd2bb29a0d56c46bc00e_pg13_table_00"", ""type"": ""table"", ""passed"": false, ""category"": ""table_tests""}, {""id"": ""b2a4c508f7839c1fbd2bb29a0d56c46bc00e_pg13_table_01"", ""type"": ""table"", ""passed"": false, ""category"": ""table_tests""}, {""id"": ""b2a4c508f7839c1fbd2bb29a0d56c46bc00e_pg13_table_02"", ""type"": ""table"", ""passed"": false, ""category"": ""table_tests""}, {""id"": ""b2a4c508f7839c1fbd2bb29a0d56c46bc00e_pg13_table_03"", ""type"": ""table"", ""passed"": false, ""category"": ""table_tests""}, {""id"": ""b2a4c508f7839c1fbd2bb29a0d56c46bc00e_pg13_table_04"", ""type"": ""table"", ""passed"": false, ""category"": ""table_tests""}, {""id"": ""b2a4c508f7839c1fbd2bb29a0d56c46bc00e_pg13_table_05"", ""type"": ""table"", ""passed"": false, ""category"": ""table_tests""}, {""id"": ""b2a4c508f7839c1fbd2bb29a0d56c46bc00e_pg13_table_06"", ""type"": ""table"", ""passed"": false, ""category"": ""table_tests""}, {""id"": ""b2a4c508f7839c1fbd2bb29a0d56c46bc00e_pg13_table_07"", ""type"": ""table"", ""passed"": false, ""category"": ""table_tests""}, {""id"": ""b2a4c508f7839c1fbd2bb29a0d56c46bc00e_pg13_table_08"", ""type"": ""table"", ""passed"": false, ""category"": ""table_tests""}, {""id"": ""b2a4c508f7839c1fbd2bb29a0d56c46bc00e_pg13_table_09"", ""type"": ""table"", ""passed"": false, ""category"": ""table_tests""}, {""id"": ""auto_baseline"", ""type"": ""baseline"", ""passed"": true, ""category"": ""baseline""}]",,
easyocr,docs,tables__b45c138c634308a84b8b2e67997bef8aa70b_pg15,4.811724326999865,,False,,,,,,,,,,,,False,,table_tests,6.0,1.0,"[{""id"": ""b45c138c634308a84b8b2e67997bef8aa70b_pg15_table_00"", ""type"": ""table"", ""passed"": false, ""category"": ""table_tests""}, {""id"": ""b45c138c634308a84b8b2e67997bef8aa70b_pg15_table_01"", ""type"": ""table"", ""passed"": false, ""category"": ""table_tests""}, {""id"": ""b45c138c634308a84b8b2e67997bef8aa70b_pg15_table_02"", ""type"": ""table"", ""passed"": false, ""category"": ""table_tests""}, {""id"": ""b45c138c634308a84b8b2e67997bef8aa70b_pg15_table_03"", ""type"": ""table"", ""passed"": false, ""category"": ""table_tests""}, {""id"": ""b45c138c634308a84b8b2e67997bef8aa70b_pg15_table_04"", ""type"": ""table"", ""passed"": false, ""category"": ""table_tests""}, {""id"": ""auto_baseline"", ""type"": ""baseline"", ""passed"": true, ""category"": ""baseline""}]",,
easyocr,docs,tables__b5d9db350b31304da912832bcbafc47b64d8_pg2_pg1,10.511636564000128,,False,,,,,,,,,,,,False,,table_tests,6.0,1.0,"[{""id"": ""b5d9db350b31304da912832bcbafc47b64d8_pg2_table_00"", ""type"": ""table"", ""passed"": false, ""category"": ""table_tests""}, {""id"": ""b5d9db350b31304da912832bcbafc47b64d8_pg2_table_01"", ""type"": ""table"", ""passed"": false, ""category"": ""table_tests""}, {""id"": ""b5d9db350b31304da912832bcbafc47b64d8_pg2_table_02"", ""type"": ""table"", ""passed"": false, ""category"": ""table_tests""}, {""id"": ""b5d9db350b31304da912832bcbafc47b64d8_pg2_table_03"", ""type"": ""table"", ""passed"": false, ""category"": ""table_tests""}, {""id"": ""b5d9db350b31304da912832bcbafc47b64d8_pg2_table_04"", ""type"": ""table"", ""passed"": false, ""category"": ""table_tests""}, {""id"": ""auto_baseline"", ""type"": ""baseline"", ""passed"": true, ""category"": ""baseline""}]",,
easyocr,docs,tables__b773892dc3e755672b9e085e9eeb8ad18690_pg1_pg1,4.2231285220000245,,False,,,,,,,,,,,,False,,table_tests,6.0,1.0,"[{""id"": ""b773892dc3e755672b9e085e9eeb8ad18690_pg1_table_00"", ""type"": ""table"", ""passed"": false, ""category"": ""table_tests""}, {""id"": ""b773892dc3e755672b9e085e9eeb8ad18690_pg1_table_01"", ""type"": ""table"", ""passed"": false, ""category"": ""table_tests""}, {""id"": ""b773892dc3e755672b9e085e9eeb8ad18690_pg1_table_02"", ""type"": ""table"", ""passed"": false, ""category"": ""table_tests""}, {""id"": ""b773892dc3e755672b9e085e9eeb8ad18690_pg1_table_03"", ""type"": ""table"", ""passed"": false, ""category"": ""table_tests""}, {""id"": ""b773892dc3e755672b9e085e9eeb8ad18690_pg1_table_04"", ""type"": ""table"", ""passed"": false, ""category"": ""table_tests""}, {""id"": ""auto_baseline"", ""type"": ""baseline"", ""passed"": true, ""category"": ""baseline""}]",,
easyocr,docs,tables__fd6cb6dfe3a918390855052669d9a194231a_pg3,6.806652823999912,,False,,,,,,,,,,,,False,,table_tests,6.0,1.0,"[{""id"": ""fd6cb6dfe3a918390855052669d9a194231a_pg3_table_00"", ""type"": ""table"", ""passed"": false, ""category"": ""table_tests""}, {""id"": ""fd6cb6dfe3a918390855052669d9a194231a_pg3_table_01"", ""type"": ""table"", ""passed"": false, ""category"": ""table_tests""}, {""id"": ""fd6cb6dfe3a918390855052669d9a194231a_pg3_table_02"", ""type"": ""table"", ""passed"": false, ""category"": ""table_tests""}, {""id"": ""fd6cb6dfe3a918390855052669d9a194231a_pg3_table_03"", ""type"": ""table"", ""passed"": false, ""category"": ""table_tests""}, {""id"": ""fd6cb6dfe3a918390855052669d9a194231a_pg3_table_04"", ""type"": ""table"", ""passed"": false, ""category"": ""table_tests""}, {""id"": ""auto_baseline"", ""type"": ""baseline"", ""passed"": true, ""category"": ""baseline""}]",,
easyocr,handwriting,iam_00023,0.23942512700000407,,False,,,0.625,0.625,1.0,25.0,40.0,0.0,0.0,1.0,0.8,False,False,,,,,,
easyocr,handwriting,iam_00030,0.285667316999934,,False,,,0.43636363636363634,0.43636363636363634,1.125,24.0,55.0,0.0,0.0,1.0,0.9636363636363636,False,False,,,,,,
easyocr,handwriting,iam_00059,0.2798057569998491,,False,,,0.6046511627906976,0.6046511627906976,1.0,26.0,43.0,0.0,0.0,1.0,0.7674418604651163,False,False,,,,,,
easyocr,handwriting,iam_00064,0.31869452599994474,,False,,,0.647887323943662,0.647887323943662,1.0833333333333333,46.0,71.0,0.08333333333333333,0.07692307692307693,0.9230769230769231,0.971830985915493,False,False,,,,,,
easyocr,handwriting,iam_00071,0.2129275880001842,,False,,,0.3076923076923077,0.3076923076923077,0.875,12.0,39.0,0.375,0.42857142857142855,0.5714285714285714,0.8717948717948718,False,False,,,,,,
easyocr,handwriting,iam_00079,0.2323082269999759,,False,,,0.18604651162790697,0.18604651162790697,0.8571428571428571,8.0,43.0,0.5714285714285714,0.5,0.5,0.9767441860465116,False,False,,,,,,
easyocr,handwriting,iam_00126,0.29494670700000825,,False,,,0.5510204081632653,0.5510204081632653,1.0,27.0,49.0,0.0,0.0,1.0,0.8367346938775511,False,False,,,,,,
easyocr,handwriting,iam_00143,0.19135750800001006,,False,,,0.717948717948718,0.717948717948718,1.0,28.0,39.0,0.0,0.0,1.0,1.0512820512820513,False,False,,,,,,
easyocr,handwriting,iam_00188,0.1978822680000576,,False,,,0.4444444444444444,0.4444444444444444,1.5714285714285714,20.0,45.0,0.0,0.0,1.0,1.0444444444444445,False,False,,,,,,
easyocr,handwriting,iam_00258,0.30576406600016526,,False,,,0.28846153846153844,0.28846153846153844,1.375,15.0,52.0,0.25,0.16666666666666666,0.8333333333333334,1.0384615384615385,False,False,,,,,,
easyocr,handwriting,iam_00264,0.37357725599986225,,False,,,0.3559322033898305,0.3559322033898305,1.0,21.0,59.0,0.2,0.18181818181818182,0.8181818181818182,0.9661016949152542,False,False,,,,,,
easyocr,handwriting,iam_00280,0.25733341700015444,,False,,,0.5813953488372093,0.5813953488372093,1.8,25.0,43.0,0.0,0.0,1.0,0.9534883720930233,False,False,,,,,,
easyocr,handwriting,iam_00289,0.29109219700012545,,False,,,0.31666666666666665,0.31666666666666665,0.8333333333333334,19.0,60.0,0.4166666666666667,0.38461538461538464,0.6153846153846154,0.9,False,False,,,,,,
easyocr,handwriting,iam_00343,0.2800485469999785,,False,,,0.49019607843137253,0.49019607843137253,1.2857142857142858,25.0,51.0,0.0,0.0,1.0,0.9411764705882353,False,False,,,,,,
easyocr,handwriting,iam_00364,0.24571471699982794,,False,,,0.6111111111111112,0.6111111111111112,1.1666666666666667,22.0,36.0,0.0,0.0,1.0,0.9722222222222222,False,False,,,,,,
easyocr,handwriting,iam_00371,0.24499090799986334,,False,,,0.45454545454545453,0.45454545454545453,0.875,20.0,44.0,0.125,0.1111111111111111,0.8888888888888888,0.9090909090909091,False,False,,,,,,
easyocr,handwriting,iam_00373,0.17409869800007982,,False,,,0.625,0.625,1.0,20.0,32.0,0.0,0.0,1.0,0.875,False,False,,,,,,
easyocr,handwriting,iam_00403,0.2129396469999847,,False,,,0.3055555555555556,0.3055555555555556,0.6666666666666666,11.0,36.0,0.3333333333333333,0.3333333333333333,0.6666666666666666,0.9722222222222222,False,False,,,,,,
easyocr,handwriting,iam_00468,0.17778959800011762,,False,,,0.5135135135135135,0.5135135135135135,1.1428571428571428,19.0,37.0,0.0,0.0,1.0,1.0,False,False,,,,,,
easyocr,handwriting,iam_00478,0.2485331479999786,,False,,,0.5517241379310345,0.5517241379310345,1.0,16.0,29.0,0.0,0.0,1.0,0.6551724137931034,False,False,,,,,,
easyocr,handwriting,iam_00588,0.23809158700009903,,False,,,0.48936170212765956,0.48936170212765956,1.125,23.0,47.0,0.0,0.0,1.0,0.9574468085106383,False,False,,,,,,
easyocr,handwriting,iam_00608,0.24344902699999693,,False,,,0.46153846153846156,0.46153846153846156,1.0,24.0,52.0,0.125,0.1111111111111111,0.8888888888888888,0.8461538461538461,False,False,,,,,,
easyocr,handwriting,iam_00749,0.15348201900019376,,False,,,0.5833333333333334,0.5833333333333334,2.0,7.0,12.0,0.0,0.0,1.0,1.0833333333333333,False,False,,,,,,
easyocr,handwriting,iam_00819,0.3119446059999973,,False,,,0.6511627906976745,0.6511627906976745,1.8571428571428572,28.0,43.0,0.0,0.0,1.0,1.0465116279069768,False,False,,,,,,
easyocr,handwriting,iam_00969,0.2920892070001173,,False,,,0.15,0.15,0.8571428571428571,6.0,40.0,0.5714285714285714,0.4444444444444444,0.5555555555555556,1.05,False,False,,,,,,
easyocr,handwriting,iam_01020,0.23621183699992798,,False,,,0.4857142857142857,0.4857142857142857,0.875,17.0,35.0,0.25,0.3333333333333333,0.6666666666666666,0.9142857142857143,False,False,,,,,,
easyocr,handwriting,iam_01023,0.21306910800012702,,False,,,0.3191489361702128,0.3191489361702128,1.0,15.0,47.0,0.0,0.0,1.0,0.9787234042553191,False,False,,,,,,
easyocr,handwriting,iam_01091,0.3243485559999044,,False,,,0.45098039215686275,0.45098039215686275,1.2222222222222223,23.0,51.0,0.1,0.1,0.9,0.9411764705882353,False,False,,,,,,
easyocr,handwriting,iam_01104,0.3044745070001227,,False,,,0.6451612903225806,0.6451612903225806,1.0,20.0,31.0,0.0,0.0,1.0,1.1290322580645162,False,False,,,,,,
easyocr,handwriting,iam_01238,0.2647030369998902,,False,,,0.525,0.525,1.0,21.0,40.0,0.0,0.0,1.0,0.8,False,False,,,,,,
easyocr,handwriting,iam_01366,0.20822818800002096,,False,,,0.425531914893617,0.425531914893617,1.0,20.0,47.0,0.0,0.0,1.0,0.9787234042553191,False,False,,,,,,
easyocr,handwriting,iam_01417,0.332933685999933,,False,,,0.32075471698113206,0.32075471698113206,0.9,17.0,53.0,0.5454545454545454,0.42857142857142855,0.5714285714285714,1.0,False,False,,,,,,
easyocr,handwriting,iam_01452,0.20808319799994024,,False,,,0.43137254901960786,0.43137254901960786,1.0,22.0,51.0,0.125,0.125,0.875,1.0,False,False,,,,,,
easyocr,handwriting,iam_01455,0.04619102899982863,,False,,,0.6,0.6,1.0,3.0,5.0,0.0,0.0,1.0,0.8,False,False,,,,,,
easyocr,handwriting,iam_01805,0.19779125799982467,,False,,,0.5789473684210527,0.5789473684210527,0.875,22.0,38.0,0.25,0.2222222222222222,0.7777777777777778,1.0263157894736843,False,False,,,,,,
easyocr,handwriting,iam_01857,0.2251800279998406,,False,,,0.5675675675675675,0.5675675675675675,1.0,21.0,37.0,0.0,0.0,1.0,0.7837837837837838,False,False,,,,,,
easyocr,handwriting,iam_01898,0.3368836360000387,,False,,,0.22,0.2,0.5,10.0,50.0,0.5,0.5,0.5,0.96,False,False,,,,,,
easyocr,handwriting,iam_01908,0.33583335599996644,,False,,,0.32075471698113206,0.32075471698113206,0.7272727272727273,17.0,53.0,0.2727272727272727,0.25,0.75,0.9245283018867925,False,False,,,,,,
easyocr,handwriting,iam_01970,0.20201199799998903,,False,,,0.6,0.6,1.0,24.0,40.0,0.0,0.0,1.0,0.975,False,False,,,,,,
easyocr,handwriting,iam_01983,0.2024554279998938,,False,,,0.6521739130434783,0.6521739130434783,1.0,30.0,46.0,0.0,0.0,1.0,0.6521739130434783,False,False,,,,,,
easyocr,handwriting,iam_01993,0.1919115180000972,,False,,,0.32608695652173914,0.32608695652173914,0.7777777777777778,15.0,46.0,0.4444444444444444,0.36363636363636365,0.6363636363636364,1.0,False,False,,,,,,
easyocr,handwriting,iam_02060,0.16264443800014305,,False,,,0.7142857142857143,0.7142857142857143,1.0,35.0,49.0,0.0,0.0,1.0,0.5714285714285714,False,False,,,,,,
easyocr,handwriting,iam_02081,0.26813164700001835,,False,,,0.5777777777777777,0.5777777777777777,1.0,26.0,45.0,0.1111111111111111,0.125,0.875,0.8444444444444444,False,False,,,,,,
easyocr,handwriting,iam_02109,0.2086267479999151,,False,,,0.5116279069767442,0.5116279069767442,1.1111111111111112,22.0,43.0,0.1111111111111111,0.1,0.9,0.9069767441860465,False,False,,,,,,
easyocr,handwriting,iam_02171,0.19122708799977772,,False,,,0.35,0.35,1.0,14.0,40.0,0.0,0.0,1.0,0.9,False,False,,,,,,
easyocr,handwriting,iam_02216,0.2735030970000025,,False,,,0.4634146341463415,0.4634146341463415,1.0,19.0,41.0,0.0,0.0,1.0,0.9024390243902439,False,False,,,,,,
easyocr,handwriting,iam_02279,0.26894057699996665,,False,,,0.7551020408163265,0.7551020408163265,1.4,37.0,49.0,0.0,0.0,1.0,0.9795918367346939,False,False,,,,,,
easyocr,handwriting,iam_02371,0.11429934800003139,,False,,,0.6363636363636364,0.6363636363636364,1.0,14.0,22.0,0.0,0.0,1.0,0.8636363636363636,False,False,,,,,,
easyocr,handwriting,iam_02384,0.17243935800001964,,False,,,0.7435897435897436,0.7435897435897436,1.0,29.0,39.0,0.0,0.0,1.0,0.6923076923076923,False,False,,,,,,
easyocr,handwriting,iam_02463,0.2807341569998698,,False,,,0.775,0.775,1.5,31.0,40.0,0.0,0.0,1.0,1.025,False,False,,,,,,
easyocr,handwriting,iam_02522,0.23481643800005259,,False,,,0.7142857142857143,0.7142857142857143,1.2857142857142858,35.0,49.0,0.0,0.0,1.0,0.7959183673469388,False,False,,,,,,
easyocr,handwriting,iam_02552,0.3058405459998994,,False,,,0.3902439024390244,0.3902439024390244,1.3,16.0,41.0,0.18181818181818182,0.18181818181818182,0.8181818181818182,1.0975609756097562,False,False,,,,,,
easyocr,handwriting,iam_02640,0.22460107799997786,,False,,,0.7346938775510204,0.7346938775510204,1.3333333333333333,36.0,49.0,0.0,0.0,1.0,0.9183673469387755,False,False,,,,,,
easyocr,handwriting,iam_02655,0.22577428700014934,,False,,,0.3137254901960784,0.3137254901960784,1.0,16.0,51.0,0.5454545454545454,0.5,0.5,0.9215686274509803,False,False,,,,,,
easyocr,handwriting,iam_02684,0.29114626700015833,,False,,,0.38596491228070173,0.38596491228070173,0.9285714285714286,22.0,57.0,0.35714285714285715,0.3333333333333333,0.6666666666666666,0.9649122807017544,False,False,,,,,,
easyocr,handwriting,iam_02725,0.27526113699991583,,False,,,0.631578947368421,0.631578947368421,1.0,36.0,57.0,0.0,0.0,1.0,0.8771929824561403,False,False,,,,,,
easyocr,handwriting,iam_02733,0.22656703799998468,,False,,,0.4358974358974359,0.4358974358974359,1.1666666666666667,17.0,39.0,0.0,0.0,1.0,0.9743589743589743,False,False,,,,,,
easyocr,handwriting,iam_02750,0.18052508799996758,,False,,,0.425,0.425,1.2857142857142858,17.0,40.0,0.14285714285714285,0.1111111111111111,0.8888888888888888,1.075,False,False,,,,,,
easyocr,handwriting,iam_02765,0.24801679699999113,,False,,,0.868421052631579,0.868421052631579,1.25,33.0,38.0,0.0,0.0,1.0,0.9473684210526315,False,False,,,,,,
easyocr,handwriting,iam_02838,0.19536008799991578,,False,,,0.7037037037037037,0.7037037037037037,1.1666666666666667,19.0,27.0,0.16666666666666666,0.14285714285714285,0.8571428571428571,0.9629629629629629,False,False,,,,,,
easyocr,stress,syn000_prose__clean,6.9265215529999296,,False,,,0.011441647597254004,0.011915673693858845,0.06426735218508997,26.0,2182.0,0.9899244332493703,0.9949367088607595,0.005063291139240506,1.0,False,False,,,,,prose,clean
easyocr,stress,syn000_prose__dpi150,3.7953655579999577,,False,,,0.013272311212814645,0.011915673693858845,0.061696658097686374,26.0,2182.0,0.9848866498740554,0.9949109414758269,0.005089058524173028,0.9945004582951421,False,False,,,,,prose,dpi150
easyocr,stress,syn000_prose__dpi75,2.395306324000103,,False,,,0.09565217391304348,0.09440879926672777,0.2442159383033419,206.0,2182.0,0.7984886649874056,0.9215116279069767,0.07848837209302326,0.9294225481209899,False,False,,,,,prose,dpi75
easyocr,stress,syn000_prose__blur,7.434067368000115,,False,,,0.1322654462242563,0.13198900091659027,0.5449871465295629,288.0,2182.0,0.5163727959697733,0.6346749226006192,0.3653250773993808,0.9445462878093492,False,False,,,,,prose,blur
easyocr,stress,syn000_prose__noise,7.104369872000007,,False,,,0.010068649885583524,0.010540788267644362,0.05398457583547558,23.0,2182.0,0.9924433249370277,0.9949494949494949,0.005050505050505051,1.0,False,False,,,,,prose,noise
easyocr,stress,syn000_prose__rotate3,7.2136176399999385,,False,,,0.5061784897025171,0.5064161319890009,0.6426735218508998,1105.0,2182.0,0.9773299748110831,0.9822784810126582,0.017721518987341773,0.9986251145737856,False,False,,,,,prose,rotate3
easyocr,stress,syn000_prose__rotate8,8.930858052000076,,False,,,0.6924485125858123,0.692942254812099,0.8868894601542416,1512.0,2182.0,0.9571788413098237,0.9743589743589743,0.02564102564102564,1.0,False,False,,,,,prose,rotate8
easyocr,stress,syn000_prose__jpeg_q10,3.7464825179999934,,False,,,0.012814645308924484,0.011457378551787351,0.061696658097686374,25.0,2182.0,0.9773299748110831,0.9872773536895675,0.01272264631043257,0.997250229147571,False,False,,,,,prose,jpeg_q10
easyocr,stress,syn000_prose__low_contrast,6.936346043999947,,False,,,0.011899313501144164,0.010999083409715857,0.061696658097686374,24.0,2182.0,0.982367758186398,0.9898477157360406,0.01015228426395939,0.9977085242896425,False,False,,,,,prose,low_contrast
easyocr,stress,syn000_prose__photocopy,7.034584201999905,,False,,,0.016933638443935927,0.017415215398716773,0.09254498714652956,38.0,2182.0,0.9748110831234257,0.9699248120300752,0.03007518796992481,1.001833180568286,False,False,,,,,prose,photocopy
easyocr,stress,syn000_prose__phone_photo,3.582105520999903,,False,,,0.10389016018306636,0.10449129239230064,0.15938303341902313,228.0,2182.0,0.982367758186398,0.9898477157360406,0.01015228426395939,1.0,False,False,,,,,prose,phone_photo
easyocr,stress,syn001_two_column__clean,6.993470011999989,,False,,,0.014105058365758755,0.014105058365758755,0.06702412868632708,29.0,2056.0,0.984,0.9946091644204852,0.005390835579514825,0.9965953307392996,False,False,,,,,two_column,clean
easyocr,stress,syn001_two_column__dpi150,3.8824400339999556,,False,,,0.016536964980544747,0.016536964980544747,0.08042895442359249,34.0,2056.0,0.9786666666666667,0.9892183288409704,0.01078167115902965,0.9931906614785992,False,False,,,,,two_column,dpi150
easyocr,stress,syn001_two_column__dpi75,2.412660108999944,,False,,,0.4260700389105058,0.4260700389105058,0.710455764075067,876.0,2056.0,0.5866666666666667,0.676923076923077,0.3230769230769231,0.9241245136186771,False,False,,,,,two_column,dpi75
easyocr,stress,syn001_two_column__blur,8.264227023000103,,False,,,0.49221789883268485,0.49221789883268485,0.9705093833780161,1012.0,2056.0,0.034666666666666665,0.07602339181286549,0.9239766081871345,0.7091439688715954,False,False,,,,,two_column,blur
easyocr,stress,syn001_two_column__noise,7.424048243000016,,False,,,0.016050583657587547,0.016050583657587547,0.08042895442359249,33.0,2056.0,0.984,0.9946091644204852,0.005390835579514825,0.995136186770428,False,False,,,,,two_column,noise
easyocr,stress,syn001_two_column__rotate3,7.484901078999883,,False,,,0.7169260700389105,0.7164396887159533,0.8847184986595175,1473.0,2056.0,0.9813333333333333,0.9919137466307277,0.008086253369272238,0.9965953307392996,False,False,,,,,two_column,rotate3
easyocr,stress,syn001_two_column__rotate8,8.370791526000176,,False,,,0.7120622568093385,0.7120622568093385,0.903485254691689,1464.0,2056.0,0.9653333333333334,0.9757412398921833,0.02425876010781671,0.9961089494163424,False,False,,,,,two_column,rotate8
easyocr,stress,syn001_two_column__jpeg_q10,3.842263566999918,,False,,,0.017023346303501944,0.017023346303501944,0.09115281501340483,35.0,2056.0,0.9733333333333334,0.9864864864864865,0.013513513513513514,0.9941634241245136,False,False,,,,,two_column,jpeg_q10
easyocr,stress,syn001_two_column__low_contrast,6.905297649999966,,False,,,0.016050583657587547,0.016050583657587547,0.0777479892761394,33.0,2056.0,0.9893333333333333,1.0,0.0,0.9956225680933852,False,False,,,,,two_column,low_contrast
easyocr,stress,syn001_two_column__photocopy,6.868956372000184,,False,,,0.023346303501945526,0.023832684824902722,0.12332439678284182,49.0,2056.0,0.968,0.9758064516129032,0.024193548387096774,0.9985408560311284,False,False,,,,,two_column,photocopy
easyocr,stress,syn001_two_column__phone_photo,3.679897469000025,,False,,,0.2140077821011673,0.2140077821011673,0.3163538873994638,440.0,2056.0,0.9173333333333333,0.9690140845070423,0.030985915492957747,0.9897859922178989,False,False,,,,,two_column,phone_photo
easyocr,stress,syn002_table__clean,5.060972100000072,,False,,,0.028169014084507043,0.028169014084507043,0.18461538461538463,12.0,426.0,0.8777777777777778,0.8777777777777778,0.12222222222222222,1.0258215962441315,False,False,,,,,table,clean
easyocr,stress,syn002_table__dpi150,2.212510062999854,,False,,,0.43896713615023475,0.43896713615023475,0.49230769230769234,187.0,426.0,0.9333333333333333,0.9545454545454546,0.045454545454545456,1.0,False,False,,,,,table,dpi150
easyocr,stress,syn002_table__dpi75,0.8801966879998417,,False,,,0.24882629107981222,0.24882629107981222,0.676923076923077,106.0,426.0,0.5,0.5769230769230769,0.4230769230769231,0.9366197183098591,False,False,,,,,table,dpi75
easyocr,stress,syn002_table__blur,4.909534191000148,,False,,,0.6901408450704225,0.6901408450704225,0.8923076923076924,294.0,426.0,0.2,0.2857142857142857,0.7142857142857143,0.8685446009389671,False,False,,,,,table,blur
easyocr,stress,syn002_table__noise,4.806530989000066,,False,,,0.23943661971830985,0.23943661971830985,0.4153846153846154,102.0,426.0,0.8444444444444444,0.8444444444444444,0.15555555555555556,1.0375586854460095,False,False,,,,,table,noise
easyocr,stress,syn002_table__rotate3,4.775841891000027,,False,,,0.48826291079812206,0.48826291079812206,0.6307692307692307,208.0,426.0,0.9555555555555556,0.9555555555555556,0.044444444444444446,1.0093896713615023,False,False,,,,,table,rotate3
easyocr,stress,syn002_table__rotate8,5.1268401959998755,,False,,,0.6901408450704225,0.6901408450704225,0.9846153846153847,294.0,426.0,0.9222222222222223,0.8829787234042553,0.11702127659574468,1.0610328638497653,False,False,,,,,table,rotate8
easyocr,stress,syn002_table__jpeg_q10,2.205111483999872,,False,,,0.3779342723004695,0.3779342723004695,0.5230769230769231,161.0,426.0,0.8222222222222222,0.8409090909090909,0.1590909090909091,1.0211267605633803,False,False,,,,,table,jpeg_q10
easyocr,stress,syn002_table__low_contrast,4.844131415999982,,False,,,0.035211267605633804,0.035211267605633804,0.13846153846153847,15.0,426.0,0.9333333333333333,0.9333333333333333,0.06666666666666667,1.0140845070422535,False,False,,,,,table,low_contrast
easyocr,stress,syn002_table__photocopy,4.895793621999928,,False,,,0.32629107981220656,0.32629107981220656,0.6,139.0,426.0,0.8111111111111111,0.8021978021978022,0.1978021978021978,1.051643192488263,False,False,,,,,table,photocopy
easyocr,stress,syn002_table__phone_photo,2.2332165020000048,,False,,,0.4131455399061033,0.4131455399061033,0.5230769230769231,176.0,426.0,0.7888888888888889,0.8068181818181818,0.19318181818181818,1.0305164319248827,False,False,,,,,table,phone_photo
easyocr,stress,syn003_invoice__clean,5.019178712999974,,False,,,0.36069114470842334,0.36069114470842334,0.42424242424242425,167.0,463.0,0.9456521739130435,0.9456521739130435,0.05434782608695652,1.0107991360691144,False,False,,,,,invoice,clean
easyocr,stress,syn003_invoice__dpi150,2.2403115510001044,,False,,,0.35205183585313177,0.35205183585313177,0.4696969696969697,163.0,463.0,0.8804347826086957,0.8804347826086957,0.11956521739130435,1.0215982721382288,False,False,,,,,invoice,dpi150
easyocr,stress,syn003_invoice__dpi75,0.87282049800001,,False,,,0.28509719222462204,0.28509719222462204,0.45454545454545453,132.0,463.0,0.75,0.8117647058823529,0.18823529411764706,0.9762419006479481,False,False,,,,,invoice,dpi75
easyocr,stress,syn003_invoice__blur,4.886052952999989,,False,,,0.5766738660907127,0.5766738660907127,1.0757575757575757,267.0,463.0,0.3804347826086957,0.4375,0.5625,0.9222462203023758,False,False,,,,,invoice,blur
easyocr,stress,syn003_invoice__noise,4.920676190999984,,False,,,0.20734341252699784,0.20734341252699784,0.3484848484848485,96.0,463.0,0.8804347826086957,0.8804347826086957,0.11956521739130435,1.0172786177105833,False,False,,,,,invoice,noise
easyocr,stress,syn003_invoice__rotate3,4.802869364999879,,False,,,0.2570194384449244,0.2570194384449244,0.3484848484848485,119.0,463.0,0.9891304347826086,0.9891304347826086,0.010869565217391304,1.0021598272138228,False,False,,,,,invoice,rotate3
easyocr,stress,syn003_invoice__rotate8,5.440069069999936,,False,,,0.6479481641468683,0.6479481641468683,0.7878787878787878,300.0,463.0,0.9021739130434783,0.8645833333333334,0.13541666666666666,1.060475161987041,False,False,,,,,invoice,rotate8
easyocr,stress,syn003_invoice__jpeg_q10,2.2638825740000357,,False,,,0.34773218142548595,0.34773218142548595,0.45454545454545453,161.0,463.0,0.9021739130434783,0.9021739130434783,0.09782608695652174,1.019438444924406,False,False,,,,,invoice,jpeg_q10
easyocr,stress,syn003_invoice__low_contrast,4.718397245999995,,False,,,0.1771058315334773,0.1771058315334773,0.2878787878787879,82.0,463.0,0.9021739130434783,0.9021739130434783,0.09782608695652174,1.019438444924406,False,False,,,,,invoice,low_contrast
easyocr,stress,syn003_invoice__photocopy,4.90615809399992,,False,,,0.4406047516198704,0.4406047516198704,0.5909090909090909,204.0,463.0,0.9239130434782609,0.9239130434782609,0.07608695652173914,1.0129589632829374,False,False,,,,,invoice,photocopy
easyocr,stress,syn003_invoice__phone_photo,2.261871494000161,,False,,,0.3563714902807775,0.3563714902807775,0.4090909090909091,165.0,463.0,0.9130434782608695,0.9130434782608695,0.08695652173913043,1.0172786177105833,False,False,,,,,invoice,phone_photo
easyocr,stress,syn004_prose__clean,7.00736734100019,,False,,,0.007136485280999108,0.007136485280999108,0.04092071611253197,16.0,2242.0,0.9873096446700508,0.9948849104859335,0.005115089514066497,0.9986619090098127,False,False,,,,,prose,clean
easyocr,stress,syn004_prose__dpi150,3.753014337000195,,False,,,0.011150758251561105,0.011150758251561105,0.0639386189258312,25.0,2242.0,0.9847715736040609,0.9897959183673469,0.01020408163265306,0.9982158786797503,False,False,,,,,prose,dpi150
easyocr,stress,syn004_prose__dpi75,2.3600786229999358,,False,,,0.08028545941123996,0.08028545941123996,0.23529411764705882,180.0,2242.0,0.8071065989847716,0.9190751445086706,0.08092485549132948,0.9424620874219447,False,False,,,,,prose,dpi75
easyocr,stress,syn004_prose__blur,7.716612942999973,,False,,,0.12934879571810884,0.12934879571810884,0.5933503836317136,290.0,2242.0,0.467005076142132,0.5786163522012578,0.42138364779874216,0.9442462087421944,False,False,,,,,prose,blur
easyocr,stress,syn004_prose__noise,7.079768830000148,,False,,,0.012042818911685994,0.012042818911685994,0.07161125319693094,27.0,2242.0,0.9796954314720813,0.9897435897435898,0.010256410256410256,0.9977698483496877,False,False,,,,,prose,noise
easyocr,stress,syn004_prose__rotate3,7.199516628000083,,False,,,0.5062444246208743,0.5062444246208743,0.670076726342711,1135.0,2242.0,0.9746192893401016,0.9820971867007673,0.017902813299232736,0.9982158786797503,False,False,,,,,prose,rotate3
easyocr,stress,syn004_prose__rotate8,8.982521638000208,,False,,,0.6891168599464763,0.6891168599464763,0.8746803069053708,1545.0,2242.0,0.9670050761421319,0.9794344473007712,0.02056555269922879,0.9982158786797503,False,False,,,,,prose,rotate8
easyocr,stress,syn004_prose__jpeg_q10,3.767397368000047,,False,,,0.01650312221231044,0.01650312221231044,0.08695652173913043,37.0,2242.0,0.9670050761421319,0.9844961240310077,0.015503875968992248,0.9964317573595004,False,False,,,,,prose,jpeg_q10
easyocr,stress,syn004_prose__low_contrast,7.072693168999876,,False,,,0.010704727921498661,0.010704727921498661,0.0741687979539642,24.0,2242.0,0.9746192893401016,0.987146529562982,0.012853470437017995,0.9973238180196253,False,False,,,,,prose,low_contrast
easyocr,stress,syn004_prose__photocopy,7.110047000999884,,False,,,0.01694915254237288,0.01694915254237288,0.09207161125319693,38.0,2242.0,0.9746192893401016,0.9820971867007673,0.017902813299232736,0.9973238180196253,False,False,,,,,prose,photocopy
easyocr,stress,syn004_prose__phone_photo,3.7545054869999603,,False,,,0.47546833184656556,0.47546833184656556,0.6163682864450127,1066.0,2242.0,0.9695431472081218,0.9820051413881749,0.017994858611825194,1.0004460303300624,False,False,,,,,prose,phone_photo
qwen2.5-vl-3b,books,birdsofgreatbrit02butl_0093_full,3.102835650937493,576.0,False,birdsofgreatbrit02butl,en,0.03277972027972028,0.025283347863993024,0.03504043126684636,58.0,2294.0,0.9896373056994818,0.9896373056994818,0.010362694300518135,1.0,False,False,,,,,,
qwen2.5-vl-3b,books,birdsofgreatbrit02butl_0126_full,3.102835650937493,701.0,False,birdsofgreatbrit02butl,en,0.0204369274136716,0.01056338028169014,0.03470715835140998,30.0,2840.0,0.9717741935483871,0.9698189134808853,0.030181086519114688,1.0,False,False,,,,,,
qwen2.5-vl-3b,books,birdsofgreatbrit02butl_0156_full,3.102835650937493,468.0,False,birdsofgreatbrit02butl,en,0.044623655913978495,0.033689839572192515,0.046052631578947366,63.0,1870.0,0.9871794871794872,0.9967637540453075,0.003236245954692557,0.9941176470588236,False,False,,,,,,
qwen2.5-vl-3b,books,birdsofgreatbrit02butl_0159_full,3.102835650937493,684.0,False,birdsofgreatbrit02butl,en,0.01557632398753894,0.007939247497411116,0.009652509652509652,23.0,2897.0,0.9887640449438202,0.9962264150943396,0.0037735849056603774,0.9927511218501899,False,False,,,,,,
qwen2.5-vl-3b,books,birdsofgreatbrit02butl_0172_full,3.102835650937493,708.0,False,birdsofgreatbrit02butl,en,0.026915769474350856,0.010999371464487744,0.017241379310344827,35.0,3182.0,0.9847457627118644,0.9931623931623932,0.006837606837606838,0.9912005028284098,False,False,,,,,,
qwen2.5-vl-3b,books,birdsofgreatbrit02butl_0308_full,3.102835650937493,428.0,False,birdsofgreatbrit02butl,en,0.027945205479452055,0.020262869660460023,0.027439024390243903,37.0,1826.0,0.9851632047477745,0.996996996996997,0.003003003003003003,0.9890470974808324,False,False,,,,,,
qwen2.5-vl-3b,books,birdsofgreatbrit02butl_0312_full,3.102835650937493,301.0,False,birdsofgreatbrit02butl,en,0.0046641791044776115,0.0027958993476234857,0.016853932584269662,3.0,1073.0,0.989010989010989,0.9782608695652174,0.021739130434782608,1.0018639328984156,False,False,,,,,,
qwen2.5-vl-3b,books,birdsofgreatbrit02butl_0320_full,3.102835650937493,502.0,False,birdsofgreatbrit02butl,en,0.028220300409649523,0.02456778889899909,0.024657534246575342,54.0,2198.0,0.9817708333333334,0.9973544973544973,0.0026455026455026454,0.9831665150136488,False,False,,,,,,
qwen2.5-vl-3b,books,birdsofgreatbrit02butl_0328_full,3.102835650937493,295.0,False,birdsofgreatbrit02butl,en,0.0662557781201849,0.05701078582434515,0.2631578947368421,37.0,649.0,0.9056603773584906,0.8888888888888888,0.1111111111111111,1.0261941448382126,False,False,,,,,,
qwen2.5-vl-3b,books,conchologiaiconi05reev_0039_full,3.102835650937493,1133.0,False,conchologiaiconi05reev,en,0.12544529262086515,0.11558044806517312,0.2381786339754816,454.0,3928.0,0.8102564102564103,0.8618181818181818,0.13818181818181818,0.9465376782077393,False,False,,,,,,
qwen2.5-vl-3b,books,conchologiaiconi05reev_0127_full,3.102835650937493,1284.0,False,conchologiaiconi05reev,en,0.11375337092424614,0.10017228648781688,0.29343629343629346,407.0,4063.0,0.7509293680297398,0.753731343283582,0.2462686567164179,0.9916317991631799,False,False,,,,,,
qwen2.5-vl-3b,books,conchologiaiconi05reev_0200_full,3.102835650937493,598.0,False,conchologiaiconi05reev,en,0.577133907595928,0.5686480799579169,0.5904572564612326,2162.0,3802.0,0.4425287356321839,0.9314516129032258,0.06854838709677419,0.4476591267753814,False,False,,,,,,
qwen2.5-vl-3b,books,conchologiaiconi05reev_0235_full,3.102835650937493,1129.0,False,conchologiaiconi05reev,en,0.13327791632031033,0.11854525263742366,0.29130434782608694,427.0,3602.0,0.7782426778242678,0.788135593220339,0.211864406779661,0.9963908939478068,False,False,,,,,,
qwen2.5-vl-3b,books,conchologiaiconi05reev_0271_full,3.102835650937493,1216.0,False,conchologiaiconi05reev,en,0.11334405144694534,0.1015269220466113,0.2815126050420168,379.0,3733.0,0.7971602434077079,0.793939393939394,0.20606060606060606,0.994374497723011,False,False,,,,,,
qwen2.5-vl-3b,books,conchologiaiconi05reev_0276_full,3.102835650937493,4096.0,False,conchologiaiconi05reev,en,0.9956284153005465,0.9956169186938417,0.9965156794425087,4543.0,4563.0,0.005025125628140704,1.0,0.0,0.0043830813061582295,False,True,,,,,,
qwen2.5-vl-3b,books,conchologiaiconi05reev_0350_full,3.102835650937493,605.0,False,conchologiaiconi05reev,en,0.5299771167048055,0.5241157556270096,0.6305084745762712,1141.0,2177.0,0.7119205298013245,0.8431372549019608,0.1568627450980392,0.8530087276067984,False,False,,,,,,
qwen2.5-vl-3b,books,conchologiaiconi05reev_0354_full,3.854491191562488,1156.0,False,conchologiaiconi05reev,en,0.0972729828507169,0.08066329398538505,0.22573839662447256,287.0,3558.0,0.8032454361054767,0.8016194331983806,0.19838056680161945,1.0089938167509838,False,False,,,,,,
qwen2.5-vl-3b,books,conchologiaiconi05reev_0433_full,3.854491191562488,609.0,False,conchologiaiconi05reev,en,0.5976171134578933,0.5959239130434782,0.7369565217391304,2193.0,3680.0,0.4086242299794661,0.7991967871485943,0.20080321285140562,0.5081521739130435,False,False,,,,,,
qwen2.5-vl-3b,books,daschitinskelett00prel_0011_full,3.854491191562488,876.0,False,daschitinskelett00prel,de,0.03273998728544183,0.029036375239310786,0.16820276497695852,91.0,3134.0,0.9535962877030162,0.8580375782881002,0.1419624217118998,1.0102105934907466,False,False,,,,,,
qwen2.5-vl-3b,books,daschitinskelett00prel_0021_full,3.854491191562488,4096.0,False,daschitinskelett00prel,de,1.0,1.0,1.0,3851.0,3851.0,0.0,0.0,0.0,0.0,True,True,,,,,,
qwen2.5-vl-3b,books,daschitinskelett00prel_0034_full,3.854491191562488,849.0,False,daschitinskelett00prel,de,0.025117213663764234,0.02481556002682763,0.13145539906103287,74.0,2982.0,0.9694117647058823,0.8898488120950324,0.1101511879049676,1.0100603621730382,False,False,,,,,,
qwen2.5-vl-3b,books,daschitinskelett00prel_0037_full,3.854491191562488,1125.0,False,daschitinskelett00prel,de,0.028503562945368172,0.024377318494965553,0.1657559198542805,92.0,3774.0,0.9452554744525548,0.8576158940397351,0.1423841059602649,1.012718600953895,False,False,,,,,,
qwen2.5-vl-3b,books,daschitinskelett00prel_0038_full,3.854491191562488,1078.0,False,daschitinskelett00prel,de,0.021778584392014518,0.017703722988804998,0.1169811320754717,68.0,3841.0,0.9528301886792453,0.8953900709219859,0.10460992907801418,1.0059880239520957,False,False,,,,,,
qwen2.5-vl-3b,books,daschitinskelett00prel_0051_full,3.854491191562488,1081.0,False,daschitinskelett00prel,de,0.021174691202419965,0.01820480404551201,0.055357142857142855,72.0,3955.0,0.956989247311828,0.9638989169675091,0.036101083032490974,0.990897597977244,False,False,,,,,,
qwen2.5-vl-3b,books,daschitinskelett00prel_0057_full,3.854491191562488,960.0,False,daschitinskelett00prel,de,0.011754587155963303,0.010619977037887486,0.052521008403361345,37.0,3484.0,0.9621848739495799,0.9561586638830898,0.04384133611691023,0.9971297359357061,False,False,,,,,,
qwen2.5-vl-3b,books,daschitinskelett00prel_0060_full,3.854491191562488,257.0,False,daschitinskelett00prel,de,0.012195121951219513,0.004464285714285714,0.01652892561983471,4.0,896.0,0.9915966386554622,0.9915966386554622,0.008403361344537815,0.9955357142857143,False,False,,,,,,
qwen2.5-vl-3b,books,histoirenaturell10cuvi_0014_full,3.854491191562488,331.0,False,histoirenaturell10cuvi,fr,0.02857142857142857,0.022033898305084745,0.0625,26.0,1180.0,0.9468085106382979,0.9417989417989417,0.0582010582010582,0.9957627118644068,False,False,,,,,,
qwen2.5-vl-3b,books,histoirenaturell10cuvi_0070_full,3.854491191562488,419.0,False,histoirenaturell10cuvi,fr,0.08801955990220049,0.056790123456790124,0.10194174757281553,69.0,1215.0,0.9551569506726457,0.9551569506726457,0.04484304932735426,0.9991769547325103,False,False,,,,,,
qwen2.5-vl-3b,books,histoirenaturell10cuvi_0172_full,3.854491191562488,349.0,False,histoirenaturell10cuvi,fr,0.013876843018213356,0.0,0.0,0.0,1150.0,1.0,1.0,0.0,1.0,False,False,,,,,,
qwen2.5-vl-3b,books,histoirenaturell10cuvi_0188_full,3.854491191562488,477.0,False,histoirenaturell10cuvi,fr,0.025096525096525095,0.006443298969072165,0.033962264150943396,10.0,1552.0,0.9694915254237289,0.9629629629629629,0.037037037037037035,1.0012886597938144,False,False,,,,,,
qwen2.5-vl-3b,books,histoirenaturell10cuvi_0251_full,3.854491191562488,389.0,False,histoirenaturell10cuvi,fr,0.024744027303754267,0.003451251078515962,0.014925373134328358,4.0,1159.0,0.985981308411215,0.985981308411215,0.014018691588785047,1.001725625539258,False,False,,,,,,
qwen2.5-vl-3b,books,histoirenaturell10cuvi_0343_full,3.854491191562488,391.0,False,histoirenaturell10cuvi,fr,0.0437842064112588,0.02766798418972332,0.06030150753768844,35.0,1265.0,0.9754901960784313,0.961352657004831,0.03864734299516908,0.9968379446640316,False,False,,,,,,
qwen2.5-vl-3b,books,histoirenaturell10cuvi_0369_full,2.929630152062515,422.0,False,histoirenaturell10cuvi,fr,0.023846153846153847,0.0038669760247486465,0.022727272727272728,5.0,1293.0,0.9870689655172413,0.9870689655172413,0.01293103448275862,1.0,False,False,,,,,,
qwen2.5-vl-3b,books,histoirenaturell10cuvi_0425_full,2.929630152062515,4096.0,False,histoirenaturell10cuvi,fr,0.9860671310956302,0.9860050890585241,0.9891696750902527,1550.0,1572.0,0.01020408163265306,0.75,0.25,0.014631043256997456,False,True,,,,,,
qwen2.5-vl-3b,books,pisciumquerelaee00sche_0012_full,2.929630152062515,596.0,False,pisciumquerelaee00sche,la,0.13579511614055986,0.11633514165159735,0.4576271186440678,193.0,1659.0,0.5593869731800766,0.6008230452674898,0.3991769547325103,1.0367691380349608,False,False,,,,,,
qwen2.5-vl-3b,books,pisciumquerelaee00sche_0013_full,2.929630152062515,609.0,False,pisciumquerelaee00sche,la,0.10365135453474676,0.1028537455410226,0.4125,173.0,1682.0,0.6142322097378277,0.6639676113360324,0.3360323886639676,1.0362663495838287,False,False,,,,,,
qwen2.5-vl-3b,books,pisciumquerelaee00sche_0016_full,2.929630152062515,607.0,False,pisciumquerelaee00sche,la,0.09375,0.08106396453451552,0.3700440528634361,128.0,1579.0,0.6363636363636364,0.6875,0.3125,1.0139328689043698,False,False,,,,,,
qwen2.5-vl-3b,books,pisciumquerelaee00sche_0035_full,2.929630152062515,594.0,False,pisciumquerelaee00sche,la,0.12865853658536586,0.10865561694290976,0.44298245614035087,177.0,1629.0,0.6666666666666666,0.6861924686192469,0.3138075313807531,1.0374462860650706,False,False,,,,,,
qwen2.5-vl-3b,books,pisciumquerelaee00sche_0038_full,2.929630152062515,527.0,False,pisciumquerelaee00sche,la,0.1168289290681502,0.11519434628975266,0.4010152284263959,163.0,1415.0,0.6386138613861386,0.6683937823834197,0.3316062176165803,1.0254416961130741,False,False,,,,,,
qwen2.5-vl-3b,books,pisciumquerelaee00sche_0040_full,2.929630152062515,725.0,False,pisciumquerelaee00sche,la,0.11672278338945005,0.11898016997167139,0.4007352941176471,210.0,1765.0,0.6192052980132451,0.6925925925925925,0.3074074074074074,1.0526912181303116,False,False,,,,,,
qwen2.5-vl-3b,books,pisciumquerelaee00sche_0041_full,2.929630152062515,535.0,False,pisciumquerelaee00sche,la,0.1113892365456821,0.10233733417561591,0.4125,162.0,1583.0,0.578544061302682,0.6536796536796536,0.3463203463203463,1.0252684775742262,False,False,,,,,,
qwen2.5-vl-3b,books,pisciumquerelaee00sche_0044_full,2.929630152062515,199.0,False,pisciumquerelaee00sche,la,0.5318627450980392,0.5297029702970297,0.8392857142857143,214.0,404.0,0.5849056603773585,0.40789473684210525,0.5921052631578947,1.386138613861386,False,False,,,,,,
qwen2.5-vl-3b,books,trudyrusskagoent161881russ_0098_full,2.929630152062515,604.0,False,trudyrusskagoent161881russ,fr+de,0.019230769230769232,0.011011699931176875,0.058823529411764705,16.0,1453.0,0.9798994974874372,0.9848484848484849,0.015151515151515152,0.9931176875430144,False,False,,,,,,
qwen2.5-vl-3b,books,trudyrusskagoent161881russ_0121_full,2.929630152062515,543.0,False,trudyrusskagoent161881russ,fr+de,0.02388535031847134,0.009042553191489361,0.04844290657439446,17.0,1880.0,0.9755244755244755,0.9823943661971831,0.017605633802816902,0.9936170212765958,False,False,,,,,,
qwen2.5-vl-3b,books,trudyrusskagoent161881russ_0276_full,2.929630152062515,515.0,False,trudyrusskagoent161881russ,fr+de,0.014467592592592593,0.004050925925925926,0.01593625498007968,7.0,1728.0,0.9919028340080972,0.9919028340080972,0.008097165991902834,0.9965277777777778,False,False,,,,,,
qwen2.5-vl-3b,books,trudyrusskagoent161881russ_0329_full,2.929630152062515,682.0,False,trudyrusskagoent161881russ,fr+de,0.04009546539379475,0.02828379674017258,0.06164383561643835,59.0,2086.0,0.9551724137931035,0.9753521126760564,0.02464788732394366,0.9774688398849473,False,False,,,,,,
qwen2.5-vl-3b,books,trudyrusskagoent161881russ_0357_full,2.929630152062515,547.0,False,trudyrusskagoent161881russ,fr+de,0.02306805074971165,0.011027278003482298,0.04979253112033195,19.0,1723.0,0.9669421487603306,0.970954356846473,0.029045643153526972,0.9947765525246662,False,False,,,,,,
qwen2.5-vl-3b,books,trudyrusskagoent161881russ_0379_full,2.929630152062515,599.0,False,trudyrusskagoent161881russ,fr+de,0.024475524475524476,0.013547415955845458,0.05345911949685535,27.0,1993.0,0.975975975975976,0.975975975975976,0.024024024024024024,1.0005017561465128,False,False,,,,,,
qwen2.5-vl-3b,books,trudyrusskagoent161881russ_0388_full,2.0192307099998743,585.0,False,trudyrusskagoent161881russ,fr+de,0.026215182960131075,0.016967706622879036,0.06397306397306397,31.0,1827.0,0.9773462783171522,0.967948717948718,0.03205128205128205,1.0021893814997263,False,False,,,,,,
qwen2.5-vl-3b,books,trudyrusskagoent161881russ_0446_full,2.0192307099998743,402.0,False,trudyrusskagoent161881russ,fr+de,0.10315985130111524,0.10560747663551402,0.13612565445026178,113.0,1070.0,0.96,0.8767123287671232,0.1232876712328767,1.074766355140187,False,False,,,,,,
qwen2.5-vl-3b,docs,headers_footers__0b8de922246569bf96136cd5bb1d9643b2d269fe_page_10_processed,3.1205211681875085,345.0,False,,,,,,,,,,,,False,,headers_footers,2.0,2.0,"[{""id"": ""0b8de922246569bf96136cd5bb1d9643b2d269fe_page_10_processed.pdf_manual_00"", ""type"": ""absent"", ""passed"": true, ""category"": ""headers_footers""}, {""id"": ""auto_baseline"", ""type"": ""baseline"", ""passed"": true, ""category"": ""baseline""}]",,
qwen2.5-vl-3b,docs,headers_footers__12e836a20227be4b63f7dcdebb2498e9d189d4da_page_5_processed,3.1205211681875085,911.0,False,,,,,,,,,,,,False,,headers_footers,4.0,3.0,"[{""id"": ""12e836a20227be4b63f7dcdebb2498e9d189d4da_page_5_processed_pg1_header_00"", ""type"": ""absent"", ""passed"": true, ""category"": ""headers_footers""}, {""id"": ""12e836a20227be4b63f7dcdebb2498e9d189d4da_page_5_processed_pg1_header_01"", ""type"": ""absent"", ""passed"": false, ""category"": ""headers_footers""}, {""id"": ""12e836a20227be4b63f7dcdebb2498e9d189d4da_page_5_processed_pg1_header_02"", ""type"": ""absent"", ""passed"": true, ""category"": ""headers_footers""}, {""id"": ""auto_baseline"", ""type"": ""baseline"", ""passed"": true, ""category"": ""baseline""}]",,
qwen2.5-vl-3b,docs,headers_footers__17ce5025be595d7fc2c3a347b6a2fa4e4d06419d_page_1,3.1205211681875085,126.0,False,,,,,,,,,,,,False,,headers_footers,2.0,2.0,"[{""id"": ""17ce5025be595d7fc2c3a347b6a2fa4e4d06419d_page_1_header_00"", ""type"": ""absent"", ""passed"": true, ""category"": ""headers_footers""}, {""id"": ""auto_baseline"", ""type"": ""baseline"", ""passed"": true, ""category"": ""baseline""}]",,
qwen2.5-vl-3b,docs,headers_footers__1a3e61746b0965df09bce6cb1051c455807363d5_page_1,3.1205211681875085,279.0,False,,,,,,,,,,,,False,,headers_footers,3.0,3.0,"[{""id"": ""1a3e61746b0965df09bce6cb1051c455807363d5_page_1_header_00"", ""type"": ""absent"", ""passed"": true, ""category"": ""headers_footers""}, {""id"": ""1a3e61746b0965df09bce6cb1051c455807363d5_page_1.pdf_manual_00"", ""type"": ""absent"", ""passed"": true, ""category"": ""headers_footers""}, {""id"": ""auto_baseline"", ""type"": ""baseline"", ""passed"": true, ""category"": ""baseline""}]",,
qwen2.5-vl-3b,docs,headers_footers__2cb8b9fbe5aaac3d7f95d110a3b08132ee09d103_page_2,3.1205211681875085,706.0,False,,,,,,,,,,,,False,,headers_footers,3.0,1.0,"[{""id"": ""2cb8b9fbe5aaac3d7f95d110a3b08132ee09d103_page_2_header_00"", ""type"": ""absent"", ""passed"": false, ""category"": ""headers_footers""}, {""id"": ""2cb8b9fbe5aaac3d7f95d110a3b08132ee09d103_page_2.pdf_manual_00"", ""type"": ""absent"", ""passed"": false, ""category"": ""headers_footers""}, {""id"": ""auto_baseline"", ""type"": ""baseline"", ""passed"": true, ""category"": ""baseline""}]",,
qwen2.5-vl-3b,docs,headers_footers__363300831b3da664b1bfe972e4f86464fa076da3_page_149,3.1205211681875085,1063.0,False,,,,,,,,,,,,False,,headers_footers,6.0,6.0,"[{""id"": ""363300831b3da664b1bfe972e4f86464fa076da3_page_149_header_00"", ""type"": ""absent"", ""passed"": true, ""category"": ""headers_footers""}, {""id"": ""363300831b3da664b1bfe972e4f86464fa076da3_page_149_header_01"", ""type"": ""absent"", ""passed"": true, ""category"": ""headers_footers""}, {""id"": ""363300831b3da664b1bfe972e4f86464fa076da3_page_149_header_15"", ""type"": ""absent"", ""passed"": true, ""category"": ""headers_footers""}, {""id"": ""363300831b3da664b1bfe972e4f86464fa076da3_page_149_header_16"", ""type"": ""absent"", ""passed"": true, ""category"": ""headers_footers""}, {""id"": ""363300831b3da664b1bfe972e4f86464fa076da3_page_149.pdf_manual_00"", ""type"": ""absent"", ""passed"": true, ""category"": ""headers_footers""}, {""id"": ""auto_baseline"", ""type"": ""baseline"", ""passed"": true, ""category"": ""baseline""}]",,
qwen2.5-vl-3b,docs,headers_footers__62621cef2b1d5356a063aa7c9c735ac396fb2223_page_33,3.1205211681875085,700.0,False,,,,,,,,,,,,False,,headers_footers,4.0,3.0,"[{""id"": ""62621cef2b1d5356a063aa7c9c735ac396fb2223_page_33_header_00"", ""type"": ""absent"", ""passed"": true, ""category"": ""headers_footers""}, {""id"": ""62621cef2b1d5356a063aa7c9c735ac396fb2223_page_33.pdf_manual_00"", ""type"": ""absent"", ""passed"": true, ""category"": ""headers_footers""}, {""id"": ""62621cef2b1d5356a063aa7c9c735ac396fb2223_page_33.pdf_manual_01"", ""type"": ""absent"", ""passed"": false, ""category"": ""headers_footers""}, {""id"": ""auto_baseline"", ""type"": ""baseline"", ""passed"": true, ""category"": ""baseline""}]",,
qwen2.5-vl-3b,docs,headers_footers__7901d119ed91a89f8fbabf0eef7174d75a7656e3_page_1,3.1205211681875085,442.0,False,,,,,,,,,,,,False,,headers_footers,2.0,2.0,"[{""id"": ""7901d119ed91a89f8fbabf0eef7174d75a7656e3_page_1.pdf_manual_00"", ""type"": ""absent"", ""passed"": true, ""category"": ""headers_footers""}, {""id"": ""auto_baseline"", ""type"": ""baseline"", ""passed"": true, ""category"": ""baseline""}]",,
qwen2.5-vl-3b,docs,headers_footers__ba10222e40f05d76e2bf1d51c39066a4b1fe82ed_page_11,3.1205211681875085,901.0,False,,,,,,,,,,,,False,,headers_footers,3.0,2.0,"[{""id"": ""ba10222e40f05d76e2bf1d51c39066a4b1fe82ed_page_11_header_00"", ""type"": ""absent"", ""passed"": false, ""category"": ""headers_footers""}, {""id"": ""ba10222e40f05d76e2bf1d51c39066a4b1fe82ed_page_11.pdf_manual_00"", ""type"": ""absent"", ""passed"": true, ""category"": ""headers_footers""}, {""id"": ""auto_baseline"", ""type"": ""baseline"", ""passed"": true, ""category"": ""baseline""}]",,
qwen2.5-vl-3b,docs,headers_footers__d8b9c4cd0ba9b036e09168c8dccccd1d43315ef4_page_1,3.1205211681875085,988.0,False,,,,,,,,,,,,False,,headers_footers,3.0,3.0,"[{""id"": ""d8b9c4cd0ba9b036e09168c8dccccd1d43315ef4_page_1_header_00"", ""type"": ""absent"", ""passed"": true, ""category"": ""headers_footers""}, {""id"": ""d8b9c4cd0ba9b036e09168c8dccccd1d43315ef4_page_1.pdf_manual_00"", ""type"": ""absent"", ""passed"": true, ""category"": ""headers_footers""}, {""id"": ""auto_baseline"", ""type"": ""baseline"", ""passed"": true, ""category"": ""baseline""}]",,
qwen2.5-vl-3b,docs,long_tiny_text__11_pg161_pg1,3.1205211681875085,1939.0,False,,,,,,,,,,,,False,,long_tiny_text,9.0,9.0,"[{""id"": ""11_pg161_pg1_text_00"", ""type"": ""present"", ""passed"": true, ""category"": ""long_tiny_text""}, {""id"": ""11_pg161_pg1_text_01"", ""type"": ""present"", ""passed"": true, ""category"": ""long_tiny_text""}, {""id"": ""11_pg161_pg1_text_02"", ""type"": ""present"", ""passed"": true, ""category"": ""long_tiny_text""}, {""id"": ""11_pg161_pg1_text_03"", ""type"": ""present"", ""passed"": true, ""category"": ""long_tiny_text""}, {""id"": ""11_pg161_pg1_text_04"", ""type"": ""present"", ""passed"": true, ""category"": ""long_tiny_text""}, {""id"": ""11_pg161_pg1_text_05"", ""type"": ""present"", ""passed"": true, ""category"": ""long_tiny_text""}, {""id"": ""11_pg161_pg1_text_06"", ""type"": ""present"", ""passed"": true, ""category"": ""long_tiny_text""}, {""id"": ""11_pg161_pg1_text_07"", ""type"": ""present"", ""passed"": true, ""category"": ""long_tiny_text""}, {""id"": ""auto_baseline"", ""type"": ""baseline"", ""passed"": true, ""category"": ""baseline""}]",,
qwen2.5-vl-3b,docs,long_tiny_text__11_pg375_pg1,3.1205211681875085,2483.0,False,,,,,,,,,,,,False,,long_tiny_text,4.0,1.0,"[{""id"": ""11_pg375_pg1_text_00"", ""type"": ""present"", ""passed"": false, ""category"": ""long_tiny_text""}, {""id"": ""11_pg375_pg1_text_01"", ""type"": ""present"", ""passed"": false, ""category"": ""long_tiny_text""}, {""id"": ""11_pg375_pg1_text_02"", ""type"": ""present"", ""passed"": false, ""category"": ""long_tiny_text""}, {""id"": ""auto_baseline"", ""type"": ""baseline"", ""passed"": true, ""category"": ""baseline""}]",,
qwen2.5-vl-3b,docs,long_tiny_text__13_pg556_pg1,3.1205211681875085,1074.0,False,,,,,,,,,,,,False,,long_tiny_text,5.0,3.0,"[{""id"": ""13_pg556_pg1_text_00"", ""type"": ""present"", ""passed"": false, ""category"": ""long_tiny_text""}, {""id"": ""13_pg556_pg1_text_01"", ""type"": ""present"", ""passed"": true, ""category"": ""long_tiny_text""}, {""id"": ""13_pg556_pg1_text_02"", ""type"": ""present"", ""passed"": false, ""category"": ""long_tiny_text""}, {""id"": ""13_pg556_pg1_text_03"", ""type"": ""present"", ""passed"": true, ""category"": ""long_tiny_text""}, {""id"": ""auto_baseline"", ""type"": ""baseline"", ""passed"": true, ""category"": ""baseline""}]",,
qwen2.5-vl-3b,docs,long_tiny_text__13_pg566_pg1,3.1205211681875085,1915.0,False,,,,,,,,,,,,False,,long_tiny_text,6.0,6.0,"[{""id"": ""13_pg566_pg1_text_00"", ""type"": ""present"", ""passed"": true, ""category"": ""long_tiny_text""}, {""id"": ""13_pg566_pg1_text_01"", ""type"": ""present"", ""passed"": true, ""category"": ""long_tiny_text""}, {""id"": ""13_pg566_pg1_text_02"", ""type"": ""present"", ""passed"": true, ""category"": ""long_tiny_text""}, {""id"": ""13_pg566_pg1_text_03"", ""type"": ""present"", ""passed"": true, ""category"": ""long_tiny_text""}, {""id"": ""13_pg566_pg1_text_04"", ""type"": ""present"", ""passed"": true, ""category"": ""long_tiny_text""}, {""id"": ""auto_baseline"", ""type"": ""baseline"", ""passed"": true, ""category"": ""baseline""}]",,
qwen2.5-vl-3b,docs,long_tiny_text__13_pg67_pg1,3.1205211681875085,4096.0,False,,,,,,,,,,,,False,,long_tiny_text,6.0,0.0,"[{""id"": ""13_pg67_pg1_text_00"", ""type"": ""present"", ""passed"": false, ""category"": ""long_tiny_text""}, {""id"": ""13_pg67_pg1_text_01"", ""type"": ""present"", ""passed"": false, ""category"": ""long_tiny_text""}, {""id"": ""13_pg67_pg1_text_02"", ""type"": ""present"", ""passed"": false, ""category"": ""long_tiny_text""}, {""id"": ""13_pg67_pg1_text_03"", ""type"": ""present"", ""passed"": false, ""category"": ""long_tiny_text""}, {""id"": ""13_pg67_pg1_text_04"", ""type"": ""present"", ""passed"": false, ""category"": ""long_tiny_text""}, {""id"": ""auto_baseline"", ""type"": ""baseline"", ""passed"": false, ""category"": ""baseline""}]",,
qwen2.5-vl-3b,docs,long_tiny_text__14a_pg1,3.1205211681875085,2648.0,False,,,,,,,,,,,,False,,long_tiny_text,6.0,2.0,"[{""id"": ""14a_pg1_text_01"", ""type"": ""present"", ""passed"": false, ""category"": ""long_tiny_text""}, {""id"": ""14a_pg1_text_02"", ""type"": ""present"", ""passed"": false, ""category"": ""long_tiny_text""}, {""id"": ""14a_pg1_text_04"", ""type"": ""present"", ""passed"": false, ""category"": ""long_tiny_text""}, {""id"": ""14a_pg1_text_05"", ""type"": ""present"", ""passed"": true, ""category"": ""long_tiny_text""}, {""id"": ""14a_pg1_text_06"", ""type"": ""present"", ""passed"": false, ""category"": ""long_tiny_text""}, {""id"": ""auto_baseline"", ""type"": ""baseline"", ""passed"": true, ""category"": ""baseline""}]",,
qwen2.5-vl-3b,docs,long_tiny_text__15c_pg1,4.140305294687494,1810.0,False,,,,,,,,,,,,False,,long_tiny_text,5.0,4.0,"[{""id"": ""15c_pg1_text_00"", ""type"": ""present"", ""passed"": true, ""category"": ""long_tiny_text""}, {""id"": ""15c_pg1_text_01"", ""type"": ""present"", ""passed"": true, ""category"": ""long_tiny_text""}, {""id"": ""15c_pg1_text_02"", ""type"": ""present"", ""passed"": true, ""category"": ""long_tiny_text""}, {""id"": ""15c_pg1_text_03"", ""type"": ""present"", ""passed"": false, ""category"": ""long_tiny_text""}, {""id"": ""auto_baseline"", ""type"": ""baseline"", ""passed"": true, ""category"": ""baseline""}]",,
qwen2.5-vl-3b,docs,long_tiny_text__17_pg2_pg1,4.140305294687494,1282.0,False,,,,,,,,,,,,False,,long_tiny_text,40.0,39.0,"[{""id"": ""17_pg2_pg1_text_00"", ""type"": ""present"", ""passed"": true, ""category"": ""long_tiny_text""}, {""id"": ""17_pg2_pg1_text_01"", ""type"": ""present"", ""passed"": true, ""category"": ""long_tiny_text""}, {""id"": ""17_pg2_pg1_text_02"", ""type"": ""present"", ""passed"": true, ""category"": ""long_tiny_text""}, {""id"": ""17_pg2_pg1_text_03"", ""type"": ""present"", ""passed"": true, ""category"": ""long_tiny_text""}, {""id"": ""17_pg2_pg1_text_04"", ""type"": ""present"", ""passed"": true, ""category"": ""long_tiny_text""}, {""id"": ""17_pg2_pg1_text_06"", ""type"": ""present"", ""passed"": true, ""category"": ""long_tiny_text""}, {""id"": ""17_pg2_pg1_text_07"", ""type"": ""present"", ""passed"": true, ""category"": ""long_tiny_text""}, {""id"": ""17_pg2_pg1_text_09"", ""type"": ""present"", ""passed"": true, ""category"": ""long_tiny_text""}, {""id"": ""17_pg2_pg1_text_10"", ""type"": ""present"", ""passed"": true, ""category"": ""long_tiny_text""}, {""id"": ""17_pg2_pg1_text_12"", ""type"": ""present"", ""passed"": true, ""category"": ""long_tiny_text""}, {""id"": ""17_pg2_pg1_text_13"", ""type"": ""present"", ""passed"": true, ""category"": ""long_tiny_text""}, {""id"": ""17_pg2_pg1_text_16"", ""type"": ""present"", ""passed"": true, ""category"": ""long_tiny_text""}, {""id"": ""17_pg2_pg1_text_17"", ""type"": ""present"", ""passed"": false, ""category"": ""long_tiny_text""}, {""id"": ""17_pg2_pg1_text_20"", ""type"": ""present"", ""passed"": true, ""category"": ""long_tiny_text""}, {""id"": ""17_pg2_pg1_text_23"", ""type"": ""present"", ""passed"": true, ""category"": ""long_tiny_text""}, {""id"": ""17_pg2_pg1_text_24"", ""type"": ""present"", ""passed"": true, ""category"": ""long_tiny_text""}, {""id"": ""17_pg2_pg1_text_25"", ""type"": ""present"", ""passed"": true, ""category"": ""long_tiny_text""}, {""id"": ""17_pg2_pg1_text_27"", ""type"": ""present"", ""passed"": true, ""category"": ""long_tiny_text""}, {""id"": ""17_pg2_pg1_text_28"", ""type"": ""present"", ""passed"": true, ""category"": ""long_tiny_text""}, {""id"": ""17_pg2_pg1_text_30"", ""type"": ""present"", ""passed"": true, ""category"": ""long_tiny_text""}, {""id"": ""17_pg2_pg1_text_31"", ""type"": ""present"", ""passed"": true, ""category"": ""long_tiny_text""}, {""id"": ""17_pg2_pg1_text_34"", ""type"": ""present"", ""passed"": true, ""category"": ""long_tiny_text""}, {""id"": ""17_pg2_pg1_text_37"", ""type"": ""present"", ""passed"": true, ""category"": ""long_tiny_text""}, {""id"": ""17_pg2_pg1_text_41"", ""type"": ""present"", ""passed"": true, ""category"": ""long_tiny_text""}, {""id"": ""17_pg2_pg1_text_43"", ""type"": ""present"", ""passed"": true, ""category"": ""long_tiny_text""}, {""id"": ""17_pg2_pg1_text_45"", ""type"": ""present"", ""passed"": true, ""category"": ""long_tiny_text""}, {""id"": ""17_pg2_pg1_text_49"", ""type"": ""present"", ""passed"": true, ""category"": ""long_tiny_text""}, {""id"": ""17_pg2_pg1_text_51"", ""type"": ""present"", ""passed"": true, ""category"": ""long_tiny_text""}, {""id"": ""17_pg2_pg1_text_56"", ""type"": ""present"", ""passed"": true, ""category"": ""long_tiny_text""}, {""id"": ""17_pg2_pg1_text_61"", ""type"": ""present"", ""passed"": true, ""category"": ""long_tiny_text""}, {""id"": ""17_pg2_pg1_text_65"", ""type"": ""present"", ""passed"": true, ""category"": ""long_tiny_text""}, {""id"": ""17_pg2_pg1_text_69"", ""type"": ""present"", ""passed"": true, ""category"": ""long_tiny_text""}, {""id"": ""17_pg2_pg1_text_74"", ""type"": ""present"", ""passed"": true, ""category"": ""long_tiny_text""}, {""id"": ""17_pg2_pg1_text_80"", ""type"": ""present"", ""passed"": true, ""category"": ""long_tiny_text""}, {""id"": ""17_pg2_pg1_text_83"", ""type"": ""present"", ""passed"": true, ""category"": ""long_tiny_text""}, {""id"": ""17_pg2_pg1_text_86"", ""type"": ""present"", ""passed"": true, ""category"": ""long_tiny_text""}, {""id"": ""17_pg2_pg1_text_88"", ""type"": ""present"", ""passed"": true, ""category"": ""long_tiny_text""}, {""id"": ""17_pg2_pg1_text_95"", ""type"": ""present"", ""passed"": true, ""category"": ""long_tiny_text""}, {""id"": ""17_pg2_pg1_text_97"", ""type"": ""present"", ""passed"": true, ""category"": ""long_tiny_text""}, {""id"": ""auto_baseline"", ""type"": ""baseline"", ""passed"": true, ""category"": ""baseline""}]",,
qwen2.5-vl-3b,docs,long_tiny_text__20_pg40_pg1,4.140305294687494,1361.0,False,,,,,,,,,,,,False,,long_tiny_text,6.0,1.0,"[{""id"": ""20_pg40_pg1_text_00"", ""type"": ""present"", ""passed"": false, ""category"": ""long_tiny_text""}, {""id"": ""20_pg40_pg1_text_01"", ""type"": ""present"", ""passed"": false, ""category"": ""long_tiny_text""}, {""id"": ""20_pg40_pg1_text_02"", ""type"": ""present"", ""passed"": false, ""category"": ""long_tiny_text""}, {""id"": ""20_pg40_pg1_text_03"", ""type"": ""present"", ""passed"": false, ""category"": ""long_tiny_text""}, {""id"": ""20_pg40_pg1_text_04"", ""type"": ""present"", ""passed"": false, ""category"": ""long_tiny_text""}, {""id"": ""auto_baseline"", ""type"": ""baseline"", ""passed"": true, ""category"": ""baseline""}]",,
qwen2.5-vl-3b,docs,long_tiny_text__20_pg46_pg1,4.140305294687494,1177.0,False,,,,,,,,,,,,False,,long_tiny_text,10.0,4.0,"[{""id"": ""20_pg46_pg1_text_00"", ""type"": ""present"", ""passed"": true, ""category"": ""long_tiny_text""}, {""id"": ""20_pg46_pg1_text_01"", ""type"": ""present"", ""passed"": false, ""category"": ""long_tiny_text""}, {""id"": ""20_pg46_pg1_text_02"", ""type"": ""present"", ""passed"": false, ""category"": ""long_tiny_text""}, {""id"": ""20_pg46_pg1_text_03"", ""type"": ""present"", ""passed"": false, ""category"": ""long_tiny_text""}, {""id"": ""20_pg46_pg1_text_04"", ""type"": ""present"", ""passed"": false, ""category"": ""long_tiny_text""}, {""id"": ""20_pg46_pg1_text_05"", ""type"": ""present"", ""passed"": false, ""category"": ""long_tiny_text""}, {""id"": ""20_pg46_pg1_text_06"", ""type"": ""present"", ""passed"": true, ""category"": ""long_tiny_text""}, {""id"": ""20_pg46_pg1_text_08"", ""type"": ""present"", ""passed"": true, ""category"": ""long_tiny_text""}, {""id"": ""20_pg46_pg1_text_09"", ""type"": ""present"", ""passed"": false, ""category"": ""long_tiny_text""}, {""id"": ""auto_baseline"", ""type"": ""baseline"", ""passed"": true, ""category"": ""baseline""}]",,
qwen2.5-vl-3b,docs,multi_column__00945e98ea0970dcffb8f548336df3a0137f_page_4_pg1,4.140305294687494,650.0,False,,,,,,,,,,,,False,,multi_column,4.0,3.0,"[{""id"": ""00945e98ea0970dcffb8f548336df3a0137f_page_4.pdf_order_0a8f368a"", ""type"": ""order"", ""passed"": false, ""category"": ""multi_column""}, {""id"": ""00945e98ea0970dcffb8f548336df3a0137f_page_4.pdf_order_3d4bbd69"", ""type"": ""order"", ""passed"": true, ""category"": ""multi_column""}, {""id"": ""00945e98ea0970dcffb8f548336df3a0137f_page_4.pdf_order_4cbab131"", ""type"": ""order"", ""passed"": true, ""category"": ""multi_column""}, {""id"": ""auto_baseline"", ""type"": ""baseline"", ""passed"": true, ""category"": ""baseline""}]",,
qwen2.5-vl-3b,docs,multi_column__00e2c7719d58bb49fd4031cce9dcccdddec2_page_1_pg1,4.140305294687494,769.0,False,,,,,,,,,,,,False,,multi_column,3.0,3.0,"[{""id"": ""00e2c7719d58bb49fd4031cce9dcccdddec2_page_1.pdf_order_85be1097"", ""type"": ""order"", ""passed"": true, ""category"": ""multi_column""}, {""id"": ""00e2c7719d58bb49fd4031cce9dcccdddec2_page_1.pdf_order_b903400b"", ""type"": ""order"", ""passed"": true, ""category"": ""multi_column""}, {""id"": ""auto_baseline"", ""type"": ""baseline"", ""passed"": true, ""category"": ""baseline""}]",,
qwen2.5-vl-3b,docs,multi_column__0114396ecb251aa3ebaeaeaed6bd4fe50bd2_page_2_pg1,4.140305294687494,781.0,False,,,,,,,,,,,,False,,multi_column,6.0,4.0,"[{""id"": ""0114396ecb251aa3ebaeaeaed6bd4fe50bd2_page_2.pdf_order_e5d2d945"", ""type"": ""order"", ""passed"": false, ""category"": ""multi_column""}, {""id"": ""0114396ecb251aa3ebaeaeaed6bd4fe50bd2_page_2.pdf_order_6b2daa2b"", ""type"": ""order"", ""passed"": true, ""category"": ""multi_column""}, {""id"": ""0114396ecb251aa3ebaeaeaed6bd4fe50bd2_page_2.pdf_order_f61eafae"", ""type"": ""order"", ""passed"": true, ""category"": ""multi_column""}, {""id"": ""0114396ecb251aa3ebaeaeaed6bd4fe50bd2_page_2.pdf_order_40a2536e"", ""type"": ""order"", ""passed"": false, ""category"": ""multi_column""}, {""id"": ""0114396ecb251aa3ebaeaeaed6bd4fe50bd2_page_2.pdf_order_b8d41298"", ""type"": ""order"", ""passed"": true, ""category"": ""multi_column""}, {""id"": ""auto_baseline"", ""type"": ""baseline"", ""passed"": true, ""category"": ""baseline""}]",,
qwen2.5-vl-3b,docs,multi_column__019a8841dddeb304774ba62a9f5d8dccb43d_page_2_pg1,4.140305294687494,896.0,False,,,,,,,,,,,,False,,multi_column,5.0,1.0,"[{""id"": ""019a8841dddeb304774ba62a9f5d8dccb43d_page_2.pdf_order_00d331ca"", ""type"": ""order"", ""passed"": false, ""category"": ""multi_column""}, {""id"": ""019a8841dddeb304774ba62a9f5d8dccb43d_page_2.pdf_order_2410e748"", ""type"": ""order"", ""passed"": false, ""category"": ""multi_column""}, {""id"": ""019a8841dddeb304774ba62a9f5d8dccb43d_page_2.pdf_order_5a8cba0a"", ""type"": ""order"", ""passed"": false, ""category"": ""multi_column""}, {""id"": ""019a8841dddeb304774ba62a9f5d8dccb43d_page_2.pdf_order_6a2477bc"", ""type"": ""order"", ""passed"": false, ""category"": ""multi_column""}, {""id"": ""auto_baseline"", ""type"": ""baseline"", ""passed"": true, ""category"": ""baseline""}]",,
qwen2.5-vl-3b,docs,multi_column__0208fbb5d6b646f972f4702428ad2cede5c5_page_6_pg1,4.140305294687494,926.0,False,,,,,,,,,,,,False,,multi_column,2.0,2.0,"[{""id"": ""0208fbb5d6b646f972f4702428ad2cede5c5_page_6.pdf_order_71ab8004"", ""type"": ""order"", ""passed"": true, ""category"": ""multi_column""}, {""id"": ""auto_baseline"", ""type"": ""baseline"", ""passed"": true, ""category"": ""baseline""}]",,
qwen2.5-vl-3b,docs,multi_column__027c390510b2fd3364f5a382f2bc304af018_page_4_pg1,4.140305294687494,1776.0,False,,,,,,,,,,,,False,,multi_column,5.0,4.0,"[{""id"": ""027c390510b2fd3364f5a382f2bc304af018_page_4.pdf_order_ea693a98"", ""type"": ""order"", ""passed"": true, ""category"": ""multi_column""}, {""id"": ""027c390510b2fd3364f5a382f2bc304af018_page_4.pdf_order_053bda58"", ""type"": ""order"", ""passed"": true, ""category"": ""multi_column""}, {""id"": ""027c390510b2fd3364f5a382f2bc304af018_page_4.pdf_order_9e06820d"", ""type"": ""order"", ""passed"": true, ""category"": ""multi_column""}, {""id"": ""027c390510b2fd3364f5a382f2bc304af018_page_4.pdf_order_97e749bf"", ""type"": ""order"", ""passed"": false, ""category"": ""multi_column""}, {""id"": ""auto_baseline"", ""type"": ""baseline"", ""passed"": true, ""category"": ""baseline""}]",,
qwen2.5-vl-3b,docs,multi_column__02943986dff2d4a84b7c2dd81abfc51fceea_page_5_pg1,4.140305294687494,991.0,False,,,,,,,,,,,,False,,multi_column,5.0,4.0,"[{""id"": ""02943986dff2d4a84b7c2dd81abfc51fceea_page_5.pdf_order_3f1adc6b"", ""type"": ""order"", ""passed"": true, ""category"": ""multi_column""}, {""id"": ""02943986dff2d4a84b7c2dd81abfc51fceea_page_5.pdf_order_00ce4e6f"", ""type"": ""order"", ""passed"": true, ""category"": ""multi_column""}, {""id"": ""02943986dff2d4a84b7c2dd81abfc51fceea_page_5.pdf_order_46755e50"", ""type"": ""order"", ""passed"": true, ""category"": ""multi_column""}, {""id"": ""02943986dff2d4a84b7c2dd81abfc51fceea_page_5.pdf_order_13f6999c"", ""type"": ""order"", ""passed"": false, ""category"": ""multi_column""}, {""id"": ""auto_baseline"", ""type"": ""baseline"", ""passed"": true, ""category"": ""baseline""}]",,
qwen2.5-vl-3b,docs,multi_column__02943986dff2d4a84b7c2dd81abfc51fceea_page_9_pg1,4.140305294687494,1091.0,False,,,,,,,,,,,,False,,multi_column,5.0,5.0,"[{""id"": ""02943986dff2d4a84b7c2dd81abfc51fceea_page_9.pdf_order_babd8e0e"", ""type"": ""order"", ""passed"": true, ""category"": ""multi_column""}, {""id"": ""02943986dff2d4a84b7c2dd81abfc51fceea_page_9.pdf_order_2e6f0ead"", ""type"": ""order"", ""passed"": true, ""category"": ""multi_column""}, {""id"": ""02943986dff2d4a84b7c2dd81abfc51fceea_page_9.pdf_order_7e60c895"", ""type"": ""order"", ""passed"": true, ""category"": ""multi_column""}, {""id"": ""02943986dff2d4a84b7c2dd81abfc51fceea_page_9.pdf_order_81a40b7f"", ""type"": ""order"", ""passed"": true, ""category"": ""multi_column""}, {""id"": ""auto_baseline"", ""type"": ""baseline"", ""passed"": true, ""category"": ""baseline""}]",,
qwen2.5-vl-3b,docs,multi_column__038650c9dfd95e7495d0c4d301d9dcca735a_page_1_pg1,4.140305294687494,751.0,False,,,,,,,,,,,,False,,multi_column,5.0,1.0,"[{""id"": ""038650c9dfd95e7495d0c4d301d9dcca735a_page_1.pdf_order_eb32d864"", ""type"": ""order"", ""passed"": false, ""category"": ""multi_column""}, {""id"": ""038650c9dfd95e7495d0c4d301d9dcca735a_page_1.pdf_order_517c20f9"", ""type"": ""order"", ""passed"": false, ""category"": ""multi_column""}, {""id"": ""038650c9dfd95e7495d0c4d301d9dcca735a_page_1.pdf_order_12a7fa3e"", ""type"": ""order"", ""passed"": false, ""category"": ""multi_column""}, {""id"": ""038650c9dfd95e7495d0c4d301d9dcca735a_page_1.pdf_order_cf779f79"", ""type"": ""order"", ""passed"": false, ""category"": ""multi_column""}, {""id"": ""auto_baseline"", ""type"": ""baseline"", ""passed"": true, ""category"": ""baseline""}]",,
qwen2.5-vl-3b,docs,multi_column__0845863d27c84b14011e17a388821525e783_page_16_pg1,4.140305294687494,4096.0,False,,,,,,,,,,,,False,,multi_column,4.0,1.0,"[{""id"": ""0845863d27c84b14011e17a388821525e783_page_16.pdf_order_dffceb1b"", ""type"": ""order"", ""passed"": false, ""category"": ""multi_column""}, {""id"": ""0845863d27c84b14011e17a388821525e783_page_16.pdf_order_ac24f586"", ""type"": ""order"", ""passed"": false, ""category"": ""multi_column""}, {""id"": ""0845863d27c84b14011e17a388821525e783_page_16.pdf_order_4bda9b61"", ""type"": ""order"", ""passed"": false, ""category"": ""multi_column""}, {""id"": ""auto_baseline"", ""type"": ""baseline"", ""passed"": true, ""category"": ""baseline""}]",,
qwen2.5-vl-3b,docs,old_scans__1,4.140305294687494,211.0,False,,,,,,,,,,,,False,,old_scans,6.0,1.0,"[{""id"": ""1_680487"", ""type"": ""present"", ""passed"": false, ""category"": ""old_scans""}, {""id"": ""1_126739"", ""type"": ""absent"", ""passed"": false, ""category"": ""old_scans""}, {""id"": ""1_36225"", ""type"": ""present"", ""passed"": false, ""category"": ""old_scans""}, {""id"": ""1_787572"", ""type"": ""order"", ""passed"": false, ""category"": ""old_scans""}, {""id"": ""1_298389"", ""type"": ""order"", ""passed"": false, ""category"": ""old_scans""}, {""id"": ""auto_baseline"", ""type"": ""baseline"", ""passed"": true, ""category"": ""baseline""}]",,
qwen2.5-vl-3b,docs,old_scans__21,4.140305294687494,146.0,False,,,,,,,,,,,,False,,old_scans,8.0,2.0,"[{""id"": ""21_398162"", ""type"": ""present"", ""passed"": false, ""category"": ""old_scans""}, {""id"": ""21_382528"", ""type"": ""order"", ""passed"": false, ""category"": ""old_scans""}, {""id"": ""21_229684"", ""type"": ""absent"", ""passed"": true, ""category"": ""old_scans""}, {""id"": ""21_712729"", ""type"": ""present"", ""passed"": false, ""category"": ""old_scans""}, {""id"": ""21_289946"", ""type"": ""present"", ""passed"": false, ""category"": ""old_scans""}, {""id"": ""21_745911"", ""type"": ""present"", ""passed"": false, ""category"": ""old_scans""}, {""id"": ""21_992153"", ""type"": ""order"", ""passed"": false, ""category"": ""old_scans""}, {""id"": ""auto_baseline"", ""type"": ""baseline"", ""passed"": true, ""category"": ""baseline""}]",,
qwen2.5-vl-3b,docs,old_scans__23,5.770324843249995,159.0,False,,,,,,,,,,,,False,,old_scans,6.0,2.0,"[{""id"": ""23_675822"", ""type"": ""present"", ""passed"": false, ""category"": ""old_scans""}, {""id"": ""23_189451"", ""type"": ""order"", ""passed"": false, ""category"": ""old_scans""}, {""id"": ""23_570086"", ""type"": ""absent"", ""passed"": true, ""category"": ""old_scans""}, {""id"": ""23_774544"", ""type"": ""present"", ""passed"": false, ""category"": ""old_scans""}, {""id"": ""23_266702"", ""type"": ""present"", ""passed"": false, ""category"": ""old_scans""}, {""id"": ""auto_baseline"", ""type"": ""baseline"", ""passed"": true, ""category"": ""baseline""}]",,
qwen2.5-vl-3b,docs,old_scans__26,5.770324843249995,164.0,False,,,,,,,,,,,,False,,old_scans,5.0,2.0,"[{""id"": ""26_727870"", ""type"": ""present"", ""passed"": false, ""category"": ""old_scans""}, {""id"": ""26_350035"", ""type"": ""order"", ""passed"": false, ""category"": ""old_scans""}, {""id"": ""26_893794"", ""type"": ""absent"", ""passed"": true, ""category"": ""old_scans""}, {""id"": ""26_815635"", ""type"": ""present"", ""passed"": false, ""category"": ""old_scans""}, {""id"": ""auto_baseline"", ""type"": ""baseline"", ""passed"": true, ""category"": ""baseline""}]",,
qwen2.5-vl-3b,docs,old_scans__52,5.770324843249995,101.0,False,,,,,,,,,,,,False,,old_scans,4.0,1.0,"[{""id"": ""52_591542"", ""type"": ""present"", ""passed"": false, ""category"": ""old_scans""}, {""id"": ""52_323921"", ""type"": ""present"", ""passed"": false, ""category"": ""old_scans""}, {""id"": ""52_987017"", ""type"": ""present"", ""passed"": false, ""category"": ""old_scans""}, {""id"": ""auto_baseline"", ""type"": ""baseline"", ""passed"": true, ""category"": ""baseline""}]",,
qwen2.5-vl-3b,docs,old_scans__55,5.770324843249995,205.0,False,,,,,,,,,,,,False,,old_scans,4.0,1.0,"[{""id"": ""55_930782"", ""type"": ""present"", ""passed"": false, ""category"": ""old_scans""}, {""id"": ""55_150814"", ""type"": ""present"", ""passed"": false, ""category"": ""old_scans""}, {""id"": ""55_287312"", ""type"": ""present"", ""passed"": false, ""category"": ""old_scans""}, {""id"": ""auto_baseline"", ""type"": ""baseline"", ""passed"": true, ""category"": ""baseline""}]",,
qwen2.5-vl-3b,docs,old_scans__58,5.770324843249995,898.0,False,,,,,,,,,,,,False,,old_scans,7.0,6.0,"[{""id"": ""58_984036"", ""type"": ""present"", ""passed"": false, ""category"": ""old_scans""}, {""id"": ""58_575492"", ""type"": ""order"", ""passed"": true, ""category"": ""old_scans""}, {""id"": ""58_801952"", ""type"": ""absent"", ""passed"": true, ""category"": ""old_scans""}, {""id"": ""58_775388"", ""type"": ""present"", ""passed"": true, ""category"": ""old_scans""}, {""id"": ""58_733378"", ""type"": ""present"", ""passed"": true, ""category"": ""old_scans""}, {""id"": ""58_220922"", ""type"": ""order"", ""passed"": true, ""category"": ""old_scans""}, {""id"": ""auto_baseline"", ""type"": ""baseline"", ""passed"": true, ""category"": ""baseline""}]",,
qwen2.5-vl-3b,docs,old_scans__82,5.770324843249995,383.0,False,,,,,,,,,,,,False,,old_scans,7.0,1.0,"[{""id"": ""82_617314"", ""type"": ""present"", ""passed"": false, ""category"": ""old_scans""}, {""id"": ""82_781476"", ""type"": ""order"", ""passed"": false, ""category"": ""old_scans""}, {""id"": ""82_578532"", ""type"": ""present"", ""passed"": false, ""category"": ""old_scans""}, {""id"": ""82_73918"", ""type"": ""present"", ""passed"": false, ""category"": ""old_scans""}, {""id"": ""82_794309"", ""type"": ""present"", ""passed"": false, ""category"": ""old_scans""}, {""id"": ""82_338838"", ""type"": ""order"", ""passed"": false, ""category"": ""old_scans""}, {""id"": ""auto_baseline"", ""type"": ""baseline"", ""passed"": true, ""category"": ""baseline""}]",,
qwen2.5-vl-3b,docs,old_scans__85,5.770324843249995,359.0,False,,,,,,,,,,,,False,,old_scans,7.0,2.0,"[{""id"": ""85_204851"", ""type"": ""present"", ""passed"": false, ""category"": ""old_scans""}, {""id"": ""85_81849"", ""type"": ""order"", ""passed"": false, ""category"": ""old_scans""}, {""id"": ""85_633939"", ""type"": ""present"", ""passed"": true, ""category"": ""old_scans""}, {""id"": ""85_81262"", ""type"": ""present"", ""passed"": false, ""category"": ""old_scans""}, {""id"": ""85_718011"", ""type"": ""present"", ""passed"": false, ""category"": ""old_scans""}, {""id"": ""85_913682"", ""type"": ""order"", ""passed"": false, ""category"": ""old_scans""}, {""id"": ""auto_baseline"", ""type"": ""baseline"", ""passed"": true, ""category"": ""baseline""}]",,
qwen2.5-vl-3b,docs,old_scans__96,5.770324843249995,192.0,False,,,,,,,,,,,,False,,old_scans,8.0,2.0,"[{""id"": ""96_686856"", ""type"": ""present"", ""passed"": false, ""category"": ""old_scans""}, {""id"": ""96_324569"", ""type"": ""order"", ""passed"": false, ""category"": ""old_scans""}, {""id"": ""96_489434"", ""type"": ""present"", ""passed"": true, ""category"": ""old_scans""}, {""id"": ""96_341535"", ""type"": ""present"", ""passed"": false, ""category"": ""old_scans""}, {""id"": ""96_984146"", ""type"": ""present"", ""passed"": false, ""category"": ""old_scans""}, {""id"": ""96_798387"", ""type"": ""order"", ""passed"": false, ""category"": ""old_scans""}, {""id"": ""96_991188"", ""type"": ""order"", ""passed"": false, ""category"": ""old_scans""}, {""id"": ""auto_baseline"", ""type"": ""baseline"", ""passed"": true, ""category"": ""baseline""}]",,
qwen2.5-vl-3b,docs,tables__2d54e996d1247bd36695d872863eefebd8f8_pg4,5.770324843249995,1395.0,False,,,,,,,,,,,,False,,table_tests,5.0,5.0,"[{""id"": ""2d54e996d1247bd36695d872863eefebd8f8_pg4_table_00"", ""type"": ""table"", ""passed"": true, ""category"": ""table_tests""}, {""id"": ""2d54e996d1247bd36695d872863eefebd8f8_pg4_table_01"", ""type"": ""table"", ""passed"": true, ""category"": ""table_tests""}, {""id"": ""2d54e996d1247bd36695d872863eefebd8f8_pg4_table_02"", ""type"": ""table"", ""passed"": true, ""category"": ""table_tests""}, {""id"": ""2d54e996d1247bd36695d872863eefebd8f8_pg4_table_03"", ""type"": ""table"", ""passed"": true, ""category"": ""table_tests""}, {""id"": ""auto_baseline"", ""type"": ""baseline"", ""passed"": true, ""category"": ""baseline""}]",,
qwen2.5-vl-3b,docs,tables__2d932ac96ad0d8ccf81a56bd105fa18fdcbb_pg7,5.770324843249995,287.0,False,,,,,,,,,,,,False,,table_tests,2.0,2.0,"[{""id"": ""2d932ac96ad0d8ccf81a56bd105fa18fdcbb_pg7_table_00"", ""type"": ""table"", ""passed"": true, ""category"": ""table_tests""}, {""id"": ""auto_baseline"", ""type"": ""baseline"", ""passed"": true, ""category"": ""baseline""}]",,
qwen2.5-vl-3b,docs,tables__4fafd7de9caa1cf3c0fad313d7bb24b2e685_pg9,5.770324843249995,782.0,False,,,,,,,,,,,,False,,table_tests,5.0,5.0,"[{""id"": ""4fafd7de9caa1cf3c0fad313d7bb24b2e685_pg9_table_00"", ""type"": ""table"", ""passed"": true, ""category"": ""table_tests""}, {""id"": ""4fafd7de9caa1cf3c0fad313d7bb24b2e685_pg9_table_01"", ""type"": ""table"", ""passed"": true, ""category"": ""table_tests""}, {""id"": ""4fafd7de9caa1cf3c0fad313d7bb24b2e685_pg9_table_02"", ""type"": ""table"", ""passed"": true, ""category"": ""table_tests""}, {""id"": ""4fafd7de9caa1cf3c0fad313d7bb24b2e685_pg9_table_03"", ""type"": ""table"", ""passed"": true, ""category"": ""table_tests""}, {""id"": ""auto_baseline"", ""type"": ""baseline"", ""passed"": true, ""category"": ""baseline""}]",,
qwen2.5-vl-3b,docs,tables__529eeb84602e4fba7df7a4b127af6c830f97_pg12,5.770324843249995,388.0,False,,,,,,,,,,,,False,,table_tests,4.0,1.0,"[{""id"": ""529eeb84602e4fba7df7a4b127af6c830f97_pg12_table_00"", ""type"": ""table"", ""passed"": false, ""category"": ""table_tests""}, {""id"": ""529eeb84602e4fba7df7a4b127af6c830f97_pg12_table_01"", ""type"": ""table"", ""passed"": false, ""category"": ""table_tests""}, {""id"": ""529eeb84602e4fba7df7a4b127af6c830f97_pg12_table_04"", ""type"": ""table"", ""passed"": false, ""category"": ""table_tests""}, {""id"": ""auto_baseline"", ""type"": ""baseline"", ""passed"": true, ""category"": ""baseline""}]",,
qwen2.5-vl-3b,docs,tables__a70c1fc81feccfd878dabffd3dc5617b584c_pg5,5.770324843249995,762.0,False,,,,,,,,,,,,False,,table_tests,6.0,2.0,"[{""id"": ""a70c1fc81feccfd878dabffd3dc5617b584c_pg5_table_00"", ""type"": ""table"", ""passed"": false, ""category"": ""table_tests""}, {""id"": ""a70c1fc81feccfd878dabffd3dc5617b584c_pg5_table_01"", ""type"": ""table"", ""passed"": false, ""category"": ""table_tests""}, {""id"": ""a70c1fc81feccfd878dabffd3dc5617b584c_pg5_table_02"", ""type"": ""table"", ""passed"": false, ""category"": ""table_tests""}, {""id"": ""a70c1fc81feccfd878dabffd3dc5617b584c_pg5_table_03"", ""type"": ""table"", ""passed"": true, ""category"": ""table_tests""}, {""id"": ""a70c1fc81feccfd878dabffd3dc5617b584c_pg5_table_04"", ""type"": ""table"", ""passed"": false, ""category"": ""table_tests""}, {""id"": ""auto_baseline"", ""type"": ""baseline"", ""passed"": true, ""category"": ""baseline""}]",,
qwen2.5-vl-3b,docs,tables__b2a4c508f7839c1fbd2bb29a0d56c46bc00e_pg13_pg1,5.770324843249995,174.0,False,,,,,,,,,,,,False,,table_tests,11.0,6.0,"[{""id"": ""b2a4c508f7839c1fbd2bb29a0d56c46bc00e_pg13_table_00"", ""type"": ""table"", ""passed"": true, ""category"": ""table_tests""}, {""id"": ""b2a4c508f7839c1fbd2bb29a0d56c46bc00e_pg13_table_01"", ""type"": ""table"", ""passed"": true, ""category"": ""table_tests""}, {""id"": ""b2a4c508f7839c1fbd2bb29a0d56c46bc00e_pg13_table_02"", ""type"": ""table"", ""passed"": true, ""category"": ""table_tests""}, {""id"": ""b2a4c508f7839c1fbd2bb29a0d56c46bc00e_pg13_table_03"", ""type"": ""table"", ""passed"": true, ""category"": ""table_tests""}, {""id"": ""b2a4c508f7839c1fbd2bb29a0d56c46bc00e_pg13_table_04"", ""type"": ""table"", ""passed"": true, ""category"": ""table_tests""}, {""id"": ""b2a4c508f7839c1fbd2bb29a0d56c46bc00e_pg13_table_05"", ""type"": ""table"", ""passed"": false, ""category"": ""table_tests""}, {""id"": ""b2a4c508f7839c1fbd2bb29a0d56c46bc00e_pg13_table_06"", ""type"": ""table"", ""passed"": false, ""category"": ""table_tests""}, {""id"": ""b2a4c508f7839c1fbd2bb29a0d56c46bc00e_pg13_table_07"", ""type"": ""table"", ""passed"": false, ""category"": ""table_tests""}, {""id"": ""b2a4c508f7839c1fbd2bb29a0d56c46bc00e_pg13_table_08"", ""type"": ""table"", ""passed"": false, ""category"": ""table_tests""}, {""id"": ""b2a4c508f7839c1fbd2bb29a0d56c46bc00e_pg13_table_09"", ""type"": ""table"", ""passed"": false, ""category"": ""table_tests""}, {""id"": ""auto_baseline"", ""type"": ""baseline"", ""passed"": true, ""category"": ""baseline""}]",,
qwen2.5-vl-3b,docs,tables__b45c138c634308a84b8b2e67997bef8aa70b_pg15,5.770324843249995,1100.0,False,,,,,,,,,,,,False,,table_tests,6.0,5.0,"[{""id"": ""b45c138c634308a84b8b2e67997bef8aa70b_pg15_table_00"", ""type"": ""table"", ""passed"": true, ""category"": ""table_tests""}, {""id"": ""b45c138c634308a84b8b2e67997bef8aa70b_pg15_table_01"", ""type"": ""table"", ""passed"": false, ""category"": ""table_tests""}, {""id"": ""b45c138c634308a84b8b2e67997bef8aa70b_pg15_table_02"", ""type"": ""table"", ""passed"": true, ""category"": ""table_tests""}, {""id"": ""b45c138c634308a84b8b2e67997bef8aa70b_pg15_table_03"", ""type"": ""table"", ""passed"": true, ""category"": ""table_tests""}, {""id"": ""b45c138c634308a84b8b2e67997bef8aa70b_pg15_table_04"", ""type"": ""table"", ""passed"": true, ""category"": ""table_tests""}, {""id"": ""auto_baseline"", ""type"": ""baseline"", ""passed"": true, ""category"": ""baseline""}]",,
qwen2.5-vl-3b,docs,tables__b5d9db350b31304da912832bcbafc47b64d8_pg2_pg1,5.770324843249995,1018.0,False,,,,,,,,,,,,False,,table_tests,6.0,1.0,"[{""id"": ""b5d9db350b31304da912832bcbafc47b64d8_pg2_table_00"", ""type"": ""table"", ""passed"": false, ""category"": ""table_tests""}, {""id"": ""b5d9db350b31304da912832bcbafc47b64d8_pg2_table_01"", ""type"": ""table"", ""passed"": false, ""category"": ""table_tests""}, {""id"": ""b5d9db350b31304da912832bcbafc47b64d8_pg2_table_02"", ""type"": ""table"", ""passed"": false, ""category"": ""table_tests""}, {""id"": ""b5d9db350b31304da912832bcbafc47b64d8_pg2_table_03"", ""type"": ""table"", ""passed"": false, ""category"": ""table_tests""}, {""id"": ""b5d9db350b31304da912832bcbafc47b64d8_pg2_table_04"", ""type"": ""table"", ""passed"": false, ""category"": ""table_tests""}, {""id"": ""auto_baseline"", ""type"": ""baseline"", ""passed"": true, ""category"": ""baseline""}]",,
qwen2.5-vl-3b,docs,tables__b773892dc3e755672b9e085e9eeb8ad18690_pg1_pg1,10.542404333999912,3545.0,False,,,,,,,,,,,,False,,table_tests,6.0,6.0,"[{""id"": ""b773892dc3e755672b9e085e9eeb8ad18690_pg1_table_00"", ""type"": ""table"", ""passed"": true, ""category"": ""table_tests""}, {""id"": ""b773892dc3e755672b9e085e9eeb8ad18690_pg1_table_01"", ""type"": ""table"", ""passed"": true, ""category"": ""table_tests""}, {""id"": ""b773892dc3e755672b9e085e9eeb8ad18690_pg1_table_02"", ""type"": ""table"", ""passed"": true, ""category"": ""table_tests""}, {""id"": ""b773892dc3e755672b9e085e9eeb8ad18690_pg1_table_03"", ""type"": ""table"", ""passed"": true, ""category"": ""table_tests""}, {""id"": ""b773892dc3e755672b9e085e9eeb8ad18690_pg1_table_04"", ""type"": ""table"", ""passed"": true, ""category"": ""table_tests""}, {""id"": ""auto_baseline"", ""type"": ""baseline"", ""passed"": true, ""category"": ""baseline""}]",,
qwen2.5-vl-3b,docs,tables__fd6cb6dfe3a918390855052669d9a194231a_pg3,10.542404333999912,1419.0,False,,,,,,,,,,,,False,,table_tests,6.0,6.0,"[{""id"": ""fd6cb6dfe3a918390855052669d9a194231a_pg3_table_00"", ""type"": ""table"", ""passed"": true, ""category"": ""table_tests""}, {""id"": ""fd6cb6dfe3a918390855052669d9a194231a_pg3_table_01"", ""type"": ""table"", ""passed"": true, ""category"": ""table_tests""}, {""id"": ""fd6cb6dfe3a918390855052669d9a194231a_pg3_table_02"", ""type"": ""table"", ""passed"": true, ""category"": ""table_tests""}, {""id"": ""fd6cb6dfe3a918390855052669d9a194231a_pg3_table_03"", ""type"": ""table"", ""passed"": true, ""category"": ""table_tests""}, {""id"": ""fd6cb6dfe3a918390855052669d9a194231a_pg3_table_04"", ""type"": ""table"", ""passed"": true, ""category"": ""table_tests""}, {""id"": ""auto_baseline"", ""type"": ""baseline"", ""passed"": true, ""category"": ""baseline""}]",,
qwen2.5-vl-3b,handwriting,iam_00023,7.658605164187492,10.0,False,,,0.0,0.0,0.0,0.0,40.0,1.0,1.0,0.0,1.0,False,False,,,,,,
qwen2.5-vl-3b,handwriting,iam_00030,7.658605164187492,16.0,False,,,0.10909090909090909,0.10909090909090909,0.25,6.0,55.0,0.75,0.75,0.25,0.9818181818181818,False,False,,,,,,
qwen2.5-vl-3b,handwriting,iam_00059,7.658605164187492,9.0,False,,,0.046511627906976744,0.046511627906976744,0.2857142857142857,2.0,43.0,0.8571428571428571,0.8571428571428571,0.14285714285714285,1.0,False,False,,,,,,
qwen2.5-vl-3b,handwriting,iam_00064,7.658605164187492,13.0,False,,,0.028169014084507043,0.028169014084507043,0.08333333333333333,2.0,71.0,0.9166666666666666,0.9166666666666666,0.08333333333333333,1.0,False,False,,,,,,
qwen2.5-vl-3b,handwriting,iam_00071,7.658605164187492,10.0,False,,,0.0,0.0,0.0,0.0,39.0,1.0,1.0,0.0,1.0,False,False,,,,,,
qwen2.5-vl-3b,handwriting,iam_00079,7.658605164187492,9.0,False,,,0.0,0.0,0.0,0.0,43.0,1.0,1.0,0.0,1.0,False,False,,,,,,
qwen2.5-vl-3b,handwriting,iam_00126,7.658605164187492,13.0,False,,,0.0,0.0,0.0,0.0,49.0,1.0,1.0,0.0,1.0,False,False,,,,,,
qwen2.5-vl-3b,handwriting,iam_00143,7.658605164187492,9.0,False,,,0.23076923076923078,0.23076923076923078,0.2857142857142857,9.0,39.0,0.7142857142857143,0.7142857142857143,0.2857142857142857,1.0256410256410255,False,False,,,,,,
qwen2.5-vl-3b,handwriting,iam_00188,7.658605164187492,14.0,False,,,0.06666666666666667,0.06666666666666667,0.14285714285714285,3.0,45.0,0.875,0.875,0.125,1.0222222222222221,False,False,,,,,,
qwen2.5-vl-3b,handwriting,iam_00258,7.658605164187492,15.0,False,,,0.019230769230769232,0.019230769230769232,0.125,1.0,52.0,0.875,0.875,0.125,1.0,False,False,,,,,,
qwen2.5-vl-3b,handwriting,iam_00264,7.658605164187492,19.0,False,,,0.13559322033898305,0.13559322033898305,0.36363636363636365,8.0,59.0,0.7,0.7,0.3,0.9830508474576272,False,False,,,,,,
qwen2.5-vl-3b,handwriting,iam_00280,7.658605164187492,20.0,False,,,0.27906976744186046,0.27906976744186046,1.0,12.0,43.0,0.3333333333333333,0.4,0.6,0.9534883720930233,False,False,,,,,,
qwen2.5-vl-3b,handwriting,iam_00289,7.658605164187492,16.0,False,,,0.03333333333333333,0.03333333333333333,0.08333333333333333,2.0,60.0,0.9166666666666666,0.9166666666666666,0.08333333333333333,1.0,False,False,,,,,,
qwen2.5-vl-3b,handwriting,iam_00343,7.658605164187492,9.0,False,,,0.0196078431372549,0.0196078431372549,0.14285714285714285,1.0,51.0,0.8571428571428571,0.8571428571428571,0.14285714285714285,1.0,False,False,,,,,,
qwen2.5-vl-3b,handwriting,iam_00364,7.658605164187492,8.0,False,,,0.05555555555555555,0.05555555555555555,0.3333333333333333,2.0,36.0,0.8333333333333334,0.8333333333333334,0.16666666666666666,1.0,False,False,,,,,,
qwen2.5-vl-3b,handwriting,iam_00371,7.658605164187492,10.0,False,,,0.022727272727272728,0.022727272727272728,0.125,1.0,44.0,1.0,1.0,0.0,1.0,False,False,,,,,,
qwen2.5-vl-3b,handwriting,iam_00373,9.871884602333346,6.0,False,,,0.03125,0.03125,0.2,1.0,32.0,1.0,1.0,0.0,1.0,False,False,,,,,,
qwen2.5-vl-3b,handwriting,iam_00403,9.871884602333346,7.0,False,,,0.05555555555555555,0.05555555555555555,0.16666666666666666,2.0,36.0,0.8333333333333334,0.8333333333333334,0.16666666666666666,1.0,False,False,,,,,,
qwen2.5-vl-3b,handwriting,iam_00468,9.871884602333346,8.0,False,,,0.0,0.0,0.0,0.0,37.0,1.0,1.0,0.0,1.0,False,False,,,,,,
qwen2.5-vl-3b,handwriting,iam_00478,9.871884602333346,7.0,False,,,0.10344827586206896,0.10344827586206896,0.2,3.0,29.0,0.8,0.8,0.2,1.0689655172413792,False,False,,,,,,
qwen2.5-vl-3b,handwriting,iam_00588,9.871884602333346,9.0,False,,,0.0,0.0,0.0,0.0,47.0,1.0,1.0,0.0,1.0,False,False,,,,,,
qwen2.5-vl-3b,handwriting,iam_00608,9.871884602333346,10.0,False,,,0.038461538461538464,0.038461538461538464,0.1111111111111111,2.0,52.0,1.0,1.0,0.0,0.9615384615384616,False,False,,,,,,
qwen2.5-vl-3b,handwriting,iam_00749,9.871884602333346,4.0,False,,,0.0,0.0,0.0,0.0,12.0,1.0,1.0,0.0,1.0,False,False,,,,,,
qwen2.5-vl-3b,handwriting,iam_00819,9.871884602333346,8.0,False,,,0.0,0.0,0.0,0.0,43.0,1.0,1.0,0.0,1.0,False,False,,,,,,
qwen2.5-vl-3b,handwriting,iam_00969,9.871884602333346,10.0,False,,,0.0,0.0,0.0,0.0,40.0,1.0,1.0,0.0,1.0,False,False,,,,,,
qwen2.5-vl-3b,handwriting,iam_01020,9.871884602333346,10.0,False,,,0.0,0.0,0.0,0.0,35.0,1.0,1.0,0.0,1.0,False,False,,,,,,
qwen2.5-vl-3b,handwriting,iam_01023,9.871884602333346,9.0,False,,,0.0,0.0,0.0,0.0,47.0,1.0,1.0,0.0,1.0,False,False,,,,,,
qwen2.5-vl-3b,handwriting,iam_01091,9.871884602333346,13.0,False,,,0.0,0.0,0.0,0.0,51.0,1.0,1.0,0.0,1.0,False,False,,,,,,
qwen2.5-vl-3b,handwriting,iam_01104,9.871884602333346,7.0,False,,,0.0,0.0,0.0,0.0,31.0,1.0,1.0,0.0,1.0,False,False,,,,,,
qwen2.5-vl-3b,handwriting,iam_01238,9.871884602333346,10.0,False,,,0.225,0.225,0.3333333333333333,9.0,40.0,0.6666666666666666,0.6666666666666666,0.3333333333333333,1.025,False,False,,,,,,
qwen2.5-vl-3b,handwriting,iam_01366,9.871884602333346,11.0,False,,,0.02127659574468085,0.02127659574468085,0.1111111111111111,1.0,47.0,1.0,1.0,0.0,1.0,False,False,,,,,,
qwen2.5-vl-3b,handwriting,iam_01417,7.075998835666648,15.0,False,,,0.0,0.0,0.0,0.0,53.0,1.0,1.0,0.0,1.0,False,False,,,,,,
qwen2.5-vl-3b,handwriting,iam_01452,7.075998835666648,12.0,False,,,0.0,0.0,0.0,0.0,51.0,1.0,1.0,0.0,1.0,False,False,,,,,,
qwen2.5-vl-3b,handwriting,iam_01455,7.075998835666648,3.0,False,,,0.0,0.0,0.0,0.0,5.0,1.0,1.0,0.0,1.0,False,False,,,,,,
qwen2.5-vl-3b,handwriting,iam_01805,7.075998835666648,9.0,False,,,0.0,0.0,0.0,0.0,38.0,1.0,1.0,0.0,1.0,False,False,,,,,,
qwen2.5-vl-3b,handwriting,iam_01857,7.075998835666648,10.0,False,,,0.05405405405405406,0.05405405405405406,0.2857142857142857,2.0,37.0,0.8571428571428571,0.8571428571428571,0.14285714285714285,0.9459459459459459,False,False,,,,,,
qwen2.5-vl-3b,handwriting,iam_01898,7.075998835666648,14.0,False,,,0.08,0.08,0.2,4.0,50.0,0.9,0.9,0.1,0.96,False,False,,,,,,
qwen2.5-vl-3b,handwriting,iam_01908,12.629091386250025,14.0,False,,,0.018867924528301886,0.018867924528301886,0.09090909090909091,1.0,53.0,1.0,1.0,0.0,1.0,False,False,,,,,,
qwen2.5-vl-3b,handwriting,iam_01970,12.629091386250025,10.0,False,,,0.0,0.0,0.0,0.0,40.0,1.0,1.0,0.0,1.0,False,False,,,,,,
qwen2.5-vl-3b,handwriting,iam_01983,12.629091386250025,11.0,False,,,0.06521739130434782,0.06521739130434782,0.2,3.0,46.0,1.0,1.0,0.0,0.9565217391304348,False,False,,,,,,
qwen2.5-vl-3b,handwriting,iam_01993,12.629091386250025,10.0,False,,,0.0,0.0,0.0,0.0,46.0,1.0,1.0,0.0,1.0,False,False,,,,,,
qwen2.5-vl-3b,handwriting,iam_02060,13.906088525000087,12.0,False,,,0.08163265306122448,0.08163265306122448,0.2222222222222222,4.0,49.0,0.7777777777777778,0.875,0.125,0.9387755102040817,False,False,,,,,,
qwen2.5-vl-3b,handwriting,iam_02081,19.727762169000016,14.0,False,,,0.044444444444444446,0.044444444444444446,0.3,2.0,45.0,1.0,1.0,0.0,0.9777777777777777,False,False,,,,,,
qwen2.5-vl-3b,handwriting,iam_02109,6.8524323588750065,12.0,False,,,0.0,0.0,0.0,0.0,43.0,1.0,1.0,0.0,1.0,False,False,,,,,,
qwen2.5-vl-3b,handwriting,iam_02171,6.8524323588750065,9.0,False,,,0.0,0.0,0.0,0.0,40.0,1.0,1.0,0.0,1.0,False,False,,,,,,
qwen2.5-vl-3b,handwriting,iam_02216,6.8524323588750065,12.0,False,,,0.04878048780487805,0.04878048780487805,0.14285714285714285,2.0,41.0,0.8571428571428571,0.8571428571428571,0.14285714285714285,0.975609756097561,False,False,,,,,,
qwen2.5-vl-3b,handwriting,iam_02279,6.8524323588750065,14.0,False,,,0.16326530612244897,0.16326530612244897,0.4,8.0,49.0,0.6363636363636364,0.6363636363636364,0.36363636363636365,1.0612244897959184,False,False,,,,,,
qwen2.5-vl-3b,handwriting,iam_02371,6.8524323588750065,6.0,False,,,0.13636363636363635,0.13636363636363635,0.4,3.0,22.0,1.0,1.0,0.0,0.9090909090909091,False,False,,,,,,
qwen2.5-vl-3b,handwriting,iam_02384,6.8524323588750065,12.0,False,,,0.02564102564102564,0.02564102564102564,0.1,1.0,39.0,1.0,1.0,0.0,1.0,False,False,,,,,,
qwen2.5-vl-3b,handwriting,iam_02463,6.8524323588750065,11.0,False,,,0.0,0.0,0.0,0.0,40.0,1.0,1.0,0.0,1.0,False,False,,,,,,
qwen2.5-vl-3b,handwriting,iam_02522,6.8524323588750065,12.0,False,,,0.08163265306122448,0.08163265306122448,0.5714285714285714,4.0,49.0,1.0,1.0,0.0,1.0,False,False,,,,,,
qwen2.5-vl-3b,handwriting,iam_02552,6.8524323588750065,13.0,False,,,0.0,0.0,0.0,0.0,41.0,1.0,1.0,0.0,1.0,False,False,,,,,,
qwen2.5-vl-3b,handwriting,iam_02640,6.8524323588750065,15.0,False,,,0.0,0.0,0.0,0.0,49.0,1.0,1.0,0.0,1.0,False,False,,,,,,
qwen2.5-vl-3b,handwriting,iam_02655,6.8524323588750065,17.0,False,,,0.0196078431372549,0.0196078431372549,0.2,1.0,51.0,1.0,1.0,0.0,0.9803921568627451,False,False,,,,,,
qwen2.5-vl-3b,handwriting,iam_02684,6.8524323588750065,16.0,False,,,0.0,0.0,0.0,0.0,57.0,1.0,1.0,0.0,1.0,False,False,,,,,,
qwen2.5-vl-3b,handwriting,iam_02725,6.8524323588750065,12.0,False,,,0.05263157894736842,0.05263157894736842,0.2,3.0,57.0,0.9090909090909091,1.0,0.0,0.9649122807017544,False,False,,,,,,
qwen2.5-vl-3b,handwriting,iam_02733,6.8524323588750065,8.0,False,,,0.0,0.0,0.0,0.0,39.0,1.0,1.0,0.0,1.0,False,False,,,,,,
qwen2.5-vl-3b,handwriting,iam_02750,6.8524323588750065,10.0,False,,,0.0,0.0,0.0,0.0,40.0,1.0,1.0,0.0,1.0,False,False,,,,,,
qwen2.5-vl-3b,handwriting,iam_02765,6.8524323588750065,13.0,False,,,0.07894736842105263,0.07894736842105263,0.375,3.0,38.0,1.0,1.0,0.0,0.9736842105263158,False,False,,,,,,
qwen2.5-vl-3b,handwriting,iam_02838,13.705527673999768,8.0,False,,,0.07407407407407407,0.07407407407407407,0.3333333333333333,2.0,27.0,0.6666666666666666,0.6666666666666666,0.3333333333333333,1.037037037037037,False,False,,,,,,
qwen2.5-vl-3b,stress,syn000_prose__clean,0.6969924961874767,507.0,False,,,0.0,0.0,0.0,0.0,2182.0,1.0,1.0,0.0,1.0,False,False,,,,,prose,clean
qwen2.5-vl-3b,stress,syn000_prose__dpi150,0.6969924961874767,507.0,False,,,0.0004576659038901602,0.0,0.0,0.0,2182.0,1.0,1.0,0.0,1.0,False,False,,,,,prose,dpi150
qwen2.5-vl-3b,stress,syn000_prose__dpi75,0.6969924961874767,506.0,False,,,0.002288329519450801,0.00229147571035747,0.005141388174807198,5.0,2182.0,0.9949622166246851,0.9949622166246851,0.005037783375314861,0.999083409715857,False,False,,,,,prose,dpi75
qwen2.5-vl-3b,stress,syn000_prose__blur,0.6969924961874767,507.0,False,,,0.0004576659038901602,0.0,0.0,0.0,2182.0,1.0,1.0,0.0,1.0,False,False,,,,,prose,blur
qwen2.5-vl-3b,stress,syn000_prose__noise,0.6969924961874767,507.0,False,,,0.0,0.0,0.0,0.0,2182.0,1.0,1.0,0.0,1.0,False,False,,,,,prose,noise
qwen2.5-vl-3b,stress,syn000_prose__rotate3,0.6969924961874767,507.0,False,,,0.0,0.0,0.0,0.0,2182.0,1.0,1.0,0.0,1.0,False,False,,,,,prose,rotate3
qwen2.5-vl-3b,stress,syn000_prose__rotate8,0.6969924961874767,507.0,False,,,0.0004576659038901602,0.00045829514207149406,0.002570694087403599,1.0,2182.0,0.9974811083123426,0.9974811083123426,0.0025188916876574307,1.0004582951420715,False,False,,,,,prose,rotate8
qwen2.5-vl-3b,stress,syn000_prose__jpeg_q10,0.6969924961874767,507.0,False,,,0.0004576659038901602,0.0,0.0,0.0,2182.0,1.0,1.0,0.0,1.0,False,False,,,,,prose,jpeg_q10
qwen2.5-vl-3b,stress,syn000_prose__low_contrast,0.6969924961874767,507.0,False,,,0.0,0.0,0.0,0.0,2182.0,1.0,1.0,0.0,1.0,False,False,,,,,prose,low_contrast
qwen2.5-vl-3b,stress,syn000_prose__photocopy,0.6969924961874767,507.0,False,,,0.0004576659038901602,0.0,0.0,0.0,2182.0,1.0,1.0,0.0,1.0,False,False,,,,,prose,photocopy
qwen2.5-vl-3b,stress,syn000_prose__phone_photo,0.6969924961874767,508.0,False,,,0.0,0.0,0.0,0.0,2182.0,1.0,1.0,0.0,1.0,False,False,,,,,prose,phone_photo
qwen2.5-vl-3b,stress,syn001_two_column__clean,0.6969924961874767,438.0,False,,,0.0,0.0,0.0,0.0,2056.0,1.0,1.0,0.0,1.0,False,False,,,,,two_column,clean
qwen2.5-vl-3b,stress,syn001_two_column__dpi150,0.6969924961874767,438.0,False,,,0.0,0.0,0.0,0.0,2056.0,1.0,1.0,0.0,1.0,False,False,,,,,two_column,dpi150
qwen2.5-vl-3b,stress,syn001_two_column__dpi75,0.6969924961874767,438.0,False,,,0.0,0.0,0.0,0.0,2056.0,1.0,1.0,0.0,1.0,False,False,,,,,two_column,dpi75
qwen2.5-vl-3b,stress,syn001_two_column__blur,0.6969924961874767,438.0,False,,,0.0,0.0,0.0,0.0,2056.0,1.0,1.0,0.0,1.0,False,False,,,,,two_column,blur
qwen2.5-vl-3b,stress,syn001_two_column__noise,0.6969924961874767,438.0,False,,,0.0,0.0,0.0,0.0,2056.0,1.0,1.0,0.0,1.0,False,False,,,,,two_column,noise
qwen2.5-vl-3b,stress,syn001_two_column__rotate3,0.5354225546875,438.0,False,,,0.0,0.0,0.0,0.0,2056.0,1.0,1.0,0.0,1.0,False,False,,,,,two_column,rotate3
qwen2.5-vl-3b,stress,syn001_two_column__rotate8,0.5354225546875,438.0,False,,,0.0019455252918287938,0.0019455252918287938,0.002680965147453083,4.0,2056.0,0.9973333333333333,0.9973333333333333,0.0026666666666666666,0.9990272373540856,False,False,,,,,two_column,rotate8
qwen2.5-vl-3b,stress,syn001_two_column__jpeg_q10,0.5354225546875,438.0,False,,,0.0,0.0,0.0,0.0,2056.0,1.0,1.0,0.0,1.0,False,False,,,,,two_column,jpeg_q10
qwen2.5-vl-3b,stress,syn001_two_column__low_contrast,0.5354225546875,438.0,False,,,0.0,0.0,0.0,0.0,2056.0,1.0,1.0,0.0,1.0,False,False,,,,,two_column,low_contrast
qwen2.5-vl-3b,stress,syn001_two_column__photocopy,0.5354225546875,438.0,False,,,0.0,0.0,0.0,0.0,2056.0,1.0,1.0,0.0,1.0,False,False,,,,,two_column,photocopy
qwen2.5-vl-3b,stress,syn001_two_column__phone_photo,0.5354225546875,438.0,False,,,0.0,0.0,0.0,0.0,2056.0,1.0,1.0,0.0,1.0,False,False,,,,,two_column,phone_photo
qwen2.5-vl-3b,stress,syn002_table__clean,0.5354225546875,277.0,False,,,0.002347417840375587,0.002347417840375587,0.015384615384615385,1.0,426.0,1.0,1.0,0.0,1.0,False,False,,,,,table,clean
qwen2.5-vl-3b,stress,syn002_table__dpi150,0.5354225546875,277.0,False,,,0.002347417840375587,0.002347417840375587,0.015384615384615385,1.0,426.0,1.0,1.0,0.0,1.0,False,False,,,,,table,dpi150
qwen2.5-vl-3b,stress,syn002_table__dpi75,0.5354225546875,266.0,False,,,0.10093896713615023,0.10093896713615023,0.1076923076923077,43.0,426.0,0.9222222222222223,0.9880952380952381,0.011904761904761904,0.9014084507042254,False,False,,,,,table,dpi75
qwen2.5-vl-3b,stress,syn002_table__blur,0.5354225546875,277.0,False,,,0.0,0.0,0.0,0.0,426.0,1.0,1.0,0.0,1.0,False,False,,,,,table,blur
qwen2.5-vl-3b,stress,syn002_table__noise,0.5354225546875,277.0,False,,,0.002347417840375587,0.002347417840375587,0.015384615384615385,1.0,426.0,1.0,1.0,0.0,1.0,False,False,,,,,table,noise
qwen2.5-vl-3b,stress,syn002_table__rotate3,0.5354225546875,277.0,False,,,0.0,0.0,0.0,0.0,426.0,1.0,1.0,0.0,1.0,False,False,,,,,table,rotate3
qwen2.5-vl-3b,stress,syn002_table__rotate8,0.5354225546875,266.0,False,,,0.09859154929577464,0.09859154929577464,0.09230769230769231,42.0,426.0,0.9333333333333333,1.0,0.0,0.9014084507042254,False,False,,,,,table,rotate8
qwen2.5-vl-3b,stress,syn002_table__jpeg_q10,0.5354225546875,277.0,False,,,0.0,0.0,0.0,0.0,426.0,1.0,1.0,0.0,1.0,False,False,,,,,table,jpeg_q10
qwen2.5-vl-3b,stress,syn002_table__low_contrast,0.5354225546875,266.0,False,,,0.10328638497652583,0.10328638497652583,0.12307692307692308,44.0,426.0,0.9111111111111111,0.9761904761904762,0.023809523809523808,0.9014084507042254,False,False,,,,,table,low_contrast
qwen2.5-vl-3b,stress,syn002_table__photocopy,0.5354225546875,277.0,False,,,0.0,0.0,0.0,0.0,426.0,1.0,1.0,0.0,1.0,False,False,,,,,table,photocopy
qwen2.5-vl-3b,stress,syn002_table__phone_photo,0.4774646390625037,266.0,False,,,0.09859154929577464,0.09859154929577464,0.09230769230769231,42.0,426.0,0.9333333333333333,1.0,0.0,0.9014084507042254,False,False,,,,,table,phone_photo
qwen2.5-vl-3b,stress,syn003_invoice__clean,0.4774646390625037,211.0,False,,,0.31101511879049676,0.31101511879049676,0.30303030303030304,144.0,463.0,0.7391304347826086,1.0,0.0,0.6889848812095032,False,False,,,,,invoice,clean
qwen2.5-vl-3b,stress,syn003_invoice__dpi150,0.4774646390625037,211.0,False,,,0.31101511879049676,0.31101511879049676,0.30303030303030304,144.0,463.0,0.7391304347826086,1.0,0.0,0.6889848812095032,False,False,,,,,invoice,dpi150
qwen2.5-vl-3b,stress,syn003_invoice__dpi75,0.4774646390625037,211.0,False,,,0.31101511879049676,0.31101511879049676,0.30303030303030304,144.0,463.0,0.7391304347826086,1.0,0.0,0.6889848812095032,False,False,,,,,invoice,dpi75
qwen2.5-vl-3b,stress,syn003_invoice__blur,0.4774646390625037,211.0,False,,,0.31101511879049676,0.31101511879049676,0.30303030303030304,144.0,463.0,0.7391304347826086,1.0,0.0,0.6889848812095032,False,False,,,,,invoice,blur
qwen2.5-vl-3b,stress,syn003_invoice__noise,0.4774646390625037,211.0,False,,,0.31317494600431967,0.31317494600431967,0.3181818181818182,145.0,463.0,0.7282608695652174,0.9852941176470589,0.014705882352941176,0.6889848812095032,False,False,,,,,invoice,noise
qwen2.5-vl-3b,stress,syn003_invoice__rotate3,0.4774646390625037,211.0,False,,,0.31101511879049676,0.31101511879049676,0.30303030303030304,144.0,463.0,0.7391304347826086,1.0,0.0,0.6889848812095032,False,False,,,,,invoice,rotate3
qwen2.5-vl-3b,stress,syn003_invoice__rotate8,0.4774646390625037,211.0,False,,,0.31101511879049676,0.31101511879049676,0.30303030303030304,144.0,463.0,0.7391304347826086,1.0,0.0,0.6889848812095032,False,False,,,,,invoice,rotate8
qwen2.5-vl-3b,stress,syn003_invoice__jpeg_q10,0.4774646390625037,211.0,False,,,0.31101511879049676,0.31101511879049676,0.30303030303030304,144.0,463.0,0.7391304347826086,1.0,0.0,0.6889848812095032,False,False,,,,,invoice,jpeg_q10
qwen2.5-vl-3b,stress,syn003_invoice__low_contrast,0.4774646390625037,211.0,False,,,0.31101511879049676,0.31101511879049676,0.30303030303030304,144.0,463.0,0.7391304347826086,1.0,0.0,0.6889848812095032,False,False,,,,,invoice,low_contrast
qwen2.5-vl-3b,stress,syn003_invoice__photocopy,0.4774646390625037,211.0,False,,,0.31101511879049676,0.31101511879049676,0.30303030303030304,144.0,463.0,0.7391304347826086,1.0,0.0,0.6889848812095032,False,False,,,,,invoice,photocopy
qwen2.5-vl-3b,stress,syn003_invoice__phone_photo,0.4774646390625037,211.0,False,,,0.31101511879049676,0.31101511879049676,0.30303030303030304,144.0,463.0,0.7391304347826086,1.0,0.0,0.6889848812095032,False,False,,,,,invoice,phone_photo
qwen2.5-vl-3b,stress,syn004_prose__clean,0.4774646390625037,521.0,False,,,0.0008920606601248885,0.0008920606601248885,0.005115089514066497,2.0,2242.0,0.9949238578680203,0.9949238578680203,0.005076142131979695,0.9995539696699376,False,False,,,,,prose,clean
qwen2.5-vl-3b,stress,syn004_prose__dpi150,0.4774646390625037,521.0,False,,,0.00044603033006244426,0.00044603033006244426,0.0025575447570332483,1.0,2242.0,0.9974619289340102,0.9974619289340102,0.0025380710659898475,0.9995539696699376,False,False,,,,,prose,dpi150
qwen2.5-vl-3b,stress,syn004_prose__dpi75,0.4774646390625037,519.0,False,,,0.008920606601248885,0.008920606601248885,0.01278772378516624,20.0,2242.0,0.9873096446700508,0.9923469387755102,0.007653061224489796,0.9973238180196253,False,False,,,,,prose,dpi75
qwen2.5-vl-3b,stress,syn004_prose__blur,0.4774646390625037,522.0,False,,,0.0,0.0,0.0,0.0,2242.0,1.0,1.0,0.0,1.0,False,False,,,,,prose,blur
qwen2.5-vl-3b,stress,syn004_prose__noise,0.8122921340000175,521.0,False,,,0.00044603033006244426,0.00044603033006244426,0.0025575447570332483,1.0,2242.0,0.9974619289340102,0.9974619289340102,0.0025380710659898475,0.9995539696699376,False,False,,,,,prose,noise
qwen2.5-vl-3b,stress,syn004_prose__rotate3,0.8122921340000175,521.0,False,,,0.00044603033006244426,0.00044603033006244426,0.0025575447570332483,1.0,2242.0,0.9974619289340102,0.9974619289340102,0.0025380710659898475,0.9995539696699376,False,False,,,,,prose,rotate3
qwen2.5-vl-3b,stress,syn004_prose__rotate8,0.8122921340000175,521.0,False,,,0.0008920606601248885,0.0008920606601248885,0.005115089514066497,2.0,2242.0,0.9949238578680203,0.9949238578680203,0.005076142131979695,0.9995539696699376,False,False,,,,,prose,rotate8
qwen2.5-vl-3b,stress,syn004_prose__jpeg_q10,0.8122921340000175,521.0,False,,,0.00044603033006244426,0.00044603033006244426,0.0025575447570332483,1.0,2242.0,0.9974619289340102,0.9974619289340102,0.0025380710659898475,0.9995539696699376,False,False,,,,,prose,jpeg_q10
qwen2.5-vl-3b,stress,syn004_prose__low_contrast,0.8122921340000175,504.0,False,,,0.001784121320249777,0.001784121320249777,0.005115089514066497,4.0,2242.0,0.9949238578680203,0.9949238578680203,0.005076142131979695,0.9995539696699376,False,False,,,,,prose,low_contrast
qwen2.5-vl-3b,stress,syn004_prose__photocopy,0.8122921340000175,521.0,False,,,0.00044603033006244426,0.00044603033006244426,0.0025575447570332483,1.0,2242.0,0.9974619289340102,0.9974619289340102,0.0025380710659898475,0.9995539696699376,False,False,,,,,prose,photocopy
qwen2.5-vl-3b,stress,syn004_prose__phone_photo,0.8122921340000175,505.0,False,,,0.0,0.0,0.0,0.0,2242.0,1.0,1.0,0.0,1.0,False,False,,,,,prose,phone_photo
qwen2.5-vl-7b,books,birdsofgreatbrit02butl_0093_full,3.2586045346874926,585.0,False,birdsofgreatbrit02butl,en,0.007867132867132868,0.00043591979075850045,0.0026954177897574125,1.0,2294.0,0.9974093264248705,0.9948320413436692,0.00516795865633075,1.0004359197907584,False,False,,,,,,
qwen2.5-vl-7b,books,birdsofgreatbrit02butl_0126_full,3.2586045346874926,704.0,False,birdsofgreatbrit02butl,en,0.013742071881606765,0.0038732394366197184,0.01735357917570499,11.0,2840.0,0.9838709677419355,0.9858585858585859,0.014141414141414142,0.9985915492957746,False,False,,,,,,
qwen2.5-vl-7b,books,birdsofgreatbrit02butl_0156_full,3.2586045346874926,476.0,False,birdsofgreatbrit02butl,en,0.02204301075268817,0.011229946524064172,0.02631578947368421,21.0,1870.0,0.9775641025641025,0.9870550161812298,0.012944983818770227,0.9951871657754011,False,False,,,,,,
qwen2.5-vl-7b,books,birdsofgreatbrit02butl_0159_full,3.2586045346874926,696.0,False,birdsofgreatbrit02butl,en,0.007961232260297681,0.0,0.0,0.0,2897.0,1.0,1.0,0.0,1.0,False,False,,,,,,
qwen2.5-vl-7b,books,birdsofgreatbrit02butl_0172_full,3.2586045346874926,731.0,False,birdsofgreatbrit02butl,en,0.01773274224192527,0.0018856065367693275,0.006896551724137931,6.0,3182.0,0.9949152542372881,0.9932318104906938,0.00676818950930626,1.0012570710245128,False,False,,,,,,
qwen2.5-vl-7b,books,birdsofgreatbrit02butl_0308_full,3.2586045346874926,444.0,False,birdsofgreatbrit02butl,en,0.007671232876712329,0.0,0.0,0.0,1826.0,1.0,1.0,0.0,1.0,False,False,,,,,,
qwen2.5-vl-7b,books,birdsofgreatbrit02butl_0312_full,3.2586045346874926,273.0,False,birdsofgreatbrit02butl,en,0.009328358208955223,0.007455731593662628,0.028089887640449437,8.0,1073.0,0.989010989010989,0.9782608695652174,0.021739130434782608,1.0027958993476236,False,False,,,,,,
qwen2.5-vl-7b,books,birdsofgreatbrit02butl_0320_full,3.2586045346874926,524.0,False,birdsofgreatbrit02butl,en,0.013199817933545745,0.009554140127388535,0.01643835616438356,21.0,2198.0,0.984375,0.9921259842519685,0.007874015748031496,0.991810737033667,False,False,,,,,,
qwen2.5-vl-7b,books,birdsofgreatbrit02butl_0328_full,3.2586045346874926,295.0,False,birdsofgreatbrit02butl,en,0.04776579352850539,0.03852080123266564,0.2631578947368421,25.0,649.0,0.9716981132075472,0.9626168224299065,0.037383177570093455,1.0154083204930662,False,False,,,,,,
qwen2.5-vl-7b,books,conchologiaiconi05reev_0039_full,3.2586045346874926,1219.0,False,conchologiaiconi05reev,en,0.09440203562340967,0.08604887983706722,0.23117338003502627,338.0,3928.0,0.7726495726495727,0.8188405797101449,0.18115942028985507,0.9572301425661914,False,False,,,,,,
qwen2.5-vl-7b,books,conchologiaiconi05reev_0127_full,3.2586045346874926,1353.0,False,conchologiaiconi05reev,en,0.06398627114488846,0.054885552547378785,0.23166023166023167,223.0,4063.0,0.7806691449814126,0.7706422018348624,0.22935779816513763,1.0,False,False,,,,,,
qwen2.5-vl-7b,books,conchologiaiconi05reev_0200_full,3.2586045346874926,1283.0,False,conchologiaiconi05reev,en,0.0386322109109893,0.03103629668595476,0.16302186878727634,118.0,3802.0,0.8601532567049809,0.8471698113207548,0.15283018867924528,1.0092056812204102,False,False,,,,,,
qwen2.5-vl-7b,books,conchologiaiconi05reev_0235_full,3.2586045346874926,1218.0,False,conchologiaiconi05reev,en,0.049044056525353284,0.03553581343697946,0.1891304347826087,128.0,3602.0,0.8200836820083682,0.8166666666666667,0.18333333333333332,1.0049972237645752,False,False,,,,,,
qwen2.5-vl-7b,books,conchologiaiconi05reev_0271_full,3.2586045346874926,1235.0,False,conchologiaiconi05reev,en,0.1720257234726688,0.16046075542459148,0.36554621848739494,599.0,3733.0,0.7018255578093306,0.7521739130434782,0.24782608695652175,0.9386552370747389,False,False,,,,,,
qwen2.5-vl-7b,books,conchologiaiconi05reev_0276_full,3.2586045346874926,1586.0,False,conchologiaiconi05reev,en,0.6520218579234973,0.6467236467236467,0.8554006968641115,2951.0,4563.0,0.8525963149078727,0.8483333333333334,0.15166666666666667,1.0010957703265395,False,False,,,,,,
qwen2.5-vl-7b,books,conchologiaiconi05reev_0350_full,3.2586045346874926,774.0,False,conchologiaiconi05reev,en,0.6526315789473685,0.6444648598989435,0.8033898305084746,1403.0,2177.0,0.8609271523178808,0.8524590163934426,0.14754098360655737,1.0064308681672025,False,False,,,,,,
qwen2.5-vl-7b,books,conchologiaiconi05reev_0354_full,3.9026490291875007,1184.0,False,conchologiaiconi05reev,en,0.05088557773404554,0.035975267003934795,0.16666666666666666,128.0,3558.0,0.8397565922920892,0.8313253012048193,0.1686746987951807,1.0025295109612142,False,False,,,,,,
qwen2.5-vl-7b,books,conchologiaiconi05reev_0433_full,3.9026490291875007,1063.0,False,conchologiaiconi05reev,en,0.14432710533441645,0.13831521739130434,0.2608695652173913,509.0,3680.0,0.7474332648870636,0.8484848484848485,0.15151515151515152,0.8858695652173914,False,False,,,,,,
qwen2.5-vl-7b,books,daschitinskelett00prel_0011_full,3.9026490291875007,874.0,False,daschitinskelett00prel,de,0.01080737444373808,0.009572431397574984,0.03225806451612903,30.0,3134.0,0.9791183294663574,0.9836829836829837,0.016317016317016316,0.9936183790682833,False,False,,,,,,
qwen2.5-vl-7b,books,daschitinskelett00prel_0021_full,3.9026490291875007,1121.0,False,daschitinskelett00prel,de,0.008547008547008548,0.005453129057387691,0.02304964539007092,21.0,3851.0,0.9822064056939501,0.9822064056939501,0.017793594306049824,0.9974032718774344,False,False,,,,,,
qwen2.5-vl-7b,books,daschitinskelett00prel_0034_full,3.9026490291875007,824.0,False,daschitinskelett00prel,de,0.003348961821835231,0.002012072434607646,0.009389671361502348,6.0,2982.0,0.9952941176470588,0.9952941176470588,0.004705882352941176,0.9986586183769283,False,False,,,,,,
qwen2.5-vl-7b,books,daschitinskelett00prel_0037_full,3.9026490291875007,1072.0,False,daschitinskelett00prel,de,0.011612562681446292,0.007419183889772125,0.0273224043715847,28.0,3774.0,0.9781021897810219,0.9816849816849816,0.018315018315018316,0.9965553789083201,False,False,,,,,,
qwen2.5-vl-7b,books,daschitinskelett00prel_0038_full,3.9026490291875007,1069.0,False,daschitinskelett00prel,de,0.008037334716100596,0.003905233012236397,0.01509433962264151,15.0,3841.0,0.9905660377358491,0.9905660377358491,0.009433962264150943,0.9984379067951055,False,False,,,,,,
qwen2.5-vl-7b,books,daschitinskelett00prel_0051_full,3.9026490291875007,1259.0,False,daschitinskelett00prel,de,0.06453239223594656,0.06169405815423515,0.4625,244.0,3955.0,0.9265232974910395,0.674934725848564,0.32506527415143605,1.0487989886219975,False,False,,,,,,
qwen2.5-vl-7b,books,daschitinskelett00prel_0057_full,3.9026490291875007,959.0,False,daschitinskelett00prel,de,0.006307339449541285,0.006314580941446613,0.025210084033613446,22.0,3484.0,0.9810924369747899,0.9810924369747899,0.018907563025210083,0.9971297359357061,False,False,,,,,,
qwen2.5-vl-7b,books,daschitinskelett00prel_0060_full,3.9026490291875007,257.0,False,daschitinskelett00prel,de,0.011086474501108648,0.0033482142857142855,0.01652892561983471,3.0,896.0,0.9915966386554622,0.9915966386554622,0.008403361344537815,0.9977678571428571,False,False,,,,,,
qwen2.5-vl-7b,books,histoirenaturell10cuvi_0014_full,3.9026490291875007,327.0,False,histoirenaturell10cuvi,fr,0.019327731092436976,0.007627118644067797,0.028409090909090908,9.0,1180.0,0.973404255319149,0.973404255319149,0.026595744680851064,0.9957627118644068,False,False,,,,,,
qwen2.5-vl-7b,books,histoirenaturell10cuvi_0070_full,3.9026490291875007,433.0,False,histoirenaturell10cuvi,fr,0.08068459657701711,0.04938271604938271,0.0825242718446602,60.0,1215.0,0.968609865470852,0.968609865470852,0.03139013452914798,1.0,False,False,,,,,,
qwen2.5-vl-7b,books,histoirenaturell10cuvi_0172_full,3.9026490291875007,375.0,False,histoirenaturell10cuvi,fr,0.012142237640936688,0.0,0.0,0.0,1150.0,1.0,1.0,0.0,1.0,False,False,,,,,,
qwen2.5-vl-7b,books,histoirenaturell10cuvi_0188_full,3.9026490291875007,481.0,False,histoirenaturell10cuvi,fr,0.02445302445302445,0.005798969072164949,0.033962264150943396,9.0,1552.0,0.9694915254237289,0.9662162162162162,0.033783783783783786,1.0006443298969072,False,False,,,,,,
qwen2.5-vl-7b,books,histoirenaturell10cuvi_0251_full,3.9026490291875007,417.0,False,histoirenaturell10cuvi,fr,0.024744027303754267,0.003451251078515962,0.014925373134328358,4.0,1159.0,0.985981308411215,0.985981308411215,0.014018691588785047,1.001725625539258,False,False,,,,,,
qwen2.5-vl-7b,books,histoirenaturell10cuvi_0343_full,3.9026490291875007,430.0,False,histoirenaturell10cuvi,fr,0.03205629397967162,0.022134387351778657,0.04522613065326633,28.0,1265.0,0.9901960784313726,0.9711538461538461,0.028846153846153848,0.9992094861660079,False,False,,,,,,
qwen2.5-vl-7b,books,histoirenaturell10cuvi_0369_full,4.73002951775004,420.0,False,histoirenaturell10cuvi,fr,0.02,0.004640371229698376,0.02727272727272727,6.0,1293.0,0.9870689655172413,0.9870689655172413,0.01293103448275862,0.9984532095901005,False,False,,,,,,
qwen2.5-vl-7b,books,histoirenaturell10cuvi_0425_full,4.73002951775004,485.0,False,histoirenaturell10cuvi,fr,0.02026599113362888,0.0019083969465648854,0.01444043321299639,3.0,1572.0,0.9931972789115646,0.9931972789115646,0.006802721088435374,1.0012722646310432,False,False,,,,,,
qwen2.5-vl-7b,books,pisciumquerelaee00sche_0012_full,4.73002951775004,4096.0,False,pisciumquerelaee00sche,la,1.0,1.0,1.0,1659.0,1659.0,0.0,0.0,0.0,0.0,True,True,,,,,,
qwen2.5-vl-7b,books,pisciumquerelaee00sche_0013_full,4.73002951775004,1226.0,False,pisciumquerelaee00sche,la,0.8910482921083628,0.8715814506539834,1.1458333333333333,1466.0,1682.0,0.6666666666666666,0.41203703703703703,0.5879629629629629,1.8370986920332937,False,False,,,,,,
qwen2.5-vl-7b,books,pisciumquerelaee00sche_0016_full,4.73002951775004,603.0,False,pisciumquerelaee00sche,la,0.09375,0.08169727675744141,0.3700440528634361,129.0,1579.0,0.6611570247933884,0.6866952789699571,0.3133047210300429,1.0240658644711842,False,False,,,,,,
qwen2.5-vl-7b,books,pisciumquerelaee00sche_0035_full,4.73002951775004,589.0,False,pisciumquerelaee00sche,la,0.13170731707317074,0.09515039901780234,0.38596491228070173,155.0,1629.0,0.6869918699186992,0.7347826086956522,0.26521739130434785,1.0128913443830572,False,False,,,,,,
qwen2.5-vl-7b,books,pisciumquerelaee00sche_0038_full,4.73002951775004,502.0,False,pisciumquerelaee00sche,la,0.1258692628650904,0.10176678445229682,0.3350253807106599,144.0,1415.0,0.6831683168316832,0.7340425531914894,0.26595744680851063,1.0162544169611307,False,False,,,,,,
qwen2.5-vl-7b,books,pisciumquerelaee00sche_0040_full,4.73002951775004,683.0,False,pisciumquerelaee00sche,la,0.1127946127946128,0.09235127478753541,0.29411764705882354,163.0,1765.0,0.6721854304635762,0.7718631178707225,0.22813688212927757,1.0362606232294618,False,False,,,,,,
qwen2.5-vl-7b,books,pisciumquerelaee00sche_0041_full,4.73002951775004,537.0,False,pisciumquerelaee00sche,la,0.10075093867334167,0.10233733417561591,0.3958333333333333,162.0,1583.0,0.6168582375478927,0.679324894514768,0.3206751054852321,1.0334807327858497,False,False,,,,,,
qwen2.5-vl-7b,books,pisciumquerelaee00sche_0044_full,4.73002951775004,194.0,False,pisciumquerelaee00sche,la,0.17892156862745098,0.16831683168316833,0.4107142857142857,68.0,404.0,0.6792452830188679,0.631578947368421,0.3684210526315789,1.051980198019802,False,False,,,,,,
qwen2.5-vl-7b,books,trudyrusskagoent161881russ_0098_full,4.73002951775004,684.0,False,trudyrusskagoent161881russ,fr+de,0.018543956043956044,0.015829318651066758,0.09313725490196079,23.0,1453.0,0.9547738693467337,0.95,0.05,0.9958706125258087,False,False,,,,,,
qwen2.5-vl-7b,books,trudyrusskagoent161881russ_0121_full,4.73002951775004,554.0,False,trudyrusskagoent161881russ,fr+de,0.020700636942675158,0.005319148936170213,0.02768166089965398,10.0,1880.0,0.9825174825174825,0.9859649122807017,0.014035087719298246,0.9968085106382979,False,False,,,,,,
qwen2.5-vl-7b,books,trudyrusskagoent161881russ_0276_full,4.73002951775004,517.0,False,trudyrusskagoent161881russ,fr+de,0.015046296296296295,0.004050925925925926,0.01593625498007968,7.0,1728.0,0.9878542510121457,0.9878542510121457,0.012145748987854251,0.9994212962962963,False,False,,,,,,
qwen2.5-vl-7b,books,trudyrusskagoent161881russ_0329_full,4.73002951775004,689.0,False,trudyrusskagoent161881russ,fr+de,0.011455847255369928,0.006711409395973154,0.023972602739726026,14.0,2086.0,0.9827586206896551,0.986159169550173,0.01384083044982699,0.9942473633748802,False,False,,,,,,
qwen2.5-vl-7b,books,trudyrusskagoent161881russ_0357_full,4.73002951775004,556.0,False,trudyrusskagoent161881russ,fr+de,0.01730103806228374,0.00522344747533372,0.024896265560165973,9.0,1723.0,0.9793388429752066,0.9793388429752066,0.02066115702479339,0.9994196169471852,False,False,,,,,,
qwen2.5-vl-7b,books,trudyrusskagoent161881russ_0379_full,4.73002951775004,598.0,False,trudyrusskagoent161881russ,fr+de,0.02197802197802198,0.011038635223281485,0.05660377358490566,22.0,1993.0,0.972972972972973,0.9700598802395209,0.029940119760479042,0.9984947315604616,False,False,,,,,,
qwen2.5-vl-7b,books,trudyrusskagoent161881russ_0388_full,4.3798677755003155,618.0,False,trudyrusskagoent161881russ,fr+de,0.0070999453850355,0.0021893814997263274,0.010101010101010102,4.0,1827.0,0.9935275080906149,0.9903225806451613,0.00967741935483871,0.9994526546250684,False,False,,,,,,
qwen2.5-vl-7b,books,trudyrusskagoent161881russ_0446_full,4.3798677755003155,366.0,False,trudyrusskagoent161881russ,fr+de,0.022304832713754646,0.014953271028037384,0.05759162303664921,16.0,1070.0,0.98,0.9751243781094527,0.024875621890547265,0.9925233644859813,False,False,,,,,,
qwen2.5-vl-7b,docs,headers_footers__0b8de922246569bf96136cd5bb1d9643b2d269fe_page_10_processed,4.711519256062502,356.0,False,,,,,,,,,,,,False,,headers_footers,2.0,1.0,"[{""id"": ""0b8de922246569bf96136cd5bb1d9643b2d269fe_page_10_processed.pdf_manual_00"", ""type"": ""absent"", ""passed"": false, ""category"": ""headers_footers""}, {""id"": ""auto_baseline"", ""type"": ""baseline"", ""passed"": true, ""category"": ""baseline""}]",,
qwen2.5-vl-7b,docs,headers_footers__12e836a20227be4b63f7dcdebb2498e9d189d4da_page_5_processed,4.711519256062502,988.0,False,,,,,,,,,,,,False,,headers_footers,4.0,3.0,"[{""id"": ""12e836a20227be4b63f7dcdebb2498e9d189d4da_page_5_processed_pg1_header_00"", ""type"": ""absent"", ""passed"": true, ""category"": ""headers_footers""}, {""id"": ""12e836a20227be4b63f7dcdebb2498e9d189d4da_page_5_processed_pg1_header_01"", ""type"": ""absent"", ""passed"": false, ""category"": ""headers_footers""}, {""id"": ""12e836a20227be4b63f7dcdebb2498e9d189d4da_page_5_processed_pg1_header_02"", ""type"": ""absent"", ""passed"": true, ""category"": ""headers_footers""}, {""id"": ""auto_baseline"", ""type"": ""baseline"", ""passed"": true, ""category"": ""baseline""}]",,
qwen2.5-vl-7b,docs,headers_footers__17ce5025be595d7fc2c3a347b6a2fa4e4d06419d_page_1,4.711519256062502,218.0,False,,,,,,,,,,,,False,,headers_footers,2.0,2.0,"[{""id"": ""17ce5025be595d7fc2c3a347b6a2fa4e4d06419d_page_1_header_00"", ""type"": ""absent"", ""passed"": true, ""category"": ""headers_footers""}, {""id"": ""auto_baseline"", ""type"": ""baseline"", ""passed"": true, ""category"": ""baseline""}]",,
qwen2.5-vl-7b,docs,headers_footers__1a3e61746b0965df09bce6cb1051c455807363d5_page_1,4.711519256062502,697.0,False,,,,,,,,,,,,False,,headers_footers,3.0,3.0,"[{""id"": ""1a3e61746b0965df09bce6cb1051c455807363d5_page_1_header_00"", ""type"": ""absent"", ""passed"": true, ""category"": ""headers_footers""}, {""id"": ""1a3e61746b0965df09bce6cb1051c455807363d5_page_1.pdf_manual_00"", ""type"": ""absent"", ""passed"": true, ""category"": ""headers_footers""}, {""id"": ""auto_baseline"", ""type"": ""baseline"", ""passed"": true, ""category"": ""baseline""}]",,
qwen2.5-vl-7b,docs,headers_footers__2cb8b9fbe5aaac3d7f95d110a3b08132ee09d103_page_2,4.711519256062502,716.0,False,,,,,,,,,,,,False,,headers_footers,3.0,2.0,"[{""id"": ""2cb8b9fbe5aaac3d7f95d110a3b08132ee09d103_page_2_header_00"", ""type"": ""absent"", ""passed"": false, ""category"": ""headers_footers""}, {""id"": ""2cb8b9fbe5aaac3d7f95d110a3b08132ee09d103_page_2.pdf_manual_00"", ""type"": ""absent"", ""passed"": true, ""category"": ""headers_footers""}, {""id"": ""auto_baseline"", ""type"": ""baseline"", ""passed"": true, ""category"": ""baseline""}]",,
qwen2.5-vl-7b,docs,headers_footers__363300831b3da664b1bfe972e4f86464fa076da3_page_149,4.711519256062502,1115.0,False,,,,,,,,,,,,False,,headers_footers,6.0,2.0,"[{""id"": ""363300831b3da664b1bfe972e4f86464fa076da3_page_149_header_00"", ""type"": ""absent"", ""passed"": false, ""category"": ""headers_footers""}, {""id"": ""363300831b3da664b1bfe972e4f86464fa076da3_page_149_header_01"", ""type"": ""absent"", ""passed"": false, ""category"": ""headers_footers""}, {""id"": ""363300831b3da664b1bfe972e4f86464fa076da3_page_149_header_15"", ""type"": ""absent"", ""passed"": false, ""category"": ""headers_footers""}, {""id"": ""363300831b3da664b1bfe972e4f86464fa076da3_page_149_header_16"", ""type"": ""absent"", ""passed"": false, ""category"": ""headers_footers""}, {""id"": ""363300831b3da664b1bfe972e4f86464fa076da3_page_149.pdf_manual_00"", ""type"": ""absent"", ""passed"": true, ""category"": ""headers_footers""}, {""id"": ""auto_baseline"", ""type"": ""baseline"", ""passed"": true, ""category"": ""baseline""}]",,
qwen2.5-vl-7b,docs,headers_footers__62621cef2b1d5356a063aa7c9c735ac396fb2223_page_33,4.711519256062502,731.0,False,,,,,,,,,,,,False,,headers_footers,4.0,3.0,"[{""id"": ""62621cef2b1d5356a063aa7c9c735ac396fb2223_page_33_header_00"", ""type"": ""absent"", ""passed"": true, ""category"": ""headers_footers""}, {""id"": ""62621cef2b1d5356a063aa7c9c735ac396fb2223_page_33.pdf_manual_00"", ""type"": ""absent"", ""passed"": true, ""category"": ""headers_footers""}, {""id"": ""62621cef2b1d5356a063aa7c9c735ac396fb2223_page_33.pdf_manual_01"", ""type"": ""absent"", ""passed"": false, ""category"": ""headers_footers""}, {""id"": ""auto_baseline"", ""type"": ""baseline"", ""passed"": true, ""category"": ""baseline""}]",,
qwen2.5-vl-7b,docs,headers_footers__7901d119ed91a89f8fbabf0eef7174d75a7656e3_page_1,4.711519256062502,439.0,False,,,,,,,,,,,,False,,headers_footers,2.0,1.0,"[{""id"": ""7901d119ed91a89f8fbabf0eef7174d75a7656e3_page_1.pdf_manual_00"", ""type"": ""absent"", ""passed"": false, ""category"": ""headers_footers""}, {""id"": ""auto_baseline"", ""type"": ""baseline"", ""passed"": true, ""category"": ""baseline""}]",,
qwen2.5-vl-7b,docs,headers_footers__ba10222e40f05d76e2bf1d51c39066a4b1fe82ed_page_11,4.711519256062502,825.0,False,,,,,,,,,,,,False,,headers_footers,3.0,3.0,"[{""id"": ""ba10222e40f05d76e2bf1d51c39066a4b1fe82ed_page_11_header_00"", ""type"": ""absent"", ""passed"": true, ""category"": ""headers_footers""}, {""id"": ""ba10222e40f05d76e2bf1d51c39066a4b1fe82ed_page_11.pdf_manual_00"", ""type"": ""absent"", ""passed"": true, ""category"": ""headers_footers""}, {""id"": ""auto_baseline"", ""type"": ""baseline"", ""passed"": true, ""category"": ""baseline""}]",,
qwen2.5-vl-7b,docs,headers_footers__d8b9c4cd0ba9b036e09168c8dccccd1d43315ef4_page_1,4.711519256062502,994.0,False,,,,,,,,,,,,False,,headers_footers,3.0,1.0,"[{""id"": ""d8b9c4cd0ba9b036e09168c8dccccd1d43315ef4_page_1_header_00"", ""type"": ""absent"", ""passed"": false, ""category"": ""headers_footers""}, {""id"": ""d8b9c4cd0ba9b036e09168c8dccccd1d43315ef4_page_1.pdf_manual_00"", ""type"": ""absent"", ""passed"": false, ""category"": ""headers_footers""}, {""id"": ""auto_baseline"", ""type"": ""baseline"", ""passed"": true, ""category"": ""baseline""}]",,
qwen2.5-vl-7b,docs,long_tiny_text__11_pg161_pg1,4.711519256062502,1706.0,False,,,,,,,,,,,,False,,long_tiny_text,9.0,8.0,"[{""id"": ""11_pg161_pg1_text_00"", ""type"": ""present"", ""passed"": true, ""category"": ""long_tiny_text""}, {""id"": ""11_pg161_pg1_text_01"", ""type"": ""present"", ""passed"": true, ""category"": ""long_tiny_text""}, {""id"": ""11_pg161_pg1_text_02"", ""type"": ""present"", ""passed"": true, ""category"": ""long_tiny_text""}, {""id"": ""11_pg161_pg1_text_03"", ""type"": ""present"", ""passed"": true, ""category"": ""long_tiny_text""}, {""id"": ""11_pg161_pg1_text_04"", ""type"": ""present"", ""passed"": false, ""category"": ""long_tiny_text""}, {""id"": ""11_pg161_pg1_text_05"", ""type"": ""present"", ""passed"": true, ""category"": ""long_tiny_text""}, {""id"": ""11_pg161_pg1_text_06"", ""type"": ""present"", ""passed"": true, ""category"": ""long_tiny_text""}, {""id"": ""11_pg161_pg1_text_07"", ""type"": ""present"", ""passed"": true, ""category"": ""long_tiny_text""}, {""id"": ""auto_baseline"", ""type"": ""baseline"", ""passed"": true, ""category"": ""baseline""}]",,
qwen2.5-vl-7b,docs,long_tiny_text__11_pg375_pg1,4.711519256062502,1786.0,False,,,,,,,,,,,,False,,long_tiny_text,4.0,4.0,"[{""id"": ""11_pg375_pg1_text_00"", ""type"": ""present"", ""passed"": true, ""category"": ""long_tiny_text""}, {""id"": ""11_pg375_pg1_text_01"", ""type"": ""present"", ""passed"": true, ""category"": ""long_tiny_text""}, {""id"": ""11_pg375_pg1_text_02"", ""type"": ""present"", ""passed"": true, ""category"": ""long_tiny_text""}, {""id"": ""auto_baseline"", ""type"": ""baseline"", ""passed"": true, ""category"": ""baseline""}]",,
qwen2.5-vl-7b,docs,long_tiny_text__13_pg556_pg1,4.711519256062502,2302.0,False,,,,,,,,,,,,False,,long_tiny_text,5.0,4.0,"[{""id"": ""13_pg556_pg1_text_00"", ""type"": ""present"", ""passed"": true, ""category"": ""long_tiny_text""}, {""id"": ""13_pg556_pg1_text_01"", ""type"": ""present"", ""passed"": true, ""category"": ""long_tiny_text""}, {""id"": ""13_pg556_pg1_text_02"", ""type"": ""present"", ""passed"": false, ""category"": ""long_tiny_text""}, {""id"": ""13_pg556_pg1_text_03"", ""type"": ""present"", ""passed"": true, ""category"": ""long_tiny_text""}, {""id"": ""auto_baseline"", ""type"": ""baseline"", ""passed"": true, ""category"": ""baseline""}]",,
qwen2.5-vl-7b,docs,long_tiny_text__13_pg566_pg1,4.711519256062502,1917.0,False,,,,,,,,,,,,False,,long_tiny_text,6.0,6.0,"[{""id"": ""13_pg566_pg1_text_00"", ""type"": ""present"", ""passed"": true, ""category"": ""long_tiny_text""}, {""id"": ""13_pg566_pg1_text_01"", ""type"": ""present"", ""passed"": true, ""category"": ""long_tiny_text""}, {""id"": ""13_pg566_pg1_text_02"", ""type"": ""present"", ""passed"": true, ""category"": ""long_tiny_text""}, {""id"": ""13_pg566_pg1_text_03"", ""type"": ""present"", ""passed"": true, ""category"": ""long_tiny_text""}, {""id"": ""13_pg566_pg1_text_04"", ""type"": ""present"", ""passed"": true, ""category"": ""long_tiny_text""}, {""id"": ""auto_baseline"", ""type"": ""baseline"", ""passed"": true, ""category"": ""baseline""}]",,
qwen2.5-vl-7b,docs,long_tiny_text__13_pg67_pg1,4.711519256062502,2686.0,False,,,,,,,,,,,,False,,long_tiny_text,6.0,4.0,"[{""id"": ""13_pg67_pg1_text_00"", ""type"": ""present"", ""passed"": false, ""category"": ""long_tiny_text""}, {""id"": ""13_pg67_pg1_text_01"", ""type"": ""present"", ""passed"": true, ""category"": ""long_tiny_text""}, {""id"": ""13_pg67_pg1_text_02"", ""type"": ""present"", ""passed"": false, ""category"": ""long_tiny_text""}, {""id"": ""13_pg67_pg1_text_03"", ""type"": ""present"", ""passed"": true, ""category"": ""long_tiny_text""}, {""id"": ""13_pg67_pg1_text_04"", ""type"": ""present"", ""passed"": true, ""category"": ""long_tiny_text""}, {""id"": ""auto_baseline"", ""type"": ""baseline"", ""passed"": true, ""category"": ""baseline""}]",,
qwen2.5-vl-7b,docs,long_tiny_text__14a_pg1,4.711519256062502,3076.0,False,,,,,,,,,,,,False,,long_tiny_text,6.0,4.0,"[{""id"": ""14a_pg1_text_01"", ""type"": ""present"", ""passed"": true, ""category"": ""long_tiny_text""}, {""id"": ""14a_pg1_text_02"", ""type"": ""present"", ""passed"": false, ""category"": ""long_tiny_text""}, {""id"": ""14a_pg1_text_04"", ""type"": ""present"", ""passed"": false, ""category"": ""long_tiny_text""}, {""id"": ""14a_pg1_text_05"", ""type"": ""present"", ""passed"": true, ""category"": ""long_tiny_text""}, {""id"": ""14a_pg1_text_06"", ""type"": ""present"", ""passed"": true, ""category"": ""long_tiny_text""}, {""id"": ""auto_baseline"", ""type"": ""baseline"", ""passed"": true, ""category"": ""baseline""}]",,
qwen2.5-vl-7b,docs,long_tiny_text__15c_pg1,6.959408862812495,1885.0,False,,,,,,,,,,,,False,,long_tiny_text,5.0,4.0,"[{""id"": ""15c_pg1_text_00"", ""type"": ""present"", ""passed"": true, ""category"": ""long_tiny_text""}, {""id"": ""15c_pg1_text_01"", ""type"": ""present"", ""passed"": true, ""category"": ""long_tiny_text""}, {""id"": ""15c_pg1_text_02"", ""type"": ""present"", ""passed"": true, ""category"": ""long_tiny_text""}, {""id"": ""15c_pg1_text_03"", ""type"": ""present"", ""passed"": false, ""category"": ""long_tiny_text""}, {""id"": ""auto_baseline"", ""type"": ""baseline"", ""passed"": true, ""category"": ""baseline""}]",,
qwen2.5-vl-7b,docs,long_tiny_text__17_pg2_pg1,6.959408862812495,1277.0,False,,,,,,,,,,,,False,,long_tiny_text,40.0,39.0,"[{""id"": ""17_pg2_pg1_text_00"", ""type"": ""present"", ""passed"": true, ""category"": ""long_tiny_text""}, {""id"": ""17_pg2_pg1_text_01"", ""type"": ""present"", ""passed"": true, ""category"": ""long_tiny_text""}, {""id"": ""17_pg2_pg1_text_02"", ""type"": ""present"", ""passed"": true, ""category"": ""long_tiny_text""}, {""id"": ""17_pg2_pg1_text_03"", ""type"": ""present"", ""passed"": true, ""category"": ""long_tiny_text""}, {""id"": ""17_pg2_pg1_text_04"", ""type"": ""present"", ""passed"": true, ""category"": ""long_tiny_text""}, {""id"": ""17_pg2_pg1_text_06"", ""type"": ""present"", ""passed"": true, ""category"": ""long_tiny_text""}, {""id"": ""17_pg2_pg1_text_07"", ""type"": ""present"", ""passed"": true, ""category"": ""long_tiny_text""}, {""id"": ""17_pg2_pg1_text_09"", ""type"": ""present"", ""passed"": true, ""category"": ""long_tiny_text""}, {""id"": ""17_pg2_pg1_text_10"", ""type"": ""present"", ""passed"": true, ""category"": ""long_tiny_text""}, {""id"": ""17_pg2_pg1_text_12"", ""type"": ""present"", ""passed"": true, ""category"": ""long_tiny_text""}, {""id"": ""17_pg2_pg1_text_13"", ""type"": ""present"", ""passed"": true, ""category"": ""long_tiny_text""}, {""id"": ""17_pg2_pg1_text_16"", ""type"": ""present"", ""passed"": true, ""category"": ""long_tiny_text""}, {""id"": ""17_pg2_pg1_text_17"", ""type"": ""present"", ""passed"": false, ""category"": ""long_tiny_text""}, {""id"": ""17_pg2_pg1_text_20"", ""type"": ""present"", ""passed"": true, ""category"": ""long_tiny_text""}, {""id"": ""17_pg2_pg1_text_23"", ""type"": ""present"", ""passed"": true, ""category"": ""long_tiny_text""}, {""id"": ""17_pg2_pg1_text_24"", ""type"": ""present"", ""passed"": true, ""category"": ""long_tiny_text""}, {""id"": ""17_pg2_pg1_text_25"", ""type"": ""present"", ""passed"": true, ""category"": ""long_tiny_text""}, {""id"": ""17_pg2_pg1_text_27"", ""type"": ""present"", ""passed"": true, ""category"": ""long_tiny_text""}, {""id"": ""17_pg2_pg1_text_28"", ""type"": ""present"", ""passed"": true, ""category"": ""long_tiny_text""}, {""id"": ""17_pg2_pg1_text_30"", ""type"": ""present"", ""passed"": true, ""category"": ""long_tiny_text""}, {""id"": ""17_pg2_pg1_text_31"", ""type"": ""present"", ""passed"": true, ""category"": ""long_tiny_text""}, {""id"": ""17_pg2_pg1_text_34"", ""type"": ""present"", ""passed"": true, ""category"": ""long_tiny_text""}, {""id"": ""17_pg2_pg1_text_37"", ""type"": ""present"", ""passed"": true, ""category"": ""long_tiny_text""}, {""id"": ""17_pg2_pg1_text_41"", ""type"": ""present"", ""passed"": true, ""category"": ""long_tiny_text""}, {""id"": ""17_pg2_pg1_text_43"", ""type"": ""present"", ""passed"": true, ""category"": ""long_tiny_text""}, {""id"": ""17_pg2_pg1_text_45"", ""type"": ""present"", ""passed"": true, ""category"": ""long_tiny_text""}, {""id"": ""17_pg2_pg1_text_49"", ""type"": ""present"", ""passed"": true, ""category"": ""long_tiny_text""}, {""id"": ""17_pg2_pg1_text_51"", ""type"": ""present"", ""passed"": true, ""category"": ""long_tiny_text""}, {""id"": ""17_pg2_pg1_text_56"", ""type"": ""present"", ""passed"": true, ""category"": ""long_tiny_text""}, {""id"": ""17_pg2_pg1_text_61"", ""type"": ""present"", ""passed"": true, ""category"": ""long_tiny_text""}, {""id"": ""17_pg2_pg1_text_65"", ""type"": ""present"", ""passed"": true, ""category"": ""long_tiny_text""}, {""id"": ""17_pg2_pg1_text_69"", ""type"": ""present"", ""passed"": true, ""category"": ""long_tiny_text""}, {""id"": ""17_pg2_pg1_text_74"", ""type"": ""present"", ""passed"": true, ""category"": ""long_tiny_text""}, {""id"": ""17_pg2_pg1_text_80"", ""type"": ""present"", ""passed"": true, ""category"": ""long_tiny_text""}, {""id"": ""17_pg2_pg1_text_83"", ""type"": ""present"", ""passed"": true, ""category"": ""long_tiny_text""}, {""id"": ""17_pg2_pg1_text_86"", ""type"": ""present"", ""passed"": true, ""category"": ""long_tiny_text""}, {""id"": ""17_pg2_pg1_text_88"", ""type"": ""present"", ""passed"": true, ""category"": ""long_tiny_text""}, {""id"": ""17_pg2_pg1_text_95"", ""type"": ""present"", ""passed"": true, ""category"": ""long_tiny_text""}, {""id"": ""17_pg2_pg1_text_97"", ""type"": ""present"", ""passed"": true, ""category"": ""long_tiny_text""}, {""id"": ""auto_baseline"", ""type"": ""baseline"", ""passed"": true, ""category"": ""baseline""}]",,
qwen2.5-vl-7b,docs,long_tiny_text__20_pg40_pg1,6.959408862812495,4096.0,False,,,,,,,,,,,,False,,long_tiny_text,6.0,1.0,"[{""id"": ""20_pg40_pg1_text_00"", ""type"": ""present"", ""passed"": false, ""category"": ""long_tiny_text""}, {""id"": ""20_pg40_pg1_text_01"", ""type"": ""present"", ""passed"": false, ""category"": ""long_tiny_text""}, {""id"": ""20_pg40_pg1_text_02"", ""type"": ""present"", ""passed"": false, ""category"": ""long_tiny_text""}, {""id"": ""20_pg40_pg1_text_03"", ""type"": ""present"", ""passed"": true, ""category"": ""long_tiny_text""}, {""id"": ""20_pg40_pg1_text_04"", ""type"": ""present"", ""passed"": false, ""category"": ""long_tiny_text""}, {""id"": ""auto_baseline"", ""type"": ""baseline"", ""passed"": false, ""category"": ""baseline""}]",,
qwen2.5-vl-7b,docs,long_tiny_text__20_pg46_pg1,6.959408862812495,1370.0,False,,,,,,,,,,,,False,,long_tiny_text,10.0,6.0,"[{""id"": ""20_pg46_pg1_text_00"", ""type"": ""present"", ""passed"": true, ""category"": ""long_tiny_text""}, {""id"": ""20_pg46_pg1_text_01"", ""type"": ""present"", ""passed"": true, ""category"": ""long_tiny_text""}, {""id"": ""20_pg46_pg1_text_02"", ""type"": ""present"", ""passed"": false, ""category"": ""long_tiny_text""}, {""id"": ""20_pg46_pg1_text_03"", ""type"": ""present"", ""passed"": true, ""category"": ""long_tiny_text""}, {""id"": ""20_pg46_pg1_text_04"", ""type"": ""present"", ""passed"": false, ""category"": ""long_tiny_text""}, {""id"": ""20_pg46_pg1_text_05"", ""type"": ""present"", ""passed"": false, ""category"": ""long_tiny_text""}, {""id"": ""20_pg46_pg1_text_06"", ""type"": ""present"", ""passed"": false, ""category"": ""long_tiny_text""}, {""id"": ""20_pg46_pg1_text_08"", ""type"": ""present"", ""passed"": true, ""category"": ""long_tiny_text""}, {""id"": ""20_pg46_pg1_text_09"", ""type"": ""present"", ""passed"": true, ""category"": ""long_tiny_text""}, {""id"": ""auto_baseline"", ""type"": ""baseline"", ""passed"": true, ""category"": ""baseline""}]",,
qwen2.5-vl-7b,docs,multi_column__00945e98ea0970dcffb8f548336df3a0137f_page_4_pg1,6.959408862812495,733.0,False,,,,,,,,,,,,False,,multi_column,4.0,4.0,"[{""id"": ""00945e98ea0970dcffb8f548336df3a0137f_page_4.pdf_order_0a8f368a"", ""type"": ""order"", ""passed"": true, ""category"": ""multi_column""}, {""id"": ""00945e98ea0970dcffb8f548336df3a0137f_page_4.pdf_order_3d4bbd69"", ""type"": ""order"", ""passed"": true, ""category"": ""multi_column""}, {""id"": ""00945e98ea0970dcffb8f548336df3a0137f_page_4.pdf_order_4cbab131"", ""type"": ""order"", ""passed"": true, ""category"": ""multi_column""}, {""id"": ""auto_baseline"", ""type"": ""baseline"", ""passed"": true, ""category"": ""baseline""}]",,
qwen2.5-vl-7b,docs,multi_column__00e2c7719d58bb49fd4031cce9dcccdddec2_page_1_pg1,6.959408862812495,784.0,False,,,,,,,,,,,,False,,multi_column,3.0,3.0,"[{""id"": ""00e2c7719d58bb49fd4031cce9dcccdddec2_page_1.pdf_order_85be1097"", ""type"": ""order"", ""passed"": true, ""category"": ""multi_column""}, {""id"": ""00e2c7719d58bb49fd4031cce9dcccdddec2_page_1.pdf_order_b903400b"", ""type"": ""order"", ""passed"": true, ""category"": ""multi_column""}, {""id"": ""auto_baseline"", ""type"": ""baseline"", ""passed"": true, ""category"": ""baseline""}]",,
qwen2.5-vl-7b,docs,multi_column__0114396ecb251aa3ebaeaeaed6bd4fe50bd2_page_2_pg1,6.959408862812495,1035.0,False,,,,,,,,,,,,False,,multi_column,6.0,6.0,"[{""id"": ""0114396ecb251aa3ebaeaeaed6bd4fe50bd2_page_2.pdf_order_e5d2d945"", ""type"": ""order"", ""passed"": true, ""category"": ""multi_column""}, {""id"": ""0114396ecb251aa3ebaeaeaed6bd4fe50bd2_page_2.pdf_order_6b2daa2b"", ""type"": ""order"", ""passed"": true, ""category"": ""multi_column""}, {""id"": ""0114396ecb251aa3ebaeaeaed6bd4fe50bd2_page_2.pdf_order_f61eafae"", ""type"": ""order"", ""passed"": true, ""category"": ""multi_column""}, {""id"": ""0114396ecb251aa3ebaeaeaed6bd4fe50bd2_page_2.pdf_order_40a2536e"", ""type"": ""order"", ""passed"": true, ""category"": ""multi_column""}, {""id"": ""0114396ecb251aa3ebaeaeaed6bd4fe50bd2_page_2.pdf_order_b8d41298"", ""type"": ""order"", ""passed"": true, ""category"": ""multi_column""}, {""id"": ""auto_baseline"", ""type"": ""baseline"", ""passed"": true, ""category"": ""baseline""}]",,
qwen2.5-vl-7b,docs,multi_column__019a8841dddeb304774ba62a9f5d8dccb43d_page_2_pg1,6.959408862812495,2199.0,False,,,,,,,,,,,,False,,multi_column,5.0,3.0,"[{""id"": ""019a8841dddeb304774ba62a9f5d8dccb43d_page_2.pdf_order_00d331ca"", ""type"": ""order"", ""passed"": true, ""category"": ""multi_column""}, {""id"": ""019a8841dddeb304774ba62a9f5d8dccb43d_page_2.pdf_order_2410e748"", ""type"": ""order"", ""passed"": false, ""category"": ""multi_column""}, {""id"": ""019a8841dddeb304774ba62a9f5d8dccb43d_page_2.pdf_order_5a8cba0a"", ""type"": ""order"", ""passed"": false, ""category"": ""multi_column""}, {""id"": ""019a8841dddeb304774ba62a9f5d8dccb43d_page_2.pdf_order_6a2477bc"", ""type"": ""order"", ""passed"": true, ""category"": ""multi_column""}, {""id"": ""auto_baseline"", ""type"": ""baseline"", ""passed"": true, ""category"": ""baseline""}]",,
qwen2.5-vl-7b,docs,multi_column__0208fbb5d6b646f972f4702428ad2cede5c5_page_6_pg1,6.959408862812495,904.0,False,,,,,,,,,,,,False,,multi_column,2.0,2.0,"[{""id"": ""0208fbb5d6b646f972f4702428ad2cede5c5_page_6.pdf_order_71ab8004"", ""type"": ""order"", ""passed"": true, ""category"": ""multi_column""}, {""id"": ""auto_baseline"", ""type"": ""baseline"", ""passed"": true, ""category"": ""baseline""}]",,
qwen2.5-vl-7b,docs,multi_column__027c390510b2fd3364f5a382f2bc304af018_page_4_pg1,6.959408862812495,1570.0,False,,,,,,,,,,,,False,,multi_column,5.0,2.0,"[{""id"": ""027c390510b2fd3364f5a382f2bc304af018_page_4.pdf_order_ea693a98"", ""type"": ""order"", ""passed"": false, ""category"": ""multi_column""}, {""id"": ""027c390510b2fd3364f5a382f2bc304af018_page_4.pdf_order_053bda58"", ""type"": ""order"", ""passed"": false, ""category"": ""multi_column""}, {""id"": ""027c390510b2fd3364f5a382f2bc304af018_page_4.pdf_order_9e06820d"", ""type"": ""order"", ""passed"": true, ""category"": ""multi_column""}, {""id"": ""027c390510b2fd3364f5a382f2bc304af018_page_4.pdf_order_97e749bf"", ""type"": ""order"", ""passed"": false, ""category"": ""multi_column""}, {""id"": ""auto_baseline"", ""type"": ""baseline"", ""passed"": true, ""category"": ""baseline""}]",,
qwen2.5-vl-7b,docs,multi_column__02943986dff2d4a84b7c2dd81abfc51fceea_page_5_pg1,6.959408862812495,977.0,False,,,,,,,,,,,,False,,multi_column,5.0,5.0,"[{""id"": ""02943986dff2d4a84b7c2dd81abfc51fceea_page_5.pdf_order_3f1adc6b"", ""type"": ""order"", ""passed"": true, ""category"": ""multi_column""}, {""id"": ""02943986dff2d4a84b7c2dd81abfc51fceea_page_5.pdf_order_00ce4e6f"", ""type"": ""order"", ""passed"": true, ""category"": ""multi_column""}, {""id"": ""02943986dff2d4a84b7c2dd81abfc51fceea_page_5.pdf_order_46755e50"", ""type"": ""order"", ""passed"": true, ""category"": ""multi_column""}, {""id"": ""02943986dff2d4a84b7c2dd81abfc51fceea_page_5.pdf_order_13f6999c"", ""type"": ""order"", ""passed"": true, ""category"": ""multi_column""}, {""id"": ""auto_baseline"", ""type"": ""baseline"", ""passed"": true, ""category"": ""baseline""}]",,
qwen2.5-vl-7b,docs,multi_column__02943986dff2d4a84b7c2dd81abfc51fceea_page_9_pg1,6.959408862812495,1091.0,False,,,,,,,,,,,,False,,multi_column,5.0,5.0,"[{""id"": ""02943986dff2d4a84b7c2dd81abfc51fceea_page_9.pdf_order_babd8e0e"", ""type"": ""order"", ""passed"": true, ""category"": ""multi_column""}, {""id"": ""02943986dff2d4a84b7c2dd81abfc51fceea_page_9.pdf_order_2e6f0ead"", ""type"": ""order"", ""passed"": true, ""category"": ""multi_column""}, {""id"": ""02943986dff2d4a84b7c2dd81abfc51fceea_page_9.pdf_order_7e60c895"", ""type"": ""order"", ""passed"": true, ""category"": ""multi_column""}, {""id"": ""02943986dff2d4a84b7c2dd81abfc51fceea_page_9.pdf_order_81a40b7f"", ""type"": ""order"", ""passed"": true, ""category"": ""multi_column""}, {""id"": ""auto_baseline"", ""type"": ""baseline"", ""passed"": true, ""category"": ""baseline""}]",,
qwen2.5-vl-7b,docs,multi_column__038650c9dfd95e7495d0c4d301d9dcca735a_page_1_pg1,6.959408862812495,1185.0,False,,,,,,,,,,,,False,,multi_column,5.0,5.0,"[{""id"": ""038650c9dfd95e7495d0c4d301d9dcca735a_page_1.pdf_order_eb32d864"", ""type"": ""order"", ""passed"": true, ""category"": ""multi_column""}, {""id"": ""038650c9dfd95e7495d0c4d301d9dcca735a_page_1.pdf_order_517c20f9"", ""type"": ""order"", ""passed"": true, ""category"": ""multi_column""}, {""id"": ""038650c9dfd95e7495d0c4d301d9dcca735a_page_1.pdf_order_12a7fa3e"", ""type"": ""order"", ""passed"": true, ""category"": ""multi_column""}, {""id"": ""038650c9dfd95e7495d0c4d301d9dcca735a_page_1.pdf_order_cf779f79"", ""type"": ""order"", ""passed"": true, ""category"": ""multi_column""}, {""id"": ""auto_baseline"", ""type"": ""baseline"", ""passed"": true, ""category"": ""baseline""}]",,
qwen2.5-vl-7b,docs,multi_column__0845863d27c84b14011e17a388821525e783_page_16_pg1,6.959408862812495,4096.0,False,,,,,,,,,,,,False,,multi_column,4.0,3.0,"[{""id"": ""0845863d27c84b14011e17a388821525e783_page_16.pdf_order_dffceb1b"", ""type"": ""order"", ""passed"": true, ""category"": ""multi_column""}, {""id"": ""0845863d27c84b14011e17a388821525e783_page_16.pdf_order_ac24f586"", ""type"": ""order"", ""passed"": true, ""category"": ""multi_column""}, {""id"": ""0845863d27c84b14011e17a388821525e783_page_16.pdf_order_4bda9b61"", ""type"": ""order"", ""passed"": false, ""category"": ""multi_column""}, {""id"": ""auto_baseline"", ""type"": ""baseline"", ""passed"": true, ""category"": ""baseline""}]",,
qwen2.5-vl-7b,docs,old_scans__1,6.959408862812495,265.0,False,,,,,,,,,,,,False,,old_scans,6.0,1.0,"[{""id"": ""1_680487"", ""type"": ""present"", ""passed"": false, ""category"": ""old_scans""}, {""id"": ""1_126739"", ""type"": ""absent"", ""passed"": false, ""category"": ""old_scans""}, {""id"": ""1_36225"", ""type"": ""present"", ""passed"": false, ""category"": ""old_scans""}, {""id"": ""1_787572"", ""type"": ""order"", ""passed"": false, ""category"": ""old_scans""}, {""id"": ""1_298389"", ""type"": ""order"", ""passed"": false, ""category"": ""old_scans""}, {""id"": ""auto_baseline"", ""type"": ""baseline"", ""passed"": true, ""category"": ""baseline""}]",,
qwen2.5-vl-7b,docs,old_scans__21,6.959408862812495,141.0,False,,,,,,,,,,,,False,,old_scans,8.0,2.0,"[{""id"": ""21_398162"", ""type"": ""present"", ""passed"": false, ""category"": ""old_scans""}, {""id"": ""21_382528"", ""type"": ""order"", ""passed"": false, ""category"": ""old_scans""}, {""id"": ""21_229684"", ""type"": ""absent"", ""passed"": true, ""category"": ""old_scans""}, {""id"": ""21_712729"", ""type"": ""present"", ""passed"": false, ""category"": ""old_scans""}, {""id"": ""21_289946"", ""type"": ""present"", ""passed"": false, ""category"": ""old_scans""}, {""id"": ""21_745911"", ""type"": ""present"", ""passed"": false, ""category"": ""old_scans""}, {""id"": ""21_992153"", ""type"": ""order"", ""passed"": false, ""category"": ""old_scans""}, {""id"": ""auto_baseline"", ""type"": ""baseline"", ""passed"": true, ""category"": ""baseline""}]",,
qwen2.5-vl-7b,docs,old_scans__23,6.583028067642902,159.0,False,,,,,,,,,,,,False,,old_scans,6.0,2.0,"[{""id"": ""23_675822"", ""type"": ""present"", ""passed"": false, ""category"": ""old_scans""}, {""id"": ""23_189451"", ""type"": ""order"", ""passed"": false, ""category"": ""old_scans""}, {""id"": ""23_570086"", ""type"": ""absent"", ""passed"": true, ""category"": ""old_scans""}, {""id"": ""23_774544"", ""type"": ""present"", ""passed"": false, ""category"": ""old_scans""}, {""id"": ""23_266702"", ""type"": ""present"", ""passed"": false, ""category"": ""old_scans""}, {""id"": ""auto_baseline"", ""type"": ""baseline"", ""passed"": true, ""category"": ""baseline""}]",,
qwen2.5-vl-7b,docs,old_scans__26,6.583028067642902,193.0,False,,,,,,,,,,,,False,,old_scans,5.0,3.0,"[{""id"": ""26_727870"", ""type"": ""present"", ""passed"": false, ""category"": ""old_scans""}, {""id"": ""26_350035"", ""type"": ""order"", ""passed"": false, ""category"": ""old_scans""}, {""id"": ""26_893794"", ""type"": ""absent"", ""passed"": true, ""category"": ""old_scans""}, {""id"": ""26_815635"", ""type"": ""present"", ""passed"": true, ""category"": ""old_scans""}, {""id"": ""auto_baseline"", ""type"": ""baseline"", ""passed"": true, ""category"": ""baseline""}]",,
qwen2.5-vl-7b,docs,old_scans__52,6.583028067642902,102.0,False,,,,,,,,,,,,False,,old_scans,4.0,1.0,"[{""id"": ""52_591542"", ""type"": ""present"", ""passed"": false, ""category"": ""old_scans""}, {""id"": ""52_323921"", ""type"": ""present"", ""passed"": false, ""category"": ""old_scans""}, {""id"": ""52_987017"", ""type"": ""present"", ""passed"": false, ""category"": ""old_scans""}, {""id"": ""auto_baseline"", ""type"": ""baseline"", ""passed"": true, ""category"": ""baseline""}]",,
qwen2.5-vl-7b,docs,old_scans__55,6.583028067642902,253.0,False,,,,,,,,,,,,False,,old_scans,4.0,3.0,"[{""id"": ""55_930782"", ""type"": ""present"", ""passed"": true, ""category"": ""old_scans""}, {""id"": ""55_150814"", ""type"": ""present"", ""passed"": true, ""category"": ""old_scans""}, {""id"": ""55_287312"", ""type"": ""present"", ""passed"": false, ""category"": ""old_scans""}, {""id"": ""auto_baseline"", ""type"": ""baseline"", ""passed"": true, ""category"": ""baseline""}]",,
qwen2.5-vl-7b,docs,old_scans__58,6.583028067642902,923.0,False,,,,,,,,,,,,False,,old_scans,7.0,5.0,"[{""id"": ""58_984036"", ""type"": ""present"", ""passed"": true, ""category"": ""old_scans""}, {""id"": ""58_575492"", ""type"": ""order"", ""passed"": false, ""category"": ""old_scans""}, {""id"": ""58_801952"", ""type"": ""absent"", ""passed"": true, ""category"": ""old_scans""}, {""id"": ""58_775388"", ""type"": ""present"", ""passed"": true, ""category"": ""old_scans""}, {""id"": ""58_733378"", ""type"": ""present"", ""passed"": true, ""category"": ""old_scans""}, {""id"": ""58_220922"", ""type"": ""order"", ""passed"": false, ""category"": ""old_scans""}, {""id"": ""auto_baseline"", ""type"": ""baseline"", ""passed"": true, ""category"": ""baseline""}]",,
qwen2.5-vl-7b,docs,old_scans__82,6.583028067642902,367.0,False,,,,,,,,,,,,False,,old_scans,7.0,1.0,"[{""id"": ""82_617314"", ""type"": ""present"", ""passed"": false, ""category"": ""old_scans""}, {""id"": ""82_781476"", ""type"": ""order"", ""passed"": false, ""category"": ""old_scans""}, {""id"": ""82_578532"", ""type"": ""present"", ""passed"": false, ""category"": ""old_scans""}, {""id"": ""82_73918"", ""type"": ""present"", ""passed"": false, ""category"": ""old_scans""}, {""id"": ""82_794309"", ""type"": ""present"", ""passed"": false, ""category"": ""old_scans""}, {""id"": ""82_338838"", ""type"": ""order"", ""passed"": false, ""category"": ""old_scans""}, {""id"": ""auto_baseline"", ""type"": ""baseline"", ""passed"": true, ""category"": ""baseline""}]",,
qwen2.5-vl-7b,docs,old_scans__85,6.583028067642902,256.0,False,,,,,,,,,,,,False,,old_scans,7.0,3.0,"[{""id"": ""85_204851"", ""type"": ""present"", ""passed"": true, ""category"": ""old_scans""}, {""id"": ""85_81849"", ""type"": ""order"", ""passed"": false, ""category"": ""old_scans""}, {""id"": ""85_633939"", ""type"": ""present"", ""passed"": true, ""category"": ""old_scans""}, {""id"": ""85_81262"", ""type"": ""present"", ""passed"": false, ""category"": ""old_scans""}, {""id"": ""85_718011"", ""type"": ""present"", ""passed"": false, ""category"": ""old_scans""}, {""id"": ""85_913682"", ""type"": ""order"", ""passed"": false, ""category"": ""old_scans""}, {""id"": ""auto_baseline"", ""type"": ""baseline"", ""passed"": true, ""category"": ""baseline""}]",,
qwen2.5-vl-7b,docs,old_scans__96,6.583028067642902,208.0,False,,,,,,,,,,,,False,,old_scans,8.0,2.0,"[{""id"": ""96_686856"", ""type"": ""present"", ""passed"": false, ""category"": ""old_scans""}, {""id"": ""96_324569"", ""type"": ""order"", ""passed"": false, ""category"": ""old_scans""}, {""id"": ""96_489434"", ""type"": ""present"", ""passed"": true, ""category"": ""old_scans""}, {""id"": ""96_341535"", ""type"": ""present"", ""passed"": false, ""category"": ""old_scans""}, {""id"": ""96_984146"", ""type"": ""present"", ""passed"": false, ""category"": ""old_scans""}, {""id"": ""96_798387"", ""type"": ""order"", ""passed"": false, ""category"": ""old_scans""}, {""id"": ""96_991188"", ""type"": ""order"", ""passed"": false, ""category"": ""old_scans""}, {""id"": ""auto_baseline"", ""type"": ""baseline"", ""passed"": true, ""category"": ""baseline""}]",,
qwen2.5-vl-7b,docs,tables__2d54e996d1247bd36695d872863eefebd8f8_pg4,6.583028067642902,1819.0,False,,,,,,,,,,,,False,,table_tests,5.0,3.0,"[{""id"": ""2d54e996d1247bd36695d872863eefebd8f8_pg4_table_00"", ""type"": ""table"", ""passed"": false, ""category"": ""table_tests""}, {""id"": ""2d54e996d1247bd36695d872863eefebd8f8_pg4_table_01"", ""type"": ""table"", ""passed"": true, ""category"": ""table_tests""}, {""id"": ""2d54e996d1247bd36695d872863eefebd8f8_pg4_table_02"", ""type"": ""table"", ""passed"": false, ""category"": ""table_tests""}, {""id"": ""2d54e996d1247bd36695d872863eefebd8f8_pg4_table_03"", ""type"": ""table"", ""passed"": true, ""category"": ""table_tests""}, {""id"": ""auto_baseline"", ""type"": ""baseline"", ""passed"": true, ""category"": ""baseline""}]",,
qwen2.5-vl-7b,docs,tables__2d932ac96ad0d8ccf81a56bd105fa18fdcbb_pg7,6.583028067642902,490.0,False,,,,,,,,,,,,False,,table_tests,2.0,2.0,"[{""id"": ""2d932ac96ad0d8ccf81a56bd105fa18fdcbb_pg7_table_00"", ""type"": ""table"", ""passed"": true, ""category"": ""table_tests""}, {""id"": ""auto_baseline"", ""type"": ""baseline"", ""passed"": true, ""category"": ""baseline""}]",,
qwen2.5-vl-7b,docs,tables__4fafd7de9caa1cf3c0fad313d7bb24b2e685_pg9,6.583028067642902,778.0,False,,,,,,,,,,,,False,,table_tests,5.0,5.0,"[{""id"": ""4fafd7de9caa1cf3c0fad313d7bb24b2e685_pg9_table_00"", ""type"": ""table"", ""passed"": true, ""category"": ""table_tests""}, {""id"": ""4fafd7de9caa1cf3c0fad313d7bb24b2e685_pg9_table_01"", ""type"": ""table"", ""passed"": true, ""category"": ""table_tests""}, {""id"": ""4fafd7de9caa1cf3c0fad313d7bb24b2e685_pg9_table_02"", ""type"": ""table"", ""passed"": true, ""category"": ""table_tests""}, {""id"": ""4fafd7de9caa1cf3c0fad313d7bb24b2e685_pg9_table_03"", ""type"": ""table"", ""passed"": true, ""category"": ""table_tests""}, {""id"": ""auto_baseline"", ""type"": ""baseline"", ""passed"": true, ""category"": ""baseline""}]",,
qwen2.5-vl-7b,docs,tables__529eeb84602e4fba7df7a4b127af6c830f97_pg12,6.583028067642902,433.0,False,,,,,,,,,,,,False,,table_tests,4.0,2.0,"[{""id"": ""529eeb84602e4fba7df7a4b127af6c830f97_pg12_table_00"", ""type"": ""table"", ""passed"": true, ""category"": ""table_tests""}, {""id"": ""529eeb84602e4fba7df7a4b127af6c830f97_pg12_table_01"", ""type"": ""table"", ""passed"": false, ""category"": ""table_tests""}, {""id"": ""529eeb84602e4fba7df7a4b127af6c830f97_pg12_table_04"", ""type"": ""table"", ""passed"": false, ""category"": ""table_tests""}, {""id"": ""auto_baseline"", ""type"": ""baseline"", ""passed"": true, ""category"": ""baseline""}]",,
qwen2.5-vl-7b,docs,tables__a70c1fc81feccfd878dabffd3dc5617b584c_pg5,6.583028067642902,748.0,False,,,,,,,,,,,,False,,table_tests,6.0,2.0,"[{""id"": ""a70c1fc81feccfd878dabffd3dc5617b584c_pg5_table_00"", ""type"": ""table"", ""passed"": false, ""category"": ""table_tests""}, {""id"": ""a70c1fc81feccfd878dabffd3dc5617b584c_pg5_table_01"", ""type"": ""table"", ""passed"": false, ""category"": ""table_tests""}, {""id"": ""a70c1fc81feccfd878dabffd3dc5617b584c_pg5_table_02"", ""type"": ""table"", ""passed"": false, ""category"": ""table_tests""}, {""id"": ""a70c1fc81feccfd878dabffd3dc5617b584c_pg5_table_03"", ""type"": ""table"", ""passed"": true, ""category"": ""table_tests""}, {""id"": ""a70c1fc81feccfd878dabffd3dc5617b584c_pg5_table_04"", ""type"": ""table"", ""passed"": false, ""category"": ""table_tests""}, {""id"": ""auto_baseline"", ""type"": ""baseline"", ""passed"": true, ""category"": ""baseline""}]",,
qwen2.5-vl-7b,docs,tables__b2a4c508f7839c1fbd2bb29a0d56c46bc00e_pg13_pg1,6.583028067642902,1400.0,False,,,,,,,,,,,,False,,table_tests,11.0,11.0,"[{""id"": ""b2a4c508f7839c1fbd2bb29a0d56c46bc00e_pg13_table_00"", ""type"": ""table"", ""passed"": true, ""category"": ""table_tests""}, {""id"": ""b2a4c508f7839c1fbd2bb29a0d56c46bc00e_pg13_table_01"", ""type"": ""table"", ""passed"": true, ""category"": ""table_tests""}, {""id"": ""b2a4c508f7839c1fbd2bb29a0d56c46bc00e_pg13_table_02"", ""type"": ""table"", ""passed"": true, ""category"": ""table_tests""}, {""id"": ""b2a4c508f7839c1fbd2bb29a0d56c46bc00e_pg13_table_03"", ""type"": ""table"", ""passed"": true, ""category"": ""table_tests""}, {""id"": ""b2a4c508f7839c1fbd2bb29a0d56c46bc00e_pg13_table_04"", ""type"": ""table"", ""passed"": true, ""category"": ""table_tests""}, {""id"": ""b2a4c508f7839c1fbd2bb29a0d56c46bc00e_pg13_table_05"", ""type"": ""table"", ""passed"": true, ""category"": ""table_tests""}, {""id"": ""b2a4c508f7839c1fbd2bb29a0d56c46bc00e_pg13_table_06"", ""type"": ""table"", ""passed"": true, ""category"": ""table_tests""}, {""id"": ""b2a4c508f7839c1fbd2bb29a0d56c46bc00e_pg13_table_07"", ""type"": ""table"", ""passed"": true, ""category"": ""table_tests""}, {""id"": ""b2a4c508f7839c1fbd2bb29a0d56c46bc00e_pg13_table_08"", ""type"": ""table"", ""passed"": true, ""category"": ""table_tests""}, {""id"": ""b2a4c508f7839c1fbd2bb29a0d56c46bc00e_pg13_table_09"", ""type"": ""table"", ""passed"": true, ""category"": ""table_tests""}, {""id"": ""auto_baseline"", ""type"": ""baseline"", ""passed"": true, ""category"": ""baseline""}]",,
qwen2.5-vl-7b,docs,tables__b45c138c634308a84b8b2e67997bef8aa70b_pg15,9.1221163242501,1150.0,False,,,,,,,,,,,,False,,table_tests,6.0,3.0,"[{""id"": ""b45c138c634308a84b8b2e67997bef8aa70b_pg15_table_00"", ""type"": ""table"", ""passed"": false, ""category"": ""table_tests""}, {""id"": ""b45c138c634308a84b8b2e67997bef8aa70b_pg15_table_01"", ""type"": ""table"", ""passed"": false, ""category"": ""table_tests""}, {""id"": ""b45c138c634308a84b8b2e67997bef8aa70b_pg15_table_02"", ""type"": ""table"", ""passed"": true, ""category"": ""table_tests""}, {""id"": ""b45c138c634308a84b8b2e67997bef8aa70b_pg15_table_03"", ""type"": ""table"", ""passed"": false, ""category"": ""table_tests""}, {""id"": ""b45c138c634308a84b8b2e67997bef8aa70b_pg15_table_04"", ""type"": ""table"", ""passed"": true, ""category"": ""table_tests""}, {""id"": ""auto_baseline"", ""type"": ""baseline"", ""passed"": true, ""category"": ""baseline""}]",,
qwen2.5-vl-7b,docs,tables__b5d9db350b31304da912832bcbafc47b64d8_pg2_pg1,9.1221163242501,1467.0,False,,,,,,,,,,,,False,,table_tests,6.0,6.0,"[{""id"": ""b5d9db350b31304da912832bcbafc47b64d8_pg2_table_00"", ""type"": ""table"", ""passed"": true, ""category"": ""table_tests""}, {""id"": ""b5d9db350b31304da912832bcbafc47b64d8_pg2_table_01"", ""type"": ""table"", ""passed"": true, ""category"": ""table_tests""}, {""id"": ""b5d9db350b31304da912832bcbafc47b64d8_pg2_table_02"", ""type"": ""table"", ""passed"": true, ""category"": ""table_tests""}, {""id"": ""b5d9db350b31304da912832bcbafc47b64d8_pg2_table_03"", ""type"": ""table"", ""passed"": true, ""category"": ""table_tests""}, {""id"": ""b5d9db350b31304da912832bcbafc47b64d8_pg2_table_04"", ""type"": ""table"", ""passed"": true, ""category"": ""table_tests""}, {""id"": ""auto_baseline"", ""type"": ""baseline"", ""passed"": true, ""category"": ""baseline""}]",,
qwen2.5-vl-7b,docs,tables__b773892dc3e755672b9e085e9eeb8ad18690_pg1_pg1,9.1221163242501,418.0,False,,,,,,,,,,,,False,,table_tests,6.0,6.0,"[{""id"": ""b773892dc3e755672b9e085e9eeb8ad18690_pg1_table_00"", ""type"": ""table"", ""passed"": true, ""category"": ""table_tests""}, {""id"": ""b773892dc3e755672b9e085e9eeb8ad18690_pg1_table_01"", ""type"": ""table"", ""passed"": true, ""category"": ""table_tests""}, {""id"": ""b773892dc3e755672b9e085e9eeb8ad18690_pg1_table_02"", ""type"": ""table"", ""passed"": true, ""category"": ""table_tests""}, {""id"": ""b773892dc3e755672b9e085e9eeb8ad18690_pg1_table_03"", ""type"": ""table"", ""passed"": true, ""category"": ""table_tests""}, {""id"": ""b773892dc3e755672b9e085e9eeb8ad18690_pg1_table_04"", ""type"": ""table"", ""passed"": true, ""category"": ""table_tests""}, {""id"": ""auto_baseline"", ""type"": ""baseline"", ""passed"": true, ""category"": ""baseline""}]",,
qwen2.5-vl-7b,docs,tables__fd6cb6dfe3a918390855052669d9a194231a_pg3,9.1221163242501,1419.0,False,,,,,,,,,,,,False,,table_tests,6.0,1.0,"[{""id"": ""fd6cb6dfe3a918390855052669d9a194231a_pg3_table_00"", ""type"": ""table"", ""passed"": false, ""category"": ""table_tests""}, {""id"": ""fd6cb6dfe3a918390855052669d9a194231a_pg3_table_01"", ""type"": ""table"", ""passed"": false, ""category"": ""table_tests""}, {""id"": ""fd6cb6dfe3a918390855052669d9a194231a_pg3_table_02"", ""type"": ""table"", ""passed"": false, ""category"": ""table_tests""}, {""id"": ""fd6cb6dfe3a918390855052669d9a194231a_pg3_table_03"", ""type"": ""table"", ""passed"": false, ""category"": ""table_tests""}, {""id"": ""fd6cb6dfe3a918390855052669d9a194231a_pg3_table_04"", ""type"": ""table"", ""passed"": false, ""category"": ""table_tests""}, {""id"": ""auto_baseline"", ""type"": ""baseline"", ""passed"": true, ""category"": ""baseline""}]",,
qwen2.5-vl-7b,handwriting,iam_00023,7.610308409812546,19.0,False,,,0.025,0.025,0.125,1.0,40.0,0.875,0.875,0.125,1.0,False,False,,,,,,
qwen2.5-vl-7b,handwriting,iam_00030,7.610308409812546,43.0,False,,,0.03636363636363636,0.03636363636363636,0.25,2.0,55.0,0.75,0.75,0.25,1.018181818181818,False,False,,,,,,
qwen2.5-vl-7b,handwriting,iam_00059,7.610308409812546,11.0,False,,,0.023255813953488372,0.023255813953488372,0.14285714285714285,1.0,43.0,0.8571428571428571,0.8571428571428571,0.14285714285714285,1.0,False,False,,,,,,
qwen2.5-vl-7b,handwriting,iam_00064,7.610308409812546,14.0,False,,,0.07042253521126761,0.07042253521126761,0.25,5.0,71.0,0.75,0.75,0.25,1.0140845070422535,False,False,,,,,,
qwen2.5-vl-7b,handwriting,iam_00071,7.610308409812546,10.0,False,,,0.0,0.0,0.0,0.0,39.0,1.0,1.0,0.0,1.0,False,False,,,,,,
qwen2.5-vl-7b,handwriting,iam_00079,7.610308409812546,9.0,False,,,0.0,0.0,0.0,0.0,43.0,1.0,1.0,0.0,1.0,False,False,,,,,,
qwen2.5-vl-7b,handwriting,iam_00126,7.610308409812546,15.0,False,,,0.0,0.0,0.0,0.0,49.0,1.0,1.0,0.0,1.0,False,False,,,,,,
qwen2.5-vl-7b,handwriting,iam_00143,7.610308409812546,17.0,False,,,0.1794871794871795,0.1794871794871795,0.2857142857142857,7.0,39.0,0.7142857142857143,0.7142857142857143,0.2857142857142857,1.0,False,False,,,,,,
qwen2.5-vl-7b,handwriting,iam_00188,7.610308409812546,15.0,False,,,0.044444444444444446,0.044444444444444446,0.14285714285714285,2.0,45.0,0.875,0.875,0.125,1.0222222222222221,False,False,,,,,,
qwen2.5-vl-7b,handwriting,iam_00258,7.610308409812546,17.0,False,,,0.019230769230769232,0.019230769230769232,0.125,1.0,52.0,0.875,0.875,0.125,1.0,False,False,,,,,,
qwen2.5-vl-7b,handwriting,iam_00264,7.610308409812546,20.0,False,,,0.01694915254237288,0.01694915254237288,0.18181818181818182,1.0,59.0,1.0,1.0,0.0,0.9830508474576272,False,False,,,,,,
qwen2.5-vl-7b,handwriting,iam_00280,7.610308409812546,20.0,False,,,0.32558139534883723,0.32558139534883723,0.8,14.0,43.0,0.16666666666666666,0.2,0.8,0.8604651162790697,False,False,,,,,,
qwen2.5-vl-7b,handwriting,iam_00289,7.610308409812546,16.0,False,,,0.03333333333333333,0.03333333333333333,0.08333333333333333,2.0,60.0,0.9166666666666666,0.9166666666666666,0.08333333333333333,1.0,False,False,,,,,,
qwen2.5-vl-7b,handwriting,iam_00343,7.610308409812546,9.0,False,,,0.0,0.0,0.0,0.0,51.0,1.0,1.0,0.0,1.0,False,False,,,,,,
qwen2.5-vl-7b,handwriting,iam_00364,7.610308409812546,8.0,False,,,0.0,0.0,0.0,0.0,36.0,1.0,1.0,0.0,1.0,False,False,,,,,,
qwen2.5-vl-7b,handwriting,iam_00371,7.610308409812546,10.0,False,,,0.0,0.0,0.0,0.0,44.0,1.0,1.0,0.0,1.0,False,False,,,,,,
qwen2.5-vl-7b,handwriting,iam_00373,8.516888177000006,10.0,False,,,0.03125,0.03125,0.2,1.0,32.0,0.8,0.8,0.2,1.03125,False,False,,,,,,
qwen2.5-vl-7b,handwriting,iam_00403,8.516888177000006,7.0,False,,,0.05555555555555555,0.05555555555555555,0.16666666666666666,2.0,36.0,0.8333333333333334,0.8333333333333334,0.16666666666666666,1.0,False,False,,,,,,
qwen2.5-vl-7b,handwriting,iam_00468,8.516888177000006,31.0,False,,,0.0,0.0,0.0,0.0,37.0,1.0,1.0,0.0,1.0,False,False,,,,,,
qwen2.5-vl-7b,handwriting,iam_00478,8.516888177000006,7.0,False,,,0.034482758620689655,0.034482758620689655,0.2,1.0,29.0,1.0,1.0,0.0,1.0,False,False,,,,,,
qwen2.5-vl-7b,handwriting,iam_00588,8.516888177000006,9.0,False,,,0.0,0.0,0.0,0.0,47.0,1.0,1.0,0.0,1.0,False,False,,,,,,
qwen2.5-vl-7b,handwriting,iam_00608,8.516888177000006,10.0,False,,,0.038461538461538464,0.038461538461538464,0.1111111111111111,2.0,52.0,1.0,1.0,0.0,0.9615384615384616,False,False,,,,,,
qwen2.5-vl-7b,handwriting,iam_00749,8.516888177000006,7.0,False,,,0.0,0.0,0.0,0.0,12.0,1.0,1.0,0.0,1.0,False,False,,,,,,
qwen2.5-vl-7b,handwriting,iam_00819,8.516888177000006,16.0,False,,,0.0,0.0,0.0,0.0,43.0,1.0,1.0,0.0,1.0,False,False,,,,,,
qwen2.5-vl-7b,handwriting,iam_00969,8.516888177000006,34.0,False,,,0.0,0.0,0.0,0.0,40.0,1.0,1.0,0.0,1.0,False,False,,,,,,
qwen2.5-vl-7b,handwriting,iam_01020,17.44428208499994,18.0,False,,,0.0,0.0,0.0,0.0,35.0,1.0,1.0,0.0,1.0,False,False,,,,,,
qwen2.5-vl-7b,handwriting,iam_01023,17.44428208499994,9.0,False,,,0.0,0.0,0.0,0.0,47.0,1.0,1.0,0.0,1.0,False,False,,,,,,
qwen2.5-vl-7b,handwriting,iam_01091,17.44428208499994,13.0,False,,,0.0,0.0,0.0,0.0,51.0,1.0,1.0,0.0,1.0,False,False,,,,,,
qwen2.5-vl-7b,handwriting,iam_01104,17.44428208499994,9.0,False,,,0.0,0.0,0.0,0.0,31.0,1.0,1.0,0.0,1.0,False,False,,,,,,
qwen2.5-vl-7b,handwriting,iam_01238,0.28536290600004577,18.0,False,,,0.175,0.175,0.3333333333333333,7.0,40.0,0.6666666666666666,0.6666666666666666,0.3333333333333333,1.0,False,False,,,,,,
qwen2.5-vl-7b,handwriting,iam_01366,0.41271037500064267,10.0,False,,,0.02127659574468085,0.02127659574468085,0.1111111111111111,1.0,47.0,1.0,1.0,0.0,0.9787234042553191,False,False,,,,,,
qwen2.5-vl-7b,handwriting,iam_01417,17.477078756000083,26.0,False,,,0.0,0.0,0.0,0.0,53.0,1.0,1.0,0.0,1.0,False,False,,,,,,
qwen2.5-vl-7b,handwriting,iam_01452,9.927677200000005,12.0,False,,,0.0,0.0,0.0,0.0,51.0,1.0,1.0,0.0,1.0,False,False,,,,,,
qwen2.5-vl-7b,handwriting,iam_01455,9.927677200000005,5.0,False,,,0.0,0.0,0.0,0.0,5.0,1.0,1.0,0.0,1.0,False,False,,,,,,
qwen2.5-vl-7b,handwriting,iam_01805,9.927677200000005,9.0,False,,,0.0,0.0,0.0,0.0,38.0,1.0,1.0,0.0,1.0,False,False,,,,,,
qwen2.5-vl-7b,handwriting,iam_01857,9.927677200000005,19.0,False,,,0.0,0.0,0.0,0.0,37.0,1.0,1.0,0.0,1.0,False,False,,,,,,
qwen2.5-vl-7b,handwriting,iam_01898,9.927677200000005,23.0,False,,,0.08,0.08,0.2,4.0,50.0,0.9,0.9,0.1,0.94,False,False,,,,,,
qwen2.5-vl-7b,handwriting,iam_01908,9.927677200000005,16.0,False,,,0.0,0.0,0.0,0.0,53.0,1.0,1.0,0.0,1.0,False,False,,,,,,
qwen2.5-vl-7b,handwriting,iam_01970,9.927677200000005,19.0,False,,,0.0,0.0,0.0,0.0,40.0,1.0,1.0,0.0,1.0,False,False,,,,,,
qwen2.5-vl-7b,handwriting,iam_01983,9.927677200000005,14.0,False,,,0.043478260869565216,0.043478260869565216,0.3,2.0,46.0,1.0,1.0,0.0,0.9782608695652174,False,False,,,,,,
qwen2.5-vl-7b,handwriting,iam_01993,9.927677200000005,10.0,False,,,0.0,0.0,0.0,0.0,46.0,1.0,1.0,0.0,1.0,False,False,,,,,,
qwen2.5-vl-7b,handwriting,iam_02060,9.927677200000005,14.0,False,,,0.08163265306122448,0.08163265306122448,0.2222222222222222,4.0,49.0,0.7777777777777778,0.875,0.125,0.9387755102040817,False,False,,,,,,
qwen2.5-vl-7b,handwriting,iam_02081,9.927677200000005,14.0,False,,,0.022222222222222223,0.022222222222222223,0.2,1.0,45.0,1.0,1.0,0.0,0.9777777777777777,False,False,,,,,,
qwen2.5-vl-7b,handwriting,iam_02109,9.927677200000005,13.0,False,,,0.0,0.0,0.0,0.0,43.0,1.0,1.0,0.0,1.0,False,False,,,,,,
qwen2.5-vl-7b,handwriting,iam_02171,9.927677200000005,9.0,False,,,0.0,0.0,0.0,0.0,40.0,1.0,1.0,0.0,1.0,False,False,,,,,,
qwen2.5-vl-7b,handwriting,iam_02216,9.927677200000005,19.0,False,,,0.04878048780487805,0.04878048780487805,0.14285714285714285,2.0,41.0,0.8571428571428571,0.8571428571428571,0.14285714285714285,0.975609756097561,False,False,,,,,,
qwen2.5-vl-7b,handwriting,iam_02279,9.927677200000005,13.0,False,,,0.12244897959183673,0.12244897959183673,0.3,6.0,49.0,0.7272727272727273,0.8,0.2,0.9795918367346939,False,False,,,,,,
qwen2.5-vl-7b,handwriting,iam_02371,9.927677200000005,8.0,False,,,0.13636363636363635,0.13636363636363635,0.4,3.0,22.0,1.0,1.0,0.0,0.9090909090909091,False,False,,,,,,
qwen2.5-vl-7b,handwriting,iam_02384,16.80517791416666,14.0,False,,,0.02564102564102564,0.02564102564102564,0.1,1.0,39.0,1.0,1.0,0.0,1.0,False,False,,,,,,
qwen2.5-vl-7b,handwriting,iam_02463,16.80517791416666,11.0,False,,,0.0,0.0,0.0,0.0,40.0,1.0,1.0,0.0,1.0,False,False,,,,,,
qwen2.5-vl-7b,handwriting,iam_02522,16.80517791416666,23.0,False,,,0.10204081632653061,0.10204081632653061,0.7142857142857143,5.0,49.0,0.875,0.875,0.125,0.9795918367346939,False,False,,,,,,
qwen2.5-vl-7b,handwriting,iam_02552,16.80517791416666,4096.0,False,,,0.0,0.0,0.0,0.0,41.0,1.0,1.0,0.0,1.0,False,True,,,,,,
qwen2.5-vl-7b,handwriting,iam_02640,16.80517791416666,23.0,False,,,0.02040816326530612,0.02040816326530612,0.1111111111111111,1.0,49.0,1.0,1.0,0.0,1.0,False,False,,,,,,
qwen2.5-vl-7b,handwriting,iam_02655,16.80517791416666,20.0,False,,,0.0392156862745098,0.0392156862745098,0.3,2.0,51.0,1.0,1.0,0.0,1.0,False,False,,,,,,
qwen2.5-vl-7b,handwriting,iam_02684,0.4509137830000327,31.0,False,,,0.017543859649122806,0.017543859649122806,0.07142857142857142,1.0,57.0,0.9285714285714286,0.9285714285714286,0.07142857142857142,1.0,False,False,,,,,,
qwen2.5-vl-7b,handwriting,iam_02725,0.5012766439995175,12.0,False,,,0.0,0.0,0.0,0.0,57.0,1.0,1.0,0.0,1.0,False,False,,,,,,
qwen2.5-vl-7b,handwriting,iam_02733,0.2678886860003331,17.0,False,,,0.05128205128205128,0.05128205128205128,0.16666666666666666,2.0,39.0,0.8333333333333334,0.8333333333333334,0.16666666666666666,1.0,False,False,,,,,,
qwen2.5-vl-7b,handwriting,iam_02750,0.5016002729998945,11.0,False,,,0.0,0.0,0.0,0.0,40.0,1.0,1.0,0.0,1.0,False,False,,,,,,
qwen2.5-vl-7b,handwriting,iam_02765,15.154668549000235,16.0,False,,,0.07894736842105263,0.07894736842105263,0.375,3.0,38.0,1.0,1.0,0.0,0.9736842105263158,False,False,,,,,,
qwen2.5-vl-7b,stress,syn000_prose__clean,1.1872808872499832,512.0,False,,,0.0,0.0,0.0,0.0,2182.0,1.0,1.0,0.0,1.0,False,False,,,,,prose,clean
qwen2.5-vl-7b,stress,syn000_prose__dpi150,1.1872808872499832,512.0,False,,,0.0,0.0,0.0,0.0,2182.0,1.0,1.0,0.0,1.0,False,False,,,,,prose,dpi150
qwen2.5-vl-7b,stress,syn000_prose__dpi75,1.1872808872499832,512.0,False,,,0.0,0.0,0.0,0.0,2182.0,1.0,1.0,0.0,1.0,False,False,,,,,prose,dpi75
qwen2.5-vl-7b,stress,syn000_prose__blur,1.1872808872499832,525.0,False,,,0.0,0.0,0.0,0.0,2182.0,1.0,1.0,0.0,1.0,False,False,,,,,prose,blur
qwen2.5-vl-7b,stress,syn000_prose__noise,1.1872808872499832,512.0,False,,,0.0,0.0,0.0,0.0,2182.0,1.0,1.0,0.0,1.0,False,False,,,,,prose,noise
qwen2.5-vl-7b,stress,syn000_prose__rotate3,1.1872808872499832,512.0,False,,,0.0,0.0,0.0,0.0,2182.0,1.0,1.0,0.0,1.0,False,False,,,,,prose,rotate3
qwen2.5-vl-7b,stress,syn000_prose__rotate8,1.1872808872499832,512.0,False,,,0.0,0.0,0.0,0.0,2182.0,1.0,1.0,0.0,1.0,False,False,,,,,prose,rotate8
qwen2.5-vl-7b,stress,syn000_prose__jpeg_q10,1.1872808872499832,525.0,False,,,0.0,0.0,0.0,0.0,2182.0,1.0,1.0,0.0,1.0,False,False,,,,,prose,jpeg_q10
qwen2.5-vl-7b,stress,syn000_prose__low_contrast,1.1872808872499832,512.0,False,,,0.0,0.0,0.0,0.0,2182.0,1.0,1.0,0.0,1.0,False,False,,,,,prose,low_contrast
qwen2.5-vl-7b,stress,syn000_prose__photocopy,1.1872808872499832,512.0,False,,,0.0,0.0,0.0,0.0,2182.0,1.0,1.0,0.0,1.0,False,False,,,,,prose,photocopy
qwen2.5-vl-7b,stress,syn000_prose__phone_photo,1.1872808872499832,525.0,False,,,0.0,0.0,0.0,0.0,2182.0,1.0,1.0,0.0,1.0,False,False,,,,,prose,phone_photo
qwen2.5-vl-7b,stress,syn001_two_column__clean,1.1872808872499832,454.0,False,,,0.4980544747081712,0.4980544747081712,0.6166219839142091,1024.0,2056.0,1.0,1.0,0.0,1.0,False,False,,,,,two_column,clean
qwen2.5-vl-7b,stress,syn001_two_column__dpi150,1.1872808872499832,454.0,False,,,0.4980544747081712,0.4980544747081712,0.6166219839142091,1024.0,2056.0,1.0,1.0,0.0,1.0,False,False,,,,,two_column,dpi150
qwen2.5-vl-7b,stress,syn001_two_column__dpi75,1.1872808872499832,454.0,False,,,0.0,0.0,0.0,0.0,2056.0,1.0,1.0,0.0,1.0,False,False,,,,,two_column,dpi75
qwen2.5-vl-7b,stress,syn001_two_column__blur,1.1872808872499832,454.0,False,,,0.0,0.0,0.0,0.0,2056.0,1.0,1.0,0.0,1.0,False,False,,,,,two_column,blur
qwen2.5-vl-7b,stress,syn001_two_column__noise,1.1872808872499832,454.0,False,,,0.4980544747081712,0.4980544747081712,0.6166219839142091,1024.0,2056.0,1.0,1.0,0.0,1.0,False,False,,,,,two_column,noise
qwen2.5-vl-7b,stress,syn001_two_column__rotate3,0.8993394880625374,454.0,False,,,0.0,0.0,0.0,0.0,2056.0,1.0,1.0,0.0,1.0,False,False,,,,,two_column,rotate3
qwen2.5-vl-7b,stress,syn001_two_column__rotate8,0.8993394880625374,443.0,False,,,0.0,0.0,0.0,0.0,2056.0,1.0,1.0,0.0,1.0,False,False,,,,,two_column,rotate8
qwen2.5-vl-7b,stress,syn001_two_column__jpeg_q10,0.8993394880625374,454.0,False,,,0.6386186770428015,0.6386186770428015,0.6434316353887399,1313.0,2056.0,1.0,1.0,0.0,1.0,False,False,,,,,two_column,jpeg_q10
qwen2.5-vl-7b,stress,syn001_two_column__low_contrast,0.8993394880625374,454.0,False,,,0.0,0.0,0.0,0.0,2056.0,1.0,1.0,0.0,1.0,False,False,,,,,two_column,low_contrast
qwen2.5-vl-7b,stress,syn001_two_column__photocopy,0.8993394880625374,454.0,False,,,0.4980544747081712,0.4980544747081712,0.6166219839142091,1024.0,2056.0,1.0,1.0,0.0,1.0,False,False,,,,,two_column,photocopy
qwen2.5-vl-7b,stress,syn001_two_column__phone_photo,0.8993394880625374,454.0,False,,,0.0,0.0,0.0,0.0,2056.0,1.0,1.0,0.0,1.0,False,False,,,,,two_column,phone_photo
qwen2.5-vl-7b,stress,syn002_table__clean,0.8993394880625374,274.0,False,,,0.0,0.0,0.0,0.0,426.0,1.0,1.0,0.0,1.0,False,False,,,,,table,clean
qwen2.5-vl-7b,stress,syn002_table__dpi150,0.8993394880625374,274.0,False,,,0.0,0.0,0.0,0.0,426.0,1.0,1.0,0.0,1.0,False,False,,,,,table,dpi150
qwen2.5-vl-7b,stress,syn002_table__dpi75,0.8993394880625374,279.0,False,,,0.0,0.0,0.0,0.0,426.0,1.0,1.0,0.0,1.0,False,False,,,,,table,dpi75
qwen2.5-vl-7b,stress,syn002_table__blur,0.8993394880625374,279.0,False,,,0.0,0.0,0.0,0.0,426.0,1.0,1.0,0.0,1.0,False,False,,,,,table,blur
qwen2.5-vl-7b,stress,syn002_table__noise,0.8993394880625374,274.0,False,,,0.0,0.0,0.0,0.0,426.0,1.0,1.0,0.0,1.0,False,False,,,,,table,noise
qwen2.5-vl-7b,stress,syn002_table__rotate3,0.8993394880625374,279.0,False,,,0.0,0.0,0.0,0.0,426.0,1.0,1.0,0.0,1.0,False,False,,,,,table,rotate3
qwen2.5-vl-7b,stress,syn002_table__rotate8,0.8993394880625374,274.0,False,,,0.0,0.0,0.0,0.0,426.0,1.0,1.0,0.0,1.0,False,False,,,,,table,rotate8
qwen2.5-vl-7b,stress,syn002_table__jpeg_q10,0.8993394880625374,279.0,False,,,0.0,0.0,0.0,0.0,426.0,1.0,1.0,0.0,1.0,False,False,,,,,table,jpeg_q10
qwen2.5-vl-7b,stress,syn002_table__low_contrast,0.8993394880625374,268.0,False,,,0.10093896713615023,0.10093896713615023,0.1076923076923077,43.0,426.0,0.9222222222222223,0.9880952380952381,0.011904761904761904,0.8990610328638498,False,False,,,,,table,low_contrast
qwen2.5-vl-7b,stress,syn002_table__photocopy,0.8993394880625374,274.0,False,,,0.0,0.0,0.0,0.0,426.0,1.0,1.0,0.0,1.0,False,False,,,,,table,photocopy
qwen2.5-vl-7b,stress,syn002_table__phone_photo,1.060929770250027,279.0,False,,,0.0,0.0,0.0,0.0,426.0,1.0,1.0,0.0,1.0,False,False,,,,,table,phone_photo
qwen2.5-vl-7b,stress,syn003_invoice__clean,1.060929770250027,291.0,False,,,0.0,0.0,0.0,0.0,463.0,1.0,1.0,0.0,1.0,False,False,,,,,invoice,clean
qwen2.5-vl-7b,stress,syn003_invoice__dpi150,1.060929770250027,220.0,False,,,0.2526997840172786,0.2526997840172786,0.24242424242424243,117.0,463.0,0.7717391304347826,1.0,0.0,0.7473002159827213,False,False,,,,,invoice,dpi150
qwen2.5-vl-7b,stress,syn003_invoice__dpi75,1.060929770250027,286.0,False,,,0.0,0.0,0.0,0.0,463.0,1.0,1.0,0.0,1.0,False,False,,,,,invoice,dpi75
qwen2.5-vl-7b,stress,syn003_invoice__blur,1.060929770250027,220.0,False,,,0.2526997840172786,0.2526997840172786,0.24242424242424243,117.0,463.0,0.7717391304347826,1.0,0.0,0.7473002159827213,False,False,,,,,invoice,blur
qwen2.5-vl-7b,stress,syn003_invoice__noise,1.060929770250027,296.0,False,,,0.0,0.0,0.0,0.0,463.0,1.0,1.0,0.0,1.0,False,False,,,,,invoice,noise
qwen2.5-vl-7b,stress,syn003_invoice__rotate3,1.060929770250027,296.0,False,,,0.0,0.0,0.0,0.0,463.0,1.0,1.0,0.0,1.0,False,False,,,,,invoice,rotate3
qwen2.5-vl-7b,stress,syn003_invoice__rotate8,1.060929770250027,225.0,False,,,0.2526997840172786,0.2526997840172786,0.24242424242424243,117.0,463.0,0.7717391304347826,1.0,0.0,0.7473002159827213,False,False,,,,,invoice,rotate8
qwen2.5-vl-7b,stress,syn003_invoice__jpeg_q10,1.060929770250027,220.0,False,,,0.2526997840172786,0.2526997840172786,0.24242424242424243,117.0,463.0,0.7717391304347826,1.0,0.0,0.7473002159827213,False,False,,,,,invoice,jpeg_q10
qwen2.5-vl-7b,stress,syn003_invoice__low_contrast,1.060929770250027,296.0,False,,,0.0,0.0,0.0,0.0,463.0,1.0,1.0,0.0,1.0,False,False,,,,,invoice,low_contrast
qwen2.5-vl-7b,stress,syn003_invoice__photocopy,1.060929770250027,296.0,False,,,0.0,0.0,0.0,0.0,463.0,1.0,1.0,0.0,1.0,False,False,,,,,invoice,photocopy
qwen2.5-vl-7b,stress,syn003_invoice__phone_photo,1.060929770250027,294.0,False,,,0.0,0.0,0.0,0.0,463.0,1.0,1.0,0.0,1.0,False,False,,,,,invoice,phone_photo
qwen2.5-vl-7b,stress,syn004_prose__clean,1.060929770250027,509.0,False,,,0.0,0.0,0.0,0.0,2242.0,1.0,1.0,0.0,1.0,False,False,,,,,prose,clean
qwen2.5-vl-7b,stress,syn004_prose__dpi150,1.060929770250027,509.0,False,,,0.0,0.0,0.0,0.0,2242.0,1.0,1.0,0.0,1.0,False,False,,,,,prose,dpi150
qwen2.5-vl-7b,stress,syn004_prose__dpi75,1.060929770250027,509.0,False,,,0.0,0.0,0.0,0.0,2242.0,1.0,1.0,0.0,1.0,False,False,,,,,prose,dpi75
qwen2.5-vl-7b,stress,syn004_prose__blur,1.060929770250027,509.0,False,,,0.0,0.0,0.0,0.0,2242.0,1.0,1.0,0.0,1.0,False,False,,,,,prose,blur
qwen2.5-vl-7b,stress,syn004_prose__noise,1.3388526187142946,509.0,False,,,0.00044603033006244426,0.00044603033006244426,0.0025575447570332483,1.0,2242.0,0.9974619289340102,0.9974619289340102,0.0025380710659898475,0.9995539696699376,False,False,,,,,prose,noise
qwen2.5-vl-7b,stress,syn004_prose__rotate3,1.3388526187142946,509.0,False,,,0.00044603033006244426,0.00044603033006244426,0.0025575447570332483,1.0,2242.0,0.9974619289340102,0.9974619289340102,0.0025380710659898475,0.9995539696699376,False,False,,,,,prose,rotate3
qwen2.5-vl-7b,stress,syn004_prose__rotate8,1.3388526187142946,509.0,False,,,0.0,0.0,0.0,0.0,2242.0,1.0,1.0,0.0,1.0,False,False,,,,,prose,rotate8
qwen2.5-vl-7b,stress,syn004_prose__jpeg_q10,1.3388526187142946,509.0,False,,,0.0,0.0,0.0,0.0,2242.0,1.0,1.0,0.0,1.0,False,False,,,,,prose,jpeg_q10
qwen2.5-vl-7b,stress,syn004_prose__low_contrast,1.3388526187142946,509.0,False,,,0.0,0.0,0.0,0.0,2242.0,1.0,1.0,0.0,1.0,False,False,,,,,prose,low_contrast
qwen2.5-vl-7b,stress,syn004_prose__photocopy,1.3388526187142946,509.0,False,,,0.00044603033006244426,0.00044603033006244426,0.0025575447570332483,1.0,2242.0,0.9974619289340102,0.9974619289340102,0.0025380710659898475,0.9995539696699376,False,False,,,,,prose,photocopy
qwen2.5-vl-7b,stress,syn004_prose__phone_photo,1.3388526187142946,509.0,False,,,0.0,0.0,0.0,0.0,2242.0,1.0,1.0,0.0,1.0,False,False,,,,,prose,phone_photo
