... [9898 earlier lines trimmed]
Progress: |█████████████-------------------------------------| 26.6% Complete
Progress: |█████████████-------------------------------------| 26.6% Complete
Progress: |█████████████-------------------------------------| 26.7% Complete
Progress: |█████████████-------------------------------------| 26.7% Complete
Progress: |█████████████-------------------------------------| 26.8% Complete
Progress: |█████████████-------------------------------------| 26.8% Complete
Progress: |█████████████-------------------------------------| 26.9% Complete
Progress: |█████████████-------------------------------------| 27.0% Complete
Progress: |█████████████-------------------------------------| 27.0% Complete
Progress: |█████████████-------------------------------------| 27.1% Complete
Progress: |█████████████-------------------------------------| 27.1% Complete
Progress: |█████████████-------------------------------------| 27.2% Complete
Progress: |█████████████-------------------------------------| 27.2% Complete
Progress: |█████████████-------------------------------------| 27.3% Complete
Progress: |█████████████-------------------------------------| 27.4% Complete
Progress: |█████████████-------------------------------------| 27.4% Complete
Progress: |█████████████-------------------------------------| 27.5% Complete
Progress: |█████████████-------------------------------------| 27.5% Complete
Progress: |█████████████-------------------------------------| 27.6% Complete
Progress: |█████████████-------------------------------------| 27.6% Complete
Progress: |█████████████-------------------------------------| 27.7% Complete
Progress: |█████████████-------------------------------------| 27.8% Complete
Progress: |█████████████-------------------------------------| 27.8% Complete
Progress: |█████████████-------------------------------------| 27.9% Complete
Progress: |█████████████-------------------------------------| 27.9% Complete
Progress: |█████████████-------------------------------------| 28.0% Complete
Progress: |██████████████------------------------------------| 28.0% Complete
Progress: |██████████████------------------------------------| 28.1% Complete
Progress: |██████████████------------------------------------| 28.2% Complete
Progress: |██████████████------------------------------------| 28.2% Complete
Progress: |██████████████------------------------------------| 28.3% Complete
Progress: |██████████████------------------------------------| 28.3% Complete
Progress: |██████████████------------------------------------| 28.4% Complete
Progress: |██████████████------------------------------------| 28.4% Complete
Progress: |██████████████------------------------------------| 28.5% Complete
Progress: |██████████████------------------------------------| 28.6% Complete
Progress: |██████████████------------------------------------| 28.6% Complete
Progress: |██████████████------------------------------------| 28.7% Complete
Progress: |██████████████------------------------------------| 28.7% Complete
Progress: |██████████████------------------------------------| 28.8% Complete
Progress: |██████████████------------------------------------| 28.8% Complete
Progress: |██████████████------------------------------------| 28.9% Complete
Progress: |██████████████------------------------------------| 29.0% Complete
Progress: |██████████████------------------------------------| 29.0% Complete
Progress: |██████████████------------------------------------| 29.1% Complete
Progress: |██████████████------------------------------------| 29.1% Complete
Progress: |██████████████------------------------------------| 29.2% Complete
Progress: |██████████████------------------------------------| 29.2% Complete
Progress: |██████████████------------------------------------| 29.3% Complete
Progress: |██████████████------------------------------------| 29.4% Complete
Progress: |██████████████------------------------------------| 29.4% Complete
Progress: |██████████████------------------------------------| 29.5% Complete
Progress: |██████████████------------------------------------| 29.5% Complete
Progress: |██████████████------------------------------------| 29.6% Complete
Progress: |██████████████------------------------------------| 29.6% Complete
Progress: |██████████████------------------------------------| 29.7% Complete
Progress: |██████████████------------------------------------| 29.8% Complete
Progress: |██████████████------------------------------------| 29.8% Complete
Progress: |██████████████------------------------------------| 29.9% Complete
Progress: |██████████████------------------------------------| 29.9% Complete
Progress: |██████████████------------------------------------| 30.0% Complete
Progress: |███████████████-----------------------------------| 30.0% Complete
Progress: |███████████████-----------------------------------| 30.1% Complete
Progress: |███████████████-----------------------------------| 30.2% Complete
Progress: |███████████████-----------------------------------| 30.2% Complete
Progress: |███████████████-----------------------------------| 30.3% Complete
Progress: |███████████████-----------------------------------| 30.3% Complete
Progress: |███████████████-----------------------------------| 30.4% Complete
Progress: |███████████████-----------------------------------| 30.5% Complete
Progress: |███████████████-----------------------------------| 30.5% Complete
Progress: |███████████████-----------------------------------| 30.6% Complete
Progress: |███████████████-----------------------------------| 30.6% Complete
Progress: |███████████████-----------------------------------| 30.7% Complete
Progress: |███████████████-----------------------------------| 30.7% Complete
Progress: |███████████████-----------------------------------| 30.8% Complete
Progress: |███████████████-----------------------------------| 30.9% Complete
Progress: |███████████████-----------------------------------| 30.9% Complete
Progress: |███████████████-----------------------------------| 31.0% Complete
Progress: |███████████████-----------------------------------| 31.0% Complete
Progress: |███████████████-----------------------------------| 31.1% Complete
Progress: |███████████████-----------------------------------| 31.1% Complete
Progress: |███████████████-----------------------------------| 31.2% Complete
Progress: |███████████████-----------------------------------| 31.3% Complete
Progress: |███████████████-----------------------------------| 31.3% Complete
Progress: |███████████████-----------------------------------| 31.4% Complete
Progress: |███████████████-----------------------------------| 31.4% Complete
Progress: |███████████████-----------------------------------| 31.5% Complete
Progress: |███████████████-----------------------------------| 31.5% Complete
Progress: |███████████████-----------------------------------| 31.6% Complete
Progress: |███████████████-----------------------------------| 31.7% Complete
Progress: |███████████████-----------------------------------| 31.7% Complete
Progress: |███████████████-----------------------------------| 31.8% Complete
Progress: |███████████████-----------------------------------| 31.8% Complete
Progress: |███████████████-----------------------------------| 31.9% Complete
Progress: |███████████████-----------------------------------| 31.9% Complete
Progress: |███████████████-----------------------------------| 32.0% Complete
Progress: |████████████████----------------------------------| 32.1% Complete
Progress: |████████████████----------------------------------| 32.1% Complete
Progress: |████████████████----------------------------------| 32.2% Complete
Progress: |████████████████----------------------------------| 32.2% Complete
Progress: |████████████████----------------------------------| 32.3% Complete
Progress: |████████████████----------------------------------| 32.3% Complete
Progress: |████████████████----------------------------------| 32.4% Complete
Progress: |████████████████----------------------------------| 32.5% Complete
Progress: |████████████████----------------------------------| 32.5% Complete
Progress: |████████████████----------------------------------| 32.6% Complete
Progress: |████████████████----------------------------------| 32.6% Complete
Progress: |████████████████----------------------------------| 32.7% Complete
Progress: |████████████████----------------------------------| 32.7% Complete
Progress: |████████████████----------------------------------| 32.8% Complete
Progress: |████████████████----------------------------------| 32.9% Complete
Progress: |████████████████----------------------------------| 32.9% Complete
Progress: |████████████████----------------------------------| 33.0% Complete
Progress: |████████████████----------------------------------| 33.0% Complete
Progress: |████████████████----------------------------------| 33.1% Complete
Progress: |████████████████----------------------------------| 33.1% Complete
Progress: |████████████████----------------------------------| 33.2% Complete
Progress: |████████████████----------------------------------| 33.3% Complete
Progress: |████████████████----------------------------------| 33.3% Complete
Progress: |████████████████----------------------------------| 33.4% Complete
Progress: |████████████████----------------------------------| 33.4% Complete
Progress: |████████████████----------------------------------| 33.5% Complete
Progress: |████████████████----------------------------------| 33.5% Complete
Progress: |████████████████----------------------------------| 33.6% Complete
Progress: |████████████████----------------------------------| 33.7% Complete
Progress: |████████████████----------------------------------| 33.7% Complete
Progress: |████████████████----------------------------------| 33.8% Complete
Progress: |████████████████----------------------------------| 33.8% Complete
Progress: |████████████████----------------------------------| 33.9% Complete
Progress: |████████████████----------------------------------| 33.9% Complete
Progress: |█████████████████---------------------------------| 34.0% Complete
Progress: |█████████████████---------------------------------| 34.1% Complete
Progress: |█████████████████---------------------------------| 34.1% Complete
Progress: |█████████████████---------------------------------| 34.2% Complete
Progress: |█████████████████---------------------------------| 34.2% Complete
Progress: |█████████████████---------------------------------| 34.3% Complete
Progress: |█████████████████---------------------------------| 34.4% Complete
Progress: |█████████████████---------------------------------| 34.4% Complete
Progress: |█████████████████---------------------------------| 34.5% Complete
Progress: |█████████████████---------------------------------| 34.5% Complete
Progress: |█████████████████---------------------------------| 34.6% Complete
Progress: |█████████████████---------------------------------| 34.6% Complete
Progress: |█████████████████---------------------------------| 34.7% Complete
Progress: |█████████████████---------------------------------| 34.8% Complete
Progress: |█████████████████---------------------------------| 34.8% Complete
Progress: |█████████████████---------------------------------| 34.9% Complete
Progress: |█████████████████---------------------------------| 34.9% Complete
Progress: |█████████████████---------------------------------| 35.0% Complete
Progress: |█████████████████---------------------------------| 35.0% Complete
Progress: |█████████████████---------------------------------| 35.1% Complete
Progress: |█████████████████---------------------------------| 35.2% Complete
Progress: |█████████████████---------------------------------| 35.2% Complete
Progress: |█████████████████---------------------------------| 35.3% Complete
Progress: |█████████████████---------------------------------| 35.3% Complete
Progress: |█████████████████---------------------------------| 35.4% Complete
Progress: |█████████████████---------------------------------| 35.4% Complete
Progress: |█████████████████---------------------------------| 35.5% Complete
Progress: |█████████████████---------------------------------| 35.6% Complete
Progress: |█████████████████---------------------------------| 35.6% Complete
Progress: |█████████████████---------------------------------| 35.7% Complete
Progress: |█████████████████---------------------------------| 35.7% Complete
Progress: |█████████████████---------------------------------| 35.8% Complete
Progress: |█████████████████---------------------------------| 35.8% Complete
Progress: |█████████████████---------------------------------| 35.9% Complete
Progress: |█████████████████---------------------------------| 36.0% Complete
Progress: |██████████████████--------------------------------| 36.0% Complete
Progress: |██████████████████--------------------------------| 36.1% Complete
Progress: |██████████████████--------------------------------| 36.1% Complete
Progress: |██████████████████--------------------------------| 36.2% Complete
Progress: |██████████████████--------------------------------| 36.2% Complete
Progress: |██████████████████--------------------------------| 36.3% Complete
Progress: |██████████████████--------------------------------| 36.4% Complete
Progress: |██████████████████--------------------------------| 36.4% Complete
Progress: |██████████████████--------------------------------| 36.5% Complete
Progress: |██████████████████--------------------------------| 36.5% Complete
Progress: |██████████████████--------------------------------| 36.6% Complete
Progress: |██████████████████--------------------------------| 36.6% Complete
Progress: |██████████████████--------------------------------| 36.7% Complete
Progress: |██████████████████--------------------------------| 36.8% Complete
Progress: |██████████████████--------------------------------| 36.8% Complete
Progress: |██████████████████--------------------------------| 36.9% Complete
Progress: |██████████████████--------------------------------| 36.9% Complete
Progress: |██████████████████--------------------------------| 37.0% Complete
Progress: |██████████████████--------------------------------| 37.0% Complete
Progress: |██████████████████--------------------------------| 37.1% Complete
Progress: |██████████████████--------------------------------| 37.2% Complete
Progress: |██████████████████--------------------------------| 37.2% Complete
Progress: |██████████████████--------------------------------| 37.3% Complete
Progress: |██████████████████--------------------------------| 37.3% Complete
Progress: |██████████████████--------------------------------| 37.4% Complete
Progress: |██████████████████--------------------------------| 37.4% Complete
Progress: |██████████████████--------------------------------| 37.5% Complete
Progress: |██████████████████--------------------------------| 37.6% Complete
Progress: |██████████████████--------------------------------| 37.6% Complete
Progress: |██████████████████--------------------------------| 37.7% Complete
Progress: |██████████████████--------------------------------| 37.7% Complete
Progress: |██████████████████--------------------------------| 37.8% Complete
Progress: |██████████████████--------------------------------| 37.8% Complete
Progress: |██████████████████--------------------------------| 37.9% Complete
Progress: |██████████████████--------------------------------| 38.0% Complete
Progress: |███████████████████-------------------------------| 38.0% Complete
Progress: |███████████████████-------------------------------| 38.1% Complete
Progress: |███████████████████-------------------------------| 38.1% Complete
Progress: |███████████████████-------------------------------| 38.2% Complete
Progress: |███████████████████-------------------------------| 38.3% Complete
Progress: |███████████████████-------------------------------| 38.3% Complete
Progress: |███████████████████-------------------------------| 38.4% Complete
Progress: |███████████████████-------------------------------| 38.4% Complete
Progress: |███████████████████-------------------------------| 38.5% Complete
Progress: |███████████████████-------------------------------| 38.5% Complete
Progress: |███████████████████-------------------------------| 38.6% Complete
Progress: |███████████████████-------------------------------| 38.7% Complete
Progress: |███████████████████-------------------------------| 38.7% Complete
Progress: |███████████████████-------------------------------| 38.8% Complete
Progress: |███████████████████-------------------------------| 38.8% Complete
Progress: |███████████████████-------------------------------| 38.9% Complete
Progress: |███████████████████-------------------------------| 38.9% Complete
Progress: |███████████████████-------------------------------| 39.0% Complete
Progress: |███████████████████-------------------------------| 39.1% Complete
Progress: |███████████████████-------------------------------| 39.1% Complete
Progress: |███████████████████-------------------------------| 39.2% Complete
Progress: |███████████████████-------------------------------| 39.2% Complete
Progress: |███████████████████-------------------------------| 39.3% Complete
Progress: |███████████████████-------------------------------| 39.3% Complete
Progress: |███████████████████-------------------------------| 39.4% Complete
Progress: |███████████████████-------------------------------| 39.5% Complete
Progress: |███████████████████-------------------------------| 39.5% Complete
Progress: |███████████████████-------------------------------| 39.6% Complete
Progress: |███████████████████-------------------------------| 39.6% Complete
Progress: |███████████████████-------------------------------| 39.7% Complete
Progress: |███████████████████-------------------------------| 39.7% Complete
Progress: |███████████████████-------------------------------| 39.8% Complete
Progress: |███████████████████-------------------------------| 39.9% Complete
Progress: |███████████████████-------------------------------| 39.9% Complete
Progress: |███████████████████-------------------------------| 40.0% Complete
Progress: |████████████████████------------------------------| 40.0% Complete
Progress: |████████████████████------------------------------| 40.1% Complete
Progress: |████████████████████------------------------------| 40.1% Complete
Progress: |████████████████████------------------------------| 40.2% Complete
Progress: |████████████████████------------------------------| 40.3% Complete
Progress: |████████████████████------------------------------| 40.3% Complete
Progress: |████████████████████------------------------------| 40.4% Complete
Progress: |████████████████████------------------------------| 40.4% Complete
Progress: |████████████████████------------------------------| 40.5% Complete
Progress: |████████████████████------------------------------| 40.5% Complete
Progress: |████████████████████------------------------------| 40.6% Complete
Progress: |████████████████████------------------------------| 40.7% Complete
Progress: |████████████████████------------------------------| 40.7% Complete
Progress: |████████████████████------------------------------| 40.8% Complete
Progress: |████████████████████------------------------------| 40.8% Complete
Progress: |████████████████████------------------------------| 40.9% Complete
Progress: |████████████████████------------------------------| 40.9% Complete
Progress: |████████████████████------------------------------| 41.0% Complete
Progress: |████████████████████------------------------------| 41.1% Complete
Progress: |████████████████████------------------------------| 41.1% Complete
Progress: |████████████████████------------------------------| 41.2% Complete
Progress: |████████████████████------------------------------| 41.2% Complete
Progress: |████████████████████------------------------------| 41.3% Complete
Progress: |████████████████████------------------------------| 41.3% Complete
Progress: |████████████████████------------------------------| 41.4% Complete
Progress: |████████████████████------------------------------| 41.5% Complete
Progress: |████████████████████------------------------------| 41.5% Complete
Progress: |████████████████████------------------------------| 41.6% Complete
Progress: |████████████████████------------------------------| 41.6% Complete
Progress: |████████████████████------------------------------| 41.7% Complete
Progress: |████████████████████------------------------------| 41.7% Complete
Progress: |████████████████████------------------------------| 41.8% Complete
Progress: |████████████████████------------------------------| 41.9% Complete
Progress: |████████████████████------------------------------| 41.9% Complete
Progress: |████████████████████------------------------------| 42.0% Complete
Progress: |█████████████████████-----------------------------| 42.0% Complete
Progress: |█████████████████████-----------------------------| 42.1% Complete
Progress: |█████████████████████-----------------------------| 42.2% Complete
Progress: |█████████████████████-----------------------------| 42.2% Complete
Progress: |█████████████████████-----------------------------| 42.3% Complete
Progress: |█████████████████████-----------------------------| 42.3% Complete
Progress: |█████████████████████-----------------------------| 42.4% Complete
Progress: |█████████████████████-----------------------------| 42.4% Complete
Progress: |█████████████████████-----------------------------| 42.5% Complete
Progress: |█████████████████████-----------------------------| 42.6% Complete
Progress: |█████████████████████-----------------------------| 42.6% Complete
Progress: |█████████████████████-----------------------------| 42.7% Complete
Progress: |█████████████████████-----------------------------| 42.7% Complete
Progress: |█████████████████████-----------------------------| 42.8% Complete
Progress: |█████████████████████-----------------------------| 42.8% Complete
Progress: |█████████████████████-----------------------------| 42.9% Complete
Progress: |█████████████████████-----------------------------| 43.0% Complete
Progress: |█████████████████████-----------------------------| 43.0% Complete
Progress: |█████████████████████-----------------------------| 43.1% Complete
Progress: |█████████████████████-----------------------------| 43.1% Complete
Progress: |█████████████████████-----------------------------| 43.2% Complete
Progress: |█████████████████████-----------------------------| 43.2% Complete
Progress: |█████████████████████-----------------------------| 43.3% Complete
Progress: |█████████████████████-----------------------------| 43.4% Complete
Progress: |█████████████████████-----------------------------| 43.4% Complete
Progress: |█████████████████████-----------------------------| 43.5% Complete
Progress: |█████████████████████-----------------------------| 43.5% Complete
Progress: |█████████████████████-----------------------------| 43.6% Complete
Progress: |█████████████████████-----------------------------| 43.6% Complete
Progress: |█████████████████████-----------------------------| 43.7% Complete
Progress: |█████████████████████-----------------------------| 43.8% Complete
Progress: |█████████████████████-----------------------------| 43.8% Complete
Progress: |█████████████████████-----------------------------| 43.9% Complete
Progress: |█████████████████████-----------------------------| 43.9% Complete
Progress: |█████████████████████-----------------------------| 44.0% Complete
Progress: |██████████████████████----------------------------| 44.0% Complete
Progress: |██████████████████████----------------------------| 44.1% Complete
Progress: |██████████████████████----------------------------| 44.2% Complete
Progress: |██████████████████████----------------------------| 44.2% Complete
Progress: |██████████████████████----------------------------| 44.3% Complete
Progress: |██████████████████████----------------------------| 44.3% Complete
Progress: |██████████████████████----------------------------| 44.4% Complete
Progress: |██████████████████████----------------------------| 44.4% Complete
Progress: |██████████████████████----------------------------| 44.5% Complete
Progress: |██████████████████████----------------------------| 44.6% Complete
Progress: |██████████████████████----------------------------| 44.6% Complete
Progress: |██████████████████████----------------------------| 44.7% Complete
Progress: |██████████████████████----------------------------| 44.7% Complete
Progress: |██████████████████████----------------------------| 44.8% Complete
Progress: |██████████████████████----------------------------| 44.8% Complete
Progress: |██████████████████████----------------------------| 44.9% Complete
Progress: |██████████████████████----------------------------| 45.0% Complete
Progress: |██████████████████████----------------------------| 45.0% Complete
Progress: |██████████████████████----------------------------| 45.1% Complete
Progress: |██████████████████████----------------------------| 45.1% Complete
Progress: |██████████████████████----------------------------| 45.2% Complete
Progress: |██████████████████████----------------------------| 45.2% Complete
Progress: |██████████████████████----------------------------| 45.3% Complete
Progress: |██████████████████████----------------------------| 45.4% Complete
Progress: |██████████████████████----------------------------| 45.4% Complete
Progress: |██████████████████████----------------------------| 45.5% Complete
Progress: |██████████████████████----------------------------| 45.5% Complete
Progress: |██████████████████████----------------------------| 45.6% Complete
Progress: |██████████████████████----------------------------| 45.6% Complete
Progress: |██████████████████████----------------------------| 45.7% Complete
Progress: |██████████████████████----------------------------| 45.8% Complete
Progress: |██████████████████████----------------------------| 45.8% Complete
Progress: |██████████████████████----------------------------| 45.9% Complete
Progress: |██████████████████████----------------------------| 45.9% Complete
Progress: |██████████████████████----------------------------| 46.0% Complete
Progress: |███████████████████████---------------------------| 46.0% Complete
Progress: |███████████████████████---------------------------| 46.1% Complete
Progress: |███████████████████████---------------------------| 46.2% Complete
Progress: |███████████████████████---------------------------| 46.2% Complete
Progress: |███████████████████████---------------------------| 46.3% Complete
Progress: |███████████████████████---------------------------| 46.3% Complete
Progress: |███████████████████████---------------------------| 46.4% Complete
Progress: |███████████████████████---------------------------| 46.5% Complete
Progress: |███████████████████████---------------------------| 46.5% Complete
Progress: |███████████████████████---------------------------| 46.6% Complete
Progress: |███████████████████████---------------------------| 46.6% Complete
Progress: |███████████████████████---------------------------| 46.7% Complete
Progress: |███████████████████████---------------------------| 46.7% Complete
Progress: |███████████████████████---------------------------| 46.8% Complete
Progress: |███████████████████████---------------------------| 46.9% Complete
Progress: |███████████████████████---------------------------| 46.9% Complete
Progress: |███████████████████████---------------------------| 47.0% Complete
Progress: |███████████████████████---------------------------| 47.0% Complete
Progress: |███████████████████████---------------------------| 47.1% Complete
Progress: |███████████████████████---------------------------| 47.1% Complete
Progress: |███████████████████████---------------------------| 47.2% Complete
Progress: |███████████████████████---------------------------| 47.3% Complete
Progress: |███████████████████████---------------------------| 47.3% Complete
Progress: |███████████████████████---------------------------| 47.4% Complete
Progress: |███████████████████████---------------------------| 47.4% Complete
Progress: |███████████████████████---------------------------| 47.5% Complete
Progress: |███████████████████████---------------------------| 47.5% Complete
Progress: |███████████████████████---------------------------| 47.6% Complete
Progress: |███████████████████████---------------------------| 47.7% Complete
Progress: |███████████████████████---------------------------| 47.7% Complete
Progress: |███████████████████████---------------------------| 47.8% Complete
Progress: |███████████████████████---------------------------| 47.8% Complete
Progress: |███████████████████████---------------------------| 47.9% Complete
Progress: |███████████████████████---------------------------| 47.9% Complete
Progress: |███████████████████████---------------------------| 48.0% Complete
Progress: |████████████████████████--------------------------| 48.1% Complete
Progress: |████████████████████████--------------------------| 48.1% Complete
Progress: |████████████████████████--------------------------| 48.2% Complete
Progress: |████████████████████████--------------------------| 48.2% Complete
Progress: |████████████████████████--------------------------| 48.3% Complete
Progress: |████████████████████████--------------------------| 48.3% Complete
Progress: |████████████████████████--------------------------| 48.4% Complete
Progress: |████████████████████████--------------------------| 48.5% Complete
Progress: |████████████████████████--------------------------| 48.5% Complete
Progress: |████████████████████████--------------------------| 48.6% Complete
Progress: |████████████████████████--------------------------| 48.6% Complete
Progress: |████████████████████████--------------------------| 48.7% Complete
Progress: |████████████████████████--------------------------| 48.7% Complete
Progress: |████████████████████████--------------------------| 48.8% Complete
Progress: |████████████████████████--------------------------| 48.9% Complete
Progress: |████████████████████████--------------------------| 48.9% Complete
Progress: |████████████████████████--------------------------| 49.0% Complete
Progress: |████████████████████████--------------------------| 49.0% Complete
Progress: |████████████████████████--------------------------| 49.1% Complete
Progress: |████████████████████████--------------------------| 49.1% Complete
Progress: |████████████████████████--------------------------| 49.2% Complete
Progress: |████████████████████████--------------------------| 49.3% Complete
Progress: |████████████████████████--------------------------| 49.3% Complete
Progress: |████████████████████████--------------------------| 49.4% Complete
Progress: |████████████████████████--------------------------| 49.4% Complete
Progress: |████████████████████████--------------------------| 49.5% Complete
Progress: |████████████████████████--------------------------| 49.5% Complete
Progress: |████████████████████████--------------------------| 49.6% Complete
Progress: |████████████████████████--------------------------| 49.7% Complete
Progress: |████████████████████████--------------------------| 49.7% Complete
Progress: |████████████████████████--------------------------| 49.8% Complete
Progress: |████████████████████████--------------------------| 49.8% Complete
Progress: |████████████████████████--------------------------| 49.9% Complete
Progress: |████████████████████████--------------------------| 49.9% Complete
Progress: |█████████████████████████-------------------------| 50.0% Complete
Progress: |█████████████████████████-------------------------| 50.1% Complete
Progress: |█████████████████████████-------------------------| 50.1% Complete
Progress: |█████████████████████████-------------------------| 50.2% Complete
Progress: |█████████████████████████-------------------------| 50.2% Complete
Progress: |█████████████████████████-------------------------| 50.3% Complete
Progress: |█████████████████████████-------------------------| 50.4% Complete
Progress: |█████████████████████████-------------------------| 50.4% Complete
Progress: |█████████████████████████-------------------------| 50.5% Complete
Progress: |█████████████████████████-------------------------| 50.5% Complete
Progress: |█████████████████████████-------------------------| 50.6% Complete
Progress: |█████████████████████████-------------------------| 50.6% Complete
Progress: |█████████████████████████-------------------------| 50.7% Complete
Progress: |█████████████████████████-------------------------| 50.8% Complete
Progress: |█████████████████████████-------------------------| 50.8% Complete
Progress: |█████████████████████████-------------------------| 50.9% Complete
Progress: |█████████████████████████-------------------------| 50.9% Complete
Progress: |█████████████████████████-------------------------| 51.0% Complete
Progress: |█████████████████████████-------------------------| 51.0% Complete
Progress: |█████████████████████████-------------------------| 51.1% Complete
Progress: |█████████████████████████-------------------------| 51.2% Complete
Progress: |█████████████████████████-------------------------| 51.2% Complete
Progress: |█████████████████████████-------------------------| 51.3% Complete
Progress: |█████████████████████████-------------------------| 51.3% Complete
Progress: |█████████████████████████-------------------------| 51.4% Complete
Progress: |█████████████████████████-------------------------| 51.4% Complete
Progress: |█████████████████████████-------------------------| 51.5% Complete
Progress: |█████████████████████████-------------------------| 51.6% Complete
Progress: |█████████████████████████-------------------------| 51.6% Complete
Progress: |█████████████████████████-------------------------| 51.7% Complete
Progress: |█████████████████████████-------------------------| 51.7% Complete
Progress: |█████████████████████████-------------------------| 51.8% Complete
Progress: |█████████████████████████-------------------------| 51.8% Complete
Progress: |█████████████████████████-------------------------| 51.9% Complete
Progress: |█████████████████████████-------------------------| 52.0% Complete
Progress: |██████████████████████████------------------------| 52.0% Complete
Progress: |██████████████████████████------------------------| 52.1% Complete
Progress: |██████████████████████████------------------------| 52.1% Complete
Progress: |██████████████████████████------------------------| 52.2% Complete
Progress: |██████████████████████████------------------------| 52.2% Complete
Progress: |██████████████████████████------------------------| 52.3% Complete
Progress: |██████████████████████████------------------------| 52.4% Complete
Progress: |██████████████████████████------------------------| 52.4% Complete
Progress: |██████████████████████████------------------------| 52.5% Complete
Progress: |██████████████████████████------------------------| 52.5% Complete
Progress: |██████████████████████████------------------------| 52.6% Complete
Progress: |██████████████████████████------------------------| 52.6% Complete
Progress: |██████████████████████████------------------------| 52.7% Complete
Progress: |██████████████████████████------------------------| 52.8% Complete
Progress: |██████████████████████████------------------------| 52.8% Complete
Progress: |██████████████████████████------------------------| 52.9% Complete
Progress: |██████████████████████████------------------------| 52.9% Complete
Progress: |██████████████████████████------------------------| 53.0% Complete
Progress: |██████████████████████████------------------------| 53.0% Complete
Progress: |██████████████████████████------------------------| 53.1% Complete
Progress: |██████████████████████████------------------------| 53.2% Complete
Progress: |██████████████████████████------------------------| 53.2% Complete
Progress: |██████████████████████████------------------------| 53.3% Complete
Progress: |██████████████████████████------------------------| 53.3% Complete
Progress: |██████████████████████████------------------------| 53.4% Complete
Progress: |██████████████████████████------------------------| 53.4% Complete
Progress: |██████████████████████████------------------------| 53.5% Complete
Progress: |██████████████████████████------------------------| 53.6% Complete
Progress: |██████████████████████████------------------------| 53.6% Complete
Progress: |██████████████████████████------------------------| 53.7% Complete
Progress: |██████████████████████████------------------------| 53.7% Complete
Progress: |██████████████████████████------------------------| 53.8% Complete
Progress: |██████████████████████████------------------------| 53.8% Complete
Progress: |██████████████████████████------------------------| 53.9% Complete
Progress: |██████████████████████████------------------------| 54.0% Complete
Progress: |███████████████████████████-----------------------| 54.0% Complete
Progress: |███████████████████████████-----------------------| 54.1% Complete
Progress: |███████████████████████████-----------------------| 54.1% Complete
Progress: |███████████████████████████-----------------------| 54.2% Complete
Progress: |███████████████████████████-----------------------| 54.3% Complete
Progress: |███████████████████████████-----------------------| 54.3% Complete
Progress: |███████████████████████████-----------------------| 54.4% Complete
Progress: |███████████████████████████-----------------------| 54.4% Complete
Progress: |███████████████████████████-----------------------| 54.5% Complete
Progress: |███████████████████████████-----------------------| 54.5% Complete
Progress: |███████████████████████████-----------------------| 54.6% Complete
Progress: |███████████████████████████-----------------------| 54.7% Complete
Progress: |███████████████████████████-----------------------| 54.7% Complete
Progress: |███████████████████████████-----------------------| 54.8% Complete
Progress: |███████████████████████████-----------------------| 54.8% Complete
Progress: |███████████████████████████-----------------------| 54.9% Complete
Progress: |███████████████████████████-----------------------| 54.9% Complete
Progress: |███████████████████████████-----------------------| 55.0% Complete
Progress: |███████████████████████████-----------------------| 55.1% Complete
Progress: |███████████████████████████-----------------------| 55.1% Complete
Progress: |███████████████████████████-----------------------| 55.2% Complete
Progress: |███████████████████████████-----------------------| 55.2% Complete
Progress: |███████████████████████████-----------------------| 55.3% Complete
Progress: |███████████████████████████-----------------------| 55.3% Complete
Progress: |███████████████████████████-----------------------| 55.4% Complete
Progress: |███████████████████████████-----------------------| 55.5% Complete
Progress: |███████████████████████████-----------------------| 55.5% Complete
Progress: |███████████████████████████-----------------------| 55.6% Complete
Progress: |███████████████████████████-----------------------| 55.6% Complete
Progress: |███████████████████████████-----------------------| 55.7% Complete
Progress: |███████████████████████████-----------------------| 55.7% Complete
Progress: |███████████████████████████-----------------------| 55.8% Complete
Progress: |███████████████████████████-----------------------| 55.9% Complete
Progress: |███████████████████████████-----------------------| 55.9% Complete
Progress: |███████████████████████████-----------------------| 56.0% Complete
Progress: |████████████████████████████----------------------| 56.0% Complete
Progress: |████████████████████████████----------------------| 56.1% Complete
Progress: |████████████████████████████----------------------| 56.1% Complete
Progress: |████████████████████████████----------------------| 56.2% Complete
Progress: |████████████████████████████----------------------| 56.3% Complete
Progress: |████████████████████████████----------------------| 56.3% Complete
Progress: |████████████████████████████----------------------| 56.4% Complete
Progress: |████████████████████████████----------------------| 56.4% Complete
Progress: |████████████████████████████----------------------| 56.5% Complete
Progress: |████████████████████████████----------------------| 56.5% Complete
Progress: |████████████████████████████----------------------| 56.6% Complete
Progress: |████████████████████████████----------------------| 56.7% Complete
Progress: |████████████████████████████----------------------| 56.7% Complete
Progress: |████████████████████████████----------------------| 56.8% Complete
Progress: |████████████████████████████----------------------| 56.8% Complete
Progress: |████████████████████████████----------------------| 56.9% Complete
Progress: |████████████████████████████----------------------| 56.9% Complete
Progress: |████████████████████████████----------------------| 57.0% Complete
Progress: |████████████████████████████----------------------| 57.1% Complete
Progress: |████████████████████████████----------------------| 57.1% Complete
Progress: |████████████████████████████----------------------| 57.2% Complete
Progress: |████████████████████████████----------------------| 57.2% Complete
Progress: |████████████████████████████----------------------| 57.3% Complete
Progress: |████████████████████████████----------------------| 57.3% Complete
Progress: |████████████████████████████----------------------| 57.4% Complete
Progress: |████████████████████████████----------------------| 57.5% Complete
Progress: |████████████████████████████----------------------| 57.5% Complete
Progress: |████████████████████████████----------------------| 57.6% Complete
Progress: |████████████████████████████----------------------| 57.6% Complete
Progress: |████████████████████████████----------------------| 57.7% Complete
Progress: |████████████████████████████----------------------| 57.7% Complete
Progress: |████████████████████████████----------------------| 57.8% Complete
Progress: |████████████████████████████----------------------| 57.9% Complete
Progress: |████████████████████████████----------------------| 57.9% Complete
Progress: |████████████████████████████----------------------| 58.0% Complete
Progress: |█████████████████████████████---------------------| 58.0% Complete
Progress: |█████████████████████████████---------------------| 58.1% Complete
Progress: |█████████████████████████████---------------------| 58.1% Complete
Progress: |█████████████████████████████---------------------| 58.2% Complete
Progress: |█████████████████████████████---------------------| 58.3% Complete
Progress: |█████████████████████████████---------------------| 58.3% Complete
Progress: |█████████████████████████████---------------------| 58.4% Complete
Progress: |█████████████████████████████---------------------| 58.4% Complete
Progress: |█████████████████████████████---------------------| 58.5% Complete
Progress: |█████████████████████████████---------------------| 58.6% Complete
Progress: |█████████████████████████████---------------------| 58.6% Complete
Progress: |█████████████████████████████---------------------| 58.7% Complete
Progress: |█████████████████████████████---------------------| 58.7% Complete
Progress: |█████████████████████████████---------------------| 58.8% Complete
Progress: |█████████████████████████████---------------------| 58.8% Complete
Progress: |█████████████████████████████---------------------| 58.9% Complete
Progress: |█████████████████████████████---------------------| 59.0% Complete
Progress: |█████████████████████████████---------------------| 59.0% Complete
Progress: |█████████████████████████████---------------------| 59.1% Complete
Progress: |█████████████████████████████---------------------| 59.1% Complete
Progress: |█████████████████████████████---------------------| 59.2% Complete
Progress: |█████████████████████████████---------------------| 59.2% Complete
Progress: |█████████████████████████████---------------------| 59.3% Complete
Progress: |█████████████████████████████---------------------| 59.4% Complete
Progress: |█████████████████████████████---------------------| 59.4% Complete
Progress: |█████████████████████████████---------------------| 59.5% Complete
Progress: |█████████████████████████████---------------------| 59.5% Complete
Progress: |█████████████████████████████---------------------| 59.6% Complete
Progress: |█████████████████████████████---------------------| 59.6% Complete
Progress: |█████████████████████████████---------------------| 59.7% Complete
Progress: |█████████████████████████████---------------------| 59.8% Complete
Progress: |█████████████████████████████---------------------| 59.8% Complete
Progress: |█████████████████████████████---------------------| 59.9% Complete
Progress: |█████████████████████████████---------------------| 59.9% Complete
Progress: |█████████████████████████████---------------------| 60.0% Complete
Progress: |██████████████████████████████--------------------| 60.0% Complete
Progress: |██████████████████████████████--------------------| 60.1% Complete
Progress: |██████████████████████████████--------------------| 60.2% Complete
Progress: |██████████████████████████████--------------------| 60.2% Complete
Progress: |██████████████████████████████--------------------| 60.3% Complete
Progress: |██████████████████████████████--------------------| 60.3% Complete
Progress: |██████████████████████████████--------------------| 60.4% Complete
Progress: |██████████████████████████████--------------------| 60.4% Complete
Progress: |██████████████████████████████--------------------| 60.5% Complete
Progress: |██████████████████████████████--------------------| 60.6% Complete
Progress: |██████████████████████████████--------------------| 60.6% Complete
Progress: |██████████████████████████████--------------------| 60.7% Complete
Progress: |██████████████████████████████--------------------| 60.7% Complete
Progress: |██████████████████████████████--------------------| 60.8% Complete
Progress: |██████████████████████████████--------------------| 60.8% Complete
Progress: |██████████████████████████████--------------------| 60.9% Complete
Progress: |██████████████████████████████--------------------| 61.0% Complete
Progress: |██████████████████████████████--------------------| 61.0% Complete
Progress: |██████████████████████████████--------------------| 61.1% Complete
Progress: |██████████████████████████████--------------------| 61.1% Complete
Progress: |██████████████████████████████--------------------| 61.2% Complete
Progress: |██████████████████████████████--------------------| 61.2% Complete
Progress: |██████████████████████████████--------------------| 61.3% Complete
Progress: |██████████████████████████████--------------------| 61.4% Complete
Progress: |██████████████████████████████--------------------| 61.4% Complete
Progress: |██████████████████████████████--------------------| 61.5% Complete
Progress: |██████████████████████████████--------------------| 61.5% Complete
Progress: |██████████████████████████████--------------------| 61.6% Complete
Progress: |██████████████████████████████--------------------| 61.6% Complete
Progress: |██████████████████████████████--------------------| 61.7% Complete
Progress: |██████████████████████████████--------------------| 61.8% Complete
Progress: |██████████████████████████████--------------------| 61.8% Complete
Progress: |██████████████████████████████--------------------| 61.9% Complete
Progress: |██████████████████████████████--------------------| 61.9% Complete
Progress: |██████████████████████████████--------------------| 62.0% Complete
Progress: |███████████████████████████████-------------------| 62.0% Complete
Progress: |███████████████████████████████-------------------| 62.1% Complete
Progress: |███████████████████████████████-------------------| 62.2% Complete
Progress: |███████████████████████████████-------------------| 62.2% Complete
Progress: |███████████████████████████████-------------------| 62.3% Complete
Progress: |███████████████████████████████-------------------| 62.3% Complete
Progress: |███████████████████████████████-------------------| 62.4% Complete
Progress: |███████████████████████████████-------------------| 62.5% Complete
Progress: |███████████████████████████████-------------------| 62.5% Complete
Progress: |███████████████████████████████-------------------| 62.6% Complete
Progress: |███████████████████████████████-------------------| 62.6% Complete
Progress: |███████████████████████████████-------------------| 62.7% Complete
Progress: |███████████████████████████████-------------------| 62.7% Complete
Progress: |███████████████████████████████-------------------| 62.8% Complete
Progress: |███████████████████████████████-------------------| 62.9% Complete
Progress: |███████████████████████████████-------------------| 62.9% Complete
Progress: |███████████████████████████████-------------------| 63.0% Complete
Progress: |███████████████████████████████-------------------| 63.0% Complete
Progress: |███████████████████████████████-------------------| 63.1% Complete
Progress: |███████████████████████████████-------------------| 63.1% Complete
Progress: |███████████████████████████████-------------------| 63.2% Complete
Progress: |███████████████████████████████-------------------| 63.3% Complete
Progress: |███████████████████████████████-------------------| 63.3% Complete
Progress: |███████████████████████████████-------------------| 63.4% Complete
Progress: |███████████████████████████████-------------------| 63.4% Complete
Progress: |███████████████████████████████-------------------| 63.5% Complete
Progress: |███████████████████████████████-------------------| 63.5% Complete
Progress: |███████████████████████████████-------------------| 63.6% Complete
Progress: |███████████████████████████████-------------------| 63.7% Complete
Progress: |███████████████████████████████-------------------| 63.7% Complete
Progress: |███████████████████████████████-------------------| 63.8% Complete
Progress: |███████████████████████████████-------------------| 63.8% Complete
Progress: |███████████████████████████████-------------------| 63.9% Complete
Progress: |███████████████████████████████-------------------| 63.9% Complete
Progress: |███████████████████████████████-------------------| 64.0% Complete
Progress: |████████████████████████████████------------------| 64.1% Complete
Progress: |████████████████████████████████------------------| 64.1% Complete
Progress: |████████████████████████████████------------------| 64.2% Complete
Progress: |████████████████████████████████------------------| 64.2% Complete
Progress: |████████████████████████████████------------------| 64.3% Complete
Progress: |████████████████████████████████------------------| 64.3% Complete
Progress: |████████████████████████████████------------------| 64.4% Complete
Progress: |████████████████████████████████------------------| 64.5% Complete
Progress: |████████████████████████████████------------------| 64.5% Complete
Progress: |████████████████████████████████------------------| 64.6% Complete
Progress: |████████████████████████████████------------------| 64.6% Complete
Progress: |████████████████████████████████------------------| 64.7% Complete
Progress: |████████████████████████████████------------------| 64.7% Complete
Progress: |████████████████████████████████------------------| 64.8% Complete
Progress: |████████████████████████████████------------------| 64.9% Complete
Progress: |████████████████████████████████------------------| 64.9% Complete
Progress: |████████████████████████████████------------------| 65.0% Complete
Progress: |████████████████████████████████------------------| 65.0% Complete
Progress: |████████████████████████████████------------------| 65.1% Complete
Progress: |████████████████████████████████------------------| 65.1% Complete
Progress: |████████████████████████████████------------------| 65.2% Complete
Progress: |████████████████████████████████------------------| 65.3% Complete
Progress: |████████████████████████████████------------------| 65.3% Complete
Progress: |████████████████████████████████------------------| 65.4% Complete
Progress: |████████████████████████████████------------------| 65.4% Complete
Progress: |████████████████████████████████------------------| 65.5% Complete
Progress: |████████████████████████████████------------------| 65.5% Complete
Progress: |████████████████████████████████------------------| 65.6% Complete
Progress: |████████████████████████████████------------------| 65.7% Complete
Progress: |████████████████████████████████------------------| 65.7% Complete
Progress: |████████████████████████████████------------------| 65.8% Complete
Progress: |████████████████████████████████------------------| 65.8% Complete
Progress: |████████████████████████████████------------------| 65.9% Complete
Progress: |████████████████████████████████------------------| 65.9% Complete
Progress: |█████████████████████████████████-----------------| 66.0% Complete
Progress: |█████████████████████████████████-----------------| 66.1% Complete
Progress: |█████████████████████████████████-----------------| 66.1% Complete
Progress: |█████████████████████████████████-----------------| 66.2% Complete
Progress: |█████████████████████████████████-----------------| 66.2% Complete
Progress: |█████████████████████████████████-----------------| 66.3% Complete
Progress: |█████████████████████████████████-----------------| 66.4% Complete
Progress: |█████████████████████████████████-----------------| 66.4% Complete
Progress: |█████████████████████████████████-----------------| 66.5% Complete
Progress: |█████████████████████████████████-----------------| 66.5% Complete
Progress: |█████████████████████████████████-----------------| 66.6% Complete
Progress: |█████████████████████████████████-----------------| 66.6% Complete
Progress: |█████████████████████████████████-----------------| 66.7% Complete
Progress: |█████████████████████████████████-----------------| 66.8% Complete
Progress: |█████████████████████████████████-----------------| 66.8% Complete
Progress: |█████████████████████████████████-----------------| 66.9% Complete
Progress: |█████████████████████████████████-----------------| 66.9% Complete
Progress: |█████████████████████████████████-----------------| 67.0% Complete
Progress: |█████████████████████████████████-----------------| 67.0% Complete
Progress: |█████████████████████████████████-----------------| 67.1% Complete
Progress: |█████████████████████████████████-----------------| 67.2% Complete
Progress: |█████████████████████████████████-----------------| 67.2% Complete
Progress: |█████████████████████████████████-----------------| 67.3% Complete
Progress: |█████████████████████████████████-----------------| 67.3% Complete
Progress: |█████████████████████████████████-----------------| 67.4% Complete
Progress: |█████████████████████████████████-----------------| 67.4% Complete
Progress: |█████████████████████████████████-----------------| 67.5% Complete
Progress: |█████████████████████████████████-----------------| 67.6% Complete
Progress: |█████████████████████████████████-----------------| 67.6% Complete
Progress: |█████████████████████████████████-----------------| 67.7% Complete
Progress: |█████████████████████████████████-----------------| 67.7% Complete
Progress: |█████████████████████████████████-----------------| 67.8% Complete
Progress: |█████████████████████████████████-----------------| 67.8% Complete
Progress: |█████████████████████████████████-----------------| 67.9% Complete
Progress: |█████████████████████████████████-----------------| 68.0% Complete
Progress: |██████████████████████████████████----------------| 68.0% Complete
Progress: |██████████████████████████████████----------------| 68.1% Complete
Progress: |██████████████████████████████████----------------| 68.1% Complete
Progress: |██████████████████████████████████----------------| 68.2% Complete
Progress: |██████████████████████████████████----------------| 68.2% Complete
Progress: |██████████████████████████████████----------------| 68.3% Complete
Progress: |██████████████████████████████████----------------| 68.4% Complete
Progress: |██████████████████████████████████----------------| 68.4% Complete
Progress: |██████████████████████████████████----------------| 68.5% Complete
Progress: |██████████████████████████████████----------------| 68.5% Complete
Progress: |██████████████████████████████████----------------| 68.6% Complete
Progress: |██████████████████████████████████----------------| 68.6% Complete
Progress: |██████████████████████████████████----------------| 68.7% Complete
Progress: |██████████████████████████████████----------------| 68.8% Complete
Progress: |██████████████████████████████████----------------| 68.8% Complete
Progress: |██████████████████████████████████----------------| 68.9% Complete
Progress: |██████████████████████████████████----------------| 68.9% Complete
Progress: |██████████████████████████████████----------------| 69.0% Complete
Progress: |██████████████████████████████████----------------| 69.0% Complete
Progress: |██████████████████████████████████----------------| 69.1% Complete
Progress: |██████████████████████████████████----------------| 69.2% Complete
Progress: |██████████████████████████████████----------------| 69.2% Complete
Progress: |██████████████████████████████████----------------| 69.3% Complete
Progress: |██████████████████████████████████----------------| 69.3% Complete
Progress: |██████████████████████████████████----------------| 69.4% Complete
Progress: |██████████████████████████████████----------------| 69.4% Complete
Progress: |██████████████████████████████████----------------| 69.5% Complete
Progress: |██████████████████████████████████----------------| 69.6% Complete
Progress: |██████████████████████████████████----------------| 69.6% Complete
Progress: |██████████████████████████████████----------------| 69.7% Complete
Progress: |██████████████████████████████████----------------| 69.7% Complete
Progress: |██████████████████████████████████----------------| 69.8% Complete
Progress: |██████████████████████████████████----------------| 69.8% Complete
Progress: |██████████████████████████████████----------------| 69.9% Complete
Progress: |██████████████████████████████████----------------| 70.0% Complete
Progress: |███████████████████████████████████---------------| 70.0% Complete
Progress: |███████████████████████████████████---------------| 70.1% Complete
Progress: |███████████████████████████████████---------------| 70.1% Complete
Progress: |███████████████████████████████████---------------| 70.2% Complete
Progress: |███████████████████████████████████---------------| 70.3% Complete
Progress: |███████████████████████████████████---------------| 70.3% Complete
Progress: |███████████████████████████████████---------------| 70.4% Complete
Progress: |███████████████████████████████████---------------| 70.4% Complete
Progress: |███████████████████████████████████---------------| 70.5% Complete
Progress: |███████████████████████████████████---------------| 70.5% Complete
Progress: |███████████████████████████████████---------------| 70.6% Complete
Progress: |███████████████████████████████████---------------| 70.7% Complete
Progress: |███████████████████████████████████---------------| 70.7% Complete
Progress: |███████████████████████████████████---------------| 70.8% Complete
Progress: |███████████████████████████████████---------------| 70.8% Complete
Progress: |███████████████████████████████████---------------| 70.9% Complete
Progress: |███████████████████████████████████---------------| 70.9% Complete
Progress: |███████████████████████████████████---------------| 71.0% Complete
Progress: |███████████████████████████████████---------------| 71.1% Complete
Progress: |███████████████████████████████████---------------| 71.1% Complete
Progress: |███████████████████████████████████---------------| 71.2% Complete
Progress: |███████████████████████████████████---------------| 71.2% Complete
Progress: |███████████████████████████████████---------------| 71.3% Complete
Progress: |███████████████████████████████████---------------| 71.3% Complete
Progress: |███████████████████████████████████---------------| 71.4% Complete
Progress: |███████████████████████████████████---------------| 71.5% Complete
Progress: |███████████████████████████████████---------------| 71.5% Complete
Progress: |███████████████████████████████████---------------| 71.6% Complete
Progress: |███████████████████████████████████---------------| 71.6% Complete
Progress: |███████████████████████████████████---------------| 71.7% Complete
Progress: |███████████████████████████████████---------------| 71.7% Complete
Progress: |███████████████████████████████████---------------| 71.8% Complete
Progress: |███████████████████████████████████---------------| 71.9% Complete
Progress: |███████████████████████████████████---------------| 71.9% Complete
Progress: |███████████████████████████████████---------------| 72.0% Complete
Progress: |████████████████████████████████████--------------| 72.0% Complete
Progress: |████████████████████████████████████--------------| 72.1% Complete
Progress: |████████████████████████████████████--------------| 72.1% Complete
Progress: |████████████████████████████████████--------------| 72.2% Complete
Progress: |████████████████████████████████████--------------| 72.3% Complete
Progress: |████████████████████████████████████--------------| 72.3% Complete
Progress: |████████████████████████████████████--------------| 72.4% Complete
Progress: |████████████████████████████████████--------------| 72.4% Complete
Progress: |████████████████████████████████████--------------| 72.5% Complete
Progress: |████████████████████████████████████--------------| 72.5% Complete
Progress: |████████████████████████████████████--------------| 72.6% Complete
Progress: |████████████████████████████████████--------------| 72.7% Complete
Progress: |████████████████████████████████████--------------| 72.7% Complete
Progress: |████████████████████████████████████--------------| 72.8% Complete
Progress: |████████████████████████████████████--------------| 72.8% Complete
Progress: |████████████████████████████████████--------------| 72.9% Complete
Progress: |████████████████████████████████████--------------| 72.9% Complete
Progress: |████████████████████████████████████--------------| 73.0% Complete
Progress: |████████████████████████████████████--------------| 73.1% Complete
Progress: |████████████████████████████████████--------------| 73.1% Complete
Progress: |████████████████████████████████████--------------| 73.2% Complete
Progress: |████████████████████████████████████--------------| 73.2% Complete
Progress: |████████████████████████████████████--------------| 73.3% Complete
Progress: |████████████████████████████████████--------------| 73.3% Complete
Progress: |████████████████████████████████████--------------| 73.4% Complete
Progress: |████████████████████████████████████--------------| 73.5% Complete
Progress: |████████████████████████████████████--------------| 73.5% Complete
Progress: |████████████████████████████████████--------------| 73.6% Complete
Progress: |████████████████████████████████████--------------| 73.6% Complete
Progress: |████████████████████████████████████--------------| 73.7% Complete
Progress: |████████████████████████████████████--------------| 73.7% Complete
Progress: |████████████████████████████████████--------------| 73.8% Complete
Progress: |████████████████████████████████████--------------| 73.9% Complete
Progress: |████████████████████████████████████--------------| 73.9% Complete
Progress: |████████████████████████████████████--------------| 74.0% Complete
Progress: |█████████████████████████████████████-------------| 74.0% Complete
Progress: |█████████████████████████████████████-------------| 74.1% Complete
Progress: |█████████████████████████████████████-------------| 74.1% Complete
Progress: |█████████████████████████████████████-------------| 74.2% Complete
Progress: |█████████████████████████████████████-------------| 74.3% Complete
Progress: |█████████████████████████████████████-------------| 74.3% Complete
Progress: |█████████████████████████████████████-------------| 74.4% Complete
Progress: |█████████████████████████████████████-------------| 74.4% Complete
Progress: |█████████████████████████████████████-------------| 74.5% Complete
Progress: |█████████████████████████████████████-------------| 74.6% Complete
Progress: |█████████████████████████████████████-------------| 74.6% Complete
Progress: |█████████████████████████████████████-------------| 74.7% Complete
Progress: |█████████████████████████████████████-------------| 74.7% Complete
Progress: |█████████████████████████████████████-------------| 74.8% Complete
Progress: |█████████████████████████████████████-------------| 74.8% Complete
Progress: |█████████████████████████████████████-------------| 74.9% Complete
Progress: |█████████████████████████████████████-------------| 75.0% Complete
Progress: |█████████████████████████████████████-------------| 75.0% Complete
Progress: |█████████████████████████████████████-------------| 75.1% Complete
Progress: |█████████████████████████████████████-------------| 75.1% Complete
Progress: |█████████████████████████████████████-------------| 75.2% Complete
Progress: |█████████████████████████████████████-------------| 75.2% Complete
Progress: |█████████████████████████████████████-------------| 75.3% Complete
Progress: |█████████████████████████████████████-------------| 75.4% Complete
Progress: |█████████████████████████████████████-------------| 75.4% Complete
Progress: |█████████████████████████████████████-------------| 75.5% Complete
Progress: |█████████████████████████████████████-------------| 75.5% Complete
Progress: |█████████████████████████████████████-------------| 75.6% Complete
Progress: |█████████████████████████████████████-------------| 75.6% Complete
Progress: |█████████████████████████████████████-------------| 75.7% Complete
Progress: |█████████████████████████████████████-------------| 75.8% Complete
Progress: |█████████████████████████████████████-------------| 75.8% Complete
Progress: |█████████████████████████████████████-------------| 75.9% Complete
Progress: |█████████████████████████████████████-------------| 75.9% Complete
Progress: |█████████████████████████████████████-------------| 76.0% Complete
Progress: |██████████████████████████████████████------------| 76.0% Complete
Progress: |██████████████████████████████████████------------| 76.1% Complete
Progress: |██████████████████████████████████████------------| 76.2% Complete
Progress: |██████████████████████████████████████------------| 76.2% Complete
Progress: |██████████████████████████████████████------------| 76.3% Complete
Progress: |██████████████████████████████████████------------| 76.3% Complete
Progress: |██████████████████████████████████████------------| 76.4% Complete
Progress: |██████████████████████████████████████------------| 76.4% Complete
Progress: |██████████████████████████████████████------------| 76.5% Complete
Progress: |██████████████████████████████████████------------| 76.6% Complete
Progress: |██████████████████████████████████████------------| 76.6% Complete
Progress: |██████████████████████████████████████------------| 76.7% Complete
Progress: |██████████████████████████████████████------------| 76.7% Complete
Progress: |██████████████████████████████████████------------| 76.8% Complete
Progress: |██████████████████████████████████████------------| 76.8% Complete
Progress: |██████████████████████████████████████------------| 76.9% Complete
Progress: |██████████████████████████████████████------------| 77.0% Complete
Progress: |██████████████████████████████████████------------| 77.0% Complete
Progress: |██████████████████████████████████████------------| 77.1% Complete
Progress: |██████████████████████████████████████------------| 77.1% Complete
Progress: |██████████████████████████████████████------------| 77.2% Complete
Progress: |██████████████████████████████████████------------| 77.2% Complete
Progress: |██████████████████████████████████████------------| 77.3% Complete
Progress: |██████████████████████████████████████------------| 77.4% Complete
Progress: |██████████████████████████████████████------------| 77.4% Complete
Progress: |██████████████████████████████████████------------| 77.5% Complete
Progress: |██████████████████████████████████████------------| 77.5% Complete
Progress: |██████████████████████████████████████------------| 77.6% Complete
Progress: |██████████████████████████████████████------------| 77.6% Complete
Progress: |██████████████████████████████████████------------| 77.7% Complete
Progress: |██████████████████████████████████████------------| 77.8% Complete
Progress: |██████████████████████████████████████------------| 77.8% Complete
Progress: |██████████████████████████████████████------------| 77.9% Complete
Progress: |██████████████████████████████████████------------| 77.9% Complete
Progress: |██████████████████████████████████████------------| 78.0% Complete
Progress: |███████████████████████████████████████-----------| 78.0% Complete
Progress: |███████████████████████████████████████-----------| 78.1% Complete
Progress: |███████████████████████████████████████-----------| 78.2% Complete
Progress: |███████████████████████████████████████-----------| 78.2% Complete
Progress: |███████████████████████████████████████-----------| 78.3% Complete
Progress: |███████████████████████████████████████-----------| 78.3% Complete
Progress: |███████████████████████████████████████-----------| 78.4% Complete
Progress: |███████████████████████████████████████-----------| 78.5% Complete
Progress: |███████████████████████████████████████-----------| 78.5% Complete
Progress: |███████████████████████████████████████-----------| 78.6% Complete
Progress: |███████████████████████████████████████-----------| 78.6% Complete
Progress: |███████████████████████████████████████-----------| 78.7% Complete
Progress: |███████████████████████████████████████-----------| 78.7% Complete
Progress: |███████████████████████████████████████-----------| 78.8% Complete
Progress: |███████████████████████████████████████-----------| 78.9% Complete
Progress: |███████████████████████████████████████-----------| 78.9% Complete
Progress: |███████████████████████████████████████-----------| 79.0% Complete
Progress: |███████████████████████████████████████-----------| 79.0% Complete
Progress: |███████████████████████████████████████-----------| 79.1% Complete
Progress: |███████████████████████████████████████-----------| 79.1% Complete
Progress: |███████████████████████████████████████-----------| 79.2% Complete
Progress: |███████████████████████████████████████-----------| 79.3% Complete
Progress: |███████████████████████████████████████-----------| 79.3% Complete
Progress: |███████████████████████████████████████-----------| 79.4% Complete
Progress: |███████████████████████████████████████-----------| 79.4% Complete
Progress: |███████████████████████████████████████-----------| 79.5% Complete
Progress: |███████████████████████████████████████-----------| 79.5% Complete
Progress: |███████████████████████████████████████-----------| 79.6% Complete
Progress: |███████████████████████████████████████-----------| 79.7% Complete
Progress: |███████████████████████████████████████-----------| 79.7% Complete
Progress: |███████████████████████████████████████-----------| 79.8% Complete
Progress: |███████████████████████████████████████-----------| 79.8% Complete
Progress: |███████████████████████████████████████-----------| 79.9% Complete
Progress: |███████████████████████████████████████-----------| 79.9% Complete
Progress: |███████████████████████████████████████-----------| 80.0% Complete
Progress: |████████████████████████████████████████----------| 80.1% Complete
Progress: |████████████████████████████████████████----------| 80.1% Complete
Progress: |████████████████████████████████████████----------| 80.2% Complete
Progress: |████████████████████████████████████████----------| 80.2% Complete
Progress: |████████████████████████████████████████----------| 80.3% Complete
Progress: |████████████████████████████████████████----------| 80.3% Complete
Progress: |████████████████████████████████████████----------| 80.4% Complete
Progress: |████████████████████████████████████████----------| 80.5% Complete
Progress: |████████████████████████████████████████----------| 80.5% Complete
Progress: |████████████████████████████████████████----------| 80.6% Complete
Progress: |████████████████████████████████████████----------| 80.6% Complete
Progress: |████████████████████████████████████████----------| 80.7% Complete
Progress: |████████████████████████████████████████----------| 80.7% Complete
Progress: |████████████████████████████████████████----------| 80.8% Complete
Progress: |████████████████████████████████████████----------| 80.9% Complete
Progress: |████████████████████████████████████████----------| 80.9% Complete
Progress: |████████████████████████████████████████----------| 81.0% Complete
Progress: |████████████████████████████████████████----------| 81.0% Complete
Progress: |████████████████████████████████████████----------| 81.1% Complete
Progress: |████████████████████████████████████████----------| 81.1% Complete
Progress: |████████████████████████████████████████----------| 81.2% Complete
Progress: |████████████████████████████████████████----------| 81.3% Complete
Progress: |████████████████████████████████████████----------| 81.3% Complete
Progress: |████████████████████████████████████████----------| 81.4% Complete
Progress: |████████████████████████████████████████----------| 81.4% Complete
Progress: |████████████████████████████████████████----------| 81.5% Complete
Progress: |████████████████████████████████████████----------| 81.5% Complete
Progress: |████████████████████████████████████████----------| 81.6% Complete
Progress: |████████████████████████████████████████----------| 81.7% Complete
Progress: |████████████████████████████████████████----------| 81.7% Complete
Progress: |████████████████████████████████████████----------| 81.8% Complete
Progress: |████████████████████████████████████████----------| 81.8% Complete
Progress: |████████████████████████████████████████----------| 81.9% Complete
Progress: |████████████████████████████████████████----------| 81.9% Complete
Progress: |█████████████████████████████████████████---------| 82.0% Complete
Progress: |█████████████████████████████████████████---------| 82.1% Complete
Progress: |█████████████████████████████████████████---------| 82.1% Complete
Progress: |█████████████████████████████████████████---------| 82.2% Complete
Progress: |█████████████████████████████████████████---------| 82.2% Complete
Progress: |█████████████████████████████████████████---------| 82.3% Complete
Progress: |█████████████████████████████████████████---------| 82.4% Complete
Progress: |█████████████████████████████████████████---------| 82.4% Complete
Progress: |█████████████████████████████████████████---------| 82.5% Complete
Progress: |█████████████████████████████████████████---------| 82.5% Complete
Progress: |█████████████████████████████████████████---------| 82.6% Complete
Progress: |█████████████████████████████████████████---------| 82.6% Complete
Progress: |█████████████████████████████████████████---------| 82.7% Complete
Progress: |█████████████████████████████████████████---------| 82.8% Complete
Progress: |█████████████████████████████████████████---------| 82.8% Complete
Progress: |█████████████████████████████████████████---------| 82.9% Complete
Progress: |█████████████████████████████████████████---------| 82.9% Complete
Progress: |█████████████████████████████████████████---------| 83.0% Complete
Progress: |█████████████████████████████████████████---------| 83.0% Complete
Progress: |█████████████████████████████████████████---------| 83.1% Complete
Progress: |█████████████████████████████████████████---------| 83.2% Complete
Progress: |█████████████████████████████████████████---------| 83.2% Complete
Progress: |█████████████████████████████████████████---------| 83.3% Complete
Progress: |█████████████████████████████████████████---------| 83.3% Complete
Progress: |█████████████████████████████████████████---------| 83.4% Complete
Progress: |█████████████████████████████████████████---------| 83.4% Complete
Progress: |█████████████████████████████████████████---------| 83.5% Complete
Progress: |█████████████████████████████████████████---------| 83.6% Complete
Progress: |█████████████████████████████████████████---------| 83.6% Complete
Progress: |█████████████████████████████████████████---------| 83.7% Complete
Progress: |█████████████████████████████████████████---------| 83.7% Complete
Progress: |█████████████████████████████████████████---------| 83.8% Complete
Progress: |█████████████████████████████████████████---------| 83.8% Complete
Progress: |█████████████████████████████████████████---------| 83.9% Complete
Progress: |█████████████████████████████████████████---------| 84.0% Complete
Progress: |██████████████████████████████████████████--------| 84.0% Complete
Progress: |██████████████████████████████████████████--------| 84.1% Complete
Progress: |██████████████████████████████████████████--------| 84.1% Complete
Progress: |██████████████████████████████████████████--------| 84.2% Complete
Progress: |██████████████████████████████████████████--------| 84.2% Complete
Progress: |██████████████████████████████████████████--------| 84.3% Complete
Progress: |██████████████████████████████████████████--------| 84.4% Complete
Progress: |██████████████████████████████████████████--------| 84.4% Complete
Progress: |██████████████████████████████████████████--------| 84.5% Complete
Progress: |██████████████████████████████████████████--------| 84.5% Complete
Progress: |██████████████████████████████████████████--------| 84.6% Complete
Progress: |██████████████████████████████████████████--------| 84.6% Complete
Progress: |██████████████████████████████████████████--------| 84.7% Complete
Progress: |██████████████████████████████████████████--------| 84.8% Complete
Progress: |██████████████████████████████████████████--------| 84.8% Complete
Progress: |██████████████████████████████████████████--------| 84.9% Complete
Progress: |██████████████████████████████████████████--------| 84.9% Complete
Progress: |██████████████████████████████████████████--------| 85.0% Complete
Progress: |██████████████████████████████████████████--------| 85.0% Complete
Progress: |██████████████████████████████████████████--------| 85.1% Complete
Progress: |██████████████████████████████████████████--------| 85.2% Complete
Progress: |██████████████████████████████████████████--------| 85.2% Complete
Progress: |██████████████████████████████████████████--------| 85.3% Complete
Progress: |██████████████████████████████████████████--------| 85.3% Complete
Progress: |██████████████████████████████████████████--------| 85.4% Complete
Progress: |██████████████████████████████████████████--------| 85.4% Complete
Progress: |██████████████████████████████████████████--------| 85.5% Complete
Progress: |██████████████████████████████████████████--------| 85.6% Complete
Progress: |██████████████████████████████████████████--------| 85.6% Complete
Progress: |██████████████████████████████████████████--------| 85.7% Complete
Progress: |██████████████████████████████████████████--------| 85.7% Complete
Progress: |██████████████████████████████████████████--------| 85.8% Complete
Progress: |██████████████████████████████████████████--------| 85.8% Complete
Progress: |██████████████████████████████████████████--------| 85.9% Complete
Progress: |██████████████████████████████████████████--------| 86.0% Complete
Progress: |███████████████████████████████████████████-------| 86.0% Complete
Progress: |███████████████████████████████████████████-------| 86.1% Complete
Progress: |███████████████████████████████████████████-------| 86.1% Complete
Progress: |███████████████████████████████████████████-------| 86.2% Complete
Progress: |███████████████████████████████████████████-------| 86.3% Complete
Progress: |███████████████████████████████████████████-------| 86.3% Complete
Progress: |███████████████████████████████████████████-------| 86.4% Complete
Progress: |███████████████████████████████████████████-------| 86.4% Complete
Progress: |███████████████████████████████████████████-------| 86.5% Complete
Progress: |███████████████████████████████████████████-------| 86.5% Complete
Progress: |███████████████████████████████████████████-------| 86.6% Complete
Progress: |███████████████████████████████████████████-------| 86.7% Complete
Progress: |███████████████████████████████████████████-------| 86.7% Complete
Progress: |███████████████████████████████████████████-------| 86.8% Complete
Progress: |███████████████████████████████████████████-------| 86.8% Complete
Progress: |███████████████████████████████████████████-------| 86.9% Complete
Progress: |███████████████████████████████████████████-------| 86.9% Complete
Progress: |███████████████████████████████████████████-------| 87.0% Complete
Progress: |███████████████████████████████████████████-------| 87.1% Complete
Progress: |███████████████████████████████████████████-------| 87.1% Complete
Progress: |███████████████████████████████████████████-------| 87.2% Complete
Progress: |███████████████████████████████████████████-------| 87.2% Complete
Progress: |███████████████████████████████████████████-------| 87.3% Complete
Progress: |███████████████████████████████████████████-------| 87.3% Complete
Progress: |███████████████████████████████████████████-------| 87.4% Complete
Progress: |███████████████████████████████████████████-------| 87.5% Complete
Progress: |███████████████████████████████████████████-------| 87.5% Complete
Progress: |███████████████████████████████████████████-------| 87.6% Complete
Progress: |███████████████████████████████████████████-------| 87.6% Complete
Progress: |███████████████████████████████████████████-------| 87.7% Complete
Progress: |███████████████████████████████████████████-------| 87.7% Complete
Progress: |███████████████████████████████████████████-------| 87.8% Complete
Progress: |███████████████████████████████████████████-------| 87.9% Complete
Progress: |███████████████████████████████████████████-------| 87.9% Complete
Progress: |███████████████████████████████████████████-------| 88.0% Complete
Progress: |████████████████████████████████████████████------| 88.0% Complete
Progress: |████████████████████████████████████████████------| 88.1% Complete
Progress: |████████████████████████████████████████████------| 88.1% Complete
Progress: |████████████████████████████████████████████------| 88.2% Complete
Progress: |████████████████████████████████████████████------| 88.3% Complete
Progress: |████████████████████████████████████████████------| 88.3% Complete
Progress: |████████████████████████████████████████████------| 88.4% Complete
Progress: |████████████████████████████████████████████------| 88.4% Complete
Progress: |████████████████████████████████████████████------| 88.5% Complete
Progress: |████████████████████████████████████████████------| 88.5% Complete
Progress: |████████████████████████████████████████████------| 88.6% Complete
Progress: |████████████████████████████████████████████------| 88.7% Complete
Progress: |████████████████████████████████████████████------| 88.7% Complete
Progress: |████████████████████████████████████████████------| 88.8% Complete
Progress: |████████████████████████████████████████████------| 88.8% Complete
Progress: |████████████████████████████████████████████------| 88.9% Complete
Progress: |████████████████████████████████████████████------| 88.9% Complete
Progress: |████████████████████████████████████████████------| 89.0% Complete
Progress: |████████████████████████████████████████████------| 89.1% Complete
Progress: |████████████████████████████████████████████------| 89.1% Complete
Progress: |████████████████████████████████████████████------| 89.2% Complete
Progress: |████████████████████████████████████████████------| 89.2% Complete
Progress: |████████████████████████████████████████████------| 89.3% Complete
Progress: |████████████████████████████████████████████------| 89.3% Complete
Progress: |████████████████████████████████████████████------| 89.4% Complete
Progress: |████████████████████████████████████████████------| 89.5% Complete
Progress: |████████████████████████████████████████████------| 89.5% Complete
Progress: |████████████████████████████████████████████------| 89.6% Complete
Progress: |████████████████████████████████████████████------| 89.6% Complete
Progress: |████████████████████████████████████████████------| 89.7% Complete
Progress: |████████████████████████████████████████████------| 89.7% Complete
Progress: |████████████████████████████████████████████------| 89.8% Complete
Progress: |████████████████████████████████████████████------| 89.9% Complete
Progress: |████████████████████████████████████████████------| 89.9% Complete
Progress: |████████████████████████████████████████████------| 90.0% Complete
Progress: |█████████████████████████████████████████████-----| 90.0% Complete
Progress: |█████████████████████████████████████████████-----| 90.1% Complete
Progress: |█████████████████████████████████████████████-----| 90.1% Complete
Progress: |█████████████████████████████████████████████-----| 90.2% Complete
Progress: |█████████████████████████████████████████████-----| 90.3% Complete
Progress: |█████████████████████████████████████████████-----| 90.3% Complete
Progress: |█████████████████████████████████████████████-----| 90.4% Complete
Progress: |█████████████████████████████████████████████-----| 90.4% Complete
Progress: |█████████████████████████████████████████████-----| 90.5% Complete
Progress: |█████████████████████████████████████████████-----| 90.6% Complete
Progress: |█████████████████████████████████████████████-----| 90.6% Complete
Progress: |█████████████████████████████████████████████-----| 90.7% Complete
Progress: |█████████████████████████████████████████████-----| 90.7% Complete
Progress: |█████████████████████████████████████████████-----| 90.8% Complete
Progress: |█████████████████████████████████████████████-----| 90.8% Complete
Progress: |█████████████████████████████████████████████-----| 90.9% Complete
Progress: |█████████████████████████████████████████████-----| 91.0% Complete
Progress: |█████████████████████████████████████████████-----| 91.0% Complete
Progress: |█████████████████████████████████████████████-----| 91.1% Complete
Progress: |█████████████████████████████████████████████-----| 91.1% Complete
Progress: |█████████████████████████████████████████████-----| 91.2% Complete
Progress: |█████████████████████████████████████████████-----| 91.2% Complete
Progress: |█████████████████████████████████████████████-----| 91.3% Complete
Progress: |█████████████████████████████████████████████-----| 91.4% Complete
Progress: |█████████████████████████████████████████████-----| 91.4% Complete
Progress: |█████████████████████████████████████████████-----| 91.5% Complete
Progress: |█████████████████████████████████████████████-----| 91.5% Complete
Progress: |█████████████████████████████████████████████-----| 91.6% Complete
Progress: |█████████████████████████████████████████████-----| 91.6% Complete
Progress: |█████████████████████████████████████████████-----| 91.7% Complete
Progress: |█████████████████████████████████████████████-----| 91.8% Complete
Progress: |█████████████████████████████████████████████-----| 91.8% Complete
Progress: |█████████████████████████████████████████████-----| 91.9% Complete
Progress: |█████████████████████████████████████████████-----| 91.9% Complete
Progress: |█████████████████████████████████████████████-----| 92.0% Complete
Progress: |██████████████████████████████████████████████----| 92.0% Complete
Progress: |██████████████████████████████████████████████----| 92.1% Complete
Progress: |██████████████████████████████████████████████----| 92.2% Complete
Progress: |██████████████████████████████████████████████----| 92.2% Complete
Progress: |██████████████████████████████████████████████----| 92.3% Complete
Progress: |██████████████████████████████████████████████----| 92.3% Complete
Progress: |██████████████████████████████████████████████----| 92.4% Complete
Progress: |██████████████████████████████████████████████----| 92.4% Complete
Progress: |██████████████████████████████████████████████----| 92.5% Complete
Progress: |██████████████████████████████████████████████----| 92.6% Complete
Progress: |██████████████████████████████████████████████----| 92.6% Complete
Progress: |██████████████████████████████████████████████----| 92.7% Complete
Progress: |██████████████████████████████████████████████----| 92.7% Complete
Progress: |██████████████████████████████████████████████----| 92.8% Complete
Progress: |██████████████████████████████████████████████----| 92.8% Complete
Progress: |██████████████████████████████████████████████----| 92.9% Complete
Progress: |██████████████████████████████████████████████----| 93.0% Complete
Progress: |██████████████████████████████████████████████----| 93.0% Complete
Progress: |██████████████████████████████████████████████----| 93.1% Complete
Progress: |██████████████████████████████████████████████----| 93.1% Complete
Progress: |██████████████████████████████████████████████----| 93.2% Complete
Progress: |██████████████████████████████████████████████----| 93.2% Complete
Progress: |██████████████████████████████████████████████----| 93.3% Complete
Progress: |██████████████████████████████████████████████----| 93.4% Complete
Progress: |██████████████████████████████████████████████----| 93.4% Complete
Progress: |██████████████████████████████████████████████----| 93.5% Complete
Progress: |██████████████████████████████████████████████----| 93.5% Complete
Progress: |██████████████████████████████████████████████----| 93.6% Complete
Progress: |██████████████████████████████████████████████----| 93.6% Complete
Progress: |██████████████████████████████████████████████----| 93.7% Complete
Progress: |██████████████████████████████████████████████----| 93.8% Complete
Progress: |██████████████████████████████████████████████----| 93.8% Complete
Progress: |██████████████████████████████████████████████----| 93.9% Complete
Progress: |██████████████████████████████████████████████----| 93.9% Complete
Progress: |██████████████████████████████████████████████----| 94.0% Complete
Progress: |███████████████████████████████████████████████---| 94.0% Complete
Progress: |███████████████████████████████████████████████---| 94.1% Complete
Progress: |███████████████████████████████████████████████---| 94.2% Complete
Progress: |███████████████████████████████████████████████---| 94.2% Complete
Progress: |███████████████████████████████████████████████---| 94.3% Complete
Progress: |███████████████████████████████████████████████---| 94.3% Complete
Progress: |███████████████████████████████████████████████---| 94.4% Complete
Progress: |███████████████████████████████████████████████---| 94.5% Complete
Progress: |███████████████████████████████████████████████---| 94.5% Complete
Progress: |███████████████████████████████████████████████---| 94.6% Complete
Progress: |███████████████████████████████████████████████---| 94.6% Complete
Progress: |███████████████████████████████████████████████---| 94.7% Complete
Progress: |███████████████████████████████████████████████---| 94.7% Complete
Progress: |███████████████████████████████████████████████---| 94.8% Complete
Progress: |███████████████████████████████████████████████---| 94.9% Complete
Progress: |███████████████████████████████████████████████---| 94.9% Complete
Progress: |███████████████████████████████████████████████---| 95.0% Complete
Progress: |███████████████████████████████████████████████---| 95.0% Complete
Progress: |███████████████████████████████████████████████---| 95.1% Complete
Progress: |███████████████████████████████████████████████---| 95.1% Complete
Progress: |███████████████████████████████████████████████---| 95.2% Complete
Progress: |███████████████████████████████████████████████---| 95.3% Complete
Progress: |███████████████████████████████████████████████---| 95.3% Complete
Progress: |███████████████████████████████████████████████---| 95.4% Complete
Progress: |███████████████████████████████████████████████---| 95.4% Complete
Progress: |███████████████████████████████████████████████---| 95.5% Complete
Progress: |███████████████████████████████████████████████---| 95.5% Complete
Progress: |███████████████████████████████████████████████---| 95.6% Complete
Progress: |███████████████████████████████████████████████---| 95.7% Complete
Progress: |███████████████████████████████████████████████---| 95.7% Complete
Progress: |███████████████████████████████████████████████---| 95.8% Complete
Progress: |███████████████████████████████████████████████---| 95.8% Complete
Progress: |███████████████████████████████████████████████---| 95.9% Complete
Progress: |███████████████████████████████████████████████---| 95.9% Complete
Progress: |███████████████████████████████████████████████---| 96.0% Complete
Progress: |████████████████████████████████████████████████--| 96.1% Complete
Progress: |████████████████████████████████████████████████--| 96.1% Complete
Progress: |████████████████████████████████████████████████--| 96.2% Complete
Progress: |████████████████████████████████████████████████--| 96.2% Complete
Progress: |████████████████████████████████████████████████--| 96.3% Complete
Progress: |████████████████████████████████████████████████--| 96.3% Complete
Progress: |████████████████████████████████████████████████--| 96.4% Complete
Progress: |████████████████████████████████████████████████--| 96.5% Complete
Progress: |████████████████████████████████████████████████--| 96.5% Complete
Progress: |████████████████████████████████████████████████--| 96.6% Complete
Progress: |████████████████████████████████████████████████--| 96.6% Complete
Progress: |████████████████████████████████████████████████--| 96.7% Complete
Progress: |████████████████████████████████████████████████--| 96.7% Complete
Progress: |████████████████████████████████████████████████--| 96.8% Complete
Progress: |████████████████████████████████████████████████--| 96.9% Complete
Progress: |████████████████████████████████████████████████--| 96.9% Complete
Progress: |████████████████████████████████████████████████--| 97.0% Complete
Progress: |████████████████████████████████████████████████--| 97.0% Complete
Progress: |████████████████████████████████████████████████--| 97.1% Complete
Progress: |████████████████████████████████████████████████--| 97.1% Complete
Progress: |████████████████████████████████████████████████--| 97.2% Complete
Progress: |████████████████████████████████████████████████--| 97.3% Complete
Progress: |████████████████████████████████████████████████--| 97.3% Complete
Progress: |████████████████████████████████████████████████--| 97.4% Complete
Progress: |████████████████████████████████████████████████--| 97.4% Complete
Progress: |████████████████████████████████████████████████--| 97.5% Complete
Progress: |████████████████████████████████████████████████--| 97.5% Complete
Progress: |████████████████████████████████████████████████--| 97.6% Complete
Progress: |████████████████████████████████████████████████--| 97.7% Complete
Progress: |████████████████████████████████████████████████--| 97.7% Complete
Progress: |████████████████████████████████████████████████--| 97.8% Complete
Progress: |████████████████████████████████████████████████--| 97.8% Complete
Progress: |████████████████████████████████████████████████--| 97.9% Complete
Progress: |████████████████████████████████████████████████--| 97.9% Complete
Progress: |█████████████████████████████████████████████████-| 98.0% Complete
Progress: |█████████████████████████████████████████████████-| 98.1% Complete
Progress: |█████████████████████████████████████████████████-| 98.1% Complete
Progress: |█████████████████████████████████████████████████-| 98.2% Complete
Progress: |█████████████████████████████████████████████████-| 98.2% Complete
Progress: |█████████████████████████████████████████████████-| 98.3% Complete
Progress: |█████████████████████████████████████████████████-| 98.4% Complete
Progress: |█████████████████████████████████████████████████-| 98.4% Complete
Progress: |█████████████████████████████████████████████████-| 98.5% Complete
Progress: |█████████████████████████████████████████████████-| 98.5% Complete
Progress: |█████████████████████████████████████████████████-| 98.6% Complete
Progress: |█████████████████████████████████████████████████-| 98.6% Complete
Progress: |█████████████████████████████████████████████████-| 98.7% Complete
Progress: |█████████████████████████████████████████████████-| 98.8% Complete
Progress: |█████████████████████████████████████████████████-| 98.8% Complete
Progress: |█████████████████████████████████████████████████-| 98.9% Complete
Progress: |█████████████████████████████████████████████████-| 98.9% Complete
Progress: |█████████████████████████████████████████████████-| 99.0% Complete
Progress: |█████████████████████████████████████████████████-| 99.0% Complete
Progress: |█████████████████████████████████████████████████-| 99.1% Complete
Progress: |█████████████████████████████████████████████████-| 99.2% Complete
Progress: |█████████████████████████████████████████████████-| 99.2% Complete
Progress: |█████████████████████████████████████████████████-| 99.3% Complete
Progress: |█████████████████████████████████████████████████-| 99.3% Complete
Progress: |█████████████████████████████████████████████████-| 99.4% Complete
Progress: |█████████████████████████████████████████████████-| 99.4% Complete
Progress: |█████████████████████████████████████████████████-| 99.5% Complete
Progress: |█████████████████████████████████████████████████-| 99.6% Complete
Progress: |█████████████████████████████████████████████████-| 99.6% Complete
Progress: |█████████████████████████████████████████████████-| 99.7% Complete
Progress: |█████████████████████████████████████████████████-| 99.7% Complete
Progress: |█████████████████████████████████████████████████-| 99.8% Complete
Progress: |█████████████████████████████████████████████████-| 99.8% Complete
Progress: |█████████████████████████████████████████████████-| 99.9% Complete
Progress: |█████████████████████████████████████████████████-| 100.0% Complete
Progress: |██████████████████████████████████████████████████| 100.0% Complete[easyocr] track books
  [books] 1/50 pages  0.26 p/s
  [books] 2/50 pages  0.22 p/s
  [books] 3/50 pages  0.24 p/s
  [books] 4/50 pages  0.22 p/s
  [books] 5/50 pages  0.21 p/s
  [books] 6/50 pages  0.22 p/s
  [books] 7/50 pages  0.24 p/s
  [books] 8/50 pages  0.24 p/s
  [books] 9/50 pages  0.26 p/s
  [books] 10/50 pages  0.24 p/s
  [books] 11/50 pages  0.24 p/s
  [books] 12/50 pages  0.24 p/s
  [books] 13/50 pages  0.24 p/s
  [books] 14/50 pages  0.24 p/s
  [books] 15/50 pages  0.23 p/s
  [books] 16/50 pages  0.24 p/s
  [books] 17/50 pages  0.23 p/s
  [books] 18/50 pages  0.23 p/s
  [books] 19/50 pages  0.23 p/s
  [books] 20/50 pages  0.23 p/s
  [books] 21/50 pages  0.23 p/s
  [books] 22/50 pages  0.23 p/s
  [books] 23/50 pages  0.23 p/s
  [books] 24/50 pages  0.22 p/s
  [books] 25/50 pages  0.22 p/s
  [books] 26/50 pages  0.23 p/s
  [books] 27/50 pages  0.23 p/s
  [books] 28/50 pages  0.24 p/s
  [books] 29/50 pages  0.24 p/s
  [books] 30/50 pages  0.25 p/s
  [books] 31/50 pages  0.25 p/s
  [books] 32/50 pages  0.25 p/s
  [books] 33/50 pages  0.26 p/s
  [books] 34/50 pages  0.26 p/s
  [books] 35/50 pages  0.26 p/s
  [books] 36/50 pages  0.26 p/s
  [books] 37/50 pages  0.26 p/s
  [books] 38/50 pages  0.27 p/s
  [books] 39/50 pages  0.27 p/s
  [books] 40/50 pages  0.27 p/s
  [books] 41/50 pages  0.27 p/s
  [books] 42/50 pages  0.27 p/s
  [books] 43/50 pages  0.28 p/s
  [books] 44/50 pages  0.28 p/s
  [books] 45/50 pages  0.28 p/s
  [books] 46/50 pages  0.28 p/s
  [books] 47/50 pages  0.28 p/s
  [books] 48/50 pages  0.28 p/s
  [books] 49/50 pages  0.28 p/s
  [books] 50/50 pages  0.28 p/s
[easyocr] track docs
  [docs] 1/50 pages  0.56 p/s
  [docs] 2/50 pages  0.40 p/s
  [docs] 3/50 pages  0.49 p/s
  [docs] 4/50 pages  0.39 p/s
  [docs] 5/50 pages  0.40 p/s
  [docs] 6/50 pages  0.38 p/s
  [docs] 7/50 pages  0.40 p/s
  [docs] 8/50 pages  0.41 p/s
  [docs] 9/50 pages  0.40 p/s
  [docs] 10/50 pages  0.42 p/s
  [docs] 11/50 pages  0.39 p/s
  [docs] 12/50 pages  0.36 p/s
  [docs] 13/50 pages  0.30 p/s
  [docs] 14/50 pages  0.27 p/s
  [docs] 15/50 pages  0.24 p/s
  [docs] 16/50 pages  0.23 p/s
  [docs] 17/50 pages  0.22 p/s
  [docs] 18/50 pages  0.21 p/s
  [docs] 19/50 pages  0.21 p/s
  [docs] 20/50 pages  0.21 p/s
  [docs] 21/50 pages  0.21 p/s
  [docs] 22/50 pages  0.21 p/s
  [docs] 23/50 pages  0.21 p/s
  [docs] 24/50 pages  0.21 p/s
  [docs] 25/50 pages  0.21 p/s
  [docs] 26/50 pages  0.21 p/s
  [docs] 27/50 pages  0.22 p/s
  [docs] 28/50 pages  0.22 p/s
  [docs] 29/50 pages  0.22 p/s
  [docs] 30/50 pages  0.21 p/s
  [docs] 31/50 pages  0.22 p/s
  [docs] 32/50 pages  0.22 p/s
  [docs] 33/50 pages  0.23 p/s
  [docs] 34/50 pages  0.23 p/s
  [docs] 35/50 pages  0.24 p/s
  [docs] 36/50 pages  0.24 p/s
  [docs] 37/50 pages  0.24 p/s
  [docs] 38/50 pages  0.24 p/s
  [docs] 39/50 pages  0.24 p/s
  [docs] 40/50 pages  0.25 p/s
  [docs] 41/50 pages  0.25 p/s
  [docs] 42/50 pages  0.25 p/s
  [docs] 43/50 pages  0.25 p/s
  [docs] 44/50 pages  0.26 p/s
  [docs] 45/50 pages  0.26 p/s
  [docs] 46/50 pages  0.26 p/s
  [docs] 47/50 pages  0.26 p/s
  [docs] 48/50 pages  0.26 p/s
  [docs] 49/50 pages  0.26 p/s
  [docs] 50/50 pages  0.26 p/s
[easyocr] track handwriting
  [handwriting] 1/60 pages  8.14 p/s
  [handwriting] 2/60 pages  8.05 p/s
  [handwriting] 3/60 pages  7.96 p/s
  [handwriting] 4/60 pages  7.75 p/s
  [handwriting] 5/60 pages  7.91 p/s
  [handwriting] 6/60 pages  8.32 p/s
  [handwriting] 7/60 pages  8.27 p/s
  [handwriting] 8/60 pages  8.45 p/s
  [handwriting] 9/60 pages  8.68 p/s
  [handwriting] 10/60 pages  8.68 p/s
  [handwriting] 11/60 pages  8.58 p/s
  [handwriting] 12/60 pages  8.71 p/s
  [handwriting] 13/60 pages  8.76 p/s
  [handwriting] 14/60 pages  8.74 p/s
  [handwriting] 15/60 pages  8.97 p/s
  [handwriting] 16/60 pages  8.90 p/s
  [handwriting] 17/60 pages  8.95 p/s
  [handwriting] 18/60 pages  9.08 p/s
  [handwriting] 19/60 pages  9.32 p/s
  [handwriting] 20/60 pages  9.48 p/s
  [handwriting] 21/60 pages  9.57 p/s
  [handwriting] 22/60 pages  9.69 p/s
  [handwriting] 23/60 pages  9.82 p/s
  [handwriting] 24/60 pages  9.70 p/s
  [handwriting] 25/60 pages  9.80 p/s
  [handwriting] 26/60 pages  9.97 p/s
  [handwriting] 27/60 pages  9.98 p/s
  [handwriting] 28/60 pages  10.06 p/s
  [handwriting] 29/60 pages  10.01 p/s
  [handwriting] 30/60 pages  10.12 p/s
  [handwriting] 31/60 pages  10.25 p/s
  [handwriting] 32/60 pages  10.29 p/s
  [handwriting] 33/60 pages  10.32 p/s
  [handwriting] 34/60 pages  10.32 p/s
  [handwriting] 35/60 pages  10.48 p/s
  [handwriting] 36/60 pages  10.45 p/s
  [handwriting] 37/60 pages  10.49 p/s
  [handwriting] 38/60 pages  10.48 p/s
  [handwriting] 39/60 pages  10.46 p/s
  [handwriting] 40/60 pages  10.45 p/s
  [handwriting] 41/60 pages  10.57 p/s
  [handwriting] 42/60 pages  10.58 p/s
  [handwriting] 43/60 pages  10.54 p/s
  [handwriting] 44/60 pages  10.53 p/s
  [handwriting] 45/60 pages  10.52 p/s
  [handwriting] 46/60 pages  10.50 p/s
  [handwriting] 47/60 pages  10.49 p/s
  [handwriting] 48/60 pages  10.51 p/s
  [handwriting] 49/60 pages  10.50 p/s
  [handwriting] 50/60 pages  10.48 p/s
  [handwriting] 51/60 pages  10.56 p/s
  [handwriting] 52/60 pages  10.56 p/s
  [handwriting] 53/60 pages  10.64 p/s
  [handwriting] 54/60 pages  10.71 p/s
  [handwriting] 55/60 pages  10.77 p/s
  [handwriting] 56/60 pages  10.83 p/s
  [handwriting] 57/60 pages  10.93 p/s
  [handwriting] 58/60 pages  11.04 p/s
  [handwriting] 59/60 pages  11.11 p/s
  [handwriting] 60/60 pages  11.11 p/s
[easyocr] track stress
  [stress] 1/55 pages  0.30 p/s
  [stress] 2/55 pages  0.41 p/s
  [stress] 3/55 pages  0.52 p/s
  [stress] 4/55 pages  0.43 p/s
  [stress] 5/55 pages  0.39 p/s
  [stress] 6/55 pages  0.37 p/s
  [stress] 7/55 pages  0.34 p/s
  [stress] 8/55 pages  0.37 p/s
  [stress] 9/55 pages  0.36 p/s
  [stress] 10/55 pages  0.35 p/s
  [stress] 11/55 pages  0.36 p/s
  [stress] 12/55 pages  0.36 p/s
  [stress] 13/55 pages  0.37 p/s
  [stress] 14/55 pages  0.39 p/s
  [stress] 15/55 pages  0.39 p/s
  [stress] 16/55 pages  0.38 p/s
  [stress] 17/55 pages  0.37 p/s
  [stress] 18/55 pages  0.37 p/s
  [stress] 19/55 pages  0.38 p/s
  [stress] 20/55 pages  0.37 p/s
  [stress] 21/55 pages  0.37 p/s
  [stress] 22/55 pages  0.38 p/s
  [stress] 23/55 pages  0.39 p/s
  [stress] 24/55 pages  0.40 p/s
  [stress] 25/55 pages  0.41 p/s
  [stress] 26/55 pages  0.42 p/s
  [stress] 27/55 pages  0.43 p/s
  [stress] 28/55 pages  0.44 p/s
  [stress] 29/55 pages  0.44 p/s
  [stress] 30/55 pages  0.45 p/s
  [stress] 31/55 pages  0.46 p/s
  [stress] 32/55 pages  0.47 p/s
  [stress] 33/55 pages  0.48 p/s
  [stress] 34/55 pages  0.48 p/s
  [stress] 35/55 pages  0.49 p/s
  [stress] 36/55 pages  0.51 p/s
  [stress] 37/55 pages  0.51 p/s
  [stress] 38/55 pages  0.52 p/s
  [stress] 39/55 pages  0.52 p/s
  [stress] 40/55 pages  0.53 p/s
  [stress] 41/55 pages  0.53 p/s
  [stress] 42/55 pages  0.54 p/s
  [stress] 43/55 pages  0.54 p/s
  [stress] 44/55 pages  0.55 p/s
  [stress] 45/55 pages  0.54 p/s
  [stress] 46/55 pages  0.54 p/s
  [stress] 47/55 pages  0.55 p/s
  [stress] 48/55 pages  0.54 p/s
  [stress] 49/55 pages  0.53 p/s
  [stress] 50/55 pages  0.52 p/s
  [stress] 51/55 pages  0.51 p/s
  [stress] 52/55 pages  0.51 p/s
  [stress] 53/55 pages  0.51 p/s
  [stress] 54/55 pages  0.50 p/s
  [stress] 55/55 pages  0.50 p/s
