... [10332 earlier lines trimmed]
Progress: |█████████████████████████-------------------------| 51.4% Complete
Progress: |█████████████████████████-------------------------| 51.4% Complete
Progress: |█████████████████████████-------------------------| 51.5% Complete
Progress: |█████████████████████████-------------------------| 51.6% Complete
Progress: |█████████████████████████-------------------------| 51.6% Complete
Progress: |█████████████████████████-------------------------| 51.7% Complete
Progress: |█████████████████████████-------------------------| 51.7% Complete
Progress: |█████████████████████████-------------------------| 51.8% Complete
Progress: |█████████████████████████-------------------------| 51.8% Complete
Progress: |█████████████████████████-------------------------| 51.9% Complete
Progress: |█████████████████████████-------------------------| 52.0% Complete
Progress: |██████████████████████████------------------------| 52.0% Complete
Progress: |██████████████████████████------------------------| 52.1% Complete
Progress: |██████████████████████████------------------------| 52.1% Complete
Progress: |██████████████████████████------------------------| 52.2% Complete
Progress: |██████████████████████████------------------------| 52.2% Complete
Progress: |██████████████████████████------------------------| 52.3% Complete
Progress: |██████████████████████████------------------------| 52.4% Complete
Progress: |██████████████████████████------------------------| 52.4% Complete
Progress: |██████████████████████████------------------------| 52.5% Complete
Progress: |██████████████████████████------------------------| 52.5% Complete
Progress: |██████████████████████████------------------------| 52.6% Complete
Progress: |██████████████████████████------------------------| 52.6% Complete
Progress: |██████████████████████████------------------------| 52.7% Complete
Progress: |██████████████████████████------------------------| 52.8% Complete
Progress: |██████████████████████████------------------------| 52.8% Complete
Progress: |██████████████████████████------------------------| 52.9% Complete
Progress: |██████████████████████████------------------------| 52.9% Complete
Progress: |██████████████████████████------------------------| 53.0% Complete
Progress: |██████████████████████████------------------------| 53.0% Complete
Progress: |██████████████████████████------------------------| 53.1% Complete
Progress: |██████████████████████████------------------------| 53.2% Complete
Progress: |██████████████████████████------------------------| 53.2% Complete
Progress: |██████████████████████████------------------------| 53.3% Complete
Progress: |██████████████████████████------------------------| 53.3% Complete
Progress: |██████████████████████████------------------------| 53.4% Complete
Progress: |██████████████████████████------------------------| 53.4% Complete
Progress: |██████████████████████████------------------------| 53.5% Complete
Progress: |██████████████████████████------------------------| 53.6% Complete
Progress: |██████████████████████████------------------------| 53.6% Complete
Progress: |██████████████████████████------------------------| 53.7% Complete
Progress: |██████████████████████████------------------------| 53.7% Complete
Progress: |██████████████████████████------------------------| 53.8% Complete
Progress: |██████████████████████████------------------------| 53.8% Complete
Progress: |██████████████████████████------------------------| 53.9% Complete
Progress: |██████████████████████████------------------------| 54.0% Complete
Progress: |███████████████████████████-----------------------| 54.0% Complete
Progress: |███████████████████████████-----------------------| 54.1% Complete
Progress: |███████████████████████████-----------------------| 54.1% Complete
Progress: |███████████████████████████-----------------------| 54.2% Complete
Progress: |███████████████████████████-----------------------| 54.3% Complete
Progress: |███████████████████████████-----------------------| 54.3% Complete
Progress: |███████████████████████████-----------------------| 54.4% Complete
Progress: |███████████████████████████-----------------------| 54.4% Complete
Progress: |███████████████████████████-----------------------| 54.5% Complete
Progress: |███████████████████████████-----------------------| 54.5% Complete
Progress: |███████████████████████████-----------------------| 54.6% Complete
Progress: |███████████████████████████-----------------------| 54.7% Complete
Progress: |███████████████████████████-----------------------| 54.7% Complete
Progress: |███████████████████████████-----------------------| 54.8% Complete
Progress: |███████████████████████████-----------------------| 54.8% Complete
Progress: |███████████████████████████-----------------------| 54.9% Complete
Progress: |███████████████████████████-----------------------| 54.9% Complete
Progress: |███████████████████████████-----------------------| 55.0% Complete
Progress: |███████████████████████████-----------------------| 55.1% Complete
Progress: |███████████████████████████-----------------------| 55.1% Complete
Progress: |███████████████████████████-----------------------| 55.2% Complete
Progress: |███████████████████████████-----------------------| 55.2% Complete
Progress: |███████████████████████████-----------------------| 55.3% Complete
Progress: |███████████████████████████-----------------------| 55.3% Complete
Progress: |███████████████████████████-----------------------| 55.4% Complete
Progress: |███████████████████████████-----------------------| 55.5% Complete
Progress: |███████████████████████████-----------------------| 55.5% Complete
Progress: |███████████████████████████-----------------------| 55.6% Complete
Progress: |███████████████████████████-----------------------| 55.6% Complete
Progress: |███████████████████████████-----------------------| 55.7% Complete
Progress: |███████████████████████████-----------------------| 55.7% Complete
Progress: |███████████████████████████-----------------------| 55.8% Complete
Progress: |███████████████████████████-----------------------| 55.9% Complete
Progress: |███████████████████████████-----------------------| 55.9% Complete
Progress: |███████████████████████████-----------------------| 56.0% Complete
Progress: |████████████████████████████----------------------| 56.0% Complete
Progress: |████████████████████████████----------------------| 56.1% Complete
Progress: |████████████████████████████----------------------| 56.1% Complete
Progress: |████████████████████████████----------------------| 56.2% Complete
Progress: |████████████████████████████----------------------| 56.3% Complete
Progress: |████████████████████████████----------------------| 56.3% Complete
Progress: |████████████████████████████----------------------| 56.4% Complete
Progress: |████████████████████████████----------------------| 56.4% Complete
Progress: |████████████████████████████----------------------| 56.5% Complete
Progress: |████████████████████████████----------------------| 56.5% Complete
Progress: |████████████████████████████----------------------| 56.6% Complete
Progress: |████████████████████████████----------------------| 56.7% Complete
Progress: |████████████████████████████----------------------| 56.7% Complete
Progress: |████████████████████████████----------------------| 56.8% Complete
Progress: |████████████████████████████----------------------| 56.8% Complete
Progress: |████████████████████████████----------------------| 56.9% Complete
Progress: |████████████████████████████----------------------| 56.9% Complete
Progress: |████████████████████████████----------------------| 57.0% Complete
Progress: |████████████████████████████----------------------| 57.1% Complete
Progress: |████████████████████████████----------------------| 57.1% Complete
Progress: |████████████████████████████----------------------| 57.2% Complete
Progress: |████████████████████████████----------------------| 57.2% Complete
Progress: |████████████████████████████----------------------| 57.3% Complete
Progress: |████████████████████████████----------------------| 57.3% Complete
Progress: |████████████████████████████----------------------| 57.4% Complete
Progress: |████████████████████████████----------------------| 57.5% Complete
Progress: |████████████████████████████----------------------| 57.5% Complete
Progress: |████████████████████████████----------------------| 57.6% Complete
Progress: |████████████████████████████----------------------| 57.6% Complete
Progress: |████████████████████████████----------------------| 57.7% Complete
Progress: |████████████████████████████----------------------| 57.7% Complete
Progress: |████████████████████████████----------------------| 57.8% Complete
Progress: |████████████████████████████----------------------| 57.9% Complete
Progress: |████████████████████████████----------------------| 57.9% Complete
Progress: |████████████████████████████----------------------| 58.0% Complete
Progress: |█████████████████████████████---------------------| 58.0% Complete
Progress: |█████████████████████████████---------------------| 58.1% Complete
Progress: |█████████████████████████████---------------------| 58.1% Complete
Progress: |█████████████████████████████---------------------| 58.2% Complete
Progress: |█████████████████████████████---------------------| 58.3% Complete
Progress: |█████████████████████████████---------------------| 58.3% Complete
Progress: |█████████████████████████████---------------------| 58.4% Complete
Progress: |█████████████████████████████---------------------| 58.4% Complete
Progress: |█████████████████████████████---------------------| 58.5% Complete
Progress: |█████████████████████████████---------------------| 58.6% Complete
Progress: |█████████████████████████████---------------------| 58.6% Complete
Progress: |█████████████████████████████---------------------| 58.7% Complete
Progress: |█████████████████████████████---------------------| 58.7% Complete
Progress: |█████████████████████████████---------------------| 58.8% Complete
Progress: |█████████████████████████████---------------------| 58.8% Complete
Progress: |█████████████████████████████---------------------| 58.9% Complete
Progress: |█████████████████████████████---------------------| 59.0% Complete
Progress: |█████████████████████████████---------------------| 59.0% Complete
Progress: |█████████████████████████████---------------------| 59.1% Complete
Progress: |█████████████████████████████---------------------| 59.1% Complete
Progress: |█████████████████████████████---------------------| 59.2% Complete
Progress: |█████████████████████████████---------------------| 59.2% Complete
Progress: |█████████████████████████████---------------------| 59.3% Complete
Progress: |█████████████████████████████---------------------| 59.4% Complete
Progress: |█████████████████████████████---------------------| 59.4% Complete
Progress: |█████████████████████████████---------------------| 59.5% Complete
Progress: |█████████████████████████████---------------------| 59.5% Complete
Progress: |█████████████████████████████---------------------| 59.6% Complete
Progress: |█████████████████████████████---------------------| 59.6% Complete
Progress: |█████████████████████████████---------------------| 59.7% Complete
Progress: |█████████████████████████████---------------------| 59.8% Complete
Progress: |█████████████████████████████---------------------| 59.8% Complete
Progress: |█████████████████████████████---------------------| 59.9% Complete
Progress: |█████████████████████████████---------------------| 59.9% Complete
Progress: |█████████████████████████████---------------------| 60.0% Complete
Progress: |██████████████████████████████--------------------| 60.0% Complete
Progress: |██████████████████████████████--------------------| 60.1% Complete
Progress: |██████████████████████████████--------------------| 60.2% Complete
Progress: |██████████████████████████████--------------------| 60.2% Complete
Progress: |██████████████████████████████--------------------| 60.3% Complete
Progress: |██████████████████████████████--------------------| 60.3% Complete
Progress: |██████████████████████████████--------------------| 60.4% Complete
Progress: |██████████████████████████████--------------------| 60.4% Complete
Progress: |██████████████████████████████--------------------| 60.5% Complete
Progress: |██████████████████████████████--------------------| 60.6% Complete
Progress: |██████████████████████████████--------------------| 60.6% Complete
Progress: |██████████████████████████████--------------------| 60.7% Complete
Progress: |██████████████████████████████--------------------| 60.7% Complete
Progress: |██████████████████████████████--------------------| 60.8% Complete
Progress: |██████████████████████████████--------------------| 60.8% Complete
Progress: |██████████████████████████████--------------------| 60.9% Complete
Progress: |██████████████████████████████--------------------| 61.0% Complete
Progress: |██████████████████████████████--------------------| 61.0% Complete
Progress: |██████████████████████████████--------------------| 61.1% Complete
Progress: |██████████████████████████████--------------------| 61.1% Complete
Progress: |██████████████████████████████--------------------| 61.2% Complete
Progress: |██████████████████████████████--------------------| 61.2% Complete
Progress: |██████████████████████████████--------------------| 61.3% Complete
Progress: |██████████████████████████████--------------------| 61.4% Complete
Progress: |██████████████████████████████--------------------| 61.4% Complete
Progress: |██████████████████████████████--------------------| 61.5% Complete
Progress: |██████████████████████████████--------------------| 61.5% Complete
Progress: |██████████████████████████████--------------------| 61.6% Complete
Progress: |██████████████████████████████--------------------| 61.6% Complete
Progress: |██████████████████████████████--------------------| 61.7% Complete
Progress: |██████████████████████████████--------------------| 61.8% Complete
Progress: |██████████████████████████████--------------------| 61.8% Complete
Progress: |██████████████████████████████--------------------| 61.9% Complete
Progress: |██████████████████████████████--------------------| 61.9% Complete
Progress: |██████████████████████████████--------------------| 62.0% Complete
Progress: |███████████████████████████████-------------------| 62.0% Complete
Progress: |███████████████████████████████-------------------| 62.1% Complete
Progress: |███████████████████████████████-------------------| 62.2% Complete
Progress: |███████████████████████████████-------------------| 62.2% Complete
Progress: |███████████████████████████████-------------------| 62.3% Complete
Progress: |███████████████████████████████-------------------| 62.3% Complete
Progress: |███████████████████████████████-------------------| 62.4% Complete
Progress: |███████████████████████████████-------------------| 62.5% Complete
Progress: |███████████████████████████████-------------------| 62.5% Complete
Progress: |███████████████████████████████-------------------| 62.6% Complete
Progress: |███████████████████████████████-------------------| 62.6% Complete
Progress: |███████████████████████████████-------------------| 62.7% Complete
Progress: |███████████████████████████████-------------------| 62.7% Complete
Progress: |███████████████████████████████-------------------| 62.8% Complete
Progress: |███████████████████████████████-------------------| 62.9% Complete
Progress: |███████████████████████████████-------------------| 62.9% Complete
Progress: |███████████████████████████████-------------------| 63.0% Complete
Progress: |███████████████████████████████-------------------| 63.0% Complete
Progress: |███████████████████████████████-------------------| 63.1% Complete
Progress: |███████████████████████████████-------------------| 63.1% Complete
Progress: |███████████████████████████████-------------------| 63.2% Complete
Progress: |███████████████████████████████-------------------| 63.3% Complete
Progress: |███████████████████████████████-------------------| 63.3% Complete
Progress: |███████████████████████████████-------------------| 63.4% Complete
Progress: |███████████████████████████████-------------------| 63.4% Complete
Progress: |███████████████████████████████-------------------| 63.5% Complete
Progress: |███████████████████████████████-------------------| 63.5% Complete
Progress: |███████████████████████████████-------------------| 63.6% Complete
Progress: |███████████████████████████████-------------------| 63.7% Complete
Progress: |███████████████████████████████-------------------| 63.7% Complete
Progress: |███████████████████████████████-------------------| 63.8% Complete
Progress: |███████████████████████████████-------------------| 63.8% Complete
Progress: |███████████████████████████████-------------------| 63.9% Complete
Progress: |███████████████████████████████-------------------| 63.9% Complete
Progress: |███████████████████████████████-------------------| 64.0% Complete
Progress: |████████████████████████████████------------------| 64.1% Complete
Progress: |████████████████████████████████------------------| 64.1% Complete
Progress: |████████████████████████████████------------------| 64.2% Complete
Progress: |████████████████████████████████------------------| 64.2% Complete
Progress: |████████████████████████████████------------------| 64.3% Complete
Progress: |████████████████████████████████------------------| 64.3% Complete
Progress: |████████████████████████████████------------------| 64.4% Complete
Progress: |████████████████████████████████------------------| 64.5% Complete
Progress: |████████████████████████████████------------------| 64.5% Complete
Progress: |████████████████████████████████------------------| 64.6% Complete
Progress: |████████████████████████████████------------------| 64.6% Complete
Progress: |████████████████████████████████------------------| 64.7% Complete
Progress: |████████████████████████████████------------------| 64.7% Complete
Progress: |████████████████████████████████------------------| 64.8% Complete
Progress: |████████████████████████████████------------------| 64.9% Complete
Progress: |████████████████████████████████------------------| 64.9% Complete
Progress: |████████████████████████████████------------------| 65.0% Complete
Progress: |████████████████████████████████------------------| 65.0% Complete
Progress: |████████████████████████████████------------------| 65.1% Complete
Progress: |████████████████████████████████------------------| 65.1% Complete
Progress: |████████████████████████████████------------------| 65.2% Complete
Progress: |████████████████████████████████------------------| 65.3% Complete
Progress: |████████████████████████████████------------------| 65.3% Complete
Progress: |████████████████████████████████------------------| 65.4% Complete
Progress: |████████████████████████████████------------------| 65.4% Complete
Progress: |████████████████████████████████------------------| 65.5% Complete
Progress: |████████████████████████████████------------------| 65.5% Complete
Progress: |████████████████████████████████------------------| 65.6% Complete
Progress: |████████████████████████████████------------------| 65.7% Complete
Progress: |████████████████████████████████------------------| 65.7% Complete
Progress: |████████████████████████████████------------------| 65.8% Complete
Progress: |████████████████████████████████------------------| 65.8% Complete
Progress: |████████████████████████████████------------------| 65.9% Complete
Progress: |████████████████████████████████------------------| 65.9% Complete
Progress: |█████████████████████████████████-----------------| 66.0% Complete
Progress: |█████████████████████████████████-----------------| 66.1% Complete
Progress: |█████████████████████████████████-----------------| 66.1% Complete
Progress: |█████████████████████████████████-----------------| 66.2% Complete
Progress: |█████████████████████████████████-----------------| 66.2% Complete
Progress: |█████████████████████████████████-----------------| 66.3% Complete
Progress: |█████████████████████████████████-----------------| 66.4% Complete
Progress: |█████████████████████████████████-----------------| 66.4% Complete
Progress: |█████████████████████████████████-----------------| 66.5% Complete
Progress: |█████████████████████████████████-----------------| 66.5% Complete
Progress: |█████████████████████████████████-----------------| 66.6% Complete
Progress: |█████████████████████████████████-----------------| 66.6% Complete
Progress: |█████████████████████████████████-----------------| 66.7% Complete
Progress: |█████████████████████████████████-----------------| 66.8% Complete
Progress: |█████████████████████████████████-----------------| 66.8% Complete
Progress: |█████████████████████████████████-----------------| 66.9% Complete
Progress: |█████████████████████████████████-----------------| 66.9% Complete
Progress: |█████████████████████████████████-----------------| 67.0% Complete
Progress: |█████████████████████████████████-----------------| 67.0% Complete
Progress: |█████████████████████████████████-----------------| 67.1% Complete
Progress: |█████████████████████████████████-----------------| 67.2% Complete
Progress: |█████████████████████████████████-----------------| 67.2% Complete
Progress: |█████████████████████████████████-----------------| 67.3% Complete
Progress: |█████████████████████████████████-----------------| 67.3% Complete
Progress: |█████████████████████████████████-----------------| 67.4% Complete
Progress: |█████████████████████████████████-----------------| 67.4% Complete
Progress: |█████████████████████████████████-----------------| 67.5% Complete
Progress: |█████████████████████████████████-----------------| 67.6% Complete
Progress: |█████████████████████████████████-----------------| 67.6% Complete
Progress: |█████████████████████████████████-----------------| 67.7% Complete
Progress: |█████████████████████████████████-----------------| 67.7% Complete
Progress: |█████████████████████████████████-----------------| 67.8% Complete
Progress: |█████████████████████████████████-----------------| 67.8% Complete
Progress: |█████████████████████████████████-----------------| 67.9% Complete
Progress: |█████████████████████████████████-----------------| 68.0% Complete
Progress: |██████████████████████████████████----------------| 68.0% Complete
Progress: |██████████████████████████████████----------------| 68.1% Complete
Progress: |██████████████████████████████████----------------| 68.1% Complete
Progress: |██████████████████████████████████----------------| 68.2% Complete
Progress: |██████████████████████████████████----------------| 68.2% Complete
Progress: |██████████████████████████████████----------------| 68.3% Complete
Progress: |██████████████████████████████████----------------| 68.4% Complete
Progress: |██████████████████████████████████----------------| 68.4% Complete
Progress: |██████████████████████████████████----------------| 68.5% Complete
Progress: |██████████████████████████████████----------------| 68.5% Complete
Progress: |██████████████████████████████████----------------| 68.6% Complete
Progress: |██████████████████████████████████----------------| 68.6% Complete
Progress: |██████████████████████████████████----------------| 68.7% Complete
Progress: |██████████████████████████████████----------------| 68.8% Complete
Progress: |██████████████████████████████████----------------| 68.8% Complete
Progress: |██████████████████████████████████----------------| 68.9% Complete
Progress: |██████████████████████████████████----------------| 68.9% Complete
Progress: |██████████████████████████████████----------------| 69.0% Complete
Progress: |██████████████████████████████████----------------| 69.0% Complete
Progress: |██████████████████████████████████----------------| 69.1% Complete
Progress: |██████████████████████████████████----------------| 69.2% Complete
Progress: |██████████████████████████████████----------------| 69.2% Complete
Progress: |██████████████████████████████████----------------| 69.3% Complete
Progress: |██████████████████████████████████----------------| 69.3% Complete
Progress: |██████████████████████████████████----------------| 69.4% Complete
Progress: |██████████████████████████████████----------------| 69.4% Complete
Progress: |██████████████████████████████████----------------| 69.5% Complete
Progress: |██████████████████████████████████----------------| 69.6% Complete
Progress: |██████████████████████████████████----------------| 69.6% Complete
Progress: |██████████████████████████████████----------------| 69.7% Complete
Progress: |██████████████████████████████████----------------| 69.7% Complete
Progress: |██████████████████████████████████----------------| 69.8% Complete
Progress: |██████████████████████████████████----------------| 69.8% Complete
Progress: |██████████████████████████████████----------------| 69.9% Complete
Progress: |██████████████████████████████████----------------| 70.0% Complete
Progress: |███████████████████████████████████---------------| 70.0% Complete
Progress: |███████████████████████████████████---------------| 70.1% Complete
Progress: |███████████████████████████████████---------------| 70.1% Complete
Progress: |███████████████████████████████████---------------| 70.2% Complete
Progress: |███████████████████████████████████---------------| 70.3% Complete
Progress: |███████████████████████████████████---------------| 70.3% Complete
Progress: |███████████████████████████████████---------------| 70.4% Complete
Progress: |███████████████████████████████████---------------| 70.4% Complete
Progress: |███████████████████████████████████---------------| 70.5% Complete
Progress: |███████████████████████████████████---------------| 70.5% Complete
Progress: |███████████████████████████████████---------------| 70.6% Complete
Progress: |███████████████████████████████████---------------| 70.7% Complete
Progress: |███████████████████████████████████---------------| 70.7% Complete
Progress: |███████████████████████████████████---------------| 70.8% Complete
Progress: |███████████████████████████████████---------------| 70.8% Complete
Progress: |███████████████████████████████████---------------| 70.9% Complete
Progress: |███████████████████████████████████---------------| 70.9% Complete
Progress: |███████████████████████████████████---------------| 71.0% Complete
Progress: |███████████████████████████████████---------------| 71.1% Complete
Progress: |███████████████████████████████████---------------| 71.1% Complete
Progress: |███████████████████████████████████---------------| 71.2% Complete
Progress: |███████████████████████████████████---------------| 71.2% Complete
Progress: |███████████████████████████████████---------------| 71.3% Complete
Progress: |███████████████████████████████████---------------| 71.3% Complete
Progress: |███████████████████████████████████---------------| 71.4% Complete
Progress: |███████████████████████████████████---------------| 71.5% Complete
Progress: |███████████████████████████████████---------------| 71.5% Complete
Progress: |███████████████████████████████████---------------| 71.6% Complete
Progress: |███████████████████████████████████---------------| 71.6% Complete
Progress: |███████████████████████████████████---------------| 71.7% Complete
Progress: |███████████████████████████████████---------------| 71.7% Complete
Progress: |███████████████████████████████████---------------| 71.8% Complete
Progress: |███████████████████████████████████---------------| 71.9% Complete
Progress: |███████████████████████████████████---------------| 71.9% Complete
Progress: |███████████████████████████████████---------------| 72.0% Complete
Progress: |████████████████████████████████████--------------| 72.0% Complete
Progress: |████████████████████████████████████--------------| 72.1% Complete
Progress: |████████████████████████████████████--------------| 72.1% Complete
Progress: |████████████████████████████████████--------------| 72.2% Complete
Progress: |████████████████████████████████████--------------| 72.3% Complete
Progress: |████████████████████████████████████--------------| 72.3% Complete
Progress: |████████████████████████████████████--------------| 72.4% Complete
Progress: |████████████████████████████████████--------------| 72.4% Complete
Progress: |████████████████████████████████████--------------| 72.5% Complete
Progress: |████████████████████████████████████--------------| 72.5% Complete
Progress: |████████████████████████████████████--------------| 72.6% Complete
Progress: |████████████████████████████████████--------------| 72.7% Complete
Progress: |████████████████████████████████████--------------| 72.7% Complete
Progress: |████████████████████████████████████--------------| 72.8% Complete
Progress: |████████████████████████████████████--------------| 72.8% Complete
Progress: |████████████████████████████████████--------------| 72.9% Complete
Progress: |████████████████████████████████████--------------| 72.9% Complete
Progress: |████████████████████████████████████--------------| 73.0% Complete
Progress: |████████████████████████████████████--------------| 73.1% Complete
Progress: |████████████████████████████████████--------------| 73.1% Complete
Progress: |████████████████████████████████████--------------| 73.2% Complete
Progress: |████████████████████████████████████--------------| 73.2% Complete
Progress: |████████████████████████████████████--------------| 73.3% Complete
Progress: |████████████████████████████████████--------------| 73.3% Complete
Progress: |████████████████████████████████████--------------| 73.4% Complete
Progress: |████████████████████████████████████--------------| 73.5% Complete
Progress: |████████████████████████████████████--------------| 73.5% Complete
Progress: |████████████████████████████████████--------------| 73.6% Complete
Progress: |████████████████████████████████████--------------| 73.6% Complete
Progress: |████████████████████████████████████--------------| 73.7% Complete
Progress: |████████████████████████████████████--------------| 73.7% Complete
Progress: |████████████████████████████████████--------------| 73.8% Complete
Progress: |████████████████████████████████████--------------| 73.9% Complete
Progress: |████████████████████████████████████--------------| 73.9% Complete
Progress: |████████████████████████████████████--------------| 74.0% Complete
Progress: |█████████████████████████████████████-------------| 74.0% Complete
Progress: |█████████████████████████████████████-------------| 74.1% Complete
Progress: |█████████████████████████████████████-------------| 74.1% Complete
Progress: |█████████████████████████████████████-------------| 74.2% Complete
Progress: |█████████████████████████████████████-------------| 74.3% Complete
Progress: |█████████████████████████████████████-------------| 74.3% Complete
Progress: |█████████████████████████████████████-------------| 74.4% Complete
Progress: |█████████████████████████████████████-------------| 74.4% Complete
Progress: |█████████████████████████████████████-------------| 74.5% Complete
Progress: |█████████████████████████████████████-------------| 74.6% Complete
Progress: |█████████████████████████████████████-------------| 74.6% Complete
Progress: |█████████████████████████████████████-------------| 74.7% Complete
Progress: |█████████████████████████████████████-------------| 74.7% Complete
Progress: |█████████████████████████████████████-------------| 74.8% Complete
Progress: |█████████████████████████████████████-------------| 74.8% Complete
Progress: |█████████████████████████████████████-------------| 74.9% Complete
Progress: |█████████████████████████████████████-------------| 75.0% Complete
Progress: |█████████████████████████████████████-------------| 75.0% Complete
Progress: |█████████████████████████████████████-------------| 75.1% Complete
Progress: |█████████████████████████████████████-------------| 75.1% Complete
Progress: |█████████████████████████████████████-------------| 75.2% Complete
Progress: |█████████████████████████████████████-------------| 75.2% Complete
Progress: |█████████████████████████████████████-------------| 75.3% Complete
Progress: |█████████████████████████████████████-------------| 75.4% Complete
Progress: |█████████████████████████████████████-------------| 75.4% Complete
Progress: |█████████████████████████████████████-------------| 75.5% Complete
Progress: |█████████████████████████████████████-------------| 75.5% Complete
Progress: |█████████████████████████████████████-------------| 75.6% Complete
Progress: |█████████████████████████████████████-------------| 75.6% Complete
Progress: |█████████████████████████████████████-------------| 75.7% Complete
Progress: |█████████████████████████████████████-------------| 75.8% Complete
Progress: |█████████████████████████████████████-------------| 75.8% Complete
Progress: |█████████████████████████████████████-------------| 75.9% Complete
Progress: |█████████████████████████████████████-------------| 75.9% Complete
Progress: |█████████████████████████████████████-------------| 76.0% Complete
Progress: |██████████████████████████████████████------------| 76.0% Complete
Progress: |██████████████████████████████████████------------| 76.1% Complete
Progress: |██████████████████████████████████████------------| 76.2% Complete
Progress: |██████████████████████████████████████------------| 76.2% Complete
Progress: |██████████████████████████████████████------------| 76.3% Complete
Progress: |██████████████████████████████████████------------| 76.3% Complete
Progress: |██████████████████████████████████████------------| 76.4% Complete
Progress: |██████████████████████████████████████------------| 76.4% Complete
Progress: |██████████████████████████████████████------------| 76.5% Complete
Progress: |██████████████████████████████████████------------| 76.6% Complete
Progress: |██████████████████████████████████████------------| 76.6% Complete
Progress: |██████████████████████████████████████------------| 76.7% Complete
Progress: |██████████████████████████████████████------------| 76.7% Complete
Progress: |██████████████████████████████████████------------| 76.8% Complete
Progress: |██████████████████████████████████████------------| 76.8% Complete
Progress: |██████████████████████████████████████------------| 76.9% Complete
Progress: |██████████████████████████████████████------------| 77.0% Complete
Progress: |██████████████████████████████████████------------| 77.0% Complete
Progress: |██████████████████████████████████████------------| 77.1% Complete
Progress: |██████████████████████████████████████------------| 77.1% Complete
Progress: |██████████████████████████████████████------------| 77.2% Complete
Progress: |██████████████████████████████████████------------| 77.2% Complete
Progress: |██████████████████████████████████████------------| 77.3% Complete
Progress: |██████████████████████████████████████------------| 77.4% Complete
Progress: |██████████████████████████████████████------------| 77.4% Complete
Progress: |██████████████████████████████████████------------| 77.5% Complete
Progress: |██████████████████████████████████████------------| 77.5% Complete
Progress: |██████████████████████████████████████------------| 77.6% Complete
Progress: |██████████████████████████████████████------------| 77.6% Complete
Progress: |██████████████████████████████████████------------| 77.7% Complete
Progress: |██████████████████████████████████████------------| 77.8% Complete
Progress: |██████████████████████████████████████------------| 77.8% Complete
Progress: |██████████████████████████████████████------------| 77.9% Complete
Progress: |██████████████████████████████████████------------| 77.9% Complete
Progress: |██████████████████████████████████████------------| 78.0% Complete
Progress: |███████████████████████████████████████-----------| 78.0% Complete
Progress: |███████████████████████████████████████-----------| 78.1% Complete
Progress: |███████████████████████████████████████-----------| 78.2% Complete
Progress: |███████████████████████████████████████-----------| 78.2% Complete
Progress: |███████████████████████████████████████-----------| 78.3% Complete
Progress: |███████████████████████████████████████-----------| 78.3% Complete
Progress: |███████████████████████████████████████-----------| 78.4% Complete
Progress: |███████████████████████████████████████-----------| 78.5% Complete
Progress: |███████████████████████████████████████-----------| 78.5% Complete
Progress: |███████████████████████████████████████-----------| 78.6% Complete
Progress: |███████████████████████████████████████-----------| 78.6% Complete
Progress: |███████████████████████████████████████-----------| 78.7% Complete
Progress: |███████████████████████████████████████-----------| 78.7% Complete
Progress: |███████████████████████████████████████-----------| 78.8% Complete
Progress: |███████████████████████████████████████-----------| 78.9% Complete
Progress: |███████████████████████████████████████-----------| 78.9% Complete
Progress: |███████████████████████████████████████-----------| 79.0% Complete
Progress: |███████████████████████████████████████-----------| 79.0% Complete
Progress: |███████████████████████████████████████-----------| 79.1% Complete
Progress: |███████████████████████████████████████-----------| 79.1% Complete
Progress: |███████████████████████████████████████-----------| 79.2% Complete
Progress: |███████████████████████████████████████-----------| 79.3% Complete
Progress: |███████████████████████████████████████-----------| 79.3% Complete
Progress: |███████████████████████████████████████-----------| 79.4% Complete
Progress: |███████████████████████████████████████-----------| 79.4% Complete
Progress: |███████████████████████████████████████-----------| 79.5% Complete
Progress: |███████████████████████████████████████-----------| 79.5% Complete
Progress: |███████████████████████████████████████-----------| 79.6% Complete
Progress: |███████████████████████████████████████-----------| 79.7% Complete
Progress: |███████████████████████████████████████-----------| 79.7% Complete
Progress: |███████████████████████████████████████-----------| 79.8% Complete
Progress: |███████████████████████████████████████-----------| 79.8% Complete
Progress: |███████████████████████████████████████-----------| 79.9% Complete
Progress: |███████████████████████████████████████-----------| 79.9% Complete
Progress: |███████████████████████████████████████-----------| 80.0% Complete
Progress: |████████████████████████████████████████----------| 80.1% Complete
Progress: |████████████████████████████████████████----------| 80.1% Complete
Progress: |████████████████████████████████████████----------| 80.2% Complete
Progress: |████████████████████████████████████████----------| 80.2% Complete
Progress: |████████████████████████████████████████----------| 80.3% Complete
Progress: |████████████████████████████████████████----------| 80.3% Complete
Progress: |████████████████████████████████████████----------| 80.4% Complete
Progress: |████████████████████████████████████████----------| 80.5% Complete
Progress: |████████████████████████████████████████----------| 80.5% Complete
Progress: |████████████████████████████████████████----------| 80.6% Complete
Progress: |████████████████████████████████████████----------| 80.6% Complete
Progress: |████████████████████████████████████████----------| 80.7% Complete
Progress: |████████████████████████████████████████----------| 80.7% Complete
Progress: |████████████████████████████████████████----------| 80.8% Complete
Progress: |████████████████████████████████████████----------| 80.9% Complete
Progress: |████████████████████████████████████████----------| 80.9% Complete
Progress: |████████████████████████████████████████----------| 81.0% Complete
Progress: |████████████████████████████████████████----------| 81.0% Complete
Progress: |████████████████████████████████████████----------| 81.1% Complete
Progress: |████████████████████████████████████████----------| 81.1% Complete
Progress: |████████████████████████████████████████----------| 81.2% Complete
Progress: |████████████████████████████████████████----------| 81.3% Complete
Progress: |████████████████████████████████████████----------| 81.3% Complete
Progress: |████████████████████████████████████████----------| 81.4% Complete
Progress: |████████████████████████████████████████----------| 81.4% Complete
Progress: |████████████████████████████████████████----------| 81.5% Complete
Progress: |████████████████████████████████████████----------| 81.5% Complete
Progress: |████████████████████████████████████████----------| 81.6% Complete
Progress: |████████████████████████████████████████----------| 81.7% Complete
Progress: |████████████████████████████████████████----------| 81.7% Complete
Progress: |████████████████████████████████████████----------| 81.8% Complete
Progress: |████████████████████████████████████████----------| 81.8% Complete
Progress: |████████████████████████████████████████----------| 81.9% Complete
Progress: |████████████████████████████████████████----------| 81.9% Complete
Progress: |█████████████████████████████████████████---------| 82.0% Complete
Progress: |█████████████████████████████████████████---------| 82.1% Complete
Progress: |█████████████████████████████████████████---------| 82.1% Complete
Progress: |█████████████████████████████████████████---------| 82.2% Complete
Progress: |█████████████████████████████████████████---------| 82.2% Complete
Progress: |█████████████████████████████████████████---------| 82.3% Complete
Progress: |█████████████████████████████████████████---------| 82.4% Complete
Progress: |█████████████████████████████████████████---------| 82.4% Complete
Progress: |█████████████████████████████████████████---------| 82.5% Complete
Progress: |█████████████████████████████████████████---------| 82.5% Complete
Progress: |█████████████████████████████████████████---------| 82.6% Complete
Progress: |█████████████████████████████████████████---------| 82.6% Complete
Progress: |█████████████████████████████████████████---------| 82.7% Complete
Progress: |█████████████████████████████████████████---------| 82.8% Complete
Progress: |█████████████████████████████████████████---------| 82.8% Complete
Progress: |█████████████████████████████████████████---------| 82.9% Complete
Progress: |█████████████████████████████████████████---------| 82.9% Complete
Progress: |█████████████████████████████████████████---------| 83.0% Complete
Progress: |█████████████████████████████████████████---------| 83.0% Complete
Progress: |█████████████████████████████████████████---------| 83.1% Complete
Progress: |█████████████████████████████████████████---------| 83.2% Complete
Progress: |█████████████████████████████████████████---------| 83.2% Complete
Progress: |█████████████████████████████████████████---------| 83.3% Complete
Progress: |█████████████████████████████████████████---------| 83.3% Complete
Progress: |█████████████████████████████████████████---------| 83.4% Complete
Progress: |█████████████████████████████████████████---------| 83.4% Complete
Progress: |█████████████████████████████████████████---------| 83.5% Complete
Progress: |█████████████████████████████████████████---------| 83.6% Complete
Progress: |█████████████████████████████████████████---------| 83.6% Complete
Progress: |█████████████████████████████████████████---------| 83.7% Complete
Progress: |█████████████████████████████████████████---------| 83.7% Complete
Progress: |█████████████████████████████████████████---------| 83.8% Complete
Progress: |█████████████████████████████████████████---------| 83.8% Complete
Progress: |█████████████████████████████████████████---------| 83.9% Complete
Progress: |█████████████████████████████████████████---------| 84.0% Complete
Progress: |██████████████████████████████████████████--------| 84.0% Complete
Progress: |██████████████████████████████████████████--------| 84.1% Complete
Progress: |██████████████████████████████████████████--------| 84.1% Complete
Progress: |██████████████████████████████████████████--------| 84.2% Complete
Progress: |██████████████████████████████████████████--------| 84.2% Complete
Progress: |██████████████████████████████████████████--------| 84.3% Complete
Progress: |██████████████████████████████████████████--------| 84.4% Complete
Progress: |██████████████████████████████████████████--------| 84.4% Complete
Progress: |██████████████████████████████████████████--------| 84.5% Complete
Progress: |██████████████████████████████████████████--------| 84.5% Complete
Progress: |██████████████████████████████████████████--------| 84.6% Complete
Progress: |██████████████████████████████████████████--------| 84.6% Complete
Progress: |██████████████████████████████████████████--------| 84.7% Complete
Progress: |██████████████████████████████████████████--------| 84.8% Complete
Progress: |██████████████████████████████████████████--------| 84.8% Complete
Progress: |██████████████████████████████████████████--------| 84.9% Complete
Progress: |██████████████████████████████████████████--------| 84.9% Complete
Progress: |██████████████████████████████████████████--------| 85.0% Complete
Progress: |██████████████████████████████████████████--------| 85.0% Complete
Progress: |██████████████████████████████████████████--------| 85.1% Complete
Progress: |██████████████████████████████████████████--------| 85.2% Complete
Progress: |██████████████████████████████████████████--------| 85.2% Complete
Progress: |██████████████████████████████████████████--------| 85.3% Complete
Progress: |██████████████████████████████████████████--------| 85.3% Complete
Progress: |██████████████████████████████████████████--------| 85.4% Complete
Progress: |██████████████████████████████████████████--------| 85.4% Complete
Progress: |██████████████████████████████████████████--------| 85.5% Complete
Progress: |██████████████████████████████████████████--------| 85.6% Complete
Progress: |██████████████████████████████████████████--------| 85.6% Complete
Progress: |██████████████████████████████████████████--------| 85.7% Complete
Progress: |██████████████████████████████████████████--------| 85.7% Complete
Progress: |██████████████████████████████████████████--------| 85.8% Complete
Progress: |██████████████████████████████████████████--------| 85.8% Complete
Progress: |██████████████████████████████████████████--------| 85.9% Complete
Progress: |██████████████████████████████████████████--------| 86.0% Complete
Progress: |███████████████████████████████████████████-------| 86.0% Complete
Progress: |███████████████████████████████████████████-------| 86.1% Complete
Progress: |███████████████████████████████████████████-------| 86.1% Complete
Progress: |███████████████████████████████████████████-------| 86.2% Complete
Progress: |███████████████████████████████████████████-------| 86.3% Complete
Progress: |███████████████████████████████████████████-------| 86.3% Complete
Progress: |███████████████████████████████████████████-------| 86.4% Complete
Progress: |███████████████████████████████████████████-------| 86.4% Complete
Progress: |███████████████████████████████████████████-------| 86.5% Complete
Progress: |███████████████████████████████████████████-------| 86.5% Complete
Progress: |███████████████████████████████████████████-------| 86.6% Complete
Progress: |███████████████████████████████████████████-------| 86.7% Complete
Progress: |███████████████████████████████████████████-------| 86.7% Complete
Progress: |███████████████████████████████████████████-------| 86.8% Complete
Progress: |███████████████████████████████████████████-------| 86.8% Complete
Progress: |███████████████████████████████████████████-------| 86.9% Complete
Progress: |███████████████████████████████████████████-------| 86.9% Complete
Progress: |███████████████████████████████████████████-------| 87.0% Complete
Progress: |███████████████████████████████████████████-------| 87.1% Complete
Progress: |███████████████████████████████████████████-------| 87.1% Complete
Progress: |███████████████████████████████████████████-------| 87.2% Complete
Progress: |███████████████████████████████████████████-------| 87.2% Complete
Progress: |███████████████████████████████████████████-------| 87.3% Complete
Progress: |███████████████████████████████████████████-------| 87.3% Complete
Progress: |███████████████████████████████████████████-------| 87.4% Complete
Progress: |███████████████████████████████████████████-------| 87.5% Complete
Progress: |███████████████████████████████████████████-------| 87.5% Complete
Progress: |███████████████████████████████████████████-------| 87.6% Complete
Progress: |███████████████████████████████████████████-------| 87.6% Complete
Progress: |███████████████████████████████████████████-------| 87.7% Complete
Progress: |███████████████████████████████████████████-------| 87.7% Complete
Progress: |███████████████████████████████████████████-------| 87.8% Complete
Progress: |███████████████████████████████████████████-------| 87.9% Complete
Progress: |███████████████████████████████████████████-------| 87.9% Complete
Progress: |███████████████████████████████████████████-------| 88.0% Complete
Progress: |████████████████████████████████████████████------| 88.0% Complete
Progress: |████████████████████████████████████████████------| 88.1% Complete
Progress: |████████████████████████████████████████████------| 88.1% Complete
Progress: |████████████████████████████████████████████------| 88.2% Complete
Progress: |████████████████████████████████████████████------| 88.3% Complete
Progress: |████████████████████████████████████████████------| 88.3% Complete
Progress: |████████████████████████████████████████████------| 88.4% Complete
Progress: |████████████████████████████████████████████------| 88.4% Complete
Progress: |████████████████████████████████████████████------| 88.5% Complete
Progress: |████████████████████████████████████████████------| 88.5% Complete
Progress: |████████████████████████████████████████████------| 88.6% Complete
Progress: |████████████████████████████████████████████------| 88.7% Complete
Progress: |████████████████████████████████████████████------| 88.7% Complete
Progress: |████████████████████████████████████████████------| 88.8% Complete
Progress: |████████████████████████████████████████████------| 88.8% Complete
Progress: |████████████████████████████████████████████------| 88.9% Complete
Progress: |████████████████████████████████████████████------| 88.9% Complete
Progress: |████████████████████████████████████████████------| 89.0% Complete
Progress: |████████████████████████████████████████████------| 89.1% Complete
Progress: |████████████████████████████████████████████------| 89.1% Complete
Progress: |████████████████████████████████████████████------| 89.2% Complete
Progress: |████████████████████████████████████████████------| 89.2% Complete
Progress: |████████████████████████████████████████████------| 89.3% Complete
Progress: |████████████████████████████████████████████------| 89.3% Complete
Progress: |████████████████████████████████████████████------| 89.4% Complete
Progress: |████████████████████████████████████████████------| 89.5% Complete
Progress: |████████████████████████████████████████████------| 89.5% Complete
Progress: |████████████████████████████████████████████------| 89.6% Complete
Progress: |████████████████████████████████████████████------| 89.6% Complete
Progress: |████████████████████████████████████████████------| 89.7% Complete
Progress: |████████████████████████████████████████████------| 89.7% Complete
Progress: |████████████████████████████████████████████------| 89.8% Complete
Progress: |████████████████████████████████████████████------| 89.9% Complete
Progress: |████████████████████████████████████████████------| 89.9% Complete
Progress: |████████████████████████████████████████████------| 90.0% Complete
Progress: |█████████████████████████████████████████████-----| 90.0% Complete
Progress: |█████████████████████████████████████████████-----| 90.1% Complete
Progress: |█████████████████████████████████████████████-----| 90.1% Complete
Progress: |█████████████████████████████████████████████-----| 90.2% Complete
Progress: |█████████████████████████████████████████████-----| 90.3% Complete
Progress: |█████████████████████████████████████████████-----| 90.3% Complete
Progress: |█████████████████████████████████████████████-----| 90.4% Complete
Progress: |█████████████████████████████████████████████-----| 90.4% Complete
Progress: |█████████████████████████████████████████████-----| 90.5% Complete
Progress: |█████████████████████████████████████████████-----| 90.6% Complete
Progress: |█████████████████████████████████████████████-----| 90.6% Complete
Progress: |█████████████████████████████████████████████-----| 90.7% Complete
Progress: |█████████████████████████████████████████████-----| 90.7% Complete
Progress: |█████████████████████████████████████████████-----| 90.8% Complete
Progress: |█████████████████████████████████████████████-----| 90.8% Complete
Progress: |█████████████████████████████████████████████-----| 90.9% Complete
Progress: |█████████████████████████████████████████████-----| 91.0% Complete
Progress: |█████████████████████████████████████████████-----| 91.0% Complete
Progress: |█████████████████████████████████████████████-----| 91.1% Complete
Progress: |█████████████████████████████████████████████-----| 91.1% Complete
Progress: |█████████████████████████████████████████████-----| 91.2% Complete
Progress: |█████████████████████████████████████████████-----| 91.2% Complete
Progress: |█████████████████████████████████████████████-----| 91.3% Complete
Progress: |█████████████████████████████████████████████-----| 91.4% Complete
Progress: |█████████████████████████████████████████████-----| 91.4% Complete
Progress: |█████████████████████████████████████████████-----| 91.5% Complete
Progress: |█████████████████████████████████████████████-----| 91.5% Complete
Progress: |█████████████████████████████████████████████-----| 91.6% Complete
Progress: |█████████████████████████████████████████████-----| 91.6% Complete
Progress: |█████████████████████████████████████████████-----| 91.7% Complete
Progress: |█████████████████████████████████████████████-----| 91.8% Complete
Progress: |█████████████████████████████████████████████-----| 91.8% Complete
Progress: |█████████████████████████████████████████████-----| 91.9% Complete
Progress: |█████████████████████████████████████████████-----| 91.9% Complete
Progress: |█████████████████████████████████████████████-----| 92.0% Complete
Progress: |██████████████████████████████████████████████----| 92.0% Complete
Progress: |██████████████████████████████████████████████----| 92.1% Complete
Progress: |██████████████████████████████████████████████----| 92.2% Complete
Progress: |██████████████████████████████████████████████----| 92.2% Complete
Progress: |██████████████████████████████████████████████----| 92.3% Complete
Progress: |██████████████████████████████████████████████----| 92.3% Complete
Progress: |██████████████████████████████████████████████----| 92.4% Complete
Progress: |██████████████████████████████████████████████----| 92.4% Complete
Progress: |██████████████████████████████████████████████----| 92.5% Complete
Progress: |██████████████████████████████████████████████----| 92.6% Complete
Progress: |██████████████████████████████████████████████----| 92.6% Complete
Progress: |██████████████████████████████████████████████----| 92.7% Complete
Progress: |██████████████████████████████████████████████----| 92.7% Complete
Progress: |██████████████████████████████████████████████----| 92.8% Complete
Progress: |██████████████████████████████████████████████----| 92.8% Complete
Progress: |██████████████████████████████████████████████----| 92.9% Complete
Progress: |██████████████████████████████████████████████----| 93.0% Complete
Progress: |██████████████████████████████████████████████----| 93.0% Complete
Progress: |██████████████████████████████████████████████----| 93.1% Complete
Progress: |██████████████████████████████████████████████----| 93.1% Complete
Progress: |██████████████████████████████████████████████----| 93.2% Complete
Progress: |██████████████████████████████████████████████----| 93.2% Complete
Progress: |██████████████████████████████████████████████----| 93.3% Complete
Progress: |██████████████████████████████████████████████----| 93.4% Complete
Progress: |██████████████████████████████████████████████----| 93.4% Complete
Progress: |██████████████████████████████████████████████----| 93.5% Complete
Progress: |██████████████████████████████████████████████----| 93.5% Complete
Progress: |██████████████████████████████████████████████----| 93.6% Complete
Progress: |██████████████████████████████████████████████----| 93.6% Complete
Progress: |██████████████████████████████████████████████----| 93.7% Complete
Progress: |██████████████████████████████████████████████----| 93.8% Complete
Progress: |██████████████████████████████████████████████----| 93.8% Complete
Progress: |██████████████████████████████████████████████----| 93.9% Complete
Progress: |██████████████████████████████████████████████----| 93.9% Complete
Progress: |██████████████████████████████████████████████----| 94.0% Complete
Progress: |███████████████████████████████████████████████---| 94.0% Complete
Progress: |███████████████████████████████████████████████---| 94.1% Complete
Progress: |███████████████████████████████████████████████---| 94.2% Complete
Progress: |███████████████████████████████████████████████---| 94.2% Complete
Progress: |███████████████████████████████████████████████---| 94.3% Complete
Progress: |███████████████████████████████████████████████---| 94.3% Complete
Progress: |███████████████████████████████████████████████---| 94.4% Complete
Progress: |███████████████████████████████████████████████---| 94.5% Complete
Progress: |███████████████████████████████████████████████---| 94.5% Complete
Progress: |███████████████████████████████████████████████---| 94.6% Complete
Progress: |███████████████████████████████████████████████---| 94.6% Complete
Progress: |███████████████████████████████████████████████---| 94.7% Complete
Progress: |███████████████████████████████████████████████---| 94.7% Complete
Progress: |███████████████████████████████████████████████---| 94.8% Complete
Progress: |███████████████████████████████████████████████---| 94.9% Complete
Progress: |███████████████████████████████████████████████---| 94.9% Complete
Progress: |███████████████████████████████████████████████---| 95.0% Complete
Progress: |███████████████████████████████████████████████---| 95.0% Complete
Progress: |███████████████████████████████████████████████---| 95.1% Complete
Progress: |███████████████████████████████████████████████---| 95.1% Complete
Progress: |███████████████████████████████████████████████---| 95.2% Complete
Progress: |███████████████████████████████████████████████---| 95.3% Complete
Progress: |███████████████████████████████████████████████---| 95.3% Complete
Progress: |███████████████████████████████████████████████---| 95.4% Complete
Progress: |███████████████████████████████████████████████---| 95.4% Complete
Progress: |███████████████████████████████████████████████---| 95.5% Complete
Progress: |███████████████████████████████████████████████---| 95.5% Complete
Progress: |███████████████████████████████████████████████---| 95.6% Complete
Progress: |███████████████████████████████████████████████---| 95.7% Complete
Progress: |███████████████████████████████████████████████---| 95.7% Complete
Progress: |███████████████████████████████████████████████---| 95.8% Complete
Progress: |███████████████████████████████████████████████---| 95.8% Complete
Progress: |███████████████████████████████████████████████---| 95.9% Complete
Progress: |███████████████████████████████████████████████---| 95.9% Complete
Progress: |███████████████████████████████████████████████---| 96.0% Complete
Progress: |████████████████████████████████████████████████--| 96.1% Complete
Progress: |████████████████████████████████████████████████--| 96.1% Complete
Progress: |████████████████████████████████████████████████--| 96.2% Complete
Progress: |████████████████████████████████████████████████--| 96.2% Complete
Progress: |████████████████████████████████████████████████--| 96.3% Complete
Progress: |████████████████████████████████████████████████--| 96.3% Complete
Progress: |████████████████████████████████████████████████--| 96.4% Complete
Progress: |████████████████████████████████████████████████--| 96.5% Complete
Progress: |████████████████████████████████████████████████--| 96.5% Complete
Progress: |████████████████████████████████████████████████--| 96.6% Complete
Progress: |████████████████████████████████████████████████--| 96.6% Complete
Progress: |████████████████████████████████████████████████--| 96.7% Complete
Progress: |████████████████████████████████████████████████--| 96.7% Complete
Progress: |████████████████████████████████████████████████--| 96.8% Complete
Progress: |████████████████████████████████████████████████--| 96.9% Complete
Progress: |████████████████████████████████████████████████--| 96.9% Complete
Progress: |████████████████████████████████████████████████--| 97.0% Complete
Progress: |████████████████████████████████████████████████--| 97.0% Complete
Progress: |████████████████████████████████████████████████--| 97.1% Complete
Progress: |████████████████████████████████████████████████--| 97.1% Complete
Progress: |████████████████████████████████████████████████--| 97.2% Complete
Progress: |████████████████████████████████████████████████--| 97.3% Complete
Progress: |████████████████████████████████████████████████--| 97.3% Complete
Progress: |████████████████████████████████████████████████--| 97.4% Complete
Progress: |████████████████████████████████████████████████--| 97.4% Complete
Progress: |████████████████████████████████████████████████--| 97.5% Complete
Progress: |████████████████████████████████████████████████--| 97.5% Complete
Progress: |████████████████████████████████████████████████--| 97.6% Complete
Progress: |████████████████████████████████████████████████--| 97.7% Complete
Progress: |████████████████████████████████████████████████--| 97.7% Complete
Progress: |████████████████████████████████████████████████--| 97.8% Complete
Progress: |████████████████████████████████████████████████--| 97.8% Complete
Progress: |████████████████████████████████████████████████--| 97.9% Complete
Progress: |████████████████████████████████████████████████--| 97.9% Complete
Progress: |█████████████████████████████████████████████████-| 98.0% Complete
Progress: |█████████████████████████████████████████████████-| 98.1% Complete
Progress: |█████████████████████████████████████████████████-| 98.1% Complete
Progress: |█████████████████████████████████████████████████-| 98.2% Complete
Progress: |█████████████████████████████████████████████████-| 98.2% Complete
Progress: |█████████████████████████████████████████████████-| 98.3% Complete
Progress: |█████████████████████████████████████████████████-| 98.4% Complete
Progress: |█████████████████████████████████████████████████-| 98.4% Complete
Progress: |█████████████████████████████████████████████████-| 98.5% Complete
Progress: |█████████████████████████████████████████████████-| 98.5% Complete
Progress: |█████████████████████████████████████████████████-| 98.6% Complete
Progress: |█████████████████████████████████████████████████-| 98.6% Complete
Progress: |█████████████████████████████████████████████████-| 98.7% Complete
Progress: |█████████████████████████████████████████████████-| 98.8% Complete
Progress: |█████████████████████████████████████████████████-| 98.8% Complete
Progress: |█████████████████████████████████████████████████-| 98.9% Complete
Progress: |█████████████████████████████████████████████████-| 98.9% Complete
Progress: |█████████████████████████████████████████████████-| 99.0% Complete
Progress: |█████████████████████████████████████████████████-| 99.0% Complete
Progress: |█████████████████████████████████████████████████-| 99.1% Complete
Progress: |█████████████████████████████████████████████████-| 99.2% Complete
Progress: |█████████████████████████████████████████████████-| 99.2% Complete
Progress: |█████████████████████████████████████████████████-| 99.3% Complete
Progress: |█████████████████████████████████████████████████-| 99.3% Complete
Progress: |█████████████████████████████████████████████████-| 99.4% Complete
Progress: |█████████████████████████████████████████████████-| 99.4% Complete
Progress: |█████████████████████████████████████████████████-| 99.5% Complete
Progress: |█████████████████████████████████████████████████-| 99.6% Complete
Progress: |█████████████████████████████████████████████████-| 99.6% Complete
Progress: |█████████████████████████████████████████████████-| 99.7% Complete
Progress: |█████████████████████████████████████████████████-| 99.7% Complete
Progress: |█████████████████████████████████████████████████-| 99.8% Complete
Progress: |█████████████████████████████████████████████████-| 99.8% Complete
Progress: |█████████████████████████████████████████████████-| 99.9% Complete
Progress: |█████████████████████████████████████████████████-| 100.0% Complete
Progress: |██████████████████████████████████████████████████| 100.0% Complete/usr/local/lib/python3.13/dist-packages/torch/utils/data/dataloader.py:668: UserWarning: 'pin_memory' argument is set as true but no accelerator is found, then device pinned memory won't be used.
  warnings.warn(warn_msg)
[easyocr] track books
/usr/local/lib/python3.13/dist-packages/torch/utils/data/dataloader.py:668: UserWarning: 'pin_memory' argument is set as true but no accelerator is found, then device pinned memory won't be used.
  warnings.warn(warn_msg)
  [books] 1/50 pages  0.12 p/s
/usr/local/lib/python3.13/dist-packages/torch/utils/data/dataloader.py:668: UserWarning: 'pin_memory' argument is set as true but no accelerator is found, then device pinned memory won't be used.
  warnings.warn(warn_msg)
  [books] 2/50 pages  0.11 p/s
/usr/local/lib/python3.13/dist-packages/torch/utils/data/dataloader.py:668: UserWarning: 'pin_memory' argument is set as true but no accelerator is found, then device pinned memory won't be used.
  warnings.warn(warn_msg)
  [books] 3/50 pages  0.12 p/s
/usr/local/lib/python3.13/dist-packages/torch/utils/data/dataloader.py:668: UserWarning: 'pin_memory' argument is set as true but no accelerator is found, then device pinned memory won't be used.
  warnings.warn(warn_msg)
  [books] 4/50 pages  0.11 p/s
/usr/local/lib/python3.13/dist-packages/torch/utils/data/dataloader.py:668: UserWarning: 'pin_memory' argument is set as true but no accelerator is found, then device pinned memory won't be used.
  warnings.warn(warn_msg)
  [books] 5/50 pages  0.11 p/s
/usr/local/lib/python3.13/dist-packages/torch/utils/data/dataloader.py:668: UserWarning: 'pin_memory' argument is set as true but no accelerator is found, then device pinned memory won't be used.
  warnings.warn(warn_msg)
  [books] 6/50 pages  0.11 p/s
/usr/local/lib/python3.13/dist-packages/torch/utils/data/dataloader.py:668: UserWarning: 'pin_memory' argument is set as true but no accelerator is found, then device pinned memory won't be used.
  warnings.warn(warn_msg)
  [books] 7/50 pages  0.12 p/s
/usr/local/lib/python3.13/dist-packages/torch/utils/data/dataloader.py:668: UserWarning: 'pin_memory' argument is set as true but no accelerator is found, then device pinned memory won't be used.
  warnings.warn(warn_msg)
  [books] 8/50 pages  0.12 p/s
/usr/local/lib/python3.13/dist-packages/torch/utils/data/dataloader.py:668: UserWarning: 'pin_memory' argument is set as true but no accelerator is found, then device pinned memory won't be used.
  warnings.warn(warn_msg)
  [books] 9/50 pages  0.12 p/s
/usr/local/lib/python3.13/dist-packages/torch/utils/data/dataloader.py:668: UserWarning: 'pin_memory' argument is set as true but no accelerator is found, then device pinned memory won't be used.
  warnings.warn(warn_msg)
  [books] 10/50 pages  0.12 p/s
/usr/local/lib/python3.13/dist-packages/torch/utils/data/dataloader.py:668: UserWarning: 'pin_memory' argument is set as true but no accelerator is found, then device pinned memory won't be used.
  warnings.warn(warn_msg)
  [books] 11/50 pages  0.12 p/s
/usr/local/lib/python3.13/dist-packages/torch/utils/data/dataloader.py:668: UserWarning: 'pin_memory' argument is set as true but no accelerator is found, then device pinned memory won't be used.
  warnings.warn(warn_msg)
  [books] 12/50 pages  0.12 p/s
/usr/local/lib/python3.13/dist-packages/torch/utils/data/dataloader.py:668: UserWarning: 'pin_memory' argument is set as true but no accelerator is found, then device pinned memory won't be used.
  warnings.warn(warn_msg)
  [books] 13/50 pages  0.12 p/s
/usr/local/lib/python3.13/dist-packages/torch/utils/data/dataloader.py:668: UserWarning: 'pin_memory' argument is set as true but no accelerator is found, then device pinned memory won't be used.
  warnings.warn(warn_msg)
  [books] 14/50 pages  0.12 p/s
/usr/local/lib/python3.13/dist-packages/torch/utils/data/dataloader.py:668: UserWarning: 'pin_memory' argument is set as true but no accelerator is found, then device pinned memory won't be used.
  warnings.warn(warn_msg)
  [books] 15/50 pages  0.12 p/s
/usr/local/lib/python3.13/dist-packages/torch/utils/data/dataloader.py:668: UserWarning: 'pin_memory' argument is set as true but no accelerator is found, then device pinned memory won't be used.
  warnings.warn(warn_msg)
  [books] 16/50 pages  0.12 p/s
/usr/local/lib/python3.13/dist-packages/torch/utils/data/dataloader.py:668: UserWarning: 'pin_memory' argument is set as true but no accelerator is found, then device pinned memory won't be used.
  warnings.warn(warn_msg)
  [books] 17/50 pages  0.12 p/s
/usr/local/lib/python3.13/dist-packages/torch/utils/data/dataloader.py:668: UserWarning: 'pin_memory' argument is set as true but no accelerator is found, then device pinned memory won't be used.
  warnings.warn(warn_msg)
  [books] 18/50 pages  0.12 p/s
/usr/local/lib/python3.13/dist-packages/torch/utils/data/dataloader.py:668: UserWarning: 'pin_memory' argument is set as true but no accelerator is found, then device pinned memory won't be used.
  warnings.warn(warn_msg)
  [books] 19/50 pages  0.12 p/s
/usr/local/lib/python3.13/dist-packages/torch/utils/data/dataloader.py:668: UserWarning: 'pin_memory' argument is set as true but no accelerator is found, then device pinned memory won't be used.
  warnings.warn(warn_msg)
  [books] 20/50 pages  0.11 p/s
/usr/local/lib/python3.13/dist-packages/torch/utils/data/dataloader.py:668: UserWarning: 'pin_memory' argument is set as true but no accelerator is found, then device pinned memory won't be used.
  warnings.warn(warn_msg)
  [books] 21/50 pages  0.11 p/s
/usr/local/lib/python3.13/dist-packages/torch/utils/data/dataloader.py:668: UserWarning: 'pin_memory' argument is set as true but no accelerator is found, then device pinned memory won't be used.
  warnings.warn(warn_msg)
  [books] 22/50 pages  0.11 p/s
/usr/local/lib/python3.13/dist-packages/torch/utils/data/dataloader.py:668: UserWarning: 'pin_memory' argument is set as true but no accelerator is found, then device pinned memory won't be used.
  warnings.warn(warn_msg)
  [books] 23/50 pages  0.11 p/s
/usr/local/lib/python3.13/dist-packages/torch/utils/data/dataloader.py:668: UserWarning: 'pin_memory' argument is set as true but no accelerator is found, then device pinned memory won't be used.
  warnings.warn(warn_msg)
  [books] 24/50 pages  0.11 p/s
/usr/local/lib/python3.13/dist-packages/torch/utils/data/dataloader.py:668: UserWarning: 'pin_memory' argument is set as true but no accelerator is found, then device pinned memory won't be used.
  warnings.warn(warn_msg)
  [books] 25/50 pages  0.11 p/s
/usr/local/lib/python3.13/dist-packages/torch/utils/data/dataloader.py:668: UserWarning: 'pin_memory' argument is set as true but no accelerator is found, then device pinned memory won't be used.
  warnings.warn(warn_msg)
  [books] 26/50 pages  0.11 p/s
/usr/local/lib/python3.13/dist-packages/torch/utils/data/dataloader.py:668: UserWarning: 'pin_memory' argument is set as true but no accelerator is found, then device pinned memory won't be used.
  warnings.warn(warn_msg)
  [books] 27/50 pages  0.12 p/s
/usr/local/lib/python3.13/dist-packages/torch/utils/data/dataloader.py:668: UserWarning: 'pin_memory' argument is set as true but no accelerator is found, then device pinned memory won't be used.
  warnings.warn(warn_msg)
  [books] 28/50 pages  0.12 p/s
/usr/local/lib/python3.13/dist-packages/torch/utils/data/dataloader.py:668: UserWarning: 'pin_memory' argument is set as true but no accelerator is found, then device pinned memory won't be used.
  warnings.warn(warn_msg)
  [books] 29/50 pages  0.12 p/s
/usr/local/lib/python3.13/dist-packages/torch/utils/data/dataloader.py:668: UserWarning: 'pin_memory' argument is set as true but no accelerator is found, then device pinned memory won't be used.
  warnings.warn(warn_msg)
  [books] 30/50 pages  0.12 p/s
/usr/local/lib/python3.13/dist-packages/torch/utils/data/dataloader.py:668: UserWarning: 'pin_memory' argument is set as true but no accelerator is found, then device pinned memory won't be used.
  warnings.warn(warn_msg)
  [books] 31/50 pages  0.12 p/s
/usr/local/lib/python3.13/dist-packages/torch/utils/data/dataloader.py:668: UserWarning: 'pin_memory' argument is set as true but no accelerator is found, then device pinned memory won't be used.
  warnings.warn(warn_msg)
  [books] 32/50 pages  0.12 p/s
/usr/local/lib/python3.13/dist-packages/torch/utils/data/dataloader.py:668: UserWarning: 'pin_memory' argument is set as true but no accelerator is found, then device pinned memory won't be used.
  warnings.warn(warn_msg)
  [books] 33/50 pages  0.13 p/s
/usr/local/lib/python3.13/dist-packages/torch/utils/data/dataloader.py:668: UserWarning: 'pin_memory' argument is set as true but no accelerator is found, then device pinned memory won't be used.
  warnings.warn(warn_msg)
  [books] 34/50 pages  0.13 p/s
/usr/local/lib/python3.13/dist-packages/torch/utils/data/dataloader.py:668: UserWarning: 'pin_memory' argument is set as true but no accelerator is found, then device pinned memory won't be used.
  warnings.warn(warn_msg)
  [books] 35/50 pages  0.13 p/s
/usr/local/lib/python3.13/dist-packages/torch/utils/data/dataloader.py:668: UserWarning: 'pin_memory' argument is set as true but no accelerator is found, then device pinned memory won't be used.
  warnings.warn(warn_msg)
  [books] 36/50 pages  0.13 p/s
/usr/local/lib/python3.13/dist-packages/torch/utils/data/dataloader.py:668: UserWarning: 'pin_memory' argument is set as true but no accelerator is found, then device pinned memory won't be used.
  warnings.warn(warn_msg)
  [books] 37/50 pages  0.13 p/s
/usr/local/lib/python3.13/dist-packages/torch/utils/data/dataloader.py:668: UserWarning: 'pin_memory' argument is set as true but no accelerator is found, then device pinned memory won't be used.
  warnings.warn(warn_msg)
  [books] 38/50 pages  0.13 p/s
/usr/local/lib/python3.13/dist-packages/torch/utils/data/dataloader.py:668: UserWarning: 'pin_memory' argument is set as true but no accelerator is found, then device pinned memory won't be used.
  warnings.warn(warn_msg)
  [books] 39/50 pages  0.13 p/s
/usr/local/lib/python3.13/dist-packages/torch/utils/data/dataloader.py:668: UserWarning: 'pin_memory' argument is set as true but no accelerator is found, then device pinned memory won't be used.
  warnings.warn(warn_msg)
  [books] 40/50 pages  0.13 p/s
/usr/local/lib/python3.13/dist-packages/torch/utils/data/dataloader.py:668: UserWarning: 'pin_memory' argument is set as true but no accelerator is found, then device pinned memory won't be used.
  warnings.warn(warn_msg)
  [books] 41/50 pages  0.13 p/s
/usr/local/lib/python3.13/dist-packages/torch/utils/data/dataloader.py:668: UserWarning: 'pin_memory' argument is set as true but no accelerator is found, then device pinned memory won't be used.
  warnings.warn(warn_msg)
  [books] 42/50 pages  0.13 p/s
/usr/local/lib/python3.13/dist-packages/torch/utils/data/dataloader.py:668: UserWarning: 'pin_memory' argument is set as true but no accelerator is found, then device pinned memory won't be used.
  warnings.warn(warn_msg)
  [books] 43/50 pages  0.13 p/s
/usr/local/lib/python3.13/dist-packages/torch/utils/data/dataloader.py:668: UserWarning: 'pin_memory' argument is set as true but no accelerator is found, then device pinned memory won't be used.
  warnings.warn(warn_msg)
  [books] 44/50 pages  0.13 p/s
/usr/local/lib/python3.13/dist-packages/torch/utils/data/dataloader.py:668: UserWarning: 'pin_memory' argument is set as true but no accelerator is found, then device pinned memory won't be used.
  warnings.warn(warn_msg)
  [books] 45/50 pages  0.13 p/s
/usr/local/lib/python3.13/dist-packages/torch/utils/data/dataloader.py:668: UserWarning: 'pin_memory' argument is set as true but no accelerator is found, then device pinned memory won't be used.
  warnings.warn(warn_msg)
  [books] 46/50 pages  0.13 p/s
/usr/local/lib/python3.13/dist-packages/torch/utils/data/dataloader.py:668: UserWarning: 'pin_memory' argument is set as true but no accelerator is found, then device pinned memory won't be used.
  warnings.warn(warn_msg)
  [books] 47/50 pages  0.13 p/s
/usr/local/lib/python3.13/dist-packages/torch/utils/data/dataloader.py:668: UserWarning: 'pin_memory' argument is set as true but no accelerator is found, then device pinned memory won't be used.
  warnings.warn(warn_msg)
  [books] 48/50 pages  0.13 p/s
/usr/local/lib/python3.13/dist-packages/torch/utils/data/dataloader.py:668: UserWarning: 'pin_memory' argument is set as true but no accelerator is found, then device pinned memory won't be used.
  warnings.warn(warn_msg)
  [books] 49/50 pages  0.13 p/s
/usr/local/lib/python3.13/dist-packages/torch/utils/data/dataloader.py:668: UserWarning: 'pin_memory' argument is set as true but no accelerator is found, then device pinned memory won't be used.
  warnings.warn(warn_msg)
  [books] 50/50 pages  0.13 p/s
[easyocr] track docs
/usr/local/lib/python3.13/dist-packages/torch/utils/data/dataloader.py:668: UserWarning: 'pin_memory' argument is set as true but no accelerator is found, then device pinned memory won't be used.
  warnings.warn(warn_msg)
  [docs] 1/50 pages  0.19 p/s
/usr/local/lib/python3.13/dist-packages/torch/utils/data/dataloader.py:668: UserWarning: 'pin_memory' argument is set as true but no accelerator is found, then device pinned memory won't be used.
  warnings.warn(warn_msg)
  [docs] 2/50 pages  0.15 p/s
/usr/local/lib/python3.13/dist-packages/torch/utils/data/dataloader.py:668: UserWarning: 'pin_memory' argument is set as true but no accelerator is found, then device pinned memory won't be used.
  warnings.warn(warn_msg)
  [docs] 3/50 pages  0.18 p/s
/usr/local/lib/python3.13/dist-packages/torch/utils/data/dataloader.py:668: UserWarning: 'pin_memory' argument is set as true but no accelerator is found, then device pinned memory won't be used.
  warnings.warn(warn_msg)
  [docs] 4/50 pages  0.16 p/s
/usr/local/lib/python3.13/dist-packages/torch/utils/data/dataloader.py:668: UserWarning: 'pin_memory' argument is set as true but no accelerator is found, then device pinned memory won't be used.
  warnings.warn(warn_msg)
  [docs] 5/50 pages  0.16 p/s
/usr/local/lib/python3.13/dist-packages/torch/utils/data/dataloader.py:668: UserWarning: 'pin_memory' argument is set as true but no accelerator is found, then device pinned memory won't be used.
  warnings.warn(warn_msg)
  [docs] 6/50 pages  0.16 p/s
/usr/local/lib/python3.13/dist-packages/torch/utils/data/dataloader.py:668: UserWarning: 'pin_memory' argument is set as true but no accelerator is found, then device pinned memory won't be used.
  warnings.warn(warn_msg)
  [docs] 7/50 pages  0.17 p/s
/usr/local/lib/python3.13/dist-packages/torch/utils/data/dataloader.py:668: UserWarning: 'pin_memory' argument is set as true but no accelerator is found, then device pinned memory won't be used.
  warnings.warn(warn_msg)
  [docs] 8/50 pages  0.17 p/s
/usr/local/lib/python3.13/dist-packages/torch/utils/data/dataloader.py:668: UserWarning: 'pin_memory' argument is set as true but no accelerator is found, then device pinned memory won't be used.
  warnings.warn(warn_msg)
  [docs] 9/50 pages  0.17 p/s
/usr/local/lib/python3.13/dist-packages/torch/utils/data/dataloader.py:668: UserWarning: 'pin_memory' argument is set as true but no accelerator is found, then device pinned memory won't be used.
  warnings.warn(warn_msg)
  [docs] 10/50 pages  0.18 p/s
/usr/local/lib/python3.13/dist-packages/torch/utils/data/dataloader.py:668: UserWarning: 'pin_memory' argument is set as true but no accelerator is found, then device pinned memory won't be used.
  warnings.warn(warn_msg)
  [docs] 11/50 pages  0.17 p/s
/usr/local/lib/python3.13/dist-packages/torch/utils/data/dataloader.py:668: UserWarning: 'pin_memory' argument is set as true but no accelerator is found, then device pinned memory won't be used.
  warnings.warn(warn_msg)
  [docs] 12/50 pages  0.16 p/s
/usr/local/lib/python3.13/dist-packages/torch/utils/data/dataloader.py:668: UserWarning: 'pin_memory' argument is set as true but no accelerator is found, then device pinned memory won't be used.
  warnings.warn(warn_msg)
  [docs] 13/50 pages  0.14 p/s
/usr/local/lib/python3.13/dist-packages/torch/utils/data/dataloader.py:668: UserWarning: 'pin_memory' argument is set as true but no accelerator is found, then device pinned memory won't be used.
  warnings.warn(warn_msg)
  [docs] 14/50 pages  0.13 p/s
/usr/local/lib/python3.13/dist-packages/torch/utils/data/dataloader.py:668: UserWarning: 'pin_memory' argument is set as true but no accelerator is found, then device pinned memory won't be used.
  warnings.warn(warn_msg)
  [docs] 15/50 pages  0.12 p/s
/usr/local/lib/python3.13/dist-packages/torch/utils/data/dataloader.py:668: UserWarning: 'pin_memory' argument is set as true but no accelerator is found, then device pinned memory won't be used.
  warnings.warn(warn_msg)
  [docs] 16/50 pages  0.12 p/s
/usr/local/lib/python3.13/dist-packages/torch/utils/data/dataloader.py:668: UserWarning: 'pin_memory' argument is set as true but no accelerator is found, then device pinned memory won't be used.
  warnings.warn(warn_msg)
  [docs] 17/50 pages  0.11 p/s
/usr/local/lib/python3.13/dist-packages/torch/utils/data/dataloader.py:668: UserWarning: 'pin_memory' argument is set as true but no accelerator is found, then device pinned memory won't be used.
  warnings.warn(warn_msg)
  [docs] 18/50 pages  0.11 p/s
/usr/local/lib/python3.13/dist-packages/torch/utils/data/dataloader.py:668: UserWarning: 'pin_memory' argument is set as true but no accelerator is found, then device pinned memory won't be used.
  warnings.warn(warn_msg)
  [docs] 19/50 pages  0.11 p/s
/usr/local/lib/python3.13/dist-packages/torch/utils/data/dataloader.py:668: UserWarning: 'pin_memory' argument is set as true but no accelerator is found, then device pinned memory won't be used.
  warnings.warn(warn_msg)
  [docs] 20/50 pages  0.11 p/s
/usr/local/lib/python3.13/dist-packages/torch/utils/data/dataloader.py:668: UserWarning: 'pin_memory' argument is set as true but no accelerator is found, then device pinned memory won't be used.
  warnings.warn(warn_msg)
  [docs] 21/50 pages  0.11 p/s
/usr/local/lib/python3.13/dist-packages/torch/utils/data/dataloader.py:668: UserWarning: 'pin_memory' argument is set as true but no accelerator is found, then device pinned memory won't be used.
  warnings.warn(warn_msg)
  [docs] 22/50 pages  0.11 p/s
/usr/local/lib/python3.13/dist-packages/torch/utils/data/dataloader.py:668: UserWarning: 'pin_memory' argument is set as true but no accelerator is found, then device pinned memory won't be used.
  warnings.warn(warn_msg)
  [docs] 23/50 pages  0.11 p/s
/usr/local/lib/python3.13/dist-packages/torch/utils/data/dataloader.py:668: UserWarning: 'pin_memory' argument is set as true but no accelerator is found, then device pinned memory won't be used.
  warnings.warn(warn_msg)
  [docs] 24/50 pages  0.11 p/s
/usr/local/lib/python3.13/dist-packages/torch/utils/data/dataloader.py:668: UserWarning: 'pin_memory' argument is set as true but no accelerator is found, then device pinned memory won't be used.
  warnings.warn(warn_msg)
  [docs] 25/50 pages  0.11 p/s
/usr/local/lib/python3.13/dist-packages/torch/utils/data/dataloader.py:668: UserWarning: 'pin_memory' argument is set as true but no accelerator is found, then device pinned memory won't be used.
  warnings.warn(warn_msg)
  [docs] 26/50 pages  0.11 p/s
/usr/local/lib/python3.13/dist-packages/torch/utils/data/dataloader.py:668: UserWarning: 'pin_memory' argument is set as true but no accelerator is found, then device pinned memory won't be used.
  warnings.warn(warn_msg)
  [docs] 27/50 pages  0.11 p/s
/usr/local/lib/python3.13/dist-packages/torch/utils/data/dataloader.py:668: UserWarning: 'pin_memory' argument is set as true but no accelerator is found, then device pinned memory won't be used.
  warnings.warn(warn_msg)
  [docs] 28/50 pages  0.11 p/s
/usr/local/lib/python3.13/dist-packages/torch/utils/data/dataloader.py:668: UserWarning: 'pin_memory' argument is set as true but no accelerator is found, then device pinned memory won't be used.
  warnings.warn(warn_msg)
  [docs] 29/50 pages  0.11 p/s
/usr/local/lib/python3.13/dist-packages/torch/utils/data/dataloader.py:668: UserWarning: 'pin_memory' argument is set as true but no accelerator is found, then device pinned memory won't be used.
  warnings.warn(warn_msg)
  [docs] 30/50 pages  0.11 p/s
/usr/local/lib/python3.13/dist-packages/torch/utils/data/dataloader.py:668: UserWarning: 'pin_memory' argument is set as true but no accelerator is found, then device pinned memory won't be used.
  warnings.warn(warn_msg)
  [docs] 31/50 pages  0.11 p/s
/usr/local/lib/python3.13/dist-packages/torch/utils/data/dataloader.py:668: UserWarning: 'pin_memory' argument is set as true but no accelerator is found, then device pinned memory won't be used.
  warnings.warn(warn_msg)
  [docs] 32/50 pages  0.11 p/s
/usr/local/lib/python3.13/dist-packages/torch/utils/data/dataloader.py:668: UserWarning: 'pin_memory' argument is set as true but no accelerator is found, then device pinned memory won't be used.
  warnings.warn(warn_msg)
  [docs] 33/50 pages  0.11 p/s
/usr/local/lib/python3.13/dist-packages/torch/utils/data/dataloader.py:668: UserWarning: 'pin_memory' argument is set as true but no accelerator is found, then device pinned memory won't be used.
  warnings.warn(warn_msg)
  [docs] 34/50 pages  0.12 p/s
/usr/local/lib/python3.13/dist-packages/torch/utils/data/dataloader.py:668: UserWarning: 'pin_memory' argument is set as true but no accelerator is found, then device pinned memory won't be used.
  warnings.warn(warn_msg)
  [docs] 35/50 pages  0.12 p/s
/usr/local/lib/python3.13/dist-packages/torch/utils/data/dataloader.py:668: UserWarning: 'pin_memory' argument is set as true but no accelerator is found, then device pinned memory won't be used.
  warnings.warn(warn_msg)
  [docs] 36/50 pages  0.12 p/s
/usr/local/lib/python3.13/dist-packages/torch/utils/data/dataloader.py:668: UserWarning: 'pin_memory' argument is set as true but no accelerator is found, then device pinned memory won't be used.
  warnings.warn(warn_msg)
  [docs] 37/50 pages  0.12 p/s
/usr/local/lib/python3.13/dist-packages/torch/utils/data/dataloader.py:668: UserWarning: 'pin_memory' argument is set as true but no accelerator is found, then device pinned memory won't be used.
  warnings.warn(warn_msg)
  [docs] 38/50 pages  0.12 p/s
/usr/local/lib/python3.13/dist-packages/torch/utils/data/dataloader.py:668: UserWarning: 'pin_memory' argument is set as true but no accelerator is found, then device pinned memory won't be used.
  warnings.warn(warn_msg)
  [docs] 39/50 pages  0.12 p/s
/usr/local/lib/python3.13/dist-packages/torch/utils/data/dataloader.py:668: UserWarning: 'pin_memory' argument is set as true but no accelerator is found, then device pinned memory won't be used.
  warnings.warn(warn_msg)
  [docs] 40/50 pages  0.12 p/s
/usr/local/lib/python3.13/dist-packages/torch/utils/data/dataloader.py:668: UserWarning: 'pin_memory' argument is set as true but no accelerator is found, then device pinned memory won't be used.
  warnings.warn(warn_msg)
  [docs] 41/50 pages  0.12 p/s
/usr/local/lib/python3.13/dist-packages/torch/utils/data/dataloader.py:668: UserWarning: 'pin_memory' argument is set as true but no accelerator is found, then device pinned memory won't be used.
  warnings.warn(warn_msg)
  [docs] 42/50 pages  0.12 p/s
/usr/local/lib/python3.13/dist-packages/torch/utils/data/dataloader.py:668: UserWarning: 'pin_memory' argument is set as true but no accelerator is found, then device pinned memory won't be used.
  warnings.warn(warn_msg)
  [docs] 43/50 pages  0.12 p/s
/usr/local/lib/python3.13/dist-packages/torch/utils/data/dataloader.py:668: UserWarning: 'pin_memory' argument is set as true but no accelerator is found, then device pinned memory won't be used.
  warnings.warn(warn_msg)
  [docs] 44/50 pages  0.13 p/s
/usr/local/lib/python3.13/dist-packages/torch/utils/data/dataloader.py:668: UserWarning: 'pin_memory' argument is set as true but no accelerator is found, then device pinned memory won't be used.
  warnings.warn(warn_msg)
  [docs] 45/50 pages  0.13 p/s
/usr/local/lib/python3.13/dist-packages/torch/utils/data/dataloader.py:668: UserWarning: 'pin_memory' argument is set as true but no accelerator is found, then device pinned memory won't be used.
  warnings.warn(warn_msg)
  [docs] 46/50 pages  0.13 p/s
/usr/local/lib/python3.13/dist-packages/torch/utils/data/dataloader.py:668: UserWarning: 'pin_memory' argument is set as true but no accelerator is found, then device pinned memory won't be used.
  warnings.warn(warn_msg)
  [docs] 47/50 pages  0.13 p/s
/usr/local/lib/python3.13/dist-packages/torch/utils/data/dataloader.py:668: UserWarning: 'pin_memory' argument is set as true but no accelerator is found, then device pinned memory won't be used.
  warnings.warn(warn_msg)
  [docs] 48/50 pages  0.13 p/s
[easyocr] track handwriting
/usr/local/lib/python3.13/dist-packages/torch/utils/data/dataloader.py:668: UserWarning: 'pin_memory' argument is set as true but no accelerator is found, then device pinned memory won't be used.
  warnings.warn(warn_msg)
  [handwriting] 1/60 pages  4.18 p/s
/usr/local/lib/python3.13/dist-packages/torch/utils/data/dataloader.py:668: UserWarning: 'pin_memory' argument is set as true but no accelerator is found, then device pinned memory won't be used.
  warnings.warn(warn_msg)
  [handwriting] 2/60 pages  3.81 p/s
/usr/local/lib/python3.13/dist-packages/torch/utils/data/dataloader.py:668: UserWarning: 'pin_memory' argument is set as true but no accelerator is found, then device pinned memory won't be used.
  warnings.warn(warn_msg)
  [handwriting] 3/60 pages  3.73 p/s
/usr/local/lib/python3.13/dist-packages/torch/utils/data/dataloader.py:668: UserWarning: 'pin_memory' argument is set as true but no accelerator is found, then device pinned memory won't be used.
  warnings.warn(warn_msg)
  [handwriting] 4/60 pages  3.56 p/s
/usr/local/lib/python3.13/dist-packages/torch/utils/data/dataloader.py:668: UserWarning: 'pin_memory' argument is set as true but no accelerator is found, then device pinned memory won't be used.
  warnings.warn(warn_msg)
  [handwriting] 5/60 pages  3.74 p/s
/usr/local/lib/python3.13/dist-packages/torch/utils/data/dataloader.py:668: UserWarning: 'pin_memory' argument is set as true but no accelerator is found, then device pinned memory won't be used.
  warnings.warn(warn_msg)
  [handwriting] 6/60 pages  3.82 p/s
/usr/local/lib/python3.13/dist-packages/torch/utils/data/dataloader.py:668: UserWarning: 'pin_memory' argument is set as true but no accelerator is found, then device pinned memory won't be used.
  warnings.warn(warn_msg)
  [handwriting] 7/60 pages  3.76 p/s
/usr/local/lib/python3.13/dist-packages/torch/utils/data/dataloader.py:668: UserWarning: 'pin_memory' argument is set as true but no accelerator is found, then device pinned memory won't be used.
  warnings.warn(warn_msg)
  [handwriting] 8/60 pages  3.89 p/s
/usr/local/lib/python3.13/dist-packages/torch/utils/data/dataloader.py:668: UserWarning: 'pin_memory' argument is set as true but no accelerator is found, then device pinned memory won't be used.
  warnings.warn(warn_msg)
  [handwriting] 9/60 pages  3.99 p/s
/usr/local/lib/python3.13/dist-packages/torch/utils/data/dataloader.py:668: UserWarning: 'pin_memory' argument is set as true but no accelerator is found, then device pinned memory won't be used.
  warnings.warn(warn_msg)
  [handwriting] 10/60 pages  3.91 p/s
/usr/local/lib/python3.13/dist-packages/torch/utils/data/dataloader.py:668: UserWarning: 'pin_memory' argument is set as true but no accelerator is found, then device pinned memory won't be used.
  warnings.warn(warn_msg)
  [handwriting] 11/60 pages  3.75 p/s
/usr/local/lib/python3.13/dist-packages/torch/utils/data/dataloader.py:668: UserWarning: 'pin_memory' argument is set as true but no accelerator is found, then device pinned memory won't be used.
  warnings.warn(warn_msg)
  [handwriting] 12/60 pages  3.76 p/s
/usr/local/lib/python3.13/dist-packages/torch/utils/data/dataloader.py:668: UserWarning: 'pin_memory' argument is set as true but no accelerator is found, then device pinned memory won't be used.
  warnings.warn(warn_msg)
  [handwriting] 13/60 pages  3.73 p/s
/usr/local/lib/python3.13/dist-packages/torch/utils/data/dataloader.py:668: UserWarning: 'pin_memory' argument is set as true but no accelerator is found, then device pinned memory won't be used.
  warnings.warn(warn_msg)
  [handwriting] 14/60 pages  3.72 p/s
/usr/local/lib/python3.13/dist-packages/torch/utils/data/dataloader.py:668: UserWarning: 'pin_memory' argument is set as true but no accelerator is found, then device pinned memory won't be used.
  warnings.warn(warn_msg)
  [handwriting] 15/60 pages  3.74 p/s
/usr/local/lib/python3.13/dist-packages/torch/utils/data/dataloader.py:668: UserWarning: 'pin_memory' argument is set as true but no accelerator is found, then device pinned memory won't be used.
  warnings.warn(warn_msg)
  [handwriting] 16/60 pages  3.76 p/s
/usr/local/lib/python3.13/dist-packages/torch/utils/data/dataloader.py:668: UserWarning: 'pin_memory' argument is set as true but no accelerator is found, then device pinned memory won't be used.
  warnings.warn(warn_msg)
  [handwriting] 17/60 pages  3.84 p/s
/usr/local/lib/python3.13/dist-packages/torch/utils/data/dataloader.py:668: UserWarning: 'pin_memory' argument is set as true but no accelerator is found, then device pinned memory won't be used.
  warnings.warn(warn_msg)
  [handwriting] 18/60 pages  3.88 p/s
/usr/local/lib/python3.13/dist-packages/torch/utils/data/dataloader.py:668: UserWarning: 'pin_memory' argument is set as true but no accelerator is found, then device pinned memory won't be used.
  warnings.warn(warn_msg)
  [handwriting] 19/60 pages  3.94 p/s
/usr/local/lib/python3.13/dist-packages/torch/utils/data/dataloader.py:668: UserWarning: 'pin_memory' argument is set as true but no accelerator is found, then device pinned memory won't be used.
  warnings.warn(warn_msg)
  [handwriting] 20/60 pages  3.95 p/s
/usr/local/lib/python3.13/dist-packages/torch/utils/data/dataloader.py:668: UserWarning: 'pin_memory' argument is set as true but no accelerator is found, then device pinned memory won't be used.
  warnings.warn(warn_msg)
  [handwriting] 21/60 pages  3.96 p/s
/usr/local/lib/python3.13/dist-packages/torch/utils/data/dataloader.py:668: UserWarning: 'pin_memory' argument is set as true but no accelerator is found, then device pinned memory won't be used.
  warnings.warn(warn_msg)
  [handwriting] 22/60 pages  3.97 p/s
/usr/local/lib/python3.13/dist-packages/torch/utils/data/dataloader.py:668: UserWarning: 'pin_memory' argument is set as true but no accelerator is found, then device pinned memory won't be used.
  warnings.warn(warn_msg)
  [handwriting] 23/60 pages  4.04 p/s
/usr/local/lib/python3.13/dist-packages/torch/utils/data/dataloader.py:668: UserWarning: 'pin_memory' argument is set as true but no accelerator is found, then device pinned memory won't be used.
  warnings.warn(warn_msg)
  [handwriting] 24/60 pages  3.99 p/s
/usr/local/lib/python3.13/dist-packages/torch/utils/data/dataloader.py:668: UserWarning: 'pin_memory' argument is set as true but no accelerator is found, then device pinned memory won't be used.
  warnings.warn(warn_msg)
  [handwriting] 25/60 pages  3.97 p/s
/usr/local/lib/python3.13/dist-packages/torch/utils/data/dataloader.py:668: UserWarning: 'pin_memory' argument is set as true but no accelerator is found, then device pinned memory won't be used.
  warnings.warn(warn_msg)
  [handwriting] 26/60 pages  3.98 p/s
/usr/local/lib/python3.13/dist-packages/torch/utils/data/dataloader.py:668: UserWarning: 'pin_memory' argument is set as true but no accelerator is found, then device pinned memory won't be used.
  warnings.warn(warn_msg)
  [handwriting] 27/60 pages  4.00 p/s
/usr/local/lib/python3.13/dist-packages/torch/utils/data/dataloader.py:668: UserWarning: 'pin_memory' argument is set as true but no accelerator is found, then device pinned memory won't be used.
  warnings.warn(warn_msg)
  [handwriting] 28/60 pages  3.96 p/s
/usr/local/lib/python3.13/dist-packages/torch/utils/data/dataloader.py:668: UserWarning: 'pin_memory' argument is set as true but no accelerator is found, then device pinned memory won't be used.
  warnings.warn(warn_msg)
  [handwriting] 29/60 pages  3.93 p/s
/usr/local/lib/python3.13/dist-packages/torch/utils/data/dataloader.py:668: UserWarning: 'pin_memory' argument is set as true but no accelerator is found, then device pinned memory won't be used.
  warnings.warn(warn_msg)
  [handwriting] 30/60 pages  3.92 p/s
/usr/local/lib/python3.13/dist-packages/torch/utils/data/dataloader.py:668: UserWarning: 'pin_memory' argument is set as true but no accelerator is found, then device pinned memory won't be used.
  warnings.warn(warn_msg)
  [handwriting] 31/60 pages  3.95 p/s
/usr/local/lib/python3.13/dist-packages/torch/utils/data/dataloader.py:668: UserWarning: 'pin_memory' argument is set as true but no accelerator is found, then device pinned memory won't be used.
  warnings.warn(warn_msg)
  [handwriting] 32/60 pages  3.91 p/s
/usr/local/lib/python3.13/dist-packages/torch/utils/data/dataloader.py:668: UserWarning: 'pin_memory' argument is set as true but no accelerator is found, then device pinned memory won't be used.
  warnings.warn(warn_msg)
  [handwriting] 33/60 pages  3.93 p/s
/usr/local/lib/python3.13/dist-packages/torch/utils/data/dataloader.py:668: UserWarning: 'pin_memory' argument is set as true but no accelerator is found, then device pinned memory won't be used.
  warnings.warn(warn_msg)
  [handwriting] 34/60 pages  4.03 p/s
/usr/local/lib/python3.13/dist-packages/torch/utils/data/dataloader.py:668: UserWarning: 'pin_memory' argument is set as true but no accelerator is found, then device pinned memory won't be used.
  warnings.warn(warn_msg)
  [handwriting] 35/60 pages  4.05 p/s
/usr/local/lib/python3.13/dist-packages/torch/utils/data/dataloader.py:668: UserWarning: 'pin_memory' argument is set as true but no accelerator is found, then device pinned memory won't be used.
  warnings.warn(warn_msg)
  [handwriting] 36/60 pages  4.06 p/s
/usr/local/lib/python3.13/dist-packages/torch/utils/data/dataloader.py:668: UserWarning: 'pin_memory' argument is set as true but no accelerator is found, then device pinned memory won't be used.
  warnings.warn(warn_msg)
  [handwriting] 37/60 pages  4.02 p/s
/usr/local/lib/python3.13/dist-packages/torch/utils/data/dataloader.py:668: UserWarning: 'pin_memory' argument is set as true but no accelerator is found, then device pinned memory won't be used.
  warnings.warn(warn_msg)
  [handwriting] 38/60 pages  3.98 p/s
/usr/local/lib/python3.13/dist-packages/torch/utils/data/dataloader.py:668: UserWarning: 'pin_memory' argument is set as true but no accelerator is found, then device pinned memory won't be used.
  warnings.warn(warn_msg)
  [handwriting] 39/60 pages  4.00 p/s
/usr/local/lib/python3.13/dist-packages/torch/utils/data/dataloader.py:668: UserWarning: 'pin_memory' argument is set as true but no accelerator is found, then device pinned memory won't be used.
  warnings.warn(warn_msg)
  [handwriting] 40/60 pages  4.02 p/s
/usr/local/lib/python3.13/dist-packages/torch/utils/data/dataloader.py:668: UserWarning: 'pin_memory' argument is set as true but no accelerator is found, then device pinned memory won't be used.
  warnings.warn(warn_msg)
  [handwriting] 41/60 pages  4.05 p/s
/usr/local/lib/python3.13/dist-packages/torch/utils/data/dataloader.py:668: UserWarning: 'pin_memory' argument is set as true but no accelerator is found, then device pinned memory won't be used.
  warnings.warn(warn_msg)
  [handwriting] 42/60 pages  4.08 p/s
/usr/local/lib/python3.13/dist-packages/torch/utils/data/dataloader.py:668: UserWarning: 'pin_memory' argument is set as true but no accelerator is found, then device pinned memory won't be used.
  warnings.warn(warn_msg)
  [handwriting] 43/60 pages  4.07 p/s
/usr/local/lib/python3.13/dist-packages/torch/utils/data/dataloader.py:668: UserWarning: 'pin_memory' argument is set as true but no accelerator is found, then device pinned memory won't be used.
  warnings.warn(warn_msg)
  [handwriting] 44/60 pages  4.08 p/s
/usr/local/lib/python3.13/dist-packages/torch/utils/data/dataloader.py:668: UserWarning: 'pin_memory' argument is set as true but no accelerator is found, then device pinned memory won't be used.
  warnings.warn(warn_msg)
  [handwriting] 45/60 pages  4.10 p/s
/usr/local/lib/python3.13/dist-packages/torch/utils/data/dataloader.py:668: UserWarning: 'pin_memory' argument is set as true but no accelerator is found, then device pinned memory won't be used.
  warnings.warn(warn_msg)
  [handwriting] 46/60 pages  4.09 p/s
/usr/local/lib/python3.13/dist-packages/torch/utils/data/dataloader.py:668: UserWarning: 'pin_memory' argument is set as true but no accelerator is found, then device pinned memory won't be used.
  warnings.warn(warn_msg)
  [handwriting] 47/60 pages  4.08 p/s
/usr/local/lib/python3.13/dist-packages/torch/utils/data/dataloader.py:668: UserWarning: 'pin_memory' argument is set as true but no accelerator is found, then device pinned memory won't be used.
  warnings.warn(warn_msg)
  [handwriting] 48/60 pages  4.13 p/s
/usr/local/lib/python3.13/dist-packages/torch/utils/data/dataloader.py:668: UserWarning: 'pin_memory' argument is set as true but no accelerator is found, then device pinned memory won't be used.
  warnings.warn(warn_msg)
  [handwriting] 49/60 pages  4.15 p/s
/usr/local/lib/python3.13/dist-packages/torch/utils/data/dataloader.py:668: UserWarning: 'pin_memory' argument is set as true but no accelerator is found, then device pinned memory won't be used.
  warnings.warn(warn_msg)
  [handwriting] 50/60 pages  4.14 p/s
/usr/local/lib/python3.13/dist-packages/torch/utils/data/dataloader.py:668: UserWarning: 'pin_memory' argument is set as true but no accelerator is found, then device pinned memory won't be used.
  warnings.warn(warn_msg)
  [handwriting] 51/60 pages  4.14 p/s
/usr/local/lib/python3.13/dist-packages/torch/utils/data/dataloader.py:668: UserWarning: 'pin_memory' argument is set as true but no accelerator is found, then device pinned memory won't be used.
  warnings.warn(warn_msg)
  [handwriting] 52/60 pages  4.12 p/s
/usr/local/lib/python3.13/dist-packages/torch/utils/data/dataloader.py:668: UserWarning: 'pin_memory' argument is set as true but no accelerator is found, then device pinned memory won't be used.
  warnings.warn(warn_msg)
  [handwriting] 53/60 pages  4.13 p/s
/usr/local/lib/python3.13/dist-packages/torch/utils/data/dataloader.py:668: UserWarning: 'pin_memory' argument is set as true but no accelerator is found, then device pinned memory won't be used.
  warnings.warn(warn_msg)
  [handwriting] 54/60 pages  4.13 p/s
/usr/local/lib/python3.13/dist-packages/torch/utils/data/dataloader.py:668: UserWarning: 'pin_memory' argument is set as true but no accelerator is found, then device pinned memory won't be used.
  warnings.warn(warn_msg)
  [handwriting] 55/60 pages  4.12 p/s
/usr/local/lib/python3.13/dist-packages/torch/utils/data/dataloader.py:668: UserWarning: 'pin_memory' argument is set as true but no accelerator is found, then device pinned memory won't be used.
  warnings.warn(warn_msg)
  [handwriting] 56/60 pages  4.11 p/s
/usr/local/lib/python3.13/dist-packages/torch/utils/data/dataloader.py:668: UserWarning: 'pin_memory' argument is set as true but no accelerator is found, then device pinned memory won't be used.
  warnings.warn(warn_msg)
  [handwriting] 57/60 pages  4.11 p/s
/usr/local/lib/python3.13/dist-packages/torch/utils/data/dataloader.py:668: UserWarning: 'pin_memory' argument is set as true but no accelerator is found, then device pinned memory won't be used.
  warnings.warn(warn_msg)
  [handwriting] 58/60 pages  4.13 p/s
/usr/local/lib/python3.13/dist-packages/torch/utils/data/dataloader.py:668: UserWarning: 'pin_memory' argument is set as true but no accelerator is found, then device pinned memory won't be used.
  warnings.warn(warn_msg)
  [handwriting] 59/60 pages  4.13 p/s
/usr/local/lib/python3.13/dist-packages/torch/utils/data/dataloader.py:668: UserWarning: 'pin_memory' argument is set as true but no accelerator is found, then device pinned memory won't be used.
  warnings.warn(warn_msg)
  [handwriting] 60/60 pages  4.14 p/s
[easyocr] track stress
/usr/local/lib/python3.13/dist-packages/torch/utils/data/dataloader.py:668: UserWarning: 'pin_memory' argument is set as true but no accelerator is found, then device pinned memory won't be used.
  warnings.warn(warn_msg)
  [stress] 1/55 pages  0.14 p/s
/usr/local/lib/python3.13/dist-packages/torch/utils/data/dataloader.py:668: UserWarning: 'pin_memory' argument is set as true but no accelerator is found, then device pinned memory won't be used.
  warnings.warn(warn_msg)
  [stress] 2/55 pages  0.19 p/s
/usr/local/lib/python3.13/dist-packages/torch/utils/data/dataloader.py:668: UserWarning: 'pin_memory' argument is set as true but no accelerator is found, then device pinned memory won't be used.
  warnings.warn(warn_msg)
  [stress] 3/55 pages  0.23 p/s
/usr/local/lib/python3.13/dist-packages/torch/utils/data/dataloader.py:668: UserWarning: 'pin_memory' argument is set as true but no accelerator is found, then device pinned memory won't be used.
  warnings.warn(warn_msg)
  [stress] 4/55 pages  0.19 p/s
/usr/local/lib/python3.13/dist-packages/torch/utils/data/dataloader.py:668: UserWarning: 'pin_memory' argument is set as true but no accelerator is found, then device pinned memory won't be used.
  warnings.warn(warn_msg)
  [stress] 5/55 pages  0.18 p/s
/usr/local/lib/python3.13/dist-packages/torch/utils/data/dataloader.py:668: UserWarning: 'pin_memory' argument is set as true but no accelerator is found, then device pinned memory won't be used.
  warnings.warn(warn_msg)
  [stress] 6/55 pages  0.17 p/s
/usr/local/lib/python3.13/dist-packages/torch/utils/data/dataloader.py:668: UserWarning: 'pin_memory' argument is set as true but no accelerator is found, then device pinned memory won't be used.
  warnings.warn(warn_msg)
  [stress] 7/55 pages  0.16 p/s
/usr/local/lib/python3.13/dist-packages/torch/utils/data/dataloader.py:668: UserWarning: 'pin_memory' argument is set as true but no accelerator is found, then device pinned memory won't be used.
  warnings.warn(warn_msg)
  [stress] 8/55 pages  0.17 p/s
/usr/local/lib/python3.13/dist-packages/torch/utils/data/dataloader.py:668: UserWarning: 'pin_memory' argument is set as true but no accelerator is found, then device pinned memory won't be used.
  warnings.warn(warn_msg)
  [stress] 9/55 pages  0.17 p/s
/usr/local/lib/python3.13/dist-packages/torch/utils/data/dataloader.py:668: UserWarning: 'pin_memory' argument is set as true but no accelerator is found, then device pinned memory won't be used.
  warnings.warn(warn_msg)
  [stress] 10/55 pages  0.16 p/s
/usr/local/lib/python3.13/dist-packages/torch/utils/data/dataloader.py:668: UserWarning: 'pin_memory' argument is set as true but no accelerator is found, then device pinned memory won't be used.
  warnings.warn(warn_msg)
  [stress] 11/55 pages  0.17 p/s
/usr/local/lib/python3.13/dist-packages/torch/utils/data/dataloader.py:668: UserWarning: 'pin_memory' argument is set as true but no accelerator is found, then device pinned memory won't be used.
  warnings.warn(warn_msg)
  [stress] 12/55 pages  0.17 p/s
/usr/local/lib/python3.13/dist-packages/torch/utils/data/dataloader.py:668: UserWarning: 'pin_memory' argument is set as true but no accelerator is found, then device pinned memory won't be used.
  warnings.warn(warn_msg)
  [stress] 13/55 pages  0.17 p/s
/usr/local/lib/python3.13/dist-packages/torch/utils/data/dataloader.py:668: UserWarning: 'pin_memory' argument is set as true but no accelerator is found, then device pinned memory won't be used.
  warnings.warn(warn_msg)
  [stress] 14/55 pages  0.18 p/s
/usr/local/lib/python3.13/dist-packages/torch/utils/data/dataloader.py:668: UserWarning: 'pin_memory' argument is set as true but no accelerator is found, then device pinned memory won't be used.
  warnings.warn(warn_msg)
  [stress] 15/55 pages  0.17 p/s
/usr/local/lib/python3.13/dist-packages/torch/utils/data/dataloader.py:668: UserWarning: 'pin_memory' argument is set as true but no accelerator is found, then device pinned memory won't be used.
  warnings.warn(warn_msg)
  [stress] 16/55 pages  0.17 p/s
/usr/local/lib/python3.13/dist-packages/torch/utils/data/dataloader.py:668: UserWarning: 'pin_memory' argument is set as true but no accelerator is found, then device pinned memory won't be used.
  warnings.warn(warn_msg)
  [stress] 17/55 pages  0.17 p/s
/usr/local/lib/python3.13/dist-packages/torch/utils/data/dataloader.py:668: UserWarning: 'pin_memory' argument is set as true but no accelerator is found, then device pinned memory won't be used.
  warnings.warn(warn_msg)
  [stress] 18/55 pages  0.16 p/s
/usr/local/lib/python3.13/dist-packages/torch/utils/data/dataloader.py:668: UserWarning: 'pin_memory' argument is set as true but no accelerator is found, then device pinned memory won't be used.
  warnings.warn(warn_msg)
  [stress] 19/55 pages  0.17 p/s
/usr/local/lib/python3.13/dist-packages/torch/utils/data/dataloader.py:668: UserWarning: 'pin_memory' argument is set as true but no accelerator is found, then device pinned memory won't be used.
  warnings.warn(warn_msg)
  [stress] 20/55 pages  0.17 p/s
/usr/local/lib/python3.13/dist-packages/torch/utils/data/dataloader.py:668: UserWarning: 'pin_memory' argument is set as true but no accelerator is found, then device pinned memory won't be used.
  warnings.warn(warn_msg)
  [stress] 21/55 pages  0.16 p/s
/usr/local/lib/python3.13/dist-packages/torch/utils/data/dataloader.py:668: UserWarning: 'pin_memory' argument is set as true but no accelerator is found, then device pinned memory won't be used.
  warnings.warn(warn_msg)
  [stress] 22/55 pages  0.17 p/s
/usr/local/lib/python3.13/dist-packages/torch/utils/data/dataloader.py:668: UserWarning: 'pin_memory' argument is set as true but no accelerator is found, then device pinned memory won't be used.
  warnings.warn(warn_msg)
  [stress] 23/55 pages  0.17 p/s
/usr/local/lib/python3.13/dist-packages/torch/utils/data/dataloader.py:668: UserWarning: 'pin_memory' argument is set as true but no accelerator is found, then device pinned memory won't be used.
  warnings.warn(warn_msg)
  [stress] 24/55 pages  0.17 p/s
/usr/local/lib/python3.13/dist-packages/torch/utils/data/dataloader.py:668: UserWarning: 'pin_memory' argument is set as true but no accelerator is found, then device pinned memory won't be used.
  warnings.warn(warn_msg)
  [stress] 25/55 pages  0.18 p/s
/usr/local/lib/python3.13/dist-packages/torch/utils/data/dataloader.py:668: UserWarning: 'pin_memory' argument is set as true but no accelerator is found, then device pinned memory won't be used.
  warnings.warn(warn_msg)
  [stress] 26/55 pages  0.18 p/s
/usr/local/lib/python3.13/dist-packages/torch/utils/data/dataloader.py:668: UserWarning: 'pin_memory' argument is set as true but no accelerator is found, then device pinned memory won't be used.
  warnings.warn(warn_msg)
  [stress] 27/55 pages  0.18 p/s
/usr/local/lib/python3.13/dist-packages/torch/utils/data/dataloader.py:668: UserWarning: 'pin_memory' argument is set as true but no accelerator is found, then device pinned memory won't be used.
  warnings.warn(warn_msg)
  [stress] 28/55 pages  0.18 p/s
/usr/local/lib/python3.13/dist-packages/torch/utils/data/dataloader.py:668: UserWarning: 'pin_memory' argument is set as true but no accelerator is found, then device pinned memory won't be used.
  warnings.warn(warn_msg)
  [stress] 29/55 pages  0.18 p/s
/usr/local/lib/python3.13/dist-packages/torch/utils/data/dataloader.py:668: UserWarning: 'pin_memory' argument is set as true but no accelerator is found, then device pinned memory won't be used.
  warnings.warn(warn_msg)
  [stress] 30/55 pages  0.19 p/s
/usr/local/lib/python3.13/dist-packages/torch/utils/data/dataloader.py:668: UserWarning: 'pin_memory' argument is set as true but no accelerator is found, then device pinned memory won't be used.
  warnings.warn(warn_msg)
  [stress] 31/55 pages  0.19 p/s
/usr/local/lib/python3.13/dist-packages/torch/utils/data/dataloader.py:668: UserWarning: 'pin_memory' argument is set as true but no accelerator is found, then device pinned memory won't be used.
  warnings.warn(warn_msg)
  [stress] 32/55 pages  0.19 p/s
/usr/local/lib/python3.13/dist-packages/torch/utils/data/dataloader.py:668: UserWarning: 'pin_memory' argument is set as true but no accelerator is found, then device pinned memory won't be used.
  warnings.warn(warn_msg)
  [stress] 33/55 pages  0.19 p/s
/usr/local/lib/python3.13/dist-packages/torch/utils/data/dataloader.py:668: UserWarning: 'pin_memory' argument is set as true but no accelerator is found, then device pinned memory won't be used.
  warnings.warn(warn_msg)
  [stress] 34/55 pages  0.19 p/s
/usr/local/lib/python3.13/dist-packages/torch/utils/data/dataloader.py:668: UserWarning: 'pin_memory' argument is set as true but no accelerator is found, then device pinned memory won't be used.
  warnings.warn(warn_msg)
  [stress] 35/55 pages  0.19 p/s
/usr/local/lib/python3.13/dist-packages/torch/utils/data/dataloader.py:668: UserWarning: 'pin_memory' argument is set as true but no accelerator is found, then device pinned memory won't be used.
  warnings.warn(warn_msg)
  [stress] 36/55 pages  0.20 p/s
/usr/local/lib/python3.13/dist-packages/torch/utils/data/dataloader.py:668: UserWarning: 'pin_memory' argument is set as true but no accelerator is found, then device pinned memory won't be used.
  warnings.warn(warn_msg)
  [stress] 37/55 pages  0.20 p/s
/usr/local/lib/python3.13/dist-packages/torch/utils/data/dataloader.py:668: UserWarning: 'pin_memory' argument is set as true but no accelerator is found, then device pinned memory won't be used.
  warnings.warn(warn_msg)
  [stress] 38/55 pages  0.20 p/s
/usr/local/lib/python3.13/dist-packages/torch/utils/data/dataloader.py:668: UserWarning: 'pin_memory' argument is set as true but no accelerator is found, then device pinned memory won't be used.
  warnings.warn(warn_msg)
  [stress] 39/55 pages  0.20 p/s
/usr/local/lib/python3.13/dist-packages/torch/utils/data/dataloader.py:668: UserWarning: 'pin_memory' argument is set as true but no accelerator is found, then device pinned memory won't be used.
  warnings.warn(warn_msg)
  [stress] 40/55 pages  0.20 p/s
/usr/local/lib/python3.13/dist-packages/torch/utils/data/dataloader.py:668: UserWarning: 'pin_memory' argument is set as true but no accelerator is found, then device pinned memory won't be used.
  warnings.warn(warn_msg)
  [stress] 41/55 pages  0.20 p/s
/usr/local/lib/python3.13/dist-packages/torch/utils/data/dataloader.py:668: UserWarning: 'pin_memory' argument is set as true but no accelerator is found, then device pinned memory won't be used.
  warnings.warn(warn_msg)
  [stress] 42/55 pages  0.20 p/s
/usr/local/lib/python3.13/dist-packages/torch/utils/data/dataloader.py:668: UserWarning: 'pin_memory' argument is set as true but no accelerator is found, then device pinned memory won't be used.
  warnings.warn(warn_msg)
  [stress] 43/55 pages  0.20 p/s
/usr/local/lib/python3.13/dist-packages/torch/utils/data/dataloader.py:668: UserWarning: 'pin_memory' argument is set as true but no accelerator is found, then device pinned memory won't be used.
  warnings.warn(warn_msg)
  [stress] 44/55 pages  0.20 p/s
/usr/local/lib/python3.13/dist-packages/torch/utils/data/dataloader.py:668: UserWarning: 'pin_memory' argument is set as true but no accelerator is found, then device pinned memory won't be used.
  warnings.warn(warn_msg)
  [stress] 45/55 pages  0.20 p/s
/usr/local/lib/python3.13/dist-packages/torch/utils/data/dataloader.py:668: UserWarning: 'pin_memory' argument is set as true but no accelerator is found, then device pinned memory won't be used.
  warnings.warn(warn_msg)
  [stress] 46/55 pages  0.20 p/s
/usr/local/lib/python3.13/dist-packages/torch/utils/data/dataloader.py:668: UserWarning: 'pin_memory' argument is set as true but no accelerator is found, then device pinned memory won't be used.
  warnings.warn(warn_msg)
  [stress] 47/55 pages  0.21 p/s
/usr/local/lib/python3.13/dist-packages/torch/utils/data/dataloader.py:668: UserWarning: 'pin_memory' argument is set as true but no accelerator is found, then device pinned memory won't be used.
  warnings.warn(warn_msg)
  [stress] 48/55 pages  0.20 p/s
/usr/local/lib/python3.13/dist-packages/torch/utils/data/dataloader.py:668: UserWarning: 'pin_memory' argument is set as true but no accelerator is found, then device pinned memory won't be used.
  warnings.warn(warn_msg)
  [stress] 49/55 pages  0.20 p/s
/usr/local/lib/python3.13/dist-packages/torch/utils/data/dataloader.py:668: UserWarning: 'pin_memory' argument is set as true but no accelerator is found, then device pinned memory won't be used.
  warnings.warn(warn_msg)
  [stress] 50/55 pages  0.20 p/s
/usr/local/lib/python3.13/dist-packages/torch/utils/data/dataloader.py:668: UserWarning: 'pin_memory' argument is set as true but no accelerator is found, then device pinned memory won't be used.
  warnings.warn(warn_msg)
  [stress] 51/55 pages  0.20 p/s
/usr/local/lib/python3.13/dist-packages/torch/utils/data/dataloader.py:668: UserWarning: 'pin_memory' argument is set as true but no accelerator is found, then device pinned memory won't be used.
  warnings.warn(warn_msg)
  [stress] 52/55 pages  0.20 p/s
/usr/local/lib/python3.13/dist-packages/torch/utils/data/dataloader.py:668: UserWarning: 'pin_memory' argument is set as true but no accelerator is found, then device pinned memory won't be used.
  warnings.warn(warn_msg)
  [stress] 53/55 pages  0.20 p/s
/usr/local/lib/python3.13/dist-packages/torch/utils/data/dataloader.py:668: UserWarning: 'pin_memory' argument is set as true but no accelerator is found, then device pinned memory won't be used.
  warnings.warn(warn_msg)
  [stress] 54/55 pages  0.19 p/s
/usr/local/lib/python3.13/dist-packages/torch/utils/data/dataloader.py:668: UserWarning: 'pin_memory' argument is set as true but no accelerator is found, then device pinned memory won't be used.
  warnings.warn(warn_msg)
  [stress] 55/55 pages  0.20 p/s
[easyocr] track docs: resuming at page 49
/usr/local/lib/python3.13/dist-packages/torch/utils/data/dataloader.py:668: UserWarning: 'pin_memory' argument is set as true but no accelerator is found, then device pinned memory won't be used.
  warnings.warn(warn_msg)
  [docs] 49/50 pages  0.13 p/s
/usr/local/lib/python3.13/dist-packages/torch/utils/data/dataloader.py:668: UserWarning: 'pin_memory' argument is set as true but no accelerator is found, then device pinned memory won't be used.
  warnings.warn(warn_msg)
  [docs] 50/50 pages  0.13 p/s
