engine,track,id,seconds,n_tokens,page_error,meta_book,meta_lang,cer_dip,cer,wer,cer_edits,ref_chars,bow_recall,bow_precision,over_extraction,len_ratio,empty,loop,meta_category,tests_total,tests_passed,test_results,meta_layout,meta_level
doctr,books,birdsofgreatbrit02butl_0308_full,2.7688881172500146,,False,birdsofgreatbrit02butl,en,0.01643835616438356,0.01095290251916758,0.04878048780487805,20.0,1826.0,0.9881305637982196,0.985207100591716,0.014792899408284023,0.9994523548740416,False,False,,,,,,
doctr,books,conchologiaiconi05reev_0039_full,2.7688881172500146,,False,conchologiaiconi05reev,en,0.030279898218829517,0.020621181262729125,0.10157618213660245,81.0,3928.0,0.9179487179487179,0.9163822525597269,0.08361774744027303,1.0,False,False,,,,,,
doctr,books,daschitinskelett00prel_0037_full,2.7688881172500146,,False,daschitinskelett00prel,de,0.022169437846397466,0.02066772655007949,0.122040072859745,78.0,3774.0,0.8978102189781022,0.8913043478260869,0.10869565217391304,1.0010598834128246,False,False,,,,,,
doctr,books,histoirenaturell10cuvi_0425_full,2.7688881172500146,,False,histoirenaturell10cuvi,fr,0.024699176694110196,0.00826972010178117,0.04332129963898917,13.0,1572.0,0.9761904761904762,0.9828767123287672,0.017123287671232876,0.9980916030534351,False,False,,,,,,
doctr,docs,headers_footers__ba10222e40f05d76e2bf1d51c39066a4b1fe82ed_page_11,3.798853172200006,,False,,,,,,,,,,,,False,,headers_footers,3.0,2.0,"[{""id"": ""ba10222e40f05d76e2bf1d51c39066a4b1fe82ed_page_11_header_00"", ""type"": ""absent"", ""passed"": false, ""category"": ""headers_footers""}, {""id"": ""ba10222e40f05d76e2bf1d51c39066a4b1fe82ed_page_11.pdf_manual_00"", ""type"": ""absent"", ""passed"": true, ""category"": ""headers_footers""}, {""id"": ""auto_baseline"", ""type"": ""baseline"", ""passed"": true, ""category"": ""baseline""}]",,
doctr,docs,long_tiny_text__17_pg2_pg1,3.798853172200006,,False,,,,,,,,,,,,False,,long_tiny_text,40.0,34.0,"[{""id"": ""17_pg2_pg1_text_00"", ""type"": ""present"", ""passed"": true, ""category"": ""long_tiny_text""}, {""id"": ""17_pg2_pg1_text_01"", ""type"": ""present"", ""passed"": true, ""category"": ""long_tiny_text""}, {""id"": ""17_pg2_pg1_text_02"", ""type"": ""present"", ""passed"": true, ""category"": ""long_tiny_text""}, {""id"": ""17_pg2_pg1_text_03"", ""type"": ""present"", ""passed"": true, ""category"": ""long_tiny_text""}, {""id"": ""17_pg2_pg1_text_04"", ""type"": ""present"", ""passed"": false, ""category"": ""long_tiny_text""}, {""id"": ""17_pg2_pg1_text_06"", ""type"": ""present"", ""passed"": true, ""category"": ""long_tiny_text""}, {""id"": ""17_pg2_pg1_text_07"", ""type"": ""present"", ""passed"": true, ""category"": ""long_tiny_text""}, {""id"": ""17_pg2_pg1_text_09"", ""type"": ""present"", ""passed"": true, ""category"": ""long_tiny_text""}, {""id"": ""17_pg2_pg1_text_10"", ""type"": ""present"", ""passed"": true, ""category"": ""long_tiny_text""}, {""id"": ""17_pg2_pg1_text_12"", ""type"": ""present"", ""passed"": true, ""category"": ""long_tiny_text""}, {""id"": ""17_pg2_pg1_text_13"", ""type"": ""present"", ""passed"": false, ""category"": ""long_tiny_text""}, {""id"": ""17_pg2_pg1_text_16"", ""type"": ""present"", ""passed"": true, ""category"": ""long_tiny_text""}, {""id"": ""17_pg2_pg1_text_17"", ""type"": ""present"", ""passed"": false, ""category"": ""long_tiny_text""}, {""id"": ""17_pg2_pg1_text_20"", ""type"": ""present"", ""passed"": true, ""category"": ""long_tiny_text""}, {""id"": ""17_pg2_pg1_text_23"", ""type"": ""present"", ""passed"": true, ""category"": ""long_tiny_text""}, {""id"": ""17_pg2_pg1_text_24"", ""type"": ""present"", ""passed"": true, ""category"": ""long_tiny_text""}, {""id"": ""17_pg2_pg1_text_25"", ""type"": ""present"", ""passed"": true, ""category"": ""long_tiny_text""}, {""id"": ""17_pg2_pg1_text_27"", ""type"": ""present"", ""passed"": true, ""category"": ""long_tiny_text""}, {""id"": ""17_pg2_pg1_text_28"", ""type"": ""present"", ""passed"": true, ""category"": ""long_tiny_text""}, {""id"": ""17_pg2_pg1_text_30"", ""type"": ""present"", ""passed"": true, ""category"": ""long_tiny_text""}, {""id"": ""17_pg2_pg1_text_31"", ""type"": ""present"", ""passed"": true, ""category"": ""long_tiny_text""}, {""id"": ""17_pg2_pg1_text_34"", ""type"": ""present"", ""passed"": true, ""category"": ""long_tiny_text""}, {""id"": ""17_pg2_pg1_text_37"", ""type"": ""present"", ""passed"": true, ""category"": ""long_tiny_text""}, {""id"": ""17_pg2_pg1_text_41"", ""type"": ""present"", ""passed"": true, ""category"": ""long_tiny_text""}, {""id"": ""17_pg2_pg1_text_43"", ""type"": ""present"", ""passed"": false, ""category"": ""long_tiny_text""}, {""id"": ""17_pg2_pg1_text_45"", ""type"": ""present"", ""passed"": false, ""category"": ""long_tiny_text""}, {""id"": ""17_pg2_pg1_text_49"", ""type"": ""present"", ""passed"": true, ""category"": ""long_tiny_text""}, {""id"": ""17_pg2_pg1_text_51"", ""type"": ""present"", ""passed"": false, ""category"": ""long_tiny_text""}, {""id"": ""17_pg2_pg1_text_56"", ""type"": ""present"", ""passed"": true, ""category"": ""long_tiny_text""}, {""id"": ""17_pg2_pg1_text_61"", ""type"": ""present"", ""passed"": true, ""category"": ""long_tiny_text""}, {""id"": ""17_pg2_pg1_text_65"", ""type"": ""present"", ""passed"": true, ""category"": ""long_tiny_text""}, {""id"": ""17_pg2_pg1_text_69"", ""type"": ""present"", ""passed"": true, ""category"": ""long_tiny_text""}, {""id"": ""17_pg2_pg1_text_74"", ""type"": ""present"", ""passed"": true, ""category"": ""long_tiny_text""}, {""id"": ""17_pg2_pg1_text_80"", ""type"": ""present"", ""passed"": true, ""category"": ""long_tiny_text""}, {""id"": ""17_pg2_pg1_text_83"", ""type"": ""present"", ""passed"": true, ""category"": ""long_tiny_text""}, {""id"": ""17_pg2_pg1_text_86"", ""type"": ""present"", ""passed"": true, ""category"": ""long_tiny_text""}, {""id"": ""17_pg2_pg1_text_88"", ""type"": ""present"", ""passed"": true, ""category"": ""long_tiny_text""}, {""id"": ""17_pg2_pg1_text_95"", ""type"": ""present"", ""passed"": true, ""category"": ""long_tiny_text""}, {""id"": ""17_pg2_pg1_text_97"", ""type"": ""present"", ""passed"": true, ""category"": ""long_tiny_text""}, {""id"": ""auto_baseline"", ""type"": ""baseline"", ""passed"": true, ""category"": ""baseline""}]",,
doctr,docs,multi_column__0114396ecb251aa3ebaeaeaed6bd4fe50bd2_page_2_pg1,3.798853172200006,,False,,,,,,,,,,,,False,,multi_column,6.0,6.0,"[{""id"": ""0114396ecb251aa3ebaeaeaed6bd4fe50bd2_page_2.pdf_order_e5d2d945"", ""type"": ""order"", ""passed"": true, ""category"": ""multi_column""}, {""id"": ""0114396ecb251aa3ebaeaeaed6bd4fe50bd2_page_2.pdf_order_6b2daa2b"", ""type"": ""order"", ""passed"": true, ""category"": ""multi_column""}, {""id"": ""0114396ecb251aa3ebaeaeaed6bd4fe50bd2_page_2.pdf_order_f61eafae"", ""type"": ""order"", ""passed"": true, ""category"": ""multi_column""}, {""id"": ""0114396ecb251aa3ebaeaeaed6bd4fe50bd2_page_2.pdf_order_40a2536e"", ""type"": ""order"", ""passed"": true, ""category"": ""multi_column""}, {""id"": ""0114396ecb251aa3ebaeaeaed6bd4fe50bd2_page_2.pdf_order_b8d41298"", ""type"": ""order"", ""passed"": true, ""category"": ""multi_column""}, {""id"": ""auto_baseline"", ""type"": ""baseline"", ""passed"": true, ""category"": ""baseline""}]",,
doctr,docs,old_scans__52,3.798853172200006,,False,,,,,,,,,,,,False,,old_scans,4.0,1.0,"[{""id"": ""52_591542"", ""type"": ""present"", ""passed"": false, ""category"": ""old_scans""}, {""id"": ""52_323921"", ""type"": ""present"", ""passed"": false, ""category"": ""old_scans""}, {""id"": ""52_987017"", ""type"": ""present"", ""passed"": false, ""category"": ""old_scans""}, {""id"": ""auto_baseline"", ""type"": ""baseline"", ""passed"": true, ""category"": ""baseline""}]",,
doctr,docs,tables__b5d9db350b31304da912832bcbafc47b64d8_pg2_pg1,3.798853172200006,,False,,,,,,,,,,,,False,,table_tests,6.0,1.0,"[{""id"": ""b5d9db350b31304da912832bcbafc47b64d8_pg2_table_00"", ""type"": ""table"", ""passed"": false, ""category"": ""table_tests""}, {""id"": ""b5d9db350b31304da912832bcbafc47b64d8_pg2_table_01"", ""type"": ""table"", ""passed"": false, ""category"": ""table_tests""}, {""id"": ""b5d9db350b31304da912832bcbafc47b64d8_pg2_table_02"", ""type"": ""table"", ""passed"": false, ""category"": ""table_tests""}, {""id"": ""b5d9db350b31304da912832bcbafc47b64d8_pg2_table_03"", ""type"": ""table"", ""passed"": false, ""category"": ""table_tests""}, {""id"": ""b5d9db350b31304da912832bcbafc47b64d8_pg2_table_04"", ""type"": ""table"", ""passed"": false, ""category"": ""table_tests""}, {""id"": ""auto_baseline"", ""type"": ""baseline"", ""passed"": true, ""category"": ""baseline""}]",,
doctr,handwriting,iam_00030,0.14714746899998468,,False,,,0.6727272727272727,0.6727272727272727,1.0,37.0,55.0,0.125,0.14285714285714285,0.8571428571428571,0.7818181818181819,False,False,,,,,,
doctr,handwriting,iam_00143,0.14714746899998468,,False,,,0.7435897435897436,0.7435897435897436,0.8571428571428571,29.0,39.0,0.14285714285714285,0.16666666666666666,0.8333333333333334,0.7692307692307693,False,False,,,,,,
doctr,handwriting,iam_00371,0.14714746899998468,,False,,,0.45454545454545453,0.45454545454545453,0.75,20.0,44.0,0.25,0.25,0.75,0.8636363636363636,False,False,,,,,,
doctr,handwriting,iam_00478,0.14714746899998468,,False,,,1.0,1.0,1.0,29.0,29.0,0.0,0.0,0.0,0.034482758620689655,False,False,,,,,,
doctr,handwriting,iam_01805,0.14714746899998468,,False,,,0.39473684210526316,0.39473684210526316,0.625,15.0,38.0,0.5,0.5,0.5,0.868421052631579,False,False,,,,,,
doctr,handwriting,iam_02384,0.14714746899998468,,False,,,0.5128205128205128,0.5128205128205128,0.8,20.0,39.0,0.4,0.4444444444444444,0.5555555555555556,0.7692307692307693,False,False,,,,,,
doctr,stress,syn000_prose__clean,2.4038818923750114,,False,,,0.005491990846681922,0.006416131989000917,0.02056555269922879,14.0,2182.0,0.9924433249370277,0.9924433249370277,0.007556675062972292,1.001833180568286,False,False,,,,,prose,clean
doctr,stress,syn000_prose__dpi150,2.4038818923750114,,False,,,0.004118993135011442,0.005041246562786435,0.017994858611825194,11.0,2182.0,0.9949622166246851,0.992462311557789,0.007537688442211055,1.0013748854262146,False,False,,,,,prose,dpi150
doctr,stress,syn000_prose__dpi75,2.4038818923750114,,False,,,0.006407322654462242,0.007332722273143905,0.028277634961439587,16.0,2182.0,0.9798488664987406,0.974937343358396,0.02506265664160401,1.0004582951420715,False,False,,,,,prose,dpi75
doctr,stress,syn000_prose__blur,2.4038818923750114,,False,,,0.007780320366132723,0.008707607699358386,0.030848329048843187,19.0,2182.0,0.9798488664987406,0.974937343358396,0.02506265664160401,0.9986251145737856,False,False,,,,,prose,blur
doctr,stress,syn000_prose__noise,2.4038818923750114,,False,,,0.012356979405034324,0.013290559120073327,0.04113110539845758,29.0,2182.0,0.9773299748110831,0.9797979797979798,0.020202020202020204,1.0022914757103574,False,False,,,,,prose,noise
doctr,stress,syn000_prose__rotate3,2.4038818923750114,,False,,,0.003203661327231121,0.004124656278643446,0.017994858611825194,9.0,2182.0,0.9949622166246851,0.9949622166246851,0.005037783375314861,1.0013748854262146,False,False,,,,,prose,rotate3
doctr,stress,syn000_prose__rotate8,2.4038818923750114,,False,,,0.008695652173913044,0.009624197983501375,0.043701799485861184,21.0,2182.0,0.9974811083123426,0.9924812030075187,0.007518796992481203,0.999083409715857,False,False,,,,,prose,rotate8
doctr,stress,syn000_prose__jpeg_q10,2.4038818923750114,,False,,,0.005034324942791762,0.005957836846929423,0.030848329048843187,13.0,2182.0,0.982367758186398,0.9848484848484849,0.015151515151515152,1.0004582951420715,False,False,,,,,prose,jpeg_q10
doctr,stress,syn000_prose__low_contrast,2.363917969666659,,False,,,0.0036613272311212816,0.00458295142071494,0.02056555269922879,10.0,2182.0,0.9924433249370277,0.9949494949494949,0.005050505050505051,1.0013748854262146,False,False,,,,,prose,low_contrast
doctr,stress,syn000_prose__photocopy,2.363917969666659,,False,,,0.007780320366132723,0.008707607699358386,0.02313624678663239,19.0,2182.0,0.9899244332493703,0.9899244332493703,0.010075566750629723,1.0041246562786434,False,False,,,,,prose,photocopy
doctr,stress,syn000_prose__phone_photo,2.363917969666659,,False,,,0.006864988558352402,0.007791017415215398,0.02313624678663239,17.0,2182.0,0.9848866498740554,0.9824120603015075,0.017587939698492462,1.0013748854262146,False,False,,,,,prose,phone_photo
dots-mocr,books,birdsofgreatbrit02butl_0308_full,51.605880734499806,432.0,False,birdsofgreatbrit02butl,en,0.019178082191780823,0.011500547645125958,0.012195121951219513,21.0,1826.0,0.9881305637982196,1.0,0.0,0.988499452354874,False,False,,,,,,
dots-mocr,books,conchologiaiconi05reev_0039_full,51.605880734499806,1190.0,False,conchologiaiconi05reev,en,0.019083969465648856,0.009164969450101833,0.014010507880910683,36.0,3928.0,0.9880341880341881,0.996551724137931,0.0034482758620689655,0.9913441955193483,False,False,,,,,,
dots-mocr,books,daschitinskelett00prel_0037_full,51.605880734499806,1080.0,False,daschitinskelett00prel,de,0.007125890736342043,0.0023847376788553257,0.009107468123861567,9.0,3774.0,0.9945255474452555,0.9981684981684982,0.0018315018315018315,0.998145204027557,False,False,,,,,,
dots-mocr,books,histoirenaturell10cuvi_0425_full,51.605880734499806,464.0,False,histoirenaturell10cuvi,fr,0.034198860037998734,0.015267175572519083,0.01444043321299639,24.0,1572.0,0.9863945578231292,1.0,0.0,0.9847328244274809,False,False,,,,,,
easyocr,books,birdsofgreatbrit02butl_0308_full,4.997470613000019,,False,birdsofgreatbrit02butl,en,0.03726027397260274,0.0312157721796276,0.1524390243902439,57.0,1826.0,0.9050445103857567,0.8970588235294118,0.10294117647058823,1.0060240963855422,False,False,,,,,,
easyocr,books,conchologiaiconi05reev_0039_full,6.548838861000036,,False,conchologiaiconi05reev,en,0.7811704834605598,0.7772403258655805,1.0035026269702276,3053.0,3928.0,0.8991452991452992,0.8885135135135135,0.11148648648648649,1.0068737270875763,False,False,,,,,,
easyocr,books,daschitinskelett00prel_0037_full,6.3512353139999504,,False,daschitinskelett00prel,de,0.026392187912377935,0.028616852146263912,0.18397085610200364,108.0,3774.0,0.9543795620437956,0.8716666666666667,0.12833333333333333,1.016163222045575,False,False,,,,,,
easyocr,books,histoirenaturell10cuvi_0425_full,3.344186432000015,,False,histoirenaturell10cuvi,fr,0.045598480050664976,0.03689567430025445,0.22382671480144403,58.0,1572.0,0.935374149659864,0.9136212624584718,0.08637873754152824,1.0178117048346056,False,False,,,,,,
easyocr,docs,headers_footers__ba10222e40f05d76e2bf1d51c39066a4b1fe82ed_page_11,3.523262616000011,,False,,,,,,,,,,,,False,,headers_footers,3.0,1.0,"[{""id"": ""ba10222e40f05d76e2bf1d51c39066a4b1fe82ed_page_11_header_00"", ""type"": ""absent"", ""passed"": false, ""category"": ""headers_footers""}, {""id"": ""ba10222e40f05d76e2bf1d51c39066a4b1fe82ed_page_11.pdf_manual_00"", ""type"": ""absent"", ""passed"": false, ""category"": ""headers_footers""}, {""id"": ""auto_baseline"", ""type"": ""baseline"", ""passed"": true, ""category"": ""baseline""}]",,
easyocr,docs,long_tiny_text__17_pg2_pg1,6.755206417999943,,False,,,,,,,,,,,,False,,long_tiny_text,40.0,19.0,"[{""id"": ""17_pg2_pg1_text_00"", ""type"": ""present"", ""passed"": true, ""category"": ""long_tiny_text""}, {""id"": ""17_pg2_pg1_text_01"", ""type"": ""present"", ""passed"": false, ""category"": ""long_tiny_text""}, {""id"": ""17_pg2_pg1_text_02"", ""type"": ""present"", ""passed"": false, ""category"": ""long_tiny_text""}, {""id"": ""17_pg2_pg1_text_03"", ""type"": ""present"", ""passed"": false, ""category"": ""long_tiny_text""}, {""id"": ""17_pg2_pg1_text_04"", ""type"": ""present"", ""passed"": false, ""category"": ""long_tiny_text""}, {""id"": ""17_pg2_pg1_text_06"", ""type"": ""present"", ""passed"": true, ""category"": ""long_tiny_text""}, {""id"": ""17_pg2_pg1_text_07"", ""type"": ""present"", ""passed"": true, ""category"": ""long_tiny_text""}, {""id"": ""17_pg2_pg1_text_09"", ""type"": ""present"", ""passed"": true, ""category"": ""long_tiny_text""}, {""id"": ""17_pg2_pg1_text_10"", ""type"": ""present"", ""passed"": true, ""category"": ""long_tiny_text""}, {""id"": ""17_pg2_pg1_text_12"", ""type"": ""present"", ""passed"": true, ""category"": ""long_tiny_text""}, {""id"": ""17_pg2_pg1_text_13"", ""type"": ""present"", ""passed"": false, ""category"": ""long_tiny_text""}, {""id"": ""17_pg2_pg1_text_16"", ""type"": ""present"", ""passed"": false, ""category"": ""long_tiny_text""}, {""id"": ""17_pg2_pg1_text_17"", ""type"": ""present"", ""passed"": false, ""category"": ""long_tiny_text""}, {""id"": ""17_pg2_pg1_text_20"", ""type"": ""present"", ""passed"": true, ""category"": ""long_tiny_text""}, {""id"": ""17_pg2_pg1_text_23"", ""type"": ""present"", ""passed"": true, ""category"": ""long_tiny_text""}, {""id"": ""17_pg2_pg1_text_24"", ""type"": ""present"", ""passed"": true, ""category"": ""long_tiny_text""}, {""id"": ""17_pg2_pg1_text_25"", ""type"": ""present"", ""passed"": true, ""category"": ""long_tiny_text""}, {""id"": ""17_pg2_pg1_text_27"", ""type"": ""present"", ""passed"": true, ""category"": ""long_tiny_text""}, {""id"": ""17_pg2_pg1_text_28"", ""type"": ""present"", ""passed"": false, ""category"": ""long_tiny_text""}, {""id"": ""17_pg2_pg1_text_30"", ""type"": ""present"", ""passed"": true, ""category"": ""long_tiny_text""}, {""id"": ""17_pg2_pg1_text_31"", ""type"": ""present"", ""passed"": true, ""category"": ""long_tiny_text""}, {""id"": ""17_pg2_pg1_text_34"", ""type"": ""present"", ""passed"": true, ""category"": ""long_tiny_text""}, {""id"": ""17_pg2_pg1_text_37"", ""type"": ""present"", ""passed"": true, ""category"": ""long_tiny_text""}, {""id"": ""17_pg2_pg1_text_41"", ""type"": ""present"", ""passed"": true, ""category"": ""long_tiny_text""}, {""id"": ""17_pg2_pg1_text_43"", ""type"": ""present"", ""passed"": true, ""category"": ""long_tiny_text""}, {""id"": ""17_pg2_pg1_text_45"", ""type"": ""present"", ""passed"": false, ""category"": ""long_tiny_text""}, {""id"": ""17_pg2_pg1_text_49"", ""type"": ""present"", ""passed"": false, ""category"": ""long_tiny_text""}, {""id"": ""17_pg2_pg1_text_51"", ""type"": ""present"", ""passed"": false, ""category"": ""long_tiny_text""}, {""id"": ""17_pg2_pg1_text_56"", ""type"": ""present"", ""passed"": false, ""category"": ""long_tiny_text""}, {""id"": ""17_pg2_pg1_text_61"", ""type"": ""present"", ""passed"": false, ""category"": ""long_tiny_text""}, {""id"": ""17_pg2_pg1_text_65"", ""type"": ""present"", ""passed"": false, ""category"": ""long_tiny_text""}, {""id"": ""17_pg2_pg1_text_69"", ""type"": ""present"", ""passed"": false, ""category"": ""long_tiny_text""}, {""id"": ""17_pg2_pg1_text_74"", ""type"": ""present"", ""passed"": false, ""category"": ""long_tiny_text""}, {""id"": ""17_pg2_pg1_text_80"", ""type"": ""present"", ""passed"": false, ""category"": ""long_tiny_text""}, {""id"": ""17_pg2_pg1_text_83"", ""type"": ""present"", ""passed"": false, ""category"": ""long_tiny_text""}, {""id"": ""17_pg2_pg1_text_86"", ""type"": ""present"", ""passed"": true, ""category"": ""long_tiny_text""}, {""id"": ""17_pg2_pg1_text_88"", ""type"": ""present"", ""passed"": false, ""category"": ""long_tiny_text""}, {""id"": ""17_pg2_pg1_text_95"", ""type"": ""present"", ""passed"": false, ""category"": ""long_tiny_text""}, {""id"": ""17_pg2_pg1_text_97"", ""type"": ""present"", ""passed"": false, ""category"": ""long_tiny_text""}, {""id"": ""auto_baseline"", ""type"": ""baseline"", ""passed"": true, ""category"": ""baseline""}]",,
easyocr,docs,multi_column__0114396ecb251aa3ebaeaeaed6bd4fe50bd2_page_2_pg1,6.160420502999955,,False,,,,,,,,,,,,False,,multi_column,6.0,4.0,"[{""id"": ""0114396ecb251aa3ebaeaeaed6bd4fe50bd2_page_2.pdf_order_e5d2d945"", ""type"": ""order"", ""passed"": true, ""category"": ""multi_column""}, {""id"": ""0114396ecb251aa3ebaeaeaed6bd4fe50bd2_page_2.pdf_order_6b2daa2b"", ""type"": ""order"", ""passed"": true, ""category"": ""multi_column""}, {""id"": ""0114396ecb251aa3ebaeaeaed6bd4fe50bd2_page_2.pdf_order_f61eafae"", ""type"": ""order"", ""passed"": false, ""category"": ""multi_column""}, {""id"": ""0114396ecb251aa3ebaeaeaed6bd4fe50bd2_page_2.pdf_order_40a2536e"", ""type"": ""order"", ""passed"": true, ""category"": ""multi_column""}, {""id"": ""0114396ecb251aa3ebaeaeaed6bd4fe50bd2_page_2.pdf_order_b8d41298"", ""type"": ""order"", ""passed"": false, ""category"": ""multi_column""}, {""id"": ""auto_baseline"", ""type"": ""baseline"", ""passed"": true, ""category"": ""baseline""}]",,
easyocr,docs,old_scans__52,1.9007908780000662,,False,,,,,,,,,,,,False,,old_scans,4.0,1.0,"[{""id"": ""52_591542"", ""type"": ""present"", ""passed"": false, ""category"": ""old_scans""}, {""id"": ""52_323921"", ""type"": ""present"", ""passed"": false, ""category"": ""old_scans""}, {""id"": ""52_987017"", ""type"": ""present"", ""passed"": false, ""category"": ""old_scans""}, {""id"": ""auto_baseline"", ""type"": ""baseline"", ""passed"": true, ""category"": ""baseline""}]",,
easyocr,docs,tables__b5d9db350b31304da912832bcbafc47b64d8_pg2_pg1,6.349222273000009,,False,,,,,,,,,,,,False,,table_tests,6.0,1.0,"[{""id"": ""b5d9db350b31304da912832bcbafc47b64d8_pg2_table_00"", ""type"": ""table"", ""passed"": false, ""category"": ""table_tests""}, {""id"": ""b5d9db350b31304da912832bcbafc47b64d8_pg2_table_01"", ""type"": ""table"", ""passed"": false, ""category"": ""table_tests""}, {""id"": ""b5d9db350b31304da912832bcbafc47b64d8_pg2_table_02"", ""type"": ""table"", ""passed"": false, ""category"": ""table_tests""}, {""id"": ""b5d9db350b31304da912832bcbafc47b64d8_pg2_table_03"", ""type"": ""table"", ""passed"": false, ""category"": ""table_tests""}, {""id"": ""b5d9db350b31304da912832bcbafc47b64d8_pg2_table_04"", ""type"": ""table"", ""passed"": false, ""category"": ""table_tests""}, {""id"": ""auto_baseline"", ""type"": ""baseline"", ""passed"": true, ""category"": ""baseline""}]",,
easyocr,handwriting,iam_00030,0.11721331200010354,,False,,,0.43636363636363634,0.43636363636363634,1.125,24.0,55.0,0.0,0.0,1.0,0.9636363636363636,False,False,,,,,,
easyocr,handwriting,iam_00143,0.09877862400003323,,False,,,0.717948717948718,0.717948717948718,1.0,28.0,39.0,0.0,0.0,1.0,1.0512820512820513,False,False,,,,,,
easyocr,handwriting,iam_00371,0.11289353699999083,,False,,,0.45454545454545453,0.45454545454545453,0.875,20.0,44.0,0.125,0.125,0.875,0.8636363636363636,False,False,,,,,,
easyocr,handwriting,iam_00478,0.11276919900001303,,False,,,0.5172413793103449,0.5172413793103449,1.0,15.0,29.0,0.0,0.0,1.0,0.6896551724137931,False,False,,,,,,
easyocr,handwriting,iam_01805,0.08940382700006921,,False,,,0.5789473684210527,0.5789473684210527,0.875,22.0,38.0,0.25,0.2222222222222222,0.7777777777777778,1.0263157894736843,False,False,,,,,,
easyocr,handwriting,iam_02384,0.08562470399999711,,False,,,0.7435897435897436,0.7435897435897436,1.0,29.0,39.0,0.0,0.0,1.0,0.6923076923076923,False,False,,,,,,
easyocr,stress,syn000_prose__clean,4.375640632999989,,False,,,0.010526315789473684,0.010999083409715857,0.061696658097686374,24.0,2182.0,0.9899244332493703,0.9949367088607595,0.005063291139240506,1.0004582951420715,False,False,,,,,prose,clean
easyocr,stress,syn000_prose__dpi150,1.9768597810000301,,False,,,0.013272311212814645,0.01237396883593034,0.061696658097686374,27.0,2182.0,0.9848866498740554,0.9949109414758269,0.005089058524173028,0.9949587534372135,False,False,,,,,prose,dpi150
easyocr,stress,syn000_prose__dpi75,1.1132293560000335,,False,,,0.09748283752860412,0.09624197983501374,0.2416452442159383,210.0,2182.0,0.8035264483627204,0.9273255813953488,0.07267441860465117,0.9294225481209899,False,False,,,,,prose,dpi75
easyocr,stress,syn000_prose__blur,4.347438090999958,,False,,,0.12906178489702516,0.12878093492208983,0.5398457583547558,281.0,2182.0,0.5163727959697733,0.6366459627329193,0.36335403726708076,0.9445462878093492,False,False,,,,,prose,blur
easyocr,stress,syn000_prose__noise,4.489469009999993,,False,,,0.010068649885583524,0.010540788267644362,0.056555269922879174,23.0,2182.0,0.9874055415617129,0.9924050632911392,0.007594936708860759,1.0,False,False,,,,,prose,noise
easyocr,stress,syn000_prose__rotate3,4.436580236000054,,False,,,0.5070938215102975,0.5073327222731439,0.6452442159383034,1107.0,2182.0,0.9773299748110831,0.9822784810126582,0.017721518987341773,0.9995417048579285,False,False,,,,,prose,rotate3
easyocr,stress,syn000_prose__rotate8,4.966585836999911,,False,,,0.691533180778032,0.6924839596700275,0.884318766066838,1511.0,2182.0,0.9596977329974811,0.9769230769230769,0.023076923076923078,0.9995417048579285,False,False,,,,,prose,rotate8
easyocr,stress,syn000_prose__jpeg_q10,1.9677812009999798,,False,,,0.013272311212814645,0.011915673693858845,0.06940874035989718,26.0,2182.0,0.9748110831234257,0.9872448979591837,0.012755102040816327,0.9967919340054996,False,False,,,,,prose,jpeg_q10
easyocr,stress,syn000_prose__low_contrast,4.347914478000007,,False,,,0.011899313501144164,0.010540788267644362,0.061696658097686374,23.0,2182.0,0.982367758186398,0.9898477157360406,0.01015228426395939,0.9977085242896425,False,False,,,,,prose,low_contrast
easyocr,stress,syn000_prose__photocopy,4.543615628999987,,False,,,0.016475972540045767,0.01695692025664528,0.08997429305912596,37.0,2182.0,0.9748110831234257,0.9699248120300752,0.03007518796992481,1.001833180568286,False,False,,,,,prose,photocopy
easyocr,stress,syn000_prose__phone_photo,1.9626882279999336,,False,,,0.10389016018306636,0.10449129239230064,0.15938303341902313,228.0,2182.0,0.9798488664987406,0.9873096446700508,0.012690355329949238,1.0,False,False,,,,,prose,phone_photo
glm-ocr,books,birdsofgreatbrit02butl_0308_full,18.329057192250048,458.0,False,birdsofgreatbrit02butl,en,0.023013698630136987,0.014786418400876232,0.021341463414634148,27.0,1826.0,0.9821958456973294,0.993993993993994,0.006006006006006006,0.9895947426067908,False,False,,,,,,
glm-ocr,books,conchologiaiconi05reev_0039_full,18.329057192250048,1240.0,False,conchologiaiconi05reev,en,0.029516539440203562,0.01960285132382892,0.07005253940455342,77.0,3928.0,0.9452991452991453,0.9485420240137221,0.051457975986277875,0.9966904276985743,False,False,,,,,,
glm-ocr,books,daschitinskelett00prel_0037_full,18.329057192250048,1110.0,False,daschitinskelett00prel,de,0.007125890736342043,0.003179650238473768,0.014571948998178506,12.0,3774.0,0.9890510948905109,0.9890510948905109,0.010948905109489052,0.9984101748807631,False,False,,,,,,
glm-ocr,books,histoirenaturell10cuvi_0425_full,18.329057192250048,479.0,False,histoirenaturell10cuvi,fr,0.034198860037998734,0.015267175572519083,0.01444043321299639,24.0,1572.0,0.9863945578231292,1.0,0.0,0.9847328244274809,False,False,,,,,,
glm-ocr,docs,headers_footers__ba10222e40f05d76e2bf1d51c39066a4b1fe82ed_page_11,11.455014520799978,839.0,False,,,,,,,,,,,,False,,headers_footers,3.0,3.0,"[{""id"": ""ba10222e40f05d76e2bf1d51c39066a4b1fe82ed_page_11_header_00"", ""type"": ""absent"", ""passed"": true, ""category"": ""headers_footers""}, {""id"": ""ba10222e40f05d76e2bf1d51c39066a4b1fe82ed_page_11.pdf_manual_00"", ""type"": ""absent"", ""passed"": true, ""category"": ""headers_footers""}, {""id"": ""auto_baseline"", ""type"": ""baseline"", ""passed"": true, ""category"": ""baseline""}]",,
glm-ocr,docs,long_tiny_text__17_pg2_pg1,11.455014520799978,1385.0,False,,,,,,,,,,,,False,,long_tiny_text,40.0,39.0,"[{""id"": ""17_pg2_pg1_text_00"", ""type"": ""present"", ""passed"": true, ""category"": ""long_tiny_text""}, {""id"": ""17_pg2_pg1_text_01"", ""type"": ""present"", ""passed"": true, ""category"": ""long_tiny_text""}, {""id"": ""17_pg2_pg1_text_02"", ""type"": ""present"", ""passed"": true, ""category"": ""long_tiny_text""}, {""id"": ""17_pg2_pg1_text_03"", ""type"": ""present"", ""passed"": true, ""category"": ""long_tiny_text""}, {""id"": ""17_pg2_pg1_text_04"", ""type"": ""present"", ""passed"": true, ""category"": ""long_tiny_text""}, {""id"": ""17_pg2_pg1_text_06"", ""type"": ""present"", ""passed"": true, ""category"": ""long_tiny_text""}, {""id"": ""17_pg2_pg1_text_07"", ""type"": ""present"", ""passed"": true, ""category"": ""long_tiny_text""}, {""id"": ""17_pg2_pg1_text_09"", ""type"": ""present"", ""passed"": true, ""category"": ""long_tiny_text""}, {""id"": ""17_pg2_pg1_text_10"", ""type"": ""present"", ""passed"": true, ""category"": ""long_tiny_text""}, {""id"": ""17_pg2_pg1_text_12"", ""type"": ""present"", ""passed"": true, ""category"": ""long_tiny_text""}, {""id"": ""17_pg2_pg1_text_13"", ""type"": ""present"", ""passed"": true, ""category"": ""long_tiny_text""}, {""id"": ""17_pg2_pg1_text_16"", ""type"": ""present"", ""passed"": true, ""category"": ""long_tiny_text""}, {""id"": ""17_pg2_pg1_text_17"", ""type"": ""present"", ""passed"": false, ""category"": ""long_tiny_text""}, {""id"": ""17_pg2_pg1_text_20"", ""type"": ""present"", ""passed"": true, ""category"": ""long_tiny_text""}, {""id"": ""17_pg2_pg1_text_23"", ""type"": ""present"", ""passed"": true, ""category"": ""long_tiny_text""}, {""id"": ""17_pg2_pg1_text_24"", ""type"": ""present"", ""passed"": true, ""category"": ""long_tiny_text""}, {""id"": ""17_pg2_pg1_text_25"", ""type"": ""present"", ""passed"": true, ""category"": ""long_tiny_text""}, {""id"": ""17_pg2_pg1_text_27"", ""type"": ""present"", ""passed"": true, ""category"": ""long_tiny_text""}, {""id"": ""17_pg2_pg1_text_28"", ""type"": ""present"", ""passed"": true, ""category"": ""long_tiny_text""}, {""id"": ""17_pg2_pg1_text_30"", ""type"": ""present"", ""passed"": true, ""category"": ""long_tiny_text""}, {""id"": ""17_pg2_pg1_text_31"", ""type"": ""present"", ""passed"": true, ""category"": ""long_tiny_text""}, {""id"": ""17_pg2_pg1_text_34"", ""type"": ""present"", ""passed"": true, ""category"": ""long_tiny_text""}, {""id"": ""17_pg2_pg1_text_37"", ""type"": ""present"", ""passed"": true, ""category"": ""long_tiny_text""}, {""id"": ""17_pg2_pg1_text_41"", ""type"": ""present"", ""passed"": true, ""category"": ""long_tiny_text""}, {""id"": ""17_pg2_pg1_text_43"", ""type"": ""present"", ""passed"": true, ""category"": ""long_tiny_text""}, {""id"": ""17_pg2_pg1_text_45"", ""type"": ""present"", ""passed"": true, ""category"": ""long_tiny_text""}, {""id"": ""17_pg2_pg1_text_49"", ""type"": ""present"", ""passed"": true, ""category"": ""long_tiny_text""}, {""id"": ""17_pg2_pg1_text_51"", ""type"": ""present"", ""passed"": true, ""category"": ""long_tiny_text""}, {""id"": ""17_pg2_pg1_text_56"", ""type"": ""present"", ""passed"": true, ""category"": ""long_tiny_text""}, {""id"": ""17_pg2_pg1_text_61"", ""type"": ""present"", ""passed"": true, ""category"": ""long_tiny_text""}, {""id"": ""17_pg2_pg1_text_65"", ""type"": ""present"", ""passed"": true, ""category"": ""long_tiny_text""}, {""id"": ""17_pg2_pg1_text_69"", ""type"": ""present"", ""passed"": true, ""category"": ""long_tiny_text""}, {""id"": ""17_pg2_pg1_text_74"", ""type"": ""present"", ""passed"": true, ""category"": ""long_tiny_text""}, {""id"": ""17_pg2_pg1_text_80"", ""type"": ""present"", ""passed"": true, ""category"": ""long_tiny_text""}, {""id"": ""17_pg2_pg1_text_83"", ""type"": ""present"", ""passed"": true, ""category"": ""long_tiny_text""}, {""id"": ""17_pg2_pg1_text_86"", ""type"": ""present"", ""passed"": true, ""category"": ""long_tiny_text""}, {""id"": ""17_pg2_pg1_text_88"", ""type"": ""present"", ""passed"": true, ""category"": ""long_tiny_text""}, {""id"": ""17_pg2_pg1_text_95"", ""type"": ""present"", ""passed"": true, ""category"": ""long_tiny_text""}, {""id"": ""17_pg2_pg1_text_97"", ""type"": ""present"", ""passed"": true, ""category"": ""long_tiny_text""}, {""id"": ""auto_baseline"", ""type"": ""baseline"", ""passed"": true, ""category"": ""baseline""}]",,
glm-ocr,docs,multi_column__0114396ecb251aa3ebaeaeaed6bd4fe50bd2_page_2_pg1,11.455014520799978,1101.0,False,,,,,,,,,,,,False,,multi_column,6.0,6.0,"[{""id"": ""0114396ecb251aa3ebaeaeaed6bd4fe50bd2_page_2.pdf_order_e5d2d945"", ""type"": ""order"", ""passed"": true, ""category"": ""multi_column""}, {""id"": ""0114396ecb251aa3ebaeaeaed6bd4fe50bd2_page_2.pdf_order_6b2daa2b"", ""type"": ""order"", ""passed"": true, ""category"": ""multi_column""}, {""id"": ""0114396ecb251aa3ebaeaeaed6bd4fe50bd2_page_2.pdf_order_f61eafae"", ""type"": ""order"", ""passed"": true, ""category"": ""multi_column""}, {""id"": ""0114396ecb251aa3ebaeaeaed6bd4fe50bd2_page_2.pdf_order_40a2536e"", ""type"": ""order"", ""passed"": true, ""category"": ""multi_column""}, {""id"": ""0114396ecb251aa3ebaeaeaed6bd4fe50bd2_page_2.pdf_order_b8d41298"", ""type"": ""order"", ""passed"": true, ""category"": ""multi_column""}, {""id"": ""auto_baseline"", ""type"": ""baseline"", ""passed"": true, ""category"": ""baseline""}]",,
glm-ocr,docs,old_scans__52,11.455014520799978,117.0,False,,,,,,,,,,,,False,,old_scans,4.0,1.0,"[{""id"": ""52_591542"", ""type"": ""present"", ""passed"": false, ""category"": ""old_scans""}, {""id"": ""52_323921"", ""type"": ""present"", ""passed"": false, ""category"": ""old_scans""}, {""id"": ""52_987017"", ""type"": ""present"", ""passed"": false, ""category"": ""old_scans""}, {""id"": ""auto_baseline"", ""type"": ""baseline"", ""passed"": true, ""category"": ""baseline""}]",,
glm-ocr,docs,tables__b5d9db350b31304da912832bcbafc47b64d8_pg2_pg1,11.455014520799978,1475.0,False,,,,,,,,,,,,False,,table_tests,6.0,1.0,"[{""id"": ""b5d9db350b31304da912832bcbafc47b64d8_pg2_table_00"", ""type"": ""table"", ""passed"": false, ""category"": ""table_tests""}, {""id"": ""b5d9db350b31304da912832bcbafc47b64d8_pg2_table_01"", ""type"": ""table"", ""passed"": false, ""category"": ""table_tests""}, {""id"": ""b5d9db350b31304da912832bcbafc47b64d8_pg2_table_02"", ""type"": ""table"", ""passed"": false, ""category"": ""table_tests""}, {""id"": ""b5d9db350b31304da912832bcbafc47b64d8_pg2_table_03"", ""type"": ""table"", ""passed"": false, ""category"": ""table_tests""}, {""id"": ""b5d9db350b31304da912832bcbafc47b64d8_pg2_table_04"", ""type"": ""table"", ""passed"": false, ""category"": ""table_tests""}, {""id"": ""auto_baseline"", ""type"": ""baseline"", ""passed"": true, ""category"": ""baseline""}]",,
glm-ocr,handwriting,iam_00030,0.10533244916670507,18.0,False,,,0.0,0.0,0.0,0.0,55.0,1.0,1.0,0.0,1.0,False,False,,,,,,
glm-ocr,handwriting,iam_00143,0.10533244916670507,9.0,False,,,0.10256410256410256,0.10256410256410256,0.14285714285714285,4.0,39.0,0.8571428571428571,0.8571428571428571,0.14285714285714285,1.0256410256410255,False,False,,,,,,
glm-ocr,handwriting,iam_00371,0.10533244916670507,10.0,False,,,0.022727272727272728,0.022727272727272728,0.125,1.0,44.0,1.0,1.0,0.0,1.0,False,False,,,,,,
glm-ocr,handwriting,iam_00478,0.10533244916670507,7.0,False,,,0.0,0.0,0.0,0.0,29.0,1.0,1.0,0.0,1.0,False,False,,,,,,
glm-ocr,handwriting,iam_01805,0.10533244916670507,9.0,False,,,0.0,0.0,0.0,0.0,38.0,1.0,1.0,0.0,1.0,False,False,,,,,,
glm-ocr,handwriting,iam_02384,0.10533244916670507,13.0,False,,,0.1282051282051282,0.1282051282051282,0.3,5.0,39.0,0.9,0.9,0.1,1.0,False,False,,,,,,
glm-ocr,stress,syn000_prose__clean,10.893495539090923,539.0,False,,,0.0,0.0,0.0,0.0,2182.0,1.0,1.0,0.0,1.0,False,False,,,,,prose,clean
glm-ocr,stress,syn000_prose__dpi150,10.893495539090923,530.0,False,,,0.008237986270022883,0.008249312557286892,0.007712082262210797,18.0,2182.0,0.9924433249370277,1.0,0.0,0.9917506874427131,False,False,,,,,prose,dpi150
glm-ocr,stress,syn000_prose__dpi75,10.893495539090923,539.0,False,,,0.0009153318077803204,0.0009165902841429881,0.002570694087403599,2.0,2182.0,0.9974811083123426,0.9974811083123426,0.0025188916876574307,1.0,False,False,,,,,prose,dpi75
glm-ocr,stress,syn000_prose__blur,10.893495539090923,540.0,False,,,0.0009153318077803204,0.0,0.0,0.0,2182.0,1.0,1.0,0.0,1.0,False,False,,,,,prose,blur
glm-ocr,stress,syn000_prose__noise,10.893495539090923,540.0,False,,,0.0,0.0,0.0,0.0,2182.0,1.0,1.0,0.0,1.0,False,False,,,,,prose,noise
glm-ocr,stress,syn000_prose__rotate3,10.893495539090923,540.0,False,,,0.0,0.0,0.0,0.0,2182.0,1.0,1.0,0.0,1.0,False,False,,,,,prose,rotate3
glm-ocr,stress,syn000_prose__rotate8,10.893495539090923,539.0,False,,,0.0,0.0,0.0,0.0,2182.0,1.0,1.0,0.0,1.0,False,False,,,,,prose,rotate8
glm-ocr,stress,syn000_prose__jpeg_q10,10.893495539090923,530.0,False,,,0.008237986270022883,0.008249312557286892,0.007712082262210797,18.0,2182.0,0.9924433249370277,1.0,0.0,0.9917506874427131,False,False,,,,,prose,jpeg_q10
glm-ocr,stress,syn000_prose__low_contrast,10.893495539090923,539.0,False,,,0.0,0.0,0.0,0.0,2182.0,1.0,1.0,0.0,1.0,False,False,,,,,prose,low_contrast
glm-ocr,stress,syn000_prose__photocopy,10.893495539090923,539.0,False,,,0.0,0.0,0.0,0.0,2182.0,1.0,1.0,0.0,1.0,False,False,,,,,prose,photocopy
glm-ocr,stress,syn000_prose__phone_photo,10.893495539090923,530.0,False,,,0.008237986270022883,0.008249312557286892,0.007712082262210797,18.0,2182.0,0.9924433249370277,1.0,0.0,0.9917506874427131,False,False,,,,,prose,phone_photo
granite-docling,books,birdsofgreatbrit02butl_0308_full,4.5727913072501,769.0,False,birdsofgreatbrit02butl,en,0.14849315068493152,0.13964950711938665,0.15853658536585366,255.0,1826.0,0.9821958456973294,0.8733509234828496,0.1266490765171504,1.1073384446878423,False,False,,,,,,
granite-docling,books,conchologiaiconi05reev_0039_full,4.5727913072501,1607.0,False,conchologiaiconi05reev,en,0.07048346055979644,0.06109979633401222,0.15411558669001751,240.0,3928.0,0.9008547008547009,0.9086206896551724,0.09137931034482759,0.9862525458248472,False,False,,,,,,
granite-docling,books,daschitinskelett00prel_0037_full,4.5727913072501,1256.0,False,daschitinskelett00prel,de,0.02507257851675904,0.02066772655007949,0.1384335154826958,78.0,3774.0,0.958029197080292,0.8793969849246231,0.12060301507537688,1.0079491255961843,False,False,,,,,,
granite-docling,books,histoirenaturell10cuvi_0425_full,4.5727913072501,605.0,False,histoirenaturell10cuvi,fr,0.03609879670677644,0.01717557251908397,0.02527075812274368,27.0,1572.0,0.9761904761904762,0.9896551724137931,0.010344827586206896,0.9847328244274809,False,False,,,,,,
granite-docling,docs,headers_footers__ba10222e40f05d76e2bf1d51c39066a4b1fe82ed_page_11,4.32857599580002,803.0,False,,,,,,,,,,,,False,,headers_footers,3.0,3.0,"[{""id"": ""ba10222e40f05d76e2bf1d51c39066a4b1fe82ed_page_11_header_00"", ""type"": ""absent"", ""passed"": true, ""category"": ""headers_footers""}, {""id"": ""ba10222e40f05d76e2bf1d51c39066a4b1fe82ed_page_11.pdf_manual_00"", ""type"": ""absent"", ""passed"": true, ""category"": ""headers_footers""}, {""id"": ""auto_baseline"", ""type"": ""baseline"", ""passed"": true, ""category"": ""baseline""}]",,
granite-docling,docs,long_tiny_text__17_pg2_pg1,4.32857599580002,1368.0,False,,,,,,,,,,,,False,,long_tiny_text,40.0,37.0,"[{""id"": ""17_pg2_pg1_text_00"", ""type"": ""present"", ""passed"": true, ""category"": ""long_tiny_text""}, {""id"": ""17_pg2_pg1_text_01"", ""type"": ""present"", ""passed"": true, ""category"": ""long_tiny_text""}, {""id"": ""17_pg2_pg1_text_02"", ""type"": ""present"", ""passed"": true, ""category"": ""long_tiny_text""}, {""id"": ""17_pg2_pg1_text_03"", ""type"": ""present"", ""passed"": true, ""category"": ""long_tiny_text""}, {""id"": ""17_pg2_pg1_text_04"", ""type"": ""present"", ""passed"": true, ""category"": ""long_tiny_text""}, {""id"": ""17_pg2_pg1_text_06"", ""type"": ""present"", ""passed"": true, ""category"": ""long_tiny_text""}, {""id"": ""17_pg2_pg1_text_07"", ""type"": ""present"", ""passed"": true, ""category"": ""long_tiny_text""}, {""id"": ""17_pg2_pg1_text_09"", ""type"": ""present"", ""passed"": true, ""category"": ""long_tiny_text""}, {""id"": ""17_pg2_pg1_text_10"", ""type"": ""present"", ""passed"": true, ""category"": ""long_tiny_text""}, {""id"": ""17_pg2_pg1_text_12"", ""type"": ""present"", ""passed"": true, ""category"": ""long_tiny_text""}, {""id"": ""17_pg2_pg1_text_13"", ""type"": ""present"", ""passed"": true, ""category"": ""long_tiny_text""}, {""id"": ""17_pg2_pg1_text_16"", ""type"": ""present"", ""passed"": true, ""category"": ""long_tiny_text""}, {""id"": ""17_pg2_pg1_text_17"", ""type"": ""present"", ""passed"": false, ""category"": ""long_tiny_text""}, {""id"": ""17_pg2_pg1_text_20"", ""type"": ""present"", ""passed"": true, ""category"": ""long_tiny_text""}, {""id"": ""17_pg2_pg1_text_23"", ""type"": ""present"", ""passed"": true, ""category"": ""long_tiny_text""}, {""id"": ""17_pg2_pg1_text_24"", ""type"": ""present"", ""passed"": true, ""category"": ""long_tiny_text""}, {""id"": ""17_pg2_pg1_text_25"", ""type"": ""present"", ""passed"": true, ""category"": ""long_tiny_text""}, {""id"": ""17_pg2_pg1_text_27"", ""type"": ""present"", ""passed"": true, ""category"": ""long_tiny_text""}, {""id"": ""17_pg2_pg1_text_28"", ""type"": ""present"", ""passed"": true, ""category"": ""long_tiny_text""}, {""id"": ""17_pg2_pg1_text_30"", ""type"": ""present"", ""passed"": true, ""category"": ""long_tiny_text""}, {""id"": ""17_pg2_pg1_text_31"", ""type"": ""present"", ""passed"": true, ""category"": ""long_tiny_text""}, {""id"": ""17_pg2_pg1_text_34"", ""type"": ""present"", ""passed"": true, ""category"": ""long_tiny_text""}, {""id"": ""17_pg2_pg1_text_37"", ""type"": ""present"", ""passed"": true, ""category"": ""long_tiny_text""}, {""id"": ""17_pg2_pg1_text_41"", ""type"": ""present"", ""passed"": true, ""category"": ""long_tiny_text""}, {""id"": ""17_pg2_pg1_text_43"", ""type"": ""present"", ""passed"": true, ""category"": ""long_tiny_text""}, {""id"": ""17_pg2_pg1_text_45"", ""type"": ""present"", ""passed"": true, ""category"": ""long_tiny_text""}, {""id"": ""17_pg2_pg1_text_49"", ""type"": ""present"", ""passed"": false, ""category"": ""long_tiny_text""}, {""id"": ""17_pg2_pg1_text_51"", ""type"": ""present"", ""passed"": true, ""category"": ""long_tiny_text""}, {""id"": ""17_pg2_pg1_text_56"", ""type"": ""present"", ""passed"": true, ""category"": ""long_tiny_text""}, {""id"": ""17_pg2_pg1_text_61"", ""type"": ""present"", ""passed"": true, ""category"": ""long_tiny_text""}, {""id"": ""17_pg2_pg1_text_65"", ""type"": ""present"", ""passed"": true, ""category"": ""long_tiny_text""}, {""id"": ""17_pg2_pg1_text_69"", ""type"": ""present"", ""passed"": true, ""category"": ""long_tiny_text""}, {""id"": ""17_pg2_pg1_text_74"", ""type"": ""present"", ""passed"": true, ""category"": ""long_tiny_text""}, {""id"": ""17_pg2_pg1_text_80"", ""type"": ""present"", ""passed"": true, ""category"": ""long_tiny_text""}, {""id"": ""17_pg2_pg1_text_83"", ""type"": ""present"", ""passed"": true, ""category"": ""long_tiny_text""}, {""id"": ""17_pg2_pg1_text_86"", ""type"": ""present"", ""passed"": true, ""category"": ""long_tiny_text""}, {""id"": ""17_pg2_pg1_text_88"", ""type"": ""present"", ""passed"": false, ""category"": ""long_tiny_text""}, {""id"": ""17_pg2_pg1_text_95"", ""type"": ""present"", ""passed"": true, ""category"": ""long_tiny_text""}, {""id"": ""17_pg2_pg1_text_97"", ""type"": ""present"", ""passed"": true, ""category"": ""long_tiny_text""}, {""id"": ""auto_baseline"", ""type"": ""baseline"", ""passed"": true, ""category"": ""baseline""}]",,
granite-docling,docs,multi_column__0114396ecb251aa3ebaeaeaed6bd4fe50bd2_page_2_pg1,4.32857599580002,1300.0,False,,,,,,,,,,,,False,,multi_column,6.0,6.0,"[{""id"": ""0114396ecb251aa3ebaeaeaed6bd4fe50bd2_page_2.pdf_order_e5d2d945"", ""type"": ""order"", ""passed"": true, ""category"": ""multi_column""}, {""id"": ""0114396ecb251aa3ebaeaeaed6bd4fe50bd2_page_2.pdf_order_6b2daa2b"", ""type"": ""order"", ""passed"": true, ""category"": ""multi_column""}, {""id"": ""0114396ecb251aa3ebaeaeaed6bd4fe50bd2_page_2.pdf_order_f61eafae"", ""type"": ""order"", ""passed"": true, ""category"": ""multi_column""}, {""id"": ""0114396ecb251aa3ebaeaeaed6bd4fe50bd2_page_2.pdf_order_40a2536e"", ""type"": ""order"", ""passed"": true, ""category"": ""multi_column""}, {""id"": ""0114396ecb251aa3ebaeaeaed6bd4fe50bd2_page_2.pdf_order_b8d41298"", ""type"": ""order"", ""passed"": true, ""category"": ""multi_column""}, {""id"": ""auto_baseline"", ""type"": ""baseline"", ""passed"": true, ""category"": ""baseline""}]",,
granite-docling,docs,old_scans__52,4.32857599580002,25.0,False,,,,,,,,,,,,False,,old_scans,4.0,1.0,"[{""id"": ""52_591542"", ""type"": ""present"", ""passed"": false, ""category"": ""old_scans""}, {""id"": ""52_323921"", ""type"": ""present"", ""passed"": false, ""category"": ""old_scans""}, {""id"": ""52_987017"", ""type"": ""present"", ""passed"": false, ""category"": ""old_scans""}, {""id"": ""auto_baseline"", ""type"": ""baseline"", ""passed"": true, ""category"": ""baseline""}]",,
granite-docling,docs,tables__b5d9db350b31304da912832bcbafc47b64d8_pg2_pg1,4.32857599580002,1763.0,False,,,,,,,,,,,,False,,table_tests,6.0,1.0,"[{""id"": ""b5d9db350b31304da912832bcbafc47b64d8_pg2_table_00"", ""type"": ""table"", ""passed"": false, ""category"": ""table_tests""}, {""id"": ""b5d9db350b31304da912832bcbafc47b64d8_pg2_table_01"", ""type"": ""table"", ""passed"": false, ""category"": ""table_tests""}, {""id"": ""b5d9db350b31304da912832bcbafc47b64d8_pg2_table_02"", ""type"": ""table"", ""passed"": false, ""category"": ""table_tests""}, {""id"": ""b5d9db350b31304da912832bcbafc47b64d8_pg2_table_03"", ""type"": ""table"", ""passed"": false, ""category"": ""table_tests""}, {""id"": ""b5d9db350b31304da912832bcbafc47b64d8_pg2_table_04"", ""type"": ""table"", ""passed"": false, ""category"": ""table_tests""}, {""id"": ""auto_baseline"", ""type"": ""baseline"", ""passed"": true, ""category"": ""baseline""}]",,
granite-docling,handwriting,iam_00030,0.29823573733331915,15.0,False,,,1.0,1.0,1.0,55.0,55.0,0.0,0.0,0.0,0.0,True,False,,,,,,
granite-docling,handwriting,iam_00143,0.29823573733331915,11.0,False,,,1.0,1.0,1.0,39.0,39.0,0.0,0.0,0.0,0.0,True,False,,,,,,
granite-docling,handwriting,iam_00371,0.29823573733331915,10.0,False,,,1.0,1.0,1.0,44.0,44.0,0.0,0.0,0.0,0.0,True,False,,,,,,
granite-docling,handwriting,iam_00478,0.29823573733331915,29.0,False,,,0.0,0.0,0.0,0.0,29.0,1.0,1.0,0.0,1.0,False,False,,,,,,
granite-docling,handwriting,iam_01805,0.29823573733331915,9.0,False,,,1.0,1.0,1.0,38.0,38.0,0.0,0.0,0.0,0.0,True,False,,,,,,
granite-docling,handwriting,iam_02384,0.29823573733331915,12.0,False,,,1.0,1.0,1.0,39.0,39.0,0.0,0.0,0.0,0.0,True,False,,,,,,
granite-docling,stress,syn000_prose__clean,0.4103649779999614,,True,,,1.0,1.0,1.0,2182.0,2182.0,0.0,0.0,0.0,0.0,True,False,,,,,prose,clean
granite-docling,stress,syn000_prose__dpi150,0.4103649779999614,,True,,,1.0,1.0,1.0,2182.0,2182.0,0.0,0.0,0.0,0.0,True,False,,,,,prose,dpi150
granite-docling,stress,syn000_prose__dpi75,0.4103649779999614,,True,,,1.0,1.0,1.0,2182.0,2182.0,0.0,0.0,0.0,0.0,True,False,,,,,prose,dpi75
granite-docling,stress,syn000_prose__blur,0.4103649779999614,,True,,,1.0,1.0,1.0,2182.0,2182.0,0.0,0.0,0.0,0.0,True,False,,,,,prose,blur
granite-docling,stress,syn000_prose__noise,0.4103649779999614,,True,,,1.0,1.0,1.0,2182.0,2182.0,0.0,0.0,0.0,0.0,True,False,,,,,prose,noise
granite-docling,stress,syn000_prose__rotate3,0.4103649779999614,,True,,,1.0,1.0,1.0,2182.0,2182.0,0.0,0.0,0.0,0.0,True,False,,,,,prose,rotate3
granite-docling,stress,syn000_prose__rotate8,0.4103649779999614,,True,,,1.0,1.0,1.0,2182.0,2182.0,0.0,0.0,0.0,0.0,True,False,,,,,prose,rotate8
granite-docling,stress,syn000_prose__jpeg_q10,0.4103649779999614,,True,,,1.0,1.0,1.0,2182.0,2182.0,0.0,0.0,0.0,0.0,True,False,,,,,prose,jpeg_q10
granite-docling,stress,syn000_prose__low_contrast,0.4103649779999614,,True,,,1.0,1.0,1.0,2182.0,2182.0,0.0,0.0,0.0,0.0,True,False,,,,,prose,low_contrast
granite-docling,stress,syn000_prose__photocopy,0.4103649779999614,,True,,,1.0,1.0,1.0,2182.0,2182.0,0.0,0.0,0.0,0.0,True,False,,,,,prose,photocopy
granite-docling,stress,syn000_prose__phone_photo,0.4103649779999614,,True,,,1.0,1.0,1.0,2182.0,2182.0,0.0,0.0,0.0,0.0,True,False,,,,,prose,phone_photo
lightonocr2,books,birdsofgreatbrit02butl_0308_full,55.87129700075002,4096.0,False,birdsofgreatbrit02butl,en,8.88054794520548,8.875684556407448,1.0,16207.0,1826.0,0.0,0.0,1.0,8.97261774370208,False,True,,,,,,
lightonocr2,books,conchologiaiconi05reev_0039_full,55.87129700075002,4096.0,False,conchologiaiconi05reev,en,4.043002544529262,4.042769857433808,1.0,15880.0,3928.0,0.0,0.0,1.0,4.171079429735234,False,True,,,,,,
lightonocr2,books,daschitinskelett00prel_0037_full,55.87129700075002,4096.0,False,daschitinskelett00prel,de,4.233834784903668,4.250662427133015,1.0,16042.0,3774.0,0.0,0.0,1.0,4.341282458929518,False,True,,,,,,
lightonocr2,books,histoirenaturell10cuvi_0425_full,55.87129700075002,4096.0,False,histoirenaturell10cuvi,fr,10.26282457251425,10.307888040712468,1.0,16204.0,1572.0,0.0,0.0,1.0,10.422391857506362,False,True,,,,,,
paddleocr,books,birdsofgreatbrit02butl_0308_full,2.1391016050000076,,False,birdsofgreatbrit02butl,en,0.009315068493150684,0.0038335158817086527,0.018292682926829267,7.0,1826.0,0.9851632047477745,0.9793510324483776,0.02064896755162242,1.0010952902519168,False,False,,,,,,
paddleocr,books,conchologiaiconi05reev_0039_full,2.1391016050000076,,False,conchologiaiconi05reev,en,0.7620865139949109,0.7576374745417516,0.9369527145359019,2976.0,3928.0,0.9230769230769231,0.9230769230769231,0.07692307692307693,0.9997454175152749,False,False,,,,,,
paddleocr,books,daschitinskelett00prel_0037_full,2.1391016050000076,,False,daschitinskelett00prel,de,0.013723937714436528,0.01192368839427663,0.0965391621129326,45.0,3774.0,0.9781021897810219,0.9146757679180887,0.08532423208191127,1.0095389507154213,False,False,,,,,,
paddleocr,books,histoirenaturell10cuvi_0425_full,2.1391016050000076,,False,histoirenaturell10cuvi,fr,0.021532615579480684,0.0057251908396946565,0.010830324909747292,9.0,1572.0,0.9931972789115646,0.9931972789115646,0.006802721088435374,1.0,False,False,,,,,,
paddleocr,docs,headers_footers__ba10222e40f05d76e2bf1d51c39066a4b1fe82ed_page_11,2.179408870999987,,False,,,,,,,,,,,,False,,headers_footers,3.0,1.0,"[{""id"": ""ba10222e40f05d76e2bf1d51c39066a4b1fe82ed_page_11_header_00"", ""type"": ""absent"", ""passed"": false, ""category"": ""headers_footers""}, {""id"": ""ba10222e40f05d76e2bf1d51c39066a4b1fe82ed_page_11.pdf_manual_00"", ""type"": ""absent"", ""passed"": false, ""category"": ""headers_footers""}, {""id"": ""auto_baseline"", ""type"": ""baseline"", ""passed"": true, ""category"": ""baseline""}]",,
paddleocr,docs,long_tiny_text__17_pg2_pg1,2.179408870999987,,False,,,,,,,,,,,,False,,long_tiny_text,40.0,38.0,"[{""id"": ""17_pg2_pg1_text_00"", ""type"": ""present"", ""passed"": true, ""category"": ""long_tiny_text""}, {""id"": ""17_pg2_pg1_text_01"", ""type"": ""present"", ""passed"": true, ""category"": ""long_tiny_text""}, {""id"": ""17_pg2_pg1_text_02"", ""type"": ""present"", ""passed"": false, ""category"": ""long_tiny_text""}, {""id"": ""17_pg2_pg1_text_03"", ""type"": ""present"", ""passed"": true, ""category"": ""long_tiny_text""}, {""id"": ""17_pg2_pg1_text_04"", ""type"": ""present"", ""passed"": true, ""category"": ""long_tiny_text""}, {""id"": ""17_pg2_pg1_text_06"", ""type"": ""present"", ""passed"": true, ""category"": ""long_tiny_text""}, {""id"": ""17_pg2_pg1_text_07"", ""type"": ""present"", ""passed"": true, ""category"": ""long_tiny_text""}, {""id"": ""17_pg2_pg1_text_09"", ""type"": ""present"", ""passed"": true, ""category"": ""long_tiny_text""}, {""id"": ""17_pg2_pg1_text_10"", ""type"": ""present"", ""passed"": true, ""category"": ""long_tiny_text""}, {""id"": ""17_pg2_pg1_text_12"", ""type"": ""present"", ""passed"": true, ""category"": ""long_tiny_text""}, {""id"": ""17_pg2_pg1_text_13"", ""type"": ""present"", ""passed"": true, ""category"": ""long_tiny_text""}, {""id"": ""17_pg2_pg1_text_16"", ""type"": ""present"", ""passed"": true, ""category"": ""long_tiny_text""}, {""id"": ""17_pg2_pg1_text_17"", ""type"": ""present"", ""passed"": false, ""category"": ""long_tiny_text""}, {""id"": ""17_pg2_pg1_text_20"", ""type"": ""present"", ""passed"": true, ""category"": ""long_tiny_text""}, {""id"": ""17_pg2_pg1_text_23"", ""type"": ""present"", ""passed"": true, ""category"": ""long_tiny_text""}, {""id"": ""17_pg2_pg1_text_24"", ""type"": ""present"", ""passed"": true, ""category"": ""long_tiny_text""}, {""id"": ""17_pg2_pg1_text_25"", ""type"": ""present"", ""passed"": true, ""category"": ""long_tiny_text""}, {""id"": ""17_pg2_pg1_text_27"", ""type"": ""present"", ""passed"": true, ""category"": ""long_tiny_text""}, {""id"": ""17_pg2_pg1_text_28"", ""type"": ""present"", ""passed"": true, ""category"": ""long_tiny_text""}, {""id"": ""17_pg2_pg1_text_30"", ""type"": ""present"", ""passed"": true, ""category"": ""long_tiny_text""}, {""id"": ""17_pg2_pg1_text_31"", ""type"": ""present"", ""passed"": true, ""category"": ""long_tiny_text""}, {""id"": ""17_pg2_pg1_text_34"", ""type"": ""present"", ""passed"": true, ""category"": ""long_tiny_text""}, {""id"": ""17_pg2_pg1_text_37"", ""type"": ""present"", ""passed"": true, ""category"": ""long_tiny_text""}, {""id"": ""17_pg2_pg1_text_41"", ""type"": ""present"", ""passed"": true, ""category"": ""long_tiny_text""}, {""id"": ""17_pg2_pg1_text_43"", ""type"": ""present"", ""passed"": true, ""category"": ""long_tiny_text""}, {""id"": ""17_pg2_pg1_text_45"", ""type"": ""present"", ""passed"": true, ""category"": ""long_tiny_text""}, {""id"": ""17_pg2_pg1_text_49"", ""type"": ""present"", ""passed"": true, ""category"": ""long_tiny_text""}, {""id"": ""17_pg2_pg1_text_51"", ""type"": ""present"", ""passed"": true, ""category"": ""long_tiny_text""}, {""id"": ""17_pg2_pg1_text_56"", ""type"": ""present"", ""passed"": true, ""category"": ""long_tiny_text""}, {""id"": ""17_pg2_pg1_text_61"", ""type"": ""present"", ""passed"": true, ""category"": ""long_tiny_text""}, {""id"": ""17_pg2_pg1_text_65"", ""type"": ""present"", ""passed"": true, ""category"": ""long_tiny_text""}, {""id"": ""17_pg2_pg1_text_69"", ""type"": ""present"", ""passed"": true, ""category"": ""long_tiny_text""}, {""id"": ""17_pg2_pg1_text_74"", ""type"": ""present"", ""passed"": true, ""category"": ""long_tiny_text""}, {""id"": ""17_pg2_pg1_text_80"", ""type"": ""present"", ""passed"": true, ""category"": ""long_tiny_text""}, {""id"": ""17_pg2_pg1_text_83"", ""type"": ""present"", ""passed"": true, ""category"": ""long_tiny_text""}, {""id"": ""17_pg2_pg1_text_86"", ""type"": ""present"", ""passed"": true, ""category"": ""long_tiny_text""}, {""id"": ""17_pg2_pg1_text_88"", ""type"": ""present"", ""passed"": true, ""category"": ""long_tiny_text""}, {""id"": ""17_pg2_pg1_text_95"", ""type"": ""present"", ""passed"": true, ""category"": ""long_tiny_text""}, {""id"": ""17_pg2_pg1_text_97"", ""type"": ""present"", ""passed"": true, ""category"": ""long_tiny_text""}, {""id"": ""auto_baseline"", ""type"": ""baseline"", ""passed"": true, ""category"": ""baseline""}]",,
paddleocr,docs,multi_column__0114396ecb251aa3ebaeaeaed6bd4fe50bd2_page_2_pg1,2.179408870999987,,False,,,,,,,,,,,,False,,multi_column,6.0,1.0,"[{""id"": ""0114396ecb251aa3ebaeaeaed6bd4fe50bd2_page_2.pdf_order_e5d2d945"", ""type"": ""order"", ""passed"": false, ""category"": ""multi_column""}, {""id"": ""0114396ecb251aa3ebaeaeaed6bd4fe50bd2_page_2.pdf_order_6b2daa2b"", ""type"": ""order"", ""passed"": false, ""category"": ""multi_column""}, {""id"": ""0114396ecb251aa3ebaeaeaed6bd4fe50bd2_page_2.pdf_order_f61eafae"", ""type"": ""order"", ""passed"": false, ""category"": ""multi_column""}, {""id"": ""0114396ecb251aa3ebaeaeaed6bd4fe50bd2_page_2.pdf_order_40a2536e"", ""type"": ""order"", ""passed"": false, ""category"": ""multi_column""}, {""id"": ""0114396ecb251aa3ebaeaeaed6bd4fe50bd2_page_2.pdf_order_b8d41298"", ""type"": ""order"", ""passed"": false, ""category"": ""multi_column""}, {""id"": ""auto_baseline"", ""type"": ""baseline"", ""passed"": true, ""category"": ""baseline""}]",,
paddleocr,docs,old_scans__52,2.179408870999987,,False,,,,,,,,,,,,False,,old_scans,4.0,1.0,"[{""id"": ""52_591542"", ""type"": ""present"", ""passed"": false, ""category"": ""old_scans""}, {""id"": ""52_323921"", ""type"": ""present"", ""passed"": false, ""category"": ""old_scans""}, {""id"": ""52_987017"", ""type"": ""present"", ""passed"": false, ""category"": ""old_scans""}, {""id"": ""auto_baseline"", ""type"": ""baseline"", ""passed"": true, ""category"": ""baseline""}]",,
paddleocr,docs,tables__b5d9db350b31304da912832bcbafc47b64d8_pg2_pg1,2.179408870999987,,False,,,,,,,,,,,,False,,table_tests,6.0,1.0,"[{""id"": ""b5d9db350b31304da912832bcbafc47b64d8_pg2_table_00"", ""type"": ""table"", ""passed"": false, ""category"": ""table_tests""}, {""id"": ""b5d9db350b31304da912832bcbafc47b64d8_pg2_table_01"", ""type"": ""table"", ""passed"": false, ""category"": ""table_tests""}, {""id"": ""b5d9db350b31304da912832bcbafc47b64d8_pg2_table_02"", ""type"": ""table"", ""passed"": false, ""category"": ""table_tests""}, {""id"": ""b5d9db350b31304da912832bcbafc47b64d8_pg2_table_03"", ""type"": ""table"", ""passed"": false, ""category"": ""table_tests""}, {""id"": ""b5d9db350b31304da912832bcbafc47b64d8_pg2_table_04"", ""type"": ""table"", ""passed"": false, ""category"": ""table_tests""}, {""id"": ""auto_baseline"", ""type"": ""baseline"", ""passed"": true, ""category"": ""baseline""}]",,
paddleocr,handwriting,iam_00030,0.08131125100002616,,False,,,0.18181818181818182,0.18181818181818182,0.625,10.0,55.0,0.375,0.42857142857142855,0.5714285714285714,0.8727272727272727,False,False,,,,,,
paddleocr,handwriting,iam_00143,0.08131125100002616,,False,,,0.28205128205128205,0.28205128205128205,0.5714285714285714,11.0,39.0,0.42857142857142855,0.42857142857142855,0.5714285714285714,1.0512820512820513,False,False,,,,,,
paddleocr,handwriting,iam_00371,0.08131125100002616,,False,,,0.25,0.25,0.5,11.0,44.0,0.5,0.5,0.5,0.9772727272727273,False,False,,,,,,
paddleocr,handwriting,iam_00478,0.08131125100002616,,False,,,0.0,0.0,0.0,0.0,29.0,1.0,1.0,0.0,1.0,False,False,,,,,,
paddleocr,handwriting,iam_01805,0.08131125100002616,,False,,,0.0,0.0,0.0,0.0,38.0,1.0,1.0,0.0,1.0,False,False,,,,,,
paddleocr,handwriting,iam_02384,0.08131125100002616,,False,,,0.2564102564102564,0.2564102564102564,0.4,10.0,39.0,0.6,0.6666666666666666,0.3333333333333333,0.8461538461538461,False,False,,,,,,
paddleocr,stress,syn000_prose__clean,1.5731761237499882,,False,,,0.0,0.0,0.0,0.0,2182.0,1.0,1.0,0.0,1.0,False,False,,,,,prose,clean
paddleocr,stress,syn000_prose__dpi150,1.5731761237499882,,False,,,0.0,0.0,0.0,0.0,2182.0,1.0,1.0,0.0,1.0,False,False,,,,,prose,dpi150
paddleocr,stress,syn000_prose__dpi75,1.5731761237499882,,False,,,0.0,0.0,0.0,0.0,2182.0,1.0,1.0,0.0,1.0,False,False,,,,,prose,dpi75
paddleocr,stress,syn000_prose__blur,1.5731761237499882,,False,,,0.0,0.0,0.0,0.0,2182.0,1.0,1.0,0.0,1.0,False,False,,,,,prose,blur
paddleocr,stress,syn000_prose__noise,1.5731761237499882,,False,,,0.0,0.0,0.0,0.0,2182.0,1.0,1.0,0.0,1.0,False,False,,,,,prose,noise
paddleocr,stress,syn000_prose__rotate3,1.5731761237499882,,False,,,0.0,0.0,0.0,0.0,2182.0,1.0,1.0,0.0,1.0,False,False,,,,,prose,rotate3
paddleocr,stress,syn000_prose__rotate8,1.5731761237499882,,False,,,0.0,0.0,0.0,0.0,2182.0,1.0,1.0,0.0,1.0,False,False,,,,,prose,rotate8
paddleocr,stress,syn000_prose__jpeg_q10,1.5731761237499882,,False,,,0.0004576659038901602,0.00045829514207149406,0.002570694087403599,1.0,2182.0,1.0,1.0,0.0,0.9995417048579285,False,False,,,,,prose,jpeg_q10
paddleocr,stress,syn000_prose__low_contrast,1.5465208773333263,,False,,,0.0004576659038901602,0.00045829514207149406,0.005141388174807198,1.0,2182.0,1.0,1.0,0.0,0.9995417048579285,False,False,,,,,prose,low_contrast
paddleocr,stress,syn000_prose__photocopy,1.5465208773333263,,False,,,0.0,0.0,0.0,0.0,2182.0,1.0,1.0,0.0,1.0,False,False,,,,,prose,photocopy
paddleocr,stress,syn000_prose__phone_photo,1.5465208773333263,,False,,,0.0,0.0,0.0,0.0,2182.0,1.0,1.0,0.0,1.0,False,False,,,,,prose,phone_photo
paddleocr-vl,books,birdsofgreatbrit02butl_0308_full,2.9773631372500518,475.0,False,birdsofgreatbrit02butl,en,0.009863013698630137,0.0016429353778751369,0.009146341463414634,3.0,1826.0,0.9940652818991098,0.9882005899705014,0.011799410029498525,1.0010952902519168,False,False,,,,,,
paddleocr-vl,books,conchologiaiconi05reev_0039_full,2.9773631372500518,1243.0,False,conchologiaiconi05reev,en,0.03816793893129771,0.023676171079429736,0.11033274956217162,93.0,3928.0,0.8888888888888888,0.8919382504288165,0.10806174957118353,0.9989816700610998,False,False,,,,,,
paddleocr-vl,books,daschitinskelett00prel_0037_full,2.9773631372500518,1136.0,False,daschitinskelett00prel,de,0.008973343890208499,0.005564387917329093,0.030965391621129327,21.0,3774.0,0.9744525547445255,0.9709090909090909,0.02909090909090909,1.0005299417064122,False,False,,,,,,
paddleocr-vl,books,histoirenaturell10cuvi_0425_full,2.9773631372500518,509.0,False,histoirenaturell10cuvi,fr,0.02026599113362888,0.0019083969465648854,0.010830324909747292,3.0,1572.0,0.9897959183673469,0.9864406779661017,0.013559322033898305,1.0006361323155217,False,False,,,,,,
paddleocr-vl,docs,headers_footers__ba10222e40f05d76e2bf1d51c39066a4b1fe82ed_page_11,3.283387044400024,657.0,False,,,,,,,,,,,,False,,headers_footers,3.0,1.0,"[{""id"": ""ba10222e40f05d76e2bf1d51c39066a4b1fe82ed_page_11_header_00"", ""type"": ""absent"", ""passed"": false, ""category"": ""headers_footers""}, {""id"": ""ba10222e40f05d76e2bf1d51c39066a4b1fe82ed_page_11.pdf_manual_00"", ""type"": ""absent"", ""passed"": false, ""category"": ""headers_footers""}, {""id"": ""auto_baseline"", ""type"": ""baseline"", ""passed"": true, ""category"": ""baseline""}]",,
paddleocr-vl,docs,long_tiny_text__17_pg2_pg1,3.283387044400024,1332.0,False,,,,,,,,,,,,False,,long_tiny_text,40.0,39.0,"[{""id"": ""17_pg2_pg1_text_00"", ""type"": ""present"", ""passed"": true, ""category"": ""long_tiny_text""}, {""id"": ""17_pg2_pg1_text_01"", ""type"": ""present"", ""passed"": true, ""category"": ""long_tiny_text""}, {""id"": ""17_pg2_pg1_text_02"", ""type"": ""present"", ""passed"": true, ""category"": ""long_tiny_text""}, {""id"": ""17_pg2_pg1_text_03"", ""type"": ""present"", ""passed"": true, ""category"": ""long_tiny_text""}, {""id"": ""17_pg2_pg1_text_04"", ""type"": ""present"", ""passed"": true, ""category"": ""long_tiny_text""}, {""id"": ""17_pg2_pg1_text_06"", ""type"": ""present"", ""passed"": true, ""category"": ""long_tiny_text""}, {""id"": ""17_pg2_pg1_text_07"", ""type"": ""present"", ""passed"": true, ""category"": ""long_tiny_text""}, {""id"": ""17_pg2_pg1_text_09"", ""type"": ""present"", ""passed"": true, ""category"": ""long_tiny_text""}, {""id"": ""17_pg2_pg1_text_10"", ""type"": ""present"", ""passed"": true, ""category"": ""long_tiny_text""}, {""id"": ""17_pg2_pg1_text_12"", ""type"": ""present"", ""passed"": true, ""category"": ""long_tiny_text""}, {""id"": ""17_pg2_pg1_text_13"", ""type"": ""present"", ""passed"": true, ""category"": ""long_tiny_text""}, {""id"": ""17_pg2_pg1_text_16"", ""type"": ""present"", ""passed"": true, ""category"": ""long_tiny_text""}, {""id"": ""17_pg2_pg1_text_17"", ""type"": ""present"", ""passed"": false, ""category"": ""long_tiny_text""}, {""id"": ""17_pg2_pg1_text_20"", ""type"": ""present"", ""passed"": true, ""category"": ""long_tiny_text""}, {""id"": ""17_pg2_pg1_text_23"", ""type"": ""present"", ""passed"": true, ""category"": ""long_tiny_text""}, {""id"": ""17_pg2_pg1_text_24"", ""type"": ""present"", ""passed"": true, ""category"": ""long_tiny_text""}, {""id"": ""17_pg2_pg1_text_25"", ""type"": ""present"", ""passed"": true, ""category"": ""long_tiny_text""}, {""id"": ""17_pg2_pg1_text_27"", ""type"": ""present"", ""passed"": true, ""category"": ""long_tiny_text""}, {""id"": ""17_pg2_pg1_text_28"", ""type"": ""present"", ""passed"": true, ""category"": ""long_tiny_text""}, {""id"": ""17_pg2_pg1_text_30"", ""type"": ""present"", ""passed"": true, ""category"": ""long_tiny_text""}, {""id"": ""17_pg2_pg1_text_31"", ""type"": ""present"", ""passed"": true, ""category"": ""long_tiny_text""}, {""id"": ""17_pg2_pg1_text_34"", ""type"": ""present"", ""passed"": true, ""category"": ""long_tiny_text""}, {""id"": ""17_pg2_pg1_text_37"", ""type"": ""present"", ""passed"": true, ""category"": ""long_tiny_text""}, {""id"": ""17_pg2_pg1_text_41"", ""type"": ""present"", ""passed"": true, ""category"": ""long_tiny_text""}, {""id"": ""17_pg2_pg1_text_43"", ""type"": ""present"", ""passed"": true, ""category"": ""long_tiny_text""}, {""id"": ""17_pg2_pg1_text_45"", ""type"": ""present"", ""passed"": true, ""category"": ""long_tiny_text""}, {""id"": ""17_pg2_pg1_text_49"", ""type"": ""present"", ""passed"": true, ""category"": ""long_tiny_text""}, {""id"": ""17_pg2_pg1_text_51"", ""type"": ""present"", ""passed"": true, ""category"": ""long_tiny_text""}, {""id"": ""17_pg2_pg1_text_56"", ""type"": ""present"", ""passed"": true, ""category"": ""long_tiny_text""}, {""id"": ""17_pg2_pg1_text_61"", ""type"": ""present"", ""passed"": true, ""category"": ""long_tiny_text""}, {""id"": ""17_pg2_pg1_text_65"", ""type"": ""present"", ""passed"": true, ""category"": ""long_tiny_text""}, {""id"": ""17_pg2_pg1_text_69"", ""type"": ""present"", ""passed"": true, ""category"": ""long_tiny_text""}, {""id"": ""17_pg2_pg1_text_74"", ""type"": ""present"", ""passed"": true, ""category"": ""long_tiny_text""}, {""id"": ""17_pg2_pg1_text_80"", ""type"": ""present"", ""passed"": true, ""category"": ""long_tiny_text""}, {""id"": ""17_pg2_pg1_text_83"", ""type"": ""present"", ""passed"": true, ""category"": ""long_tiny_text""}, {""id"": ""17_pg2_pg1_text_86"", ""type"": ""present"", ""passed"": true, ""category"": ""long_tiny_text""}, {""id"": ""17_pg2_pg1_text_88"", ""type"": ""present"", ""passed"": true, ""category"": ""long_tiny_text""}, {""id"": ""17_pg2_pg1_text_95"", ""type"": ""present"", ""passed"": true, ""category"": ""long_tiny_text""}, {""id"": ""17_pg2_pg1_text_97"", ""type"": ""present"", ""passed"": true, ""category"": ""long_tiny_text""}, {""id"": ""auto_baseline"", ""type"": ""baseline"", ""passed"": true, ""category"": ""baseline""}]",,
paddleocr-vl,docs,multi_column__0114396ecb251aa3ebaeaeaed6bd4fe50bd2_page_2_pg1,3.283387044400024,1171.0,False,,,,,,,,,,,,False,,multi_column,6.0,4.0,"[{""id"": ""0114396ecb251aa3ebaeaeaed6bd4fe50bd2_page_2.pdf_order_e5d2d945"", ""type"": ""order"", ""passed"": false, ""category"": ""multi_column""}, {""id"": ""0114396ecb251aa3ebaeaeaed6bd4fe50bd2_page_2.pdf_order_6b2daa2b"", ""type"": ""order"", ""passed"": false, ""category"": ""multi_column""}, {""id"": ""0114396ecb251aa3ebaeaeaed6bd4fe50bd2_page_2.pdf_order_f61eafae"", ""type"": ""order"", ""passed"": true, ""category"": ""multi_column""}, {""id"": ""0114396ecb251aa3ebaeaeaed6bd4fe50bd2_page_2.pdf_order_40a2536e"", ""type"": ""order"", ""passed"": true, ""category"": ""multi_column""}, {""id"": ""0114396ecb251aa3ebaeaeaed6bd4fe50bd2_page_2.pdf_order_b8d41298"", ""type"": ""order"", ""passed"": true, ""category"": ""multi_column""}, {""id"": ""auto_baseline"", ""type"": ""baseline"", ""passed"": true, ""category"": ""baseline""}]",,
paddleocr-vl,docs,old_scans__52,3.283387044400024,144.0,False,,,,,,,,,,,,False,,old_scans,4.0,1.0,"[{""id"": ""52_591542"", ""type"": ""present"", ""passed"": false, ""category"": ""old_scans""}, {""id"": ""52_323921"", ""type"": ""present"", ""passed"": false, ""category"": ""old_scans""}, {""id"": ""52_987017"", ""type"": ""present"", ""passed"": false, ""category"": ""old_scans""}, {""id"": ""auto_baseline"", ""type"": ""baseline"", ""passed"": true, ""category"": ""baseline""}]",,
paddleocr-vl,docs,tables__b5d9db350b31304da912832bcbafc47b64d8_pg2_pg1,3.283387044400024,1749.0,False,,,,,,,,,,,,False,,table_tests,6.0,1.0,"[{""id"": ""b5d9db350b31304da912832bcbafc47b64d8_pg2_table_00"", ""type"": ""table"", ""passed"": false, ""category"": ""table_tests""}, {""id"": ""b5d9db350b31304da912832bcbafc47b64d8_pg2_table_01"", ""type"": ""table"", ""passed"": false, ""category"": ""table_tests""}, {""id"": ""b5d9db350b31304da912832bcbafc47b64d8_pg2_table_02"", ""type"": ""table"", ""passed"": false, ""category"": ""table_tests""}, {""id"": ""b5d9db350b31304da912832bcbafc47b64d8_pg2_table_03"", ""type"": ""table"", ""passed"": false, ""category"": ""table_tests""}, {""id"": ""b5d9db350b31304da912832bcbafc47b64d8_pg2_table_04"", ""type"": ""table"", ""passed"": false, ""category"": ""table_tests""}, {""id"": ""auto_baseline"", ""type"": ""baseline"", ""passed"": true, ""category"": ""baseline""}]",,
paddleocr-vl,handwriting,iam_00030,0.11831903900000877,16.0,False,,,0.10909090909090909,0.10909090909090909,0.25,6.0,55.0,0.75,0.75,0.25,1.018181818181818,False,False,,,,,,
paddleocr-vl,handwriting,iam_00143,0.11831903900000877,10.0,False,,,0.23076923076923078,0.23076923076923078,0.42857142857142855,9.0,39.0,0.5714285714285714,0.5714285714285714,0.42857142857142855,1.0256410256410255,False,False,,,,,,
paddleocr-vl,handwriting,iam_00371,0.11831903900000877,10.0,False,,,0.045454545454545456,0.045454545454545456,0.125,2.0,44.0,0.875,0.875,0.125,1.0227272727272727,False,False,,,,,,
paddleocr-vl,handwriting,iam_00478,0.11831903900000877,7.0,False,,,0.0,0.0,0.0,0.0,29.0,1.0,1.0,0.0,1.0,False,False,,,,,,
paddleocr-vl,handwriting,iam_01805,0.11831903900000877,9.0,False,,,0.0,0.0,0.0,0.0,38.0,1.0,1.0,0.0,1.0,False,False,,,,,,
paddleocr-vl,handwriting,iam_02384,0.11831903900000877,12.0,False,,,0.10256410256410256,0.10256410256410256,0.2,4.0,39.0,0.9,0.9,0.1,0.9743589743589743,False,False,,,,,,
paddleocr-vl,stress,syn000_prose__clean,1.385276314727269,539.0,False,,,0.0,0.0,0.0,0.0,2182.0,1.0,1.0,0.0,1.0,False,False,,,,,prose,clean
paddleocr-vl,stress,syn000_prose__dpi150,1.385276314727269,539.0,False,,,0.0,0.0,0.0,0.0,2182.0,1.0,1.0,0.0,1.0,False,False,,,,,prose,dpi150
paddleocr-vl,stress,syn000_prose__dpi75,1.385276314727269,539.0,False,,,0.0036613272311212816,0.0,0.0,0.0,2182.0,1.0,1.0,0.0,1.0,False,False,,,,,prose,dpi75
paddleocr-vl,stress,syn000_prose__blur,1.385276314727269,539.0,False,,,0.0036613272311212816,0.0,0.0,0.0,2182.0,1.0,1.0,0.0,1.0,False,False,,,,,prose,blur
paddleocr-vl,stress,syn000_prose__noise,1.385276314727269,539.0,False,,,0.0,0.0,0.0,0.0,2182.0,1.0,1.0,0.0,1.0,False,False,,,,,prose,noise
paddleocr-vl,stress,syn000_prose__rotate3,1.385276314727269,539.0,False,,,0.0,0.0,0.0,0.0,2182.0,1.0,1.0,0.0,1.0,False,False,,,,,prose,rotate3
paddleocr-vl,stress,syn000_prose__rotate8,1.385276314727269,538.0,False,,,0.0009153318077803204,0.0009165902841429881,0.002570694087403599,2.0,2182.0,0.9949622166246851,0.9949622166246851,0.005037783375314861,1.0,False,False,,,,,prose,rotate8
paddleocr-vl,stress,syn000_prose__jpeg_q10,1.385276314727269,539.0,False,,,0.0,0.0,0.0,0.0,2182.0,1.0,1.0,0.0,1.0,False,False,,,,,prose,jpeg_q10
paddleocr-vl,stress,syn000_prose__low_contrast,1.385276314727269,539.0,False,,,0.0,0.0,0.0,0.0,2182.0,1.0,1.0,0.0,1.0,False,False,,,,,prose,low_contrast
paddleocr-vl,stress,syn000_prose__photocopy,1.385276314727269,539.0,False,,,0.0,0.0,0.0,0.0,2182.0,1.0,1.0,0.0,1.0,False,False,,,,,prose,photocopy
paddleocr-vl,stress,syn000_prose__phone_photo,1.385276314727269,540.0,False,,,0.002288329519450801,0.00045829514207149406,0.002570694087403599,1.0,2182.0,0.9974811083123426,0.9974811083123426,0.0025188916876574307,1.0004582951420715,False,False,,,,,prose,phone_photo
qwen2.5-vl-3b,books,birdsofgreatbrit02butl_0308_full,36.671968315750064,428.0,False,birdsofgreatbrit02butl,en,0.027945205479452055,0.020262869660460023,0.027439024390243903,37.0,1826.0,0.9851632047477745,0.996996996996997,0.003003003003003003,0.9890470974808324,False,False,,,,,,
qwen2.5-vl-3b,books,conchologiaiconi05reev_0039_full,36.671968315750064,1143.0,False,conchologiaiconi05reev,en,0.12391857506361323,0.11405295315682282,0.2329246935201401,448.0,3928.0,0.8153846153846154,0.8672727272727273,0.13272727272727272,0.9480651731160896,False,False,,,,,,
qwen2.5-vl-3b,books,daschitinskelett00prel_0037_full,36.671968315750064,1127.0,False,daschitinskelett00prel,de,0.026128266033254157,0.021462639109697933,0.14571948998178508,81.0,3774.0,0.9616788321167883,0.8739635157545605,0.12603648424543948,1.0132485426603073,False,False,,,,,,
qwen2.5-vl-3b,books,histoirenaturell10cuvi_0425_full,36.671968315750064,4096.0,False,histoirenaturell10cuvi,fr,0.9860671310956302,0.9860050890585241,0.9891696750902527,1550.0,1572.0,0.01020408163265306,0.75,0.25,0.014631043256997456,False,True,,,,,,
qwen2.5-vl-3b,docs,headers_footers__ba10222e40f05d76e2bf1d51c39066a4b1fe82ed_page_11,11.851947307599948,440.0,False,,,,,,,,,,,,False,,headers_footers,3.0,3.0,"[{""id"": ""ba10222e40f05d76e2bf1d51c39066a4b1fe82ed_page_11_header_00"", ""type"": ""absent"", ""passed"": true, ""category"": ""headers_footers""}, {""id"": ""ba10222e40f05d76e2bf1d51c39066a4b1fe82ed_page_11.pdf_manual_00"", ""type"": ""absent"", ""passed"": true, ""category"": ""headers_footers""}, {""id"": ""auto_baseline"", ""type"": ""baseline"", ""passed"": true, ""category"": ""baseline""}]",,
qwen2.5-vl-3b,docs,long_tiny_text__17_pg2_pg1,11.851947307599948,1288.0,False,,,,,,,,,,,,False,,long_tiny_text,40.0,39.0,"[{""id"": ""17_pg2_pg1_text_00"", ""type"": ""present"", ""passed"": true, ""category"": ""long_tiny_text""}, {""id"": ""17_pg2_pg1_text_01"", ""type"": ""present"", ""passed"": true, ""category"": ""long_tiny_text""}, {""id"": ""17_pg2_pg1_text_02"", ""type"": ""present"", ""passed"": true, ""category"": ""long_tiny_text""}, {""id"": ""17_pg2_pg1_text_03"", ""type"": ""present"", ""passed"": true, ""category"": ""long_tiny_text""}, {""id"": ""17_pg2_pg1_text_04"", ""type"": ""present"", ""passed"": true, ""category"": ""long_tiny_text""}, {""id"": ""17_pg2_pg1_text_06"", ""type"": ""present"", ""passed"": true, ""category"": ""long_tiny_text""}, {""id"": ""17_pg2_pg1_text_07"", ""type"": ""present"", ""passed"": true, ""category"": ""long_tiny_text""}, {""id"": ""17_pg2_pg1_text_09"", ""type"": ""present"", ""passed"": true, ""category"": ""long_tiny_text""}, {""id"": ""17_pg2_pg1_text_10"", ""type"": ""present"", ""passed"": true, ""category"": ""long_tiny_text""}, {""id"": ""17_pg2_pg1_text_12"", ""type"": ""present"", ""passed"": true, ""category"": ""long_tiny_text""}, {""id"": ""17_pg2_pg1_text_13"", ""type"": ""present"", ""passed"": true, ""category"": ""long_tiny_text""}, {""id"": ""17_pg2_pg1_text_16"", ""type"": ""present"", ""passed"": true, ""category"": ""long_tiny_text""}, {""id"": ""17_pg2_pg1_text_17"", ""type"": ""present"", ""passed"": false, ""category"": ""long_tiny_text""}, {""id"": ""17_pg2_pg1_text_20"", ""type"": ""present"", ""passed"": true, ""category"": ""long_tiny_text""}, {""id"": ""17_pg2_pg1_text_23"", ""type"": ""present"", ""passed"": true, ""category"": ""long_tiny_text""}, {""id"": ""17_pg2_pg1_text_24"", ""type"": ""present"", ""passed"": true, ""category"": ""long_tiny_text""}, {""id"": ""17_pg2_pg1_text_25"", ""type"": ""present"", ""passed"": true, ""category"": ""long_tiny_text""}, {""id"": ""17_pg2_pg1_text_27"", ""type"": ""present"", ""passed"": true, ""category"": ""long_tiny_text""}, {""id"": ""17_pg2_pg1_text_28"", ""type"": ""present"", ""passed"": true, ""category"": ""long_tiny_text""}, {""id"": ""17_pg2_pg1_text_30"", ""type"": ""present"", ""passed"": true, ""category"": ""long_tiny_text""}, {""id"": ""17_pg2_pg1_text_31"", ""type"": ""present"", ""passed"": true, ""category"": ""long_tiny_text""}, {""id"": ""17_pg2_pg1_text_34"", ""type"": ""present"", ""passed"": true, ""category"": ""long_tiny_text""}, {""id"": ""17_pg2_pg1_text_37"", ""type"": ""present"", ""passed"": true, ""category"": ""long_tiny_text""}, {""id"": ""17_pg2_pg1_text_41"", ""type"": ""present"", ""passed"": true, ""category"": ""long_tiny_text""}, {""id"": ""17_pg2_pg1_text_43"", ""type"": ""present"", ""passed"": true, ""category"": ""long_tiny_text""}, {""id"": ""17_pg2_pg1_text_45"", ""type"": ""present"", ""passed"": true, ""category"": ""long_tiny_text""}, {""id"": ""17_pg2_pg1_text_49"", ""type"": ""present"", ""passed"": true, ""category"": ""long_tiny_text""}, {""id"": ""17_pg2_pg1_text_51"", ""type"": ""present"", ""passed"": true, ""category"": ""long_tiny_text""}, {""id"": ""17_pg2_pg1_text_56"", ""type"": ""present"", ""passed"": true, ""category"": ""long_tiny_text""}, {""id"": ""17_pg2_pg1_text_61"", ""type"": ""present"", ""passed"": true, ""category"": ""long_tiny_text""}, {""id"": ""17_pg2_pg1_text_65"", ""type"": ""present"", ""passed"": true, ""category"": ""long_tiny_text""}, {""id"": ""17_pg2_pg1_text_69"", ""type"": ""present"", ""passed"": true, ""category"": ""long_tiny_text""}, {""id"": ""17_pg2_pg1_text_74"", ""type"": ""present"", ""passed"": true, ""category"": ""long_tiny_text""}, {""id"": ""17_pg2_pg1_text_80"", ""type"": ""present"", ""passed"": true, ""category"": ""long_tiny_text""}, {""id"": ""17_pg2_pg1_text_83"", ""type"": ""present"", ""passed"": true, ""category"": ""long_tiny_text""}, {""id"": ""17_pg2_pg1_text_86"", ""type"": ""present"", ""passed"": true, ""category"": ""long_tiny_text""}, {""id"": ""17_pg2_pg1_text_88"", ""type"": ""present"", ""passed"": true, ""category"": ""long_tiny_text""}, {""id"": ""17_pg2_pg1_text_95"", ""type"": ""present"", ""passed"": true, ""category"": ""long_tiny_text""}, {""id"": ""17_pg2_pg1_text_97"", ""type"": ""present"", ""passed"": true, ""category"": ""long_tiny_text""}, {""id"": ""auto_baseline"", ""type"": ""baseline"", ""passed"": true, ""category"": ""baseline""}]",,
qwen2.5-vl-3b,docs,multi_column__0114396ecb251aa3ebaeaeaed6bd4fe50bd2_page_2_pg1,11.851947307599948,1028.0,False,,,,,,,,,,,,False,,multi_column,6.0,6.0,"[{""id"": ""0114396ecb251aa3ebaeaeaed6bd4fe50bd2_page_2.pdf_order_e5d2d945"", ""type"": ""order"", ""passed"": true, ""category"": ""multi_column""}, {""id"": ""0114396ecb251aa3ebaeaeaed6bd4fe50bd2_page_2.pdf_order_6b2daa2b"", ""type"": ""order"", ""passed"": true, ""category"": ""multi_column""}, {""id"": ""0114396ecb251aa3ebaeaeaed6bd4fe50bd2_page_2.pdf_order_f61eafae"", ""type"": ""order"", ""passed"": true, ""category"": ""multi_column""}, {""id"": ""0114396ecb251aa3ebaeaeaed6bd4fe50bd2_page_2.pdf_order_40a2536e"", ""type"": ""order"", ""passed"": true, ""category"": ""multi_column""}, {""id"": ""0114396ecb251aa3ebaeaeaed6bd4fe50bd2_page_2.pdf_order_b8d41298"", ""type"": ""order"", ""passed"": true, ""category"": ""multi_column""}, {""id"": ""auto_baseline"", ""type"": ""baseline"", ""passed"": true, ""category"": ""baseline""}]",,
qwen2.5-vl-3b,docs,old_scans__52,11.851947307599948,105.0,False,,,,,,,,,,,,False,,old_scans,4.0,1.0,"[{""id"": ""52_591542"", ""type"": ""present"", ""passed"": false, ""category"": ""old_scans""}, {""id"": ""52_323921"", ""type"": ""present"", ""passed"": false, ""category"": ""old_scans""}, {""id"": ""52_987017"", ""type"": ""present"", ""passed"": false, ""category"": ""old_scans""}, {""id"": ""auto_baseline"", ""type"": ""baseline"", ""passed"": true, ""category"": ""baseline""}]",,
qwen2.5-vl-3b,docs,tables__b5d9db350b31304da912832bcbafc47b64d8_pg2_pg1,11.851947307599948,1492.0,False,,,,,,,,,,,,False,,table_tests,6.0,6.0,"[{""id"": ""b5d9db350b31304da912832bcbafc47b64d8_pg2_table_00"", ""type"": ""table"", ""passed"": true, ""category"": ""table_tests""}, {""id"": ""b5d9db350b31304da912832bcbafc47b64d8_pg2_table_01"", ""type"": ""table"", ""passed"": true, ""category"": ""table_tests""}, {""id"": ""b5d9db350b31304da912832bcbafc47b64d8_pg2_table_02"", ""type"": ""table"", ""passed"": true, ""category"": ""table_tests""}, {""id"": ""b5d9db350b31304da912832bcbafc47b64d8_pg2_table_03"", ""type"": ""table"", ""passed"": true, ""category"": ""table_tests""}, {""id"": ""b5d9db350b31304da912832bcbafc47b64d8_pg2_table_04"", ""type"": ""table"", ""passed"": true, ""category"": ""table_tests""}, {""id"": ""auto_baseline"", ""type"": ""baseline"", ""passed"": true, ""category"": ""baseline""}]",,
qwen2.5-vl-3b,handwriting,iam_00030,0.2527746824998758,16.0,False,,,0.10909090909090909,0.10909090909090909,0.25,6.0,55.0,0.75,0.75,0.25,0.9818181818181818,False,False,,,,,,
qwen2.5-vl-3b,handwriting,iam_00143,0.2527746824998758,9.0,False,,,0.23076923076923078,0.23076923076923078,0.2857142857142857,9.0,39.0,0.7142857142857143,0.7142857142857143,0.2857142857142857,1.0256410256410255,False,False,,,,,,
qwen2.5-vl-3b,handwriting,iam_00371,0.2527746824998758,10.0,False,,,0.022727272727272728,0.022727272727272728,0.125,1.0,44.0,1.0,1.0,0.0,1.0,False,False,,,,,,
qwen2.5-vl-3b,handwriting,iam_00478,0.2527746824998758,7.0,False,,,0.10344827586206896,0.10344827586206896,0.2,3.0,29.0,0.8,0.8,0.2,1.0689655172413792,False,False,,,,,,
qwen2.5-vl-3b,handwriting,iam_01805,0.2527746824998758,9.0,False,,,0.0,0.0,0.0,0.0,38.0,1.0,1.0,0.0,1.0,False,False,,,,,,
qwen2.5-vl-3b,handwriting,iam_02384,0.2527746824998758,12.0,False,,,0.02564102564102564,0.02564102564102564,0.1,1.0,39.0,1.0,1.0,0.0,1.0,False,False,,,,,,
qwen2.5-vl-3b,stress,syn000_prose__clean,3.476636018818185,507.0,False,,,0.0,0.0,0.0,0.0,2182.0,1.0,1.0,0.0,1.0,False,False,,,,,prose,clean
qwen2.5-vl-3b,stress,syn000_prose__dpi150,3.476636018818185,507.0,False,,,0.0004576659038901602,0.0,0.0,0.0,2182.0,1.0,1.0,0.0,1.0,False,False,,,,,prose,dpi150
qwen2.5-vl-3b,stress,syn000_prose__dpi75,3.476636018818185,506.0,False,,,0.002288329519450801,0.00229147571035747,0.005141388174807198,5.0,2182.0,0.9949622166246851,0.9949622166246851,0.005037783375314861,0.999083409715857,False,False,,,,,prose,dpi75
qwen2.5-vl-3b,stress,syn000_prose__blur,3.476636018818185,507.0,False,,,0.0,0.0,0.0,0.0,2182.0,1.0,1.0,0.0,1.0,False,False,,,,,prose,blur
qwen2.5-vl-3b,stress,syn000_prose__noise,3.476636018818185,507.0,False,,,0.0004576659038901602,0.0,0.0,0.0,2182.0,1.0,1.0,0.0,1.0,False,False,,,,,prose,noise
qwen2.5-vl-3b,stress,syn000_prose__rotate3,3.476636018818185,507.0,False,,,0.0,0.0,0.0,0.0,2182.0,1.0,1.0,0.0,1.0,False,False,,,,,prose,rotate3
qwen2.5-vl-3b,stress,syn000_prose__rotate8,3.476636018818185,507.0,False,,,0.0004576659038901602,0.00045829514207149406,0.002570694087403599,1.0,2182.0,0.9974811083123426,0.9974811083123426,0.0025188916876574307,1.0004582951420715,False,False,,,,,prose,rotate8
qwen2.5-vl-3b,stress,syn000_prose__jpeg_q10,3.476636018818185,507.0,False,,,0.0004576659038901602,0.0,0.0,0.0,2182.0,1.0,1.0,0.0,1.0,False,False,,,,,prose,jpeg_q10
qwen2.5-vl-3b,stress,syn000_prose__low_contrast,3.476636018818185,507.0,False,,,0.0,0.0,0.0,0.0,2182.0,1.0,1.0,0.0,1.0,False,False,,,,,prose,low_contrast
qwen2.5-vl-3b,stress,syn000_prose__photocopy,3.476636018818185,507.0,False,,,0.0004576659038901602,0.0,0.0,0.0,2182.0,1.0,1.0,0.0,1.0,False,False,,,,,prose,photocopy
qwen2.5-vl-3b,stress,syn000_prose__phone_photo,3.476636018818185,507.0,False,,,0.0,0.0,0.0,0.0,2182.0,1.0,1.0,0.0,1.0,False,False,,,,,prose,phone_photo
rapidocr,books,birdsofgreatbrit02butl_0308_full,3.1293396347499964,,False,birdsofgreatbrit02butl,en,0.00821917808219178,0.002738225629791895,0.021341463414634148,5.0,1826.0,0.9881305637982196,0.985207100591716,0.014792899408284023,1.0,False,False,,,,,,
rapidocr,books,conchologiaiconi05reev_0039_full,3.1293396347499964,,False,conchologiaiconi05reev,en,0.761323155216285,0.7568737270875764,0.9352014010507881,2973.0,3928.0,0.9247863247863248,0.9247863247863248,0.07521367521367521,0.9997454175152749,False,False,,,,,,
rapidocr,books,daschitinskelett00prel_0037_full,3.1293396347499964,,False,daschitinskelett00prel,de,0.010820797044074954,0.009009009009009009,0.07650273224043716,34.0,3774.0,0.9799270072992701,0.9306759098786829,0.06932409012131716,1.007154213036566,False,False,,,,,,
rapidocr,books,histoirenaturell10cuvi_0425_full,3.1293396347499964,,False,histoirenaturell10cuvi,fr,0.019632678910702975,0.00826972010178117,0.039711191335740074,13.0,1572.0,0.9965986394557823,0.9965986394557823,0.003401360544217687,0.9980916030534351,False,False,,,,,,
rapidocr,docs,headers_footers__ba10222e40f05d76e2bf1d51c39066a4b1fe82ed_page_11,3.8110446564000084,,False,,,,,,,,,,,,False,,headers_footers,3.0,1.0,"[{""id"": ""ba10222e40f05d76e2bf1d51c39066a4b1fe82ed_page_11_header_00"", ""type"": ""absent"", ""passed"": false, ""category"": ""headers_footers""}, {""id"": ""ba10222e40f05d76e2bf1d51c39066a4b1fe82ed_page_11.pdf_manual_00"", ""type"": ""absent"", ""passed"": false, ""category"": ""headers_footers""}, {""id"": ""auto_baseline"", ""type"": ""baseline"", ""passed"": true, ""category"": ""baseline""}]",,
rapidocr,docs,long_tiny_text__17_pg2_pg1,3.8110446564000084,,False,,,,,,,,,,,,False,,long_tiny_text,40.0,38.0,"[{""id"": ""17_pg2_pg1_text_00"", ""type"": ""present"", ""passed"": true, ""category"": ""long_tiny_text""}, {""id"": ""17_pg2_pg1_text_01"", ""type"": ""present"", ""passed"": true, ""category"": ""long_tiny_text""}, {""id"": ""17_pg2_pg1_text_02"", ""type"": ""present"", ""passed"": false, ""category"": ""long_tiny_text""}, {""id"": ""17_pg2_pg1_text_03"", ""type"": ""present"", ""passed"": true, ""category"": ""long_tiny_text""}, {""id"": ""17_pg2_pg1_text_04"", ""type"": ""present"", ""passed"": true, ""category"": ""long_tiny_text""}, {""id"": ""17_pg2_pg1_text_06"", ""type"": ""present"", ""passed"": true, ""category"": ""long_tiny_text""}, {""id"": ""17_pg2_pg1_text_07"", ""type"": ""present"", ""passed"": true, ""category"": ""long_tiny_text""}, {""id"": ""17_pg2_pg1_text_09"", ""type"": ""present"", ""passed"": true, ""category"": ""long_tiny_text""}, {""id"": ""17_pg2_pg1_text_10"", ""type"": ""present"", ""passed"": true, ""category"": ""long_tiny_text""}, {""id"": ""17_pg2_pg1_text_12"", ""type"": ""present"", ""passed"": true, ""category"": ""long_tiny_text""}, {""id"": ""17_pg2_pg1_text_13"", ""type"": ""present"", ""passed"": true, ""category"": ""long_tiny_text""}, {""id"": ""17_pg2_pg1_text_16"", ""type"": ""present"", ""passed"": true, ""category"": ""long_tiny_text""}, {""id"": ""17_pg2_pg1_text_17"", ""type"": ""present"", ""passed"": false, ""category"": ""long_tiny_text""}, {""id"": ""17_pg2_pg1_text_20"", ""type"": ""present"", ""passed"": true, ""category"": ""long_tiny_text""}, {""id"": ""17_pg2_pg1_text_23"", ""type"": ""present"", ""passed"": true, ""category"": ""long_tiny_text""}, {""id"": ""17_pg2_pg1_text_24"", ""type"": ""present"", ""passed"": true, ""category"": ""long_tiny_text""}, {""id"": ""17_pg2_pg1_text_25"", ""type"": ""present"", ""passed"": true, ""category"": ""long_tiny_text""}, {""id"": ""17_pg2_pg1_text_27"", ""type"": ""present"", ""passed"": true, ""category"": ""long_tiny_text""}, {""id"": ""17_pg2_pg1_text_28"", ""type"": ""present"", ""passed"": true, ""category"": ""long_tiny_text""}, {""id"": ""17_pg2_pg1_text_30"", ""type"": ""present"", ""passed"": true, ""category"": ""long_tiny_text""}, {""id"": ""17_pg2_pg1_text_31"", ""type"": ""present"", ""passed"": true, ""category"": ""long_tiny_text""}, {""id"": ""17_pg2_pg1_text_34"", ""type"": ""present"", ""passed"": true, ""category"": ""long_tiny_text""}, {""id"": ""17_pg2_pg1_text_37"", ""type"": ""present"", ""passed"": true, ""category"": ""long_tiny_text""}, {""id"": ""17_pg2_pg1_text_41"", ""type"": ""present"", ""passed"": true, ""category"": ""long_tiny_text""}, {""id"": ""17_pg2_pg1_text_43"", ""type"": ""present"", ""passed"": true, ""category"": ""long_tiny_text""}, {""id"": ""17_pg2_pg1_text_45"", ""type"": ""present"", ""passed"": true, ""category"": ""long_tiny_text""}, {""id"": ""17_pg2_pg1_text_49"", ""type"": ""present"", ""passed"": true, ""category"": ""long_tiny_text""}, {""id"": ""17_pg2_pg1_text_51"", ""type"": ""present"", ""passed"": true, ""category"": ""long_tiny_text""}, {""id"": ""17_pg2_pg1_text_56"", ""type"": ""present"", ""passed"": true, ""category"": ""long_tiny_text""}, {""id"": ""17_pg2_pg1_text_61"", ""type"": ""present"", ""passed"": true, ""category"": ""long_tiny_text""}, {""id"": ""17_pg2_pg1_text_65"", ""type"": ""present"", ""passed"": true, ""category"": ""long_tiny_text""}, {""id"": ""17_pg2_pg1_text_69"", ""type"": ""present"", ""passed"": true, ""category"": ""long_tiny_text""}, {""id"": ""17_pg2_pg1_text_74"", ""type"": ""present"", ""passed"": true, ""category"": ""long_tiny_text""}, {""id"": ""17_pg2_pg1_text_80"", ""type"": ""present"", ""passed"": true, ""category"": ""long_tiny_text""}, {""id"": ""17_pg2_pg1_text_83"", ""type"": ""present"", ""passed"": true, ""category"": ""long_tiny_text""}, {""id"": ""17_pg2_pg1_text_86"", ""type"": ""present"", ""passed"": true, ""category"": ""long_tiny_text""}, {""id"": ""17_pg2_pg1_text_88"", ""type"": ""present"", ""passed"": true, ""category"": ""long_tiny_text""}, {""id"": ""17_pg2_pg1_text_95"", ""type"": ""present"", ""passed"": true, ""category"": ""long_tiny_text""}, {""id"": ""17_pg2_pg1_text_97"", ""type"": ""present"", ""passed"": true, ""category"": ""long_tiny_text""}, {""id"": ""auto_baseline"", ""type"": ""baseline"", ""passed"": true, ""category"": ""baseline""}]",,
rapidocr,docs,multi_column__0114396ecb251aa3ebaeaeaed6bd4fe50bd2_page_2_pg1,3.8110446564000084,,False,,,,,,,,,,,,False,,multi_column,6.0,1.0,"[{""id"": ""0114396ecb251aa3ebaeaeaed6bd4fe50bd2_page_2.pdf_order_e5d2d945"", ""type"": ""order"", ""passed"": false, ""category"": ""multi_column""}, {""id"": ""0114396ecb251aa3ebaeaeaed6bd4fe50bd2_page_2.pdf_order_6b2daa2b"", ""type"": ""order"", ""passed"": false, ""category"": ""multi_column""}, {""id"": ""0114396ecb251aa3ebaeaeaed6bd4fe50bd2_page_2.pdf_order_f61eafae"", ""type"": ""order"", ""passed"": false, ""category"": ""multi_column""}, {""id"": ""0114396ecb251aa3ebaeaeaed6bd4fe50bd2_page_2.pdf_order_40a2536e"", ""type"": ""order"", ""passed"": false, ""category"": ""multi_column""}, {""id"": ""0114396ecb251aa3ebaeaeaed6bd4fe50bd2_page_2.pdf_order_b8d41298"", ""type"": ""order"", ""passed"": false, ""category"": ""multi_column""}, {""id"": ""auto_baseline"", ""type"": ""baseline"", ""passed"": true, ""category"": ""baseline""}]",,
rapidocr,docs,old_scans__52,3.8110446564000084,,False,,,,,,,,,,,,False,,old_scans,4.0,1.0,"[{""id"": ""52_591542"", ""type"": ""present"", ""passed"": false, ""category"": ""old_scans""}, {""id"": ""52_323921"", ""type"": ""present"", ""passed"": false, ""category"": ""old_scans""}, {""id"": ""52_987017"", ""type"": ""present"", ""passed"": false, ""category"": ""old_scans""}, {""id"": ""auto_baseline"", ""type"": ""baseline"", ""passed"": true, ""category"": ""baseline""}]",,
rapidocr,docs,tables__b5d9db350b31304da912832bcbafc47b64d8_pg2_pg1,3.8110446564000084,,False,,,,,,,,,,,,False,,table_tests,6.0,1.0,"[{""id"": ""b5d9db350b31304da912832bcbafc47b64d8_pg2_table_00"", ""type"": ""table"", ""passed"": false, ""category"": ""table_tests""}, {""id"": ""b5d9db350b31304da912832bcbafc47b64d8_pg2_table_01"", ""type"": ""table"", ""passed"": false, ""category"": ""table_tests""}, {""id"": ""b5d9db350b31304da912832bcbafc47b64d8_pg2_table_02"", ""type"": ""table"", ""passed"": false, ""category"": ""table_tests""}, {""id"": ""b5d9db350b31304da912832bcbafc47b64d8_pg2_table_03"", ""type"": ""table"", ""passed"": false, ""category"": ""table_tests""}, {""id"": ""b5d9db350b31304da912832bcbafc47b64d8_pg2_table_04"", ""type"": ""table"", ""passed"": false, ""category"": ""table_tests""}, {""id"": ""auto_baseline"", ""type"": ""baseline"", ""passed"": true, ""category"": ""baseline""}]",,
rapidocr,handwriting,iam_00030,0.9825325851666662,,False,,,0.8909090909090909,0.8909090909090909,0.875,49.0,55.0,0.125,1.0,0.0,0.10909090909090909,False,False,,,,,,
rapidocr,handwriting,iam_00143,0.9825325851666662,,False,,,0.6153846153846154,0.6153846153846154,1.0,24.0,39.0,0.0,0.0,1.0,0.5128205128205128,False,False,,,,,,
rapidocr,handwriting,iam_00371,0.9825325851666662,,False,,,0.3181818181818182,0.3181818181818182,0.5,14.0,44.0,0.5,0.5,0.5,0.8636363636363636,False,False,,,,,,
rapidocr,handwriting,iam_00478,0.9825325851666662,,False,,,0.13793103448275862,0.13793103448275862,0.8,4.0,29.0,0.2,0.25,0.75,1.0,False,False,,,,,,
rapidocr,handwriting,iam_01805,0.9825325851666662,,False,,,0.07894736842105263,0.07894736842105263,0.375,3.0,38.0,0.625,0.625,0.375,0.9736842105263158,False,False,,,,,,
rapidocr,handwriting,iam_02384,0.9825325851666662,,False,,,1.0,1.0,1.0,39.0,39.0,0.0,0.0,0.0,0.0,True,False,,,,,,
rapidocr,stress,syn000_prose__clean,2.239621466375013,,False,,,0.0,0.0,0.0,0.0,2182.0,1.0,1.0,0.0,1.0,False,False,,,,,prose,clean
rapidocr,stress,syn000_prose__dpi150,2.239621466375013,,False,,,0.0,0.0,0.0,0.0,2182.0,1.0,1.0,0.0,1.0,False,False,,,,,prose,dpi150
rapidocr,stress,syn000_prose__dpi75,2.239621466375013,,False,,,0.0,0.0,0.0,0.0,2182.0,1.0,1.0,0.0,1.0,False,False,,,,,prose,dpi75
rapidocr,stress,syn000_prose__blur,2.239621466375013,,False,,,0.06453089244851258,0.06461961503208066,0.11053984575835475,141.0,2182.0,0.8967254408060453,0.9081632653061225,0.09183673469387756,0.9472960586617782,False,False,,,,,prose,blur
rapidocr,stress,syn000_prose__noise,2.239621466375013,,False,,,0.0,0.0,0.0,0.0,2182.0,1.0,1.0,0.0,1.0,False,False,,,,,prose,noise
rapidocr,stress,syn000_prose__rotate3,2.239621466375013,,False,,,0.036155606407322655,0.03620531622364803,0.05141388174807198,79.0,2182.0,0.9496221662468514,0.9691516709511568,0.030848329048843187,0.9665444546287809,False,False,,,,,prose,rotate3
rapidocr,stress,syn000_prose__rotate8,2.239621466375013,,False,,,0.036613272311212815,0.03666361136571952,0.05141388174807198,80.0,2182.0,0.9496221662468514,0.9691516709511568,0.030848329048843187,0.9665444546287809,False,False,,,,,prose,rotate8
rapidocr,stress,syn000_prose__jpeg_q10,2.239621466375013,,False,,,0.0009153318077803204,0.00045829514207149406,0.005141388174807198,1.0,2182.0,1.0,1.0,0.0,0.9995417048579285,False,False,,,,,prose,jpeg_q10
rapidocr,stress,syn000_prose__low_contrast,2.6559790229999862,,False,,,0.0004576659038901602,0.00045829514207149406,0.005141388174807198,1.0,2182.0,1.0,1.0,0.0,0.9995417048579285,False,False,,,,,prose,low_contrast
rapidocr,stress,syn000_prose__photocopy,2.6559790229999862,,False,,,0.0004576659038901602,0.00045829514207149406,0.002570694087403599,1.0,2182.0,0.9974811083123426,0.9974811083123426,0.0025188916876574307,1.0,False,False,,,,,prose,photocopy
rapidocr,stress,syn000_prose__phone_photo,2.6559790229999862,,False,,,0.0,0.0,0.0,0.0,2182.0,1.0,1.0,0.0,1.0,False,False,,,,,prose,phone_photo
surya,books,birdsofgreatbrit02butl_0308_full,5.222308537749996,,False,birdsofgreatbrit02butl,en,0.006027397260273973,0.000547645125958379,0.003048780487804878,1.0,1826.0,0.9970326409495549,0.9970326409495549,0.002967359050445104,0.9994523548740416,False,False,,,,,,
surya,books,conchologiaiconi05reev_0039_full,5.222308537749996,,False,conchologiaiconi05reev,en,0.7656488549618321,0.7617107942973523,0.9404553415061296,2992.0,3928.0,0.9247863247863248,0.9247863247863248,0.07521367521367521,1.0010183299389002,False,False,,,,,,
surya,books,daschitinskelett00prel_0037_full,5.222308537749996,,False,daschitinskelett00prel,de,0.005806281340723146,0.0037095919448860626,0.025500910746812388,14.0,3774.0,0.9908759124087592,0.98014440433213,0.019855595667870037,1.0015898251192368,False,False,,,,,,
surya,books,histoirenaturell10cuvi_0425_full,5.222308537749996,,False,histoirenaturell10cuvi,fr,0.021532615579480684,0.0057251908396946565,0.010830324909747292,9.0,1572.0,0.9965986394557823,0.9965986394557823,0.003401360544217687,1.0,False,False,,,,,,
surya,docs,headers_footers__ba10222e40f05d76e2bf1d51c39066a4b1fe82ed_page_11,9.629200355000012,,False,,,,,,,,,,,,False,,headers_footers,3.0,1.0,"[{""id"": ""ba10222e40f05d76e2bf1d51c39066a4b1fe82ed_page_11_header_00"", ""type"": ""absent"", ""passed"": false, ""category"": ""headers_footers""}, {""id"": ""ba10222e40f05d76e2bf1d51c39066a4b1fe82ed_page_11.pdf_manual_00"", ""type"": ""absent"", ""passed"": false, ""category"": ""headers_footers""}, {""id"": ""auto_baseline"", ""type"": ""baseline"", ""passed"": true, ""category"": ""baseline""}]",,
surya,docs,long_tiny_text__17_pg2_pg1,9.629200355000012,,False,,,,,,,,,,,,False,,long_tiny_text,40.0,38.0,"[{""id"": ""17_pg2_pg1_text_00"", ""type"": ""present"", ""passed"": true, ""category"": ""long_tiny_text""}, {""id"": ""17_pg2_pg1_text_01"", ""type"": ""present"", ""passed"": true, ""category"": ""long_tiny_text""}, {""id"": ""17_pg2_pg1_text_02"", ""type"": ""present"", ""passed"": false, ""category"": ""long_tiny_text""}, {""id"": ""17_pg2_pg1_text_03"", ""type"": ""present"", ""passed"": true, ""category"": ""long_tiny_text""}, {""id"": ""17_pg2_pg1_text_04"", ""type"": ""present"", ""passed"": true, ""category"": ""long_tiny_text""}, {""id"": ""17_pg2_pg1_text_06"", ""type"": ""present"", ""passed"": true, ""category"": ""long_tiny_text""}, {""id"": ""17_pg2_pg1_text_07"", ""type"": ""present"", ""passed"": true, ""category"": ""long_tiny_text""}, {""id"": ""17_pg2_pg1_text_09"", ""type"": ""present"", ""passed"": true, ""category"": ""long_tiny_text""}, {""id"": ""17_pg2_pg1_text_10"", ""type"": ""present"", ""passed"": true, ""category"": ""long_tiny_text""}, {""id"": ""17_pg2_pg1_text_12"", ""type"": ""present"", ""passed"": true, ""category"": ""long_tiny_text""}, {""id"": ""17_pg2_pg1_text_13"", ""type"": ""present"", ""passed"": true, ""category"": ""long_tiny_text""}, {""id"": ""17_pg2_pg1_text_16"", ""type"": ""present"", ""passed"": true, ""category"": ""long_tiny_text""}, {""id"": ""17_pg2_pg1_text_17"", ""type"": ""present"", ""passed"": false, ""category"": ""long_tiny_text""}, {""id"": ""17_pg2_pg1_text_20"", ""type"": ""present"", ""passed"": true, ""category"": ""long_tiny_text""}, {""id"": ""17_pg2_pg1_text_23"", ""type"": ""present"", ""passed"": true, ""category"": ""long_tiny_text""}, {""id"": ""17_pg2_pg1_text_24"", ""type"": ""present"", ""passed"": true, ""category"": ""long_tiny_text""}, {""id"": ""17_pg2_pg1_text_25"", ""type"": ""present"", ""passed"": true, ""category"": ""long_tiny_text""}, {""id"": ""17_pg2_pg1_text_27"", ""type"": ""present"", ""passed"": true, ""category"": ""long_tiny_text""}, {""id"": ""17_pg2_pg1_text_28"", ""type"": ""present"", ""passed"": true, ""category"": ""long_tiny_text""}, {""id"": ""17_pg2_pg1_text_30"", ""type"": ""present"", ""passed"": true, ""category"": ""long_tiny_text""}, {""id"": ""17_pg2_pg1_text_31"", ""type"": ""present"", ""passed"": true, ""category"": ""long_tiny_text""}, {""id"": ""17_pg2_pg1_text_34"", ""type"": ""present"", ""passed"": true, ""category"": ""long_tiny_text""}, {""id"": ""17_pg2_pg1_text_37"", ""type"": ""present"", ""passed"": true, ""category"": ""long_tiny_text""}, {""id"": ""17_pg2_pg1_text_41"", ""type"": ""present"", ""passed"": true, ""category"": ""long_tiny_text""}, {""id"": ""17_pg2_pg1_text_43"", ""type"": ""present"", ""passed"": true, ""category"": ""long_tiny_text""}, {""id"": ""17_pg2_pg1_text_45"", ""type"": ""present"", ""passed"": true, ""category"": ""long_tiny_text""}, {""id"": ""17_pg2_pg1_text_49"", ""type"": ""present"", ""passed"": true, ""category"": ""long_tiny_text""}, {""id"": ""17_pg2_pg1_text_51"", ""type"": ""present"", ""passed"": true, ""category"": ""long_tiny_text""}, {""id"": ""17_pg2_pg1_text_56"", ""type"": ""present"", ""passed"": true, ""category"": ""long_tiny_text""}, {""id"": ""17_pg2_pg1_text_61"", ""type"": ""present"", ""passed"": true, ""category"": ""long_tiny_text""}, {""id"": ""17_pg2_pg1_text_65"", ""type"": ""present"", ""passed"": true, ""category"": ""long_tiny_text""}, {""id"": ""17_pg2_pg1_text_69"", ""type"": ""present"", ""passed"": true, ""category"": ""long_tiny_text""}, {""id"": ""17_pg2_pg1_text_74"", ""type"": ""present"", ""passed"": true, ""category"": ""long_tiny_text""}, {""id"": ""17_pg2_pg1_text_80"", ""type"": ""present"", ""passed"": true, ""category"": ""long_tiny_text""}, {""id"": ""17_pg2_pg1_text_83"", ""type"": ""present"", ""passed"": true, ""category"": ""long_tiny_text""}, {""id"": ""17_pg2_pg1_text_86"", ""type"": ""present"", ""passed"": true, ""category"": ""long_tiny_text""}, {""id"": ""17_pg2_pg1_text_88"", ""type"": ""present"", ""passed"": true, ""category"": ""long_tiny_text""}, {""id"": ""17_pg2_pg1_text_95"", ""type"": ""present"", ""passed"": true, ""category"": ""long_tiny_text""}, {""id"": ""17_pg2_pg1_text_97"", ""type"": ""present"", ""passed"": true, ""category"": ""long_tiny_text""}, {""id"": ""auto_baseline"", ""type"": ""baseline"", ""passed"": true, ""category"": ""baseline""}]",,
surya,docs,multi_column__0114396ecb251aa3ebaeaeaed6bd4fe50bd2_page_2_pg1,9.629200355000012,,False,,,,,,,,,,,,False,,multi_column,6.0,1.0,"[{""id"": ""0114396ecb251aa3ebaeaeaed6bd4fe50bd2_page_2.pdf_order_e5d2d945"", ""type"": ""order"", ""passed"": false, ""category"": ""multi_column""}, {""id"": ""0114396ecb251aa3ebaeaeaed6bd4fe50bd2_page_2.pdf_order_6b2daa2b"", ""type"": ""order"", ""passed"": false, ""category"": ""multi_column""}, {""id"": ""0114396ecb251aa3ebaeaeaed6bd4fe50bd2_page_2.pdf_order_f61eafae"", ""type"": ""order"", ""passed"": false, ""category"": ""multi_column""}, {""id"": ""0114396ecb251aa3ebaeaeaed6bd4fe50bd2_page_2.pdf_order_40a2536e"", ""type"": ""order"", ""passed"": false, ""category"": ""multi_column""}, {""id"": ""0114396ecb251aa3ebaeaeaed6bd4fe50bd2_page_2.pdf_order_b8d41298"", ""type"": ""order"", ""passed"": false, ""category"": ""multi_column""}, {""id"": ""auto_baseline"", ""type"": ""baseline"", ""passed"": true, ""category"": ""baseline""}]",,
surya,docs,old_scans__52,9.629200355000012,,False,,,,,,,,,,,,False,,old_scans,4.0,1.0,"[{""id"": ""52_591542"", ""type"": ""present"", ""passed"": false, ""category"": ""old_scans""}, {""id"": ""52_323921"", ""type"": ""present"", ""passed"": false, ""category"": ""old_scans""}, {""id"": ""52_987017"", ""type"": ""present"", ""passed"": false, ""category"": ""old_scans""}, {""id"": ""auto_baseline"", ""type"": ""baseline"", ""passed"": true, ""category"": ""baseline""}]",,
surya,docs,tables__b5d9db350b31304da912832bcbafc47b64d8_pg2_pg1,9.629200355000012,,False,,,,,,,,,,,,False,,table_tests,6.0,1.0,"[{""id"": ""b5d9db350b31304da912832bcbafc47b64d8_pg2_table_00"", ""type"": ""table"", ""passed"": false, ""category"": ""table_tests""}, {""id"": ""b5d9db350b31304da912832bcbafc47b64d8_pg2_table_01"", ""type"": ""table"", ""passed"": false, ""category"": ""table_tests""}, {""id"": ""b5d9db350b31304da912832bcbafc47b64d8_pg2_table_02"", ""type"": ""table"", ""passed"": false, ""category"": ""table_tests""}, {""id"": ""b5d9db350b31304da912832bcbafc47b64d8_pg2_table_03"", ""type"": ""table"", ""passed"": false, ""category"": ""table_tests""}, {""id"": ""b5d9db350b31304da912832bcbafc47b64d8_pg2_table_04"", ""type"": ""table"", ""passed"": false, ""category"": ""table_tests""}, {""id"": ""auto_baseline"", ""type"": ""baseline"", ""passed"": true, ""category"": ""baseline""}]",,
surya,handwriting,iam_00030,0.47801815733331904,,False,,,0.16363636363636364,0.16363636363636364,0.5,9.0,55.0,0.5,0.5,0.5,0.9818181818181818,False,False,,,,,,
surya,handwriting,iam_00143,0.47801815733331904,,False,,,0.3076923076923077,0.3076923076923077,0.42857142857142855,12.0,39.0,0.5714285714285714,0.5714285714285714,0.42857142857142855,1.0,False,False,,,,,,
surya,handwriting,iam_00371,0.47801815733331904,,False,,,0.11363636363636363,0.11363636363636363,0.25,5.0,44.0,0.75,0.75,0.25,0.9772727272727273,False,False,,,,,,
surya,handwriting,iam_00478,0.47801815733331904,,False,,,0.0,0.0,0.0,0.0,29.0,1.0,1.0,0.0,1.0,False,False,,,,,,
surya,handwriting,iam_01805,0.47801815733331904,,False,,,0.0,0.0,0.0,0.0,38.0,1.0,1.0,0.0,1.0,False,False,,,,,,
surya,handwriting,iam_02384,0.47801815733331904,,False,,,0.1282051282051282,0.1282051282051282,0.3,5.0,39.0,0.8,0.8,0.2,0.9743589743589743,False,False,,,,,,
surya,stress,syn000_prose__clean,5.69845462249998,,False,,,0.0,0.0,0.0,0.0,2182.0,1.0,1.0,0.0,1.0,False,False,,,,,prose,clean
surya,stress,syn000_prose__dpi150,5.69845462249998,,False,,,0.0,0.0,0.0,0.0,2182.0,1.0,1.0,0.0,1.0,False,False,,,,,prose,dpi150
surya,stress,syn000_prose__dpi75,5.69845462249998,,False,,,0.0,0.0,0.0,0.0,2182.0,1.0,1.0,0.0,1.0,False,False,,,,,prose,dpi75
surya,stress,syn000_prose__blur,5.69845462249998,,False,,,0.0,0.0,0.0,0.0,2182.0,1.0,1.0,0.0,1.0,False,False,,,,,prose,blur
surya,stress,syn000_prose__noise,5.69845462249998,,False,,,0.0,0.0,0.0,0.0,2182.0,1.0,1.0,0.0,1.0,False,False,,,,,prose,noise
surya,stress,syn000_prose__rotate3,5.69845462249998,,False,,,0.0,0.0,0.0,0.0,2182.0,1.0,1.0,0.0,1.0,False,False,,,,,prose,rotate3
surya,stress,syn000_prose__rotate8,5.69845462249998,,False,,,0.021967963386727688,0.021998166819431713,0.017994858611825194,48.0,2182.0,0.9798488664987406,1.0,0.0,0.9780018331805683,False,False,,,,,prose,rotate8
surya,stress,syn000_prose__jpeg_q10,5.69845462249998,,False,,,0.0,0.0,0.0,0.0,2182.0,1.0,1.0,0.0,1.0,False,False,,,,,prose,jpeg_q10
surya,stress,syn000_prose__low_contrast,3.1174039393332955,,False,,,0.0,0.0,0.0,0.0,2182.0,1.0,1.0,0.0,1.0,False,False,,,,,prose,low_contrast
surya,stress,syn000_prose__photocopy,3.1174039393332955,,False,,,0.0,0.0,0.0,0.0,2182.0,1.0,1.0,0.0,1.0,False,False,,,,,prose,photocopy
surya,stress,syn000_prose__phone_photo,3.1174039393332955,,False,,,0.0,0.0,0.0,0.0,2182.0,1.0,1.0,0.0,1.0,False,False,,,,,prose,phone_photo
tesseract,books,birdsofgreatbrit02butl_0308_full,2.146316573500002,,False,birdsofgreatbrit02butl,en,0.007123287671232876,0.001095290251916758,0.009146341463414634,2.0,1826.0,0.9970326409495549,0.9970326409495549,0.002967359050445104,1.0,False,False,,,,,,
tesseract,books,conchologiaiconi05reev_0039_full,2.146316573500002,,False,conchologiaiconi05reev,en,0.04402035623409669,0.03411405295315682,0.11208406304728546,134.0,3928.0,0.9008547008547009,0.9008547008547009,0.09914529914529914,1.000763747454175,False,False,,,,,,
tesseract,books,daschitinskelett00prel_0037_full,2.146316573500002,,False,daschitinskelett00prel,de,0.005278437582475587,0.003444621091679915,0.02185792349726776,13.0,3774.0,0.9817518248175182,0.9853479853479854,0.014652014652014652,0.9992050874403816,False,False,,,,,,
tesseract,books,histoirenaturell10cuvi_0425_full,2.146316573500002,,False,histoirenaturell10cuvi,fr,0.023432552248258392,0.006361323155216285,0.039711191335740074,10.0,1572.0,0.9625850340136054,0.9658703071672355,0.034129692832764506,0.9993638676844784,False,False,,,,,,
tesseract,docs,headers_footers__ba10222e40f05d76e2bf1d51c39066a4b1fe82ed_page_11,2.4697664804000055,,False,,,,,,,,,,,,False,,headers_footers,3.0,1.0,"[{""id"": ""ba10222e40f05d76e2bf1d51c39066a4b1fe82ed_page_11_header_00"", ""type"": ""absent"", ""passed"": false, ""category"": ""headers_footers""}, {""id"": ""ba10222e40f05d76e2bf1d51c39066a4b1fe82ed_page_11.pdf_manual_00"", ""type"": ""absent"", ""passed"": false, ""category"": ""headers_footers""}, {""id"": ""auto_baseline"", ""type"": ""baseline"", ""passed"": true, ""category"": ""baseline""}]",,
tesseract,docs,long_tiny_text__17_pg2_pg1,2.4697664804000055,,False,,,,,,,,,,,,False,,long_tiny_text,40.0,36.0,"[{""id"": ""17_pg2_pg1_text_00"", ""type"": ""present"", ""passed"": true, ""category"": ""long_tiny_text""}, {""id"": ""17_pg2_pg1_text_01"", ""type"": ""present"", ""passed"": true, ""category"": ""long_tiny_text""}, {""id"": ""17_pg2_pg1_text_02"", ""type"": ""present"", ""passed"": false, ""category"": ""long_tiny_text""}, {""id"": ""17_pg2_pg1_text_03"", ""type"": ""present"", ""passed"": true, ""category"": ""long_tiny_text""}, {""id"": ""17_pg2_pg1_text_04"", ""type"": ""present"", ""passed"": true, ""category"": ""long_tiny_text""}, {""id"": ""17_pg2_pg1_text_06"", ""type"": ""present"", ""passed"": true, ""category"": ""long_tiny_text""}, {""id"": ""17_pg2_pg1_text_07"", ""type"": ""present"", ""passed"": true, ""category"": ""long_tiny_text""}, {""id"": ""17_pg2_pg1_text_09"", ""type"": ""present"", ""passed"": true, ""category"": ""long_tiny_text""}, {""id"": ""17_pg2_pg1_text_10"", ""type"": ""present"", ""passed"": true, ""category"": ""long_tiny_text""}, {""id"": ""17_pg2_pg1_text_12"", ""type"": ""present"", ""passed"": true, ""category"": ""long_tiny_text""}, {""id"": ""17_pg2_pg1_text_13"", ""type"": ""present"", ""passed"": true, ""category"": ""long_tiny_text""}, {""id"": ""17_pg2_pg1_text_16"", ""type"": ""present"", ""passed"": true, ""category"": ""long_tiny_text""}, {""id"": ""17_pg2_pg1_text_17"", ""type"": ""present"", ""passed"": false, ""category"": ""long_tiny_text""}, {""id"": ""17_pg2_pg1_text_20"", ""type"": ""present"", ""passed"": false, ""category"": ""long_tiny_text""}, {""id"": ""17_pg2_pg1_text_23"", ""type"": ""present"", ""passed"": true, ""category"": ""long_tiny_text""}, {""id"": ""17_pg2_pg1_text_24"", ""type"": ""present"", ""passed"": true, ""category"": ""long_tiny_text""}, {""id"": ""17_pg2_pg1_text_25"", ""type"": ""present"", ""passed"": true, ""category"": ""long_tiny_text""}, {""id"": ""17_pg2_pg1_text_27"", ""type"": ""present"", ""passed"": true, ""category"": ""long_tiny_text""}, {""id"": ""17_pg2_pg1_text_28"", ""type"": ""present"", ""passed"": true, ""category"": ""long_tiny_text""}, {""id"": ""17_pg2_pg1_text_30"", ""type"": ""present"", ""passed"": true, ""category"": ""long_tiny_text""}, {""id"": ""17_pg2_pg1_text_31"", ""type"": ""present"", ""passed"": true, ""category"": ""long_tiny_text""}, {""id"": ""17_pg2_pg1_text_34"", ""type"": ""present"", ""passed"": true, ""category"": ""long_tiny_text""}, {""id"": ""17_pg2_pg1_text_37"", ""type"": ""present"", ""passed"": true, ""category"": ""long_tiny_text""}, {""id"": ""17_pg2_pg1_text_41"", ""type"": ""present"", ""passed"": true, ""category"": ""long_tiny_text""}, {""id"": ""17_pg2_pg1_text_43"", ""type"": ""present"", ""passed"": true, ""category"": ""long_tiny_text""}, {""id"": ""17_pg2_pg1_text_45"", ""type"": ""present"", ""passed"": true, ""category"": ""long_tiny_text""}, {""id"": ""17_pg2_pg1_text_49"", ""type"": ""present"", ""passed"": false, ""category"": ""long_tiny_text""}, {""id"": ""17_pg2_pg1_text_51"", ""type"": ""present"", ""passed"": true, ""category"": ""long_tiny_text""}, {""id"": ""17_pg2_pg1_text_56"", ""type"": ""present"", ""passed"": true, ""category"": ""long_tiny_text""}, {""id"": ""17_pg2_pg1_text_61"", ""type"": ""present"", ""passed"": true, ""category"": ""long_tiny_text""}, {""id"": ""17_pg2_pg1_text_65"", ""type"": ""present"", ""passed"": true, ""category"": ""long_tiny_text""}, {""id"": ""17_pg2_pg1_text_69"", ""type"": ""present"", ""passed"": true, ""category"": ""long_tiny_text""}, {""id"": ""17_pg2_pg1_text_74"", ""type"": ""present"", ""passed"": true, ""category"": ""long_tiny_text""}, {""id"": ""17_pg2_pg1_text_80"", ""type"": ""present"", ""passed"": true, ""category"": ""long_tiny_text""}, {""id"": ""17_pg2_pg1_text_83"", ""type"": ""present"", ""passed"": true, ""category"": ""long_tiny_text""}, {""id"": ""17_pg2_pg1_text_86"", ""type"": ""present"", ""passed"": true, ""category"": ""long_tiny_text""}, {""id"": ""17_pg2_pg1_text_88"", ""type"": ""present"", ""passed"": true, ""category"": ""long_tiny_text""}, {""id"": ""17_pg2_pg1_text_95"", ""type"": ""present"", ""passed"": true, ""category"": ""long_tiny_text""}, {""id"": ""17_pg2_pg1_text_97"", ""type"": ""present"", ""passed"": true, ""category"": ""long_tiny_text""}, {""id"": ""auto_baseline"", ""type"": ""baseline"", ""passed"": true, ""category"": ""baseline""}]",,
tesseract,docs,multi_column__0114396ecb251aa3ebaeaeaed6bd4fe50bd2_page_2_pg1,2.4697664804000055,,False,,,,,,,,,,,,False,,multi_column,6.0,6.0,"[{""id"": ""0114396ecb251aa3ebaeaeaed6bd4fe50bd2_page_2.pdf_order_e5d2d945"", ""type"": ""order"", ""passed"": true, ""category"": ""multi_column""}, {""id"": ""0114396ecb251aa3ebaeaeaed6bd4fe50bd2_page_2.pdf_order_6b2daa2b"", ""type"": ""order"", ""passed"": true, ""category"": ""multi_column""}, {""id"": ""0114396ecb251aa3ebaeaeaed6bd4fe50bd2_page_2.pdf_order_f61eafae"", ""type"": ""order"", ""passed"": true, ""category"": ""multi_column""}, {""id"": ""0114396ecb251aa3ebaeaeaed6bd4fe50bd2_page_2.pdf_order_40a2536e"", ""type"": ""order"", ""passed"": true, ""category"": ""multi_column""}, {""id"": ""0114396ecb251aa3ebaeaeaed6bd4fe50bd2_page_2.pdf_order_b8d41298"", ""type"": ""order"", ""passed"": true, ""category"": ""multi_column""}, {""id"": ""auto_baseline"", ""type"": ""baseline"", ""passed"": true, ""category"": ""baseline""}]",,
tesseract,docs,old_scans__52,2.4697664804000055,,False,,,,,,,,,,,,False,,old_scans,4.0,1.0,"[{""id"": ""52_591542"", ""type"": ""present"", ""passed"": false, ""category"": ""old_scans""}, {""id"": ""52_323921"", ""type"": ""present"", ""passed"": false, ""category"": ""old_scans""}, {""id"": ""52_987017"", ""type"": ""present"", ""passed"": false, ""category"": ""old_scans""}, {""id"": ""auto_baseline"", ""type"": ""baseline"", ""passed"": true, ""category"": ""baseline""}]",,
tesseract,docs,tables__b5d9db350b31304da912832bcbafc47b64d8_pg2_pg1,2.4697664804000055,,False,,,,,,,,,,,,False,,table_tests,6.0,1.0,"[{""id"": ""b5d9db350b31304da912832bcbafc47b64d8_pg2_table_00"", ""type"": ""table"", ""passed"": false, ""category"": ""table_tests""}, {""id"": ""b5d9db350b31304da912832bcbafc47b64d8_pg2_table_01"", ""type"": ""table"", ""passed"": false, ""category"": ""table_tests""}, {""id"": ""b5d9db350b31304da912832bcbafc47b64d8_pg2_table_02"", ""type"": ""table"", ""passed"": false, ""category"": ""table_tests""}, {""id"": ""b5d9db350b31304da912832bcbafc47b64d8_pg2_table_03"", ""type"": ""table"", ""passed"": false, ""category"": ""table_tests""}, {""id"": ""b5d9db350b31304da912832bcbafc47b64d8_pg2_table_04"", ""type"": ""table"", ""passed"": false, ""category"": ""table_tests""}, {""id"": ""auto_baseline"", ""type"": ""baseline"", ""passed"": true, ""category"": ""baseline""}]",,
tesseract,handwriting,iam_00030,0.13976401700000451,,False,,,0.43636363636363634,0.43636363636363634,1.0,24.0,55.0,0.25,0.2222222222222222,0.7777777777777778,0.8181818181818182,False,False,,,,,,
tesseract,handwriting,iam_00143,0.13976401700000451,,False,,,0.7435897435897436,0.7435897435897436,1.1428571428571428,29.0,39.0,0.0,0.0,1.0,0.717948717948718,False,False,,,,,,
tesseract,handwriting,iam_00371,0.13976401700000451,,False,,,1.0,1.0,1.0,44.0,44.0,0.0,0.0,0.0,0.0,True,False,,,,,,
tesseract,handwriting,iam_00478,0.13976401700000451,,False,,,1.0,1.0,1.0,29.0,29.0,0.0,0.0,0.0,0.0,True,False,,,,,,
tesseract,handwriting,iam_01805,0.13976401700000451,,False,,,0.6052631578947368,0.6052631578947368,0.875,23.0,38.0,0.25,0.25,0.75,0.9736842105263158,False,False,,,,,,
tesseract,handwriting,iam_02384,0.13976401700000451,,False,,,0.6666666666666666,0.6666666666666666,0.8,26.0,39.0,0.2,0.3333333333333333,0.6666666666666666,0.4358974358974359,False,False,,,,,,
tesseract,stress,syn000_prose__clean,0.6258275656363655,,False,,,0.0,0.0,0.0,0.0,2182.0,1.0,1.0,0.0,1.0,False,False,,,,,prose,clean
tesseract,stress,syn000_prose__dpi150,0.6258275656363655,,False,,,0.3153318077803204,0.31668194317140236,0.39331619537275064,691.0,2182.0,0.9722921914357683,0.9530864197530864,0.04691358024691358,1.0050412465627865,False,False,,,,,prose,dpi150
tesseract,stress,syn000_prose__dpi75,0.6258275656363655,,False,,,0.02471395881006865,0.02474793767186068,0.06426735218508997,54.0,2182.0,0.9445843828715366,0.97911227154047,0.020887728459530026,0.9784601283226397,False,False,,,,,prose,dpi75
tesseract,stress,syn000_prose__blur,0.6258275656363655,,False,,,0.006864988558352402,0.005041246562786435,0.015424164524421594,11.0,2182.0,0.9848866498740554,0.9974489795918368,0.002551020408163265,0.995417048579285,False,False,,,,,prose,blur
tesseract,stress,syn000_prose__noise,0.6258275656363655,,False,,,0.12906178489702516,0.12603116406966086,0.35218508997429304,275.0,2182.0,0.9269521410579346,0.8251121076233184,0.17488789237668162,1.0595783684692943,False,False,,,,,prose,noise
tesseract,stress,syn000_prose__rotate3,0.6258275656363655,,False,,,0.0,0.0,0.0,0.0,2182.0,1.0,1.0,0.0,1.0,False,False,,,,,prose,rotate3
tesseract,stress,syn000_prose__rotate8,0.6258275656363655,,False,,,1.0,1.0,1.0,2182.0,2182.0,0.0,0.0,0.0,0.0,True,False,,,,,prose,rotate8
tesseract,stress,syn000_prose__jpeg_q10,0.6258275656363655,,False,,,0.0009153318077803204,0.0009165902841429881,0.005141388174807198,2.0,2182.0,0.9974811083123426,0.9974811083123426,0.0025188916876574307,1.0,False,False,,,,,prose,jpeg_q10
tesseract,stress,syn000_prose__low_contrast,0.6258275656363655,,False,,,0.0004576659038901602,0.00045829514207149406,0.002570694087403599,1.0,2182.0,0.9974811083123426,0.9974811083123426,0.0025188916876574307,1.0,False,False,,,,,prose,low_contrast
tesseract,stress,syn000_prose__photocopy,0.6258275656363655,,False,,,0.009153318077803204,0.008249312557286892,0.02570694087403599,18.0,2182.0,0.9949622166246851,0.992462311557789,0.007537688442211055,1.005499541704858,False,False,,,,,prose,photocopy
tesseract,stress,syn000_prose__phone_photo,0.6258275656363655,,False,,,0.15469107551487415,0.15490375802016498,0.14910025706940874,338.0,2182.0,0.9949622166246851,0.9899749373433584,0.010025062656641603,1.0013748854262146,False,False,,,,,prose,phone_photo
