engine,track,id,seconds,n_tokens,page_error,meta_book,meta_lang,cer_dip,cer,wer,cer_edits,ref_chars,bow_recall,bow_precision,over_extraction,len_ratio,empty,loop,meta_category,tests_total,tests_passed,test_results,meta_layout,meta_level
deepseek-ocr2,books,birdsofgreatbrit02butl_0093_full,69.704720570625,650.0,False,birdsofgreatbrit02butl,en,0.026223776223776224,0.01918047079337402,0.029649595687331536,44.0,2294.0,0.9896373056994818,0.9870801033591732,0.012919896640826873,1.0013077593722755,False,False,,,,,,
deepseek-ocr2,books,birdsofgreatbrit02butl_0126_full,69.704720570625,791.0,False,birdsofgreatbrit02butl,en,0.01937984496124031,0.009154929577464789,0.019522776572668113,26.0,2840.0,0.9758064516129032,0.983739837398374,0.016260162601626018,0.9940140845070422,False,False,,,,,,
deepseek-ocr2,books,birdsofgreatbrit02butl_0156_full,69.704720570625,586.0,False,birdsofgreatbrit02butl,en,0.031720430107526884,0.0213903743315508,0.03289473684210526,40.0,1870.0,0.967948717948718,0.9901639344262295,0.009836065573770493,0.983957219251337,False,False,,,,,,
deepseek-ocr2,books,birdsofgreatbrit02butl_0159_full,69.704720570625,735.0,False,birdsofgreatbrit02butl,en,0.014537902388369679,0.008284432171211598,0.013513513513513514,24.0,2897.0,0.9887640449438202,0.9962264150943396,0.0037735849056603774,0.9920607525025888,False,False,,,,,,
deepseek-ocr2,books,birdsofgreatbrit02butl_0172_full,69.704720570625,643.0,False,birdsofgreatbrit02butl,en,0.23622545915136162,0.2234443746071653,0.22241379310344828,711.0,3182.0,0.7728813559322034,0.9956331877729258,0.004366812227074236,0.7774984286612193,False,False,,,,,,
deepseek-ocr2,books,birdsofgreatbrit02butl_0308_full,69.704720570625,491.0,False,birdsofgreatbrit02butl,en,0.1978082191780822,0.19112814895947425,0.2225609756097561,349.0,1826.0,0.7863501483679525,0.9814814814814815,0.018518518518518517,0.812157721796276,False,False,,,,,,
deepseek-ocr2,books,birdsofgreatbrit02butl_0312_full,69.704720570625,365.0,False,birdsofgreatbrit02butl,en,0.024253731343283583,0.022367194780987885,0.0449438202247191,24.0,1073.0,0.9615384615384616,0.9668508287292817,0.03314917127071823,0.9850885368126747,False,False,,,,,,
deepseek-ocr2,books,birdsofgreatbrit02butl_0320_full,69.704720570625,583.0,False,birdsofgreatbrit02butl,en,0.02321347291761493,0.019563239308462238,0.030136986301369864,43.0,2198.0,0.96875,0.9815303430079155,0.018469656992084433,0.9831665150136488,False,False,,,,,,
deepseek-ocr2,books,birdsofgreatbrit02butl_0328_full,69.704720570625,523.0,False,birdsofgreatbrit02butl,en,0.05238828967642527,0.04930662557781202,0.17894736842105263,32.0,649.0,0.8962264150943396,0.8636363636363636,0.13636363636363635,1.0030816640986133,False,False,,,,,,
deepseek-ocr2,books,conchologiaiconi05reev_0039_full,69.704720570625,6144.0,False,conchologiaiconi05reev,en,2.4048346055979644,2.4078411405295315,3.583187390542907,9458.0,3928.0,0.011965811965811967,0.00341796875,0.99658203125,2.579175152749491,False,True,,,,,,
deepseek-ocr2,books,conchologiaiconi05reev_0127_full,69.704720570625,1632.0,False,conchologiaiconi05reev,en,0.05932826673204217,0.04504061038641398,0.14864864864864866,183.0,4063.0,0.8717472118959108,0.866913123844732,0.133086876155268,0.9985232586758552,False,False,,,,,,
deepseek-ocr2,books,conchologiaiconi05reev_0200_full,69.704720570625,6144.0,False,conchologiaiconi05reev,en,1.408770555990603,1.4245134139926354,4.067594433399602,5416.0,3802.0,0.0038314176245210726,0.0009765625,0.9990234375,1.581273014203051,False,True,,,,,,
deepseek-ocr2,books,conchologiaiconi05reev_0235_full,69.704720570625,1580.0,False,conchologiaiconi05reev,en,0.04876697146023829,0.03470294280955025,0.1673913043478261,125.0,3602.0,0.8430962343096234,0.8395833333333333,0.16041666666666668,0.9969461410327596,False,False,,,,,,
deepseek-ocr2,books,conchologiaiconi05reev_0271_full,69.704720570625,1674.0,False,conchologiaiconi05reev,en,0.05305466237942122,0.03884275381730511,0.19117647058823528,145.0,3733.0,0.821501014198783,0.8148893360160966,0.1851106639839034,0.998660594695955,False,False,,,,,,
deepseek-ocr2,books,conchologiaiconi05reev_0276_full,69.704720570625,2093.0,False,conchologiaiconi05reev,en,0.5455737704918033,0.5417488494411571,0.6777003484320557,2472.0,4563.0,0.830820770519263,0.8252911813643927,0.17470881863560733,0.9901380670611439,False,False,,,,,,
deepseek-ocr2,books,conchologiaiconi05reev_0350_full,69.704720570625,6144.0,False,conchologiaiconi05reev,en,4.478260869565218,4.498851630684428,6.935593220338983,9794.0,2177.0,0.006622516556291391,0.0009765625,0.9990234375,4.653651814423519,False,True,,,,,,
deepseek-ocr2,books,conchologiaiconi05reev_0354_full,69.704720570625,6144.0,False,conchologiaiconi05reev,en,2.6825976946865335,2.684654300168634,4.312236286919831,9552.0,3558.0,0.016227180527383367,0.00390625,0.99609375,2.8473861720067455,False,True,,,,,,
deepseek-ocr2,books,conchologiaiconi05reev_0433_full,69.704720570625,1671.0,False,conchologiaiconi05reev,en,0.04034660167885188,0.03125,0.17391304347826086,115.0,3680.0,0.8624229979466119,0.8502024291497976,0.14979757085020243,0.9997282608695652,False,False,,,,,,
deepseek-ocr2,books,daschitinskelett00prel_0011_full,69.704720570625,847.0,False,daschitinskelett00prel,de,0.025111252383979658,0.029036375239310786,0.18663594470046083,91.0,3134.0,0.9582366589327146,0.8480492813141683,0.15195071868583163,1.01531589023612,False,False,,,,,,
deepseek-ocr2,books,daschitinskelett00prel_0021_full,69.704720570625,1153.0,False,daschitinskelett00prel,de,0.012432012432012432,0.012464294988314724,0.09397163120567376,48.0,3851.0,0.9822064056939501,0.9184692179700499,0.08153078202995008,1.009867566865749,False,False,,,,,,
deepseek-ocr2,books,daschitinskelett00prel_0034_full,69.704720570625,847.0,False,daschitinskelett00prel,de,0.01507032819825854,0.015090543259557344,0.11032863849765258,45.0,2982.0,0.9858823529411764,0.9069264069264069,0.09307359307359307,1.01140174379611,False,False,,,,,,
deepseek-ocr2,books,daschitinskelett00prel_0037_full,69.704720570625,1091.0,False,daschitinskelett00prel,de,0.020058062813407232,0.021197668256491786,0.1621129326047359,80.0,3774.0,0.9616788321167883,0.8625204582651391,0.13747954173486088,1.0193428722840487,False,False,,,,,,
deepseek-ocr2,books,daschitinskelett00prel_0038_full,69.704720570625,1054.0,False,daschitinskelett00prel,de,0.012185636505055743,0.014579536579015881,0.1169811320754717,56.0,3841.0,0.9679245283018868,0.8952879581151832,0.10471204188481675,1.0124967456391565,False,False,,,,,,
deepseek-ocr2,books,daschitinskelett00prel_0051_full,69.704720570625,1200.0,False,daschitinskelett00prel,de,0.04562641794807159,0.04879898862199747,0.3821428571428571,193.0,3955.0,0.9354838709677419,0.7111716621253406,0.2888283378746594,1.045764854614412,False,False,,,,,,
deepseek-ocr2,books,daschitinskelett00prel_0057_full,69.704720570625,969.0,False,daschitinskelett00prel,de,0.024942660550458715,0.026119402985074626,0.1953781512605042,91.0,3484.0,0.9642857142857143,0.8375912408759124,0.1624087591240876,1.021239954075775,False,False,,,,,,
deepseek-ocr2,books,daschitinskelett00prel_0060_full,69.704720570625,274.0,False,daschitinskelett00prel,de,0.03991130820399113,0.04241071428571429,0.32231404958677684,38.0,896.0,0.957983193277311,0.76,0.24,1.0323660714285714,False,False,,,,,,
deepseek-ocr2,books,histoirenaturell10cuvi_0014_full,69.704720570625,360.0,False,histoirenaturell10cuvi,fr,0.043697478991596636,0.03898305084745763,0.1534090909090909,46.0,1180.0,0.9361702127659575,0.8669950738916257,0.1330049261083744,1.0220338983050847,False,False,,,,,,
deepseek-ocr2,books,histoirenaturell10cuvi_0070_full,69.704720570625,352.0,False,histoirenaturell10cuvi,fr,0.2078239608801956,0.2008230452674897,0.3058252427184466,244.0,1215.0,0.7757847533632287,0.9010416666666666,0.09895833333333333,0.8444444444444444,False,False,,,,,,
deepseek-ocr2,books,histoirenaturell10cuvi_0172_full,69.704720570625,369.0,False,histoirenaturell10cuvi,fr,0.006938421509106678,0.0008695652173913044,0.01015228426395939,1.0,1150.0,1.0,1.0,0.0,1.0008695652173913,False,False,,,,,,
deepseek-ocr2,books,histoirenaturell10cuvi_0188_full,69.704720570625,461.0,False,histoirenaturell10cuvi,fr,0.025096525096525095,0.006443298969072165,0.033962264150943396,10.0,1552.0,0.9694915254237289,0.9662162162162162,0.033783783783783786,1.0006443298969072,False,False,,,,,,
deepseek-ocr2,books,histoirenaturell10cuvi_0251_full,69.704720570625,524.0,False,histoirenaturell10cuvi,fr,0.04948805460750853,0.04831751509922347,0.11940298507462686,56.0,1159.0,0.9299065420560748,0.9128440366972477,0.0871559633027523,0.9956859361518551,False,False,,,,,,
deepseek-ocr2,books,histoirenaturell10cuvi_0343_full,69.704720570625,361.0,False,histoirenaturell10cuvi,fr,0.0656763096168882,0.05059288537549407,0.07537688442211055,64.0,1265.0,0.9558823529411765,0.9605911330049262,0.03940886699507389,0.9723320158102767,False,False,,,,,,
deepseek-ocr2,docs,headers_footers__0b8de922246569bf96136cd5bb1d9643b2d269fe_page_10_processed,69.95110961724998,319.0,False,,,,,,,,,,,,False,,headers_footers,2.0,2.0,"[{""id"": ""0b8de922246569bf96136cd5bb1d9643b2d269fe_page_10_processed.pdf_manual_00"", ""type"": ""absent"", ""passed"": true, ""category"": ""headers_footers""}, {""id"": ""auto_baseline"", ""type"": ""baseline"", ""passed"": true, ""category"": ""baseline""}]",,
deepseek-ocr2,docs,headers_footers__12e836a20227be4b63f7dcdebb2498e9d189d4da_page_5_processed,69.95110961724998,1075.0,False,,,,,,,,,,,,False,,headers_footers,4.0,3.0,"[{""id"": ""12e836a20227be4b63f7dcdebb2498e9d189d4da_page_5_processed_pg1_header_00"", ""type"": ""absent"", ""passed"": true, ""category"": ""headers_footers""}, {""id"": ""12e836a20227be4b63f7dcdebb2498e9d189d4da_page_5_processed_pg1_header_01"", ""type"": ""absent"", ""passed"": false, ""category"": ""headers_footers""}, {""id"": ""12e836a20227be4b63f7dcdebb2498e9d189d4da_page_5_processed_pg1_header_02"", ""type"": ""absent"", ""passed"": true, ""category"": ""headers_footers""}, {""id"": ""auto_baseline"", ""type"": ""baseline"", ""passed"": true, ""category"": ""baseline""}]",,
deepseek-ocr2,docs,headers_footers__17ce5025be595d7fc2c3a347b6a2fa4e4d06419d_page_1,69.95110961724998,268.0,False,,,,,,,,,,,,False,,headers_footers,2.0,2.0,"[{""id"": ""17ce5025be595d7fc2c3a347b6a2fa4e4d06419d_page_1_header_00"", ""type"": ""absent"", ""passed"": true, ""category"": ""headers_footers""}, {""id"": ""auto_baseline"", ""type"": ""baseline"", ""passed"": true, ""category"": ""baseline""}]",,
deepseek-ocr2,docs,headers_footers__1a3e61746b0965df09bce6cb1051c455807363d5_page_1,69.95110961724998,1926.0,False,,,,,,,,,,,,False,,headers_footers,3.0,3.0,"[{""id"": ""1a3e61746b0965df09bce6cb1051c455807363d5_page_1_header_00"", ""type"": ""absent"", ""passed"": true, ""category"": ""headers_footers""}, {""id"": ""1a3e61746b0965df09bce6cb1051c455807363d5_page_1.pdf_manual_00"", ""type"": ""absent"", ""passed"": true, ""category"": ""headers_footers""}, {""id"": ""auto_baseline"", ""type"": ""baseline"", ""passed"": true, ""category"": ""baseline""}]",,
deepseek-ocr2,docs,headers_footers__2cb8b9fbe5aaac3d7f95d110a3b08132ee09d103_page_2,69.95110961724998,960.0,False,,,,,,,,,,,,False,,headers_footers,3.0,3.0,"[{""id"": ""2cb8b9fbe5aaac3d7f95d110a3b08132ee09d103_page_2_header_00"", ""type"": ""absent"", ""passed"": true, ""category"": ""headers_footers""}, {""id"": ""2cb8b9fbe5aaac3d7f95d110a3b08132ee09d103_page_2.pdf_manual_00"", ""type"": ""absent"", ""passed"": true, ""category"": ""headers_footers""}, {""id"": ""auto_baseline"", ""type"": ""baseline"", ""passed"": true, ""category"": ""baseline""}]",,
deepseek-ocr2,docs,headers_footers__363300831b3da664b1bfe972e4f86464fa076da3_page_149,69.95110961724998,923.0,False,,,,,,,,,,,,False,,headers_footers,6.0,6.0,"[{""id"": ""363300831b3da664b1bfe972e4f86464fa076da3_page_149_header_00"", ""type"": ""absent"", ""passed"": true, ""category"": ""headers_footers""}, {""id"": ""363300831b3da664b1bfe972e4f86464fa076da3_page_149_header_01"", ""type"": ""absent"", ""passed"": true, ""category"": ""headers_footers""}, {""id"": ""363300831b3da664b1bfe972e4f86464fa076da3_page_149_header_15"", ""type"": ""absent"", ""passed"": true, ""category"": ""headers_footers""}, {""id"": ""363300831b3da664b1bfe972e4f86464fa076da3_page_149_header_16"", ""type"": ""absent"", ""passed"": true, ""category"": ""headers_footers""}, {""id"": ""363300831b3da664b1bfe972e4f86464fa076da3_page_149.pdf_manual_00"", ""type"": ""absent"", ""passed"": true, ""category"": ""headers_footers""}, {""id"": ""auto_baseline"", ""type"": ""baseline"", ""passed"": true, ""category"": ""baseline""}]",,
deepseek-ocr2,docs,headers_footers__62621cef2b1d5356a063aa7c9c735ac396fb2223_page_33,69.95110961724998,682.0,False,,,,,,,,,,,,False,,headers_footers,4.0,4.0,"[{""id"": ""62621cef2b1d5356a063aa7c9c735ac396fb2223_page_33_header_00"", ""type"": ""absent"", ""passed"": true, ""category"": ""headers_footers""}, {""id"": ""62621cef2b1d5356a063aa7c9c735ac396fb2223_page_33.pdf_manual_00"", ""type"": ""absent"", ""passed"": true, ""category"": ""headers_footers""}, {""id"": ""62621cef2b1d5356a063aa7c9c735ac396fb2223_page_33.pdf_manual_01"", ""type"": ""absent"", ""passed"": true, ""category"": ""headers_footers""}, {""id"": ""auto_baseline"", ""type"": ""baseline"", ""passed"": true, ""category"": ""baseline""}]",,
deepseek-ocr2,docs,headers_footers__7901d119ed91a89f8fbabf0eef7174d75a7656e3_page_1,69.95110961724998,557.0,False,,,,,,,,,,,,False,,headers_footers,2.0,2.0,"[{""id"": ""7901d119ed91a89f8fbabf0eef7174d75a7656e3_page_1.pdf_manual_00"", ""type"": ""absent"", ""passed"": true, ""category"": ""headers_footers""}, {""id"": ""auto_baseline"", ""type"": ""baseline"", ""passed"": true, ""category"": ""baseline""}]",,
deepseek-ocr2,docs,headers_footers__ba10222e40f05d76e2bf1d51c39066a4b1fe82ed_page_11,69.95110961724998,863.0,False,,,,,,,,,,,,False,,headers_footers,3.0,3.0,"[{""id"": ""ba10222e40f05d76e2bf1d51c39066a4b1fe82ed_page_11_header_00"", ""type"": ""absent"", ""passed"": true, ""category"": ""headers_footers""}, {""id"": ""ba10222e40f05d76e2bf1d51c39066a4b1fe82ed_page_11.pdf_manual_00"", ""type"": ""absent"", ""passed"": true, ""category"": ""headers_footers""}, {""id"": ""auto_baseline"", ""type"": ""baseline"", ""passed"": true, ""category"": ""baseline""}]",,
deepseek-ocr2,docs,headers_footers__d8b9c4cd0ba9b036e09168c8dccccd1d43315ef4_page_1,69.95110961724998,758.0,False,,,,,,,,,,,,False,,headers_footers,3.0,3.0,"[{""id"": ""d8b9c4cd0ba9b036e09168c8dccccd1d43315ef4_page_1_header_00"", ""type"": ""absent"", ""passed"": true, ""category"": ""headers_footers""}, {""id"": ""d8b9c4cd0ba9b036e09168c8dccccd1d43315ef4_page_1.pdf_manual_00"", ""type"": ""absent"", ""passed"": true, ""category"": ""headers_footers""}, {""id"": ""auto_baseline"", ""type"": ""baseline"", ""passed"": true, ""category"": ""baseline""}]",,
deepseek-ocr2,docs,long_tiny_text__11_pg161_pg1,69.95110961724998,2739.0,False,,,,,,,,,,,,False,,long_tiny_text,9.0,9.0,"[{""id"": ""11_pg161_pg1_text_00"", ""type"": ""present"", ""passed"": true, ""category"": ""long_tiny_text""}, {""id"": ""11_pg161_pg1_text_01"", ""type"": ""present"", ""passed"": true, ""category"": ""long_tiny_text""}, {""id"": ""11_pg161_pg1_text_02"", ""type"": ""present"", ""passed"": true, ""category"": ""long_tiny_text""}, {""id"": ""11_pg161_pg1_text_03"", ""type"": ""present"", ""passed"": true, ""category"": ""long_tiny_text""}, {""id"": ""11_pg161_pg1_text_04"", ""type"": ""present"", ""passed"": true, ""category"": ""long_tiny_text""}, {""id"": ""11_pg161_pg1_text_05"", ""type"": ""present"", ""passed"": true, ""category"": ""long_tiny_text""}, {""id"": ""11_pg161_pg1_text_06"", ""type"": ""present"", ""passed"": true, ""category"": ""long_tiny_text""}, {""id"": ""11_pg161_pg1_text_07"", ""type"": ""present"", ""passed"": true, ""category"": ""long_tiny_text""}, {""id"": ""auto_baseline"", ""type"": ""baseline"", ""passed"": true, ""category"": ""baseline""}]",,
deepseek-ocr2,docs,long_tiny_text__11_pg375_pg1,69.95110961724998,2215.0,False,,,,,,,,,,,,False,,long_tiny_text,4.0,4.0,"[{""id"": ""11_pg375_pg1_text_00"", ""type"": ""present"", ""passed"": true, ""category"": ""long_tiny_text""}, {""id"": ""11_pg375_pg1_text_01"", ""type"": ""present"", ""passed"": true, ""category"": ""long_tiny_text""}, {""id"": ""11_pg375_pg1_text_02"", ""type"": ""present"", ""passed"": true, ""category"": ""long_tiny_text""}, {""id"": ""auto_baseline"", ""type"": ""baseline"", ""passed"": true, ""category"": ""baseline""}]",,
deepseek-ocr2,docs,long_tiny_text__13_pg556_pg1,69.95110961724998,2252.0,False,,,,,,,,,,,,False,,long_tiny_text,5.0,5.0,"[{""id"": ""13_pg556_pg1_text_00"", ""type"": ""present"", ""passed"": true, ""category"": ""long_tiny_text""}, {""id"": ""13_pg556_pg1_text_01"", ""type"": ""present"", ""passed"": true, ""category"": ""long_tiny_text""}, {""id"": ""13_pg556_pg1_text_02"", ""type"": ""present"", ""passed"": true, ""category"": ""long_tiny_text""}, {""id"": ""13_pg556_pg1_text_03"", ""type"": ""present"", ""passed"": true, ""category"": ""long_tiny_text""}, {""id"": ""auto_baseline"", ""type"": ""baseline"", ""passed"": true, ""category"": ""baseline""}]",,
deepseek-ocr2,docs,long_tiny_text__13_pg566_pg1,69.95110961724998,1929.0,False,,,,,,,,,,,,False,,long_tiny_text,6.0,6.0,"[{""id"": ""13_pg566_pg1_text_00"", ""type"": ""present"", ""passed"": true, ""category"": ""long_tiny_text""}, {""id"": ""13_pg566_pg1_text_01"", ""type"": ""present"", ""passed"": true, ""category"": ""long_tiny_text""}, {""id"": ""13_pg566_pg1_text_02"", ""type"": ""present"", ""passed"": true, ""category"": ""long_tiny_text""}, {""id"": ""13_pg566_pg1_text_03"", ""type"": ""present"", ""passed"": true, ""category"": ""long_tiny_text""}, {""id"": ""13_pg566_pg1_text_04"", ""type"": ""present"", ""passed"": true, ""category"": ""long_tiny_text""}, {""id"": ""auto_baseline"", ""type"": ""baseline"", ""passed"": true, ""category"": ""baseline""}]",,
deepseek-ocr2,docs,long_tiny_text__13_pg67_pg1,69.95110961724998,2731.0,False,,,,,,,,,,,,False,,long_tiny_text,6.0,6.0,"[{""id"": ""13_pg67_pg1_text_00"", ""type"": ""present"", ""passed"": true, ""category"": ""long_tiny_text""}, {""id"": ""13_pg67_pg1_text_01"", ""type"": ""present"", ""passed"": true, ""category"": ""long_tiny_text""}, {""id"": ""13_pg67_pg1_text_02"", ""type"": ""present"", ""passed"": true, ""category"": ""long_tiny_text""}, {""id"": ""13_pg67_pg1_text_03"", ""type"": ""present"", ""passed"": true, ""category"": ""long_tiny_text""}, {""id"": ""13_pg67_pg1_text_04"", ""type"": ""present"", ""passed"": true, ""category"": ""long_tiny_text""}, {""id"": ""auto_baseline"", ""type"": ""baseline"", ""passed"": true, ""category"": ""baseline""}]",,
deepseek-ocr2,docs,long_tiny_text__14a_pg1,69.95110961724998,4292.0,False,,,,,,,,,,,,False,,long_tiny_text,6.0,5.0,"[{""id"": ""14a_pg1_text_01"", ""type"": ""present"", ""passed"": true, ""category"": ""long_tiny_text""}, {""id"": ""14a_pg1_text_02"", ""type"": ""present"", ""passed"": true, ""category"": ""long_tiny_text""}, {""id"": ""14a_pg1_text_04"", ""type"": ""present"", ""passed"": false, ""category"": ""long_tiny_text""}, {""id"": ""14a_pg1_text_05"", ""type"": ""present"", ""passed"": true, ""category"": ""long_tiny_text""}, {""id"": ""14a_pg1_text_06"", ""type"": ""present"", ""passed"": true, ""category"": ""long_tiny_text""}, {""id"": ""auto_baseline"", ""type"": ""baseline"", ""passed"": true, ""category"": ""baseline""}]",,
deepseek-ocr2,docs,long_tiny_text__15c_pg1,69.95110961724998,1895.0,False,,,,,,,,,,,,False,,long_tiny_text,5.0,5.0,"[{""id"": ""15c_pg1_text_00"", ""type"": ""present"", ""passed"": true, ""category"": ""long_tiny_text""}, {""id"": ""15c_pg1_text_01"", ""type"": ""present"", ""passed"": true, ""category"": ""long_tiny_text""}, {""id"": ""15c_pg1_text_02"", ""type"": ""present"", ""passed"": true, ""category"": ""long_tiny_text""}, {""id"": ""15c_pg1_text_03"", ""type"": ""present"", ""passed"": true, ""category"": ""long_tiny_text""}, {""id"": ""auto_baseline"", ""type"": ""baseline"", ""passed"": true, ""category"": ""baseline""}]",,
deepseek-ocr2,docs,long_tiny_text__17_pg2_pg1,69.95110961724998,1311.0,False,,,,,,,,,,,,False,,long_tiny_text,40.0,38.0,"[{""id"": ""17_pg2_pg1_text_00"", ""type"": ""present"", ""passed"": true, ""category"": ""long_tiny_text""}, {""id"": ""17_pg2_pg1_text_01"", ""type"": ""present"", ""passed"": true, ""category"": ""long_tiny_text""}, {""id"": ""17_pg2_pg1_text_02"", ""type"": ""present"", ""passed"": true, ""category"": ""long_tiny_text""}, {""id"": ""17_pg2_pg1_text_03"", ""type"": ""present"", ""passed"": true, ""category"": ""long_tiny_text""}, {""id"": ""17_pg2_pg1_text_04"", ""type"": ""present"", ""passed"": true, ""category"": ""long_tiny_text""}, {""id"": ""17_pg2_pg1_text_06"", ""type"": ""present"", ""passed"": true, ""category"": ""long_tiny_text""}, {""id"": ""17_pg2_pg1_text_07"", ""type"": ""present"", ""passed"": true, ""category"": ""long_tiny_text""}, {""id"": ""17_pg2_pg1_text_09"", ""type"": ""present"", ""passed"": true, ""category"": ""long_tiny_text""}, {""id"": ""17_pg2_pg1_text_10"", ""type"": ""present"", ""passed"": true, ""category"": ""long_tiny_text""}, {""id"": ""17_pg2_pg1_text_12"", ""type"": ""present"", ""passed"": true, ""category"": ""long_tiny_text""}, {""id"": ""17_pg2_pg1_text_13"", ""type"": ""present"", ""passed"": true, ""category"": ""long_tiny_text""}, {""id"": ""17_pg2_pg1_text_16"", ""type"": ""present"", ""passed"": true, ""category"": ""long_tiny_text""}, {""id"": ""17_pg2_pg1_text_17"", ""type"": ""present"", ""passed"": false, ""category"": ""long_tiny_text""}, {""id"": ""17_pg2_pg1_text_20"", ""type"": ""present"", ""passed"": true, ""category"": ""long_tiny_text""}, {""id"": ""17_pg2_pg1_text_23"", ""type"": ""present"", ""passed"": true, ""category"": ""long_tiny_text""}, {""id"": ""17_pg2_pg1_text_24"", ""type"": ""present"", ""passed"": true, ""category"": ""long_tiny_text""}, {""id"": ""17_pg2_pg1_text_25"", ""type"": ""present"", ""passed"": true, ""category"": ""long_tiny_text""}, {""id"": ""17_pg2_pg1_text_27"", ""type"": ""present"", ""passed"": true, ""category"": ""long_tiny_text""}, {""id"": ""17_pg2_pg1_text_28"", ""type"": ""present"", ""passed"": true, ""category"": ""long_tiny_text""}, {""id"": ""17_pg2_pg1_text_30"", ""type"": ""present"", ""passed"": true, ""category"": ""long_tiny_text""}, {""id"": ""17_pg2_pg1_text_31"", ""type"": ""present"", ""passed"": true, ""category"": ""long_tiny_text""}, {""id"": ""17_pg2_pg1_text_34"", ""type"": ""present"", ""passed"": true, ""category"": ""long_tiny_text""}, {""id"": ""17_pg2_pg1_text_37"", ""type"": ""present"", ""passed"": false, ""category"": ""long_tiny_text""}, {""id"": ""17_pg2_pg1_text_41"", ""type"": ""present"", ""passed"": true, ""category"": ""long_tiny_text""}, {""id"": ""17_pg2_pg1_text_43"", ""type"": ""present"", ""passed"": true, ""category"": ""long_tiny_text""}, {""id"": ""17_pg2_pg1_text_45"", ""type"": ""present"", ""passed"": true, ""category"": ""long_tiny_text""}, {""id"": ""17_pg2_pg1_text_49"", ""type"": ""present"", ""passed"": true, ""category"": ""long_tiny_text""}, {""id"": ""17_pg2_pg1_text_51"", ""type"": ""present"", ""passed"": true, ""category"": ""long_tiny_text""}, {""id"": ""17_pg2_pg1_text_56"", ""type"": ""present"", ""passed"": true, ""category"": ""long_tiny_text""}, {""id"": ""17_pg2_pg1_text_61"", ""type"": ""present"", ""passed"": true, ""category"": ""long_tiny_text""}, {""id"": ""17_pg2_pg1_text_65"", ""type"": ""present"", ""passed"": true, ""category"": ""long_tiny_text""}, {""id"": ""17_pg2_pg1_text_69"", ""type"": ""present"", ""passed"": true, ""category"": ""long_tiny_text""}, {""id"": ""17_pg2_pg1_text_74"", ""type"": ""present"", ""passed"": true, ""category"": ""long_tiny_text""}, {""id"": ""17_pg2_pg1_text_80"", ""type"": ""present"", ""passed"": true, ""category"": ""long_tiny_text""}, {""id"": ""17_pg2_pg1_text_83"", ""type"": ""present"", ""passed"": true, ""category"": ""long_tiny_text""}, {""id"": ""17_pg2_pg1_text_86"", ""type"": ""present"", ""passed"": true, ""category"": ""long_tiny_text""}, {""id"": ""17_pg2_pg1_text_88"", ""type"": ""present"", ""passed"": true, ""category"": ""long_tiny_text""}, {""id"": ""17_pg2_pg1_text_95"", ""type"": ""present"", ""passed"": true, ""category"": ""long_tiny_text""}, {""id"": ""17_pg2_pg1_text_97"", ""type"": ""present"", ""passed"": true, ""category"": ""long_tiny_text""}, {""id"": ""auto_baseline"", ""type"": ""baseline"", ""passed"": true, ""category"": ""baseline""}]",,
deepseek-ocr2,docs,long_tiny_text__20_pg40_pg1,69.95110961724998,2652.0,False,,,,,,,,,,,,False,,long_tiny_text,6.0,6.0,"[{""id"": ""20_pg40_pg1_text_00"", ""type"": ""present"", ""passed"": true, ""category"": ""long_tiny_text""}, {""id"": ""20_pg40_pg1_text_01"", ""type"": ""present"", ""passed"": true, ""category"": ""long_tiny_text""}, {""id"": ""20_pg40_pg1_text_02"", ""type"": ""present"", ""passed"": true, ""category"": ""long_tiny_text""}, {""id"": ""20_pg40_pg1_text_03"", ""type"": ""present"", ""passed"": true, ""category"": ""long_tiny_text""}, {""id"": ""20_pg40_pg1_text_04"", ""type"": ""present"", ""passed"": true, ""category"": ""long_tiny_text""}, {""id"": ""auto_baseline"", ""type"": ""baseline"", ""passed"": true, ""category"": ""baseline""}]",,
deepseek-ocr2,docs,long_tiny_text__20_pg46_pg1,69.95110961724998,2135.0,False,,,,,,,,,,,,False,,long_tiny_text,10.0,9.0,"[{""id"": ""20_pg46_pg1_text_00"", ""type"": ""present"", ""passed"": true, ""category"": ""long_tiny_text""}, {""id"": ""20_pg46_pg1_text_01"", ""type"": ""present"", ""passed"": true, ""category"": ""long_tiny_text""}, {""id"": ""20_pg46_pg1_text_02"", ""type"": ""present"", ""passed"": true, ""category"": ""long_tiny_text""}, {""id"": ""20_pg46_pg1_text_03"", ""type"": ""present"", ""passed"": false, ""category"": ""long_tiny_text""}, {""id"": ""20_pg46_pg1_text_04"", ""type"": ""present"", ""passed"": true, ""category"": ""long_tiny_text""}, {""id"": ""20_pg46_pg1_text_05"", ""type"": ""present"", ""passed"": true, ""category"": ""long_tiny_text""}, {""id"": ""20_pg46_pg1_text_06"", ""type"": ""present"", ""passed"": true, ""category"": ""long_tiny_text""}, {""id"": ""20_pg46_pg1_text_08"", ""type"": ""present"", ""passed"": true, ""category"": ""long_tiny_text""}, {""id"": ""20_pg46_pg1_text_09"", ""type"": ""present"", ""passed"": true, ""category"": ""long_tiny_text""}, {""id"": ""auto_baseline"", ""type"": ""baseline"", ""passed"": true, ""category"": ""baseline""}]",,
deepseek-ocr2,docs,multi_column__00945e98ea0970dcffb8f548336df3a0137f_page_4_pg1,69.95110961724998,1011.0,False,,,,,,,,,,,,False,,multi_column,4.0,4.0,"[{""id"": ""00945e98ea0970dcffb8f548336df3a0137f_page_4.pdf_order_0a8f368a"", ""type"": ""order"", ""passed"": true, ""category"": ""multi_column""}, {""id"": ""00945e98ea0970dcffb8f548336df3a0137f_page_4.pdf_order_3d4bbd69"", ""type"": ""order"", ""passed"": true, ""category"": ""multi_column""}, {""id"": ""00945e98ea0970dcffb8f548336df3a0137f_page_4.pdf_order_4cbab131"", ""type"": ""order"", ""passed"": true, ""category"": ""multi_column""}, {""id"": ""auto_baseline"", ""type"": ""baseline"", ""passed"": true, ""category"": ""baseline""}]",,
deepseek-ocr2,docs,multi_column__00e2c7719d58bb49fd4031cce9dcccdddec2_page_1_pg1,69.95110961724998,857.0,False,,,,,,,,,,,,False,,multi_column,3.0,2.0,"[{""id"": ""00e2c7719d58bb49fd4031cce9dcccdddec2_page_1.pdf_order_85be1097"", ""type"": ""order"", ""passed"": true, ""category"": ""multi_column""}, {""id"": ""00e2c7719d58bb49fd4031cce9dcccdddec2_page_1.pdf_order_b903400b"", ""type"": ""order"", ""passed"": false, ""category"": ""multi_column""}, {""id"": ""auto_baseline"", ""type"": ""baseline"", ""passed"": true, ""category"": ""baseline""}]",,
deepseek-ocr2,docs,multi_column__0114396ecb251aa3ebaeaeaed6bd4fe50bd2_page_2_pg1,69.95110961724998,1116.0,False,,,,,,,,,,,,False,,multi_column,6.0,6.0,"[{""id"": ""0114396ecb251aa3ebaeaeaed6bd4fe50bd2_page_2.pdf_order_e5d2d945"", ""type"": ""order"", ""passed"": true, ""category"": ""multi_column""}, {""id"": ""0114396ecb251aa3ebaeaeaed6bd4fe50bd2_page_2.pdf_order_6b2daa2b"", ""type"": ""order"", ""passed"": true, ""category"": ""multi_column""}, {""id"": ""0114396ecb251aa3ebaeaeaed6bd4fe50bd2_page_2.pdf_order_f61eafae"", ""type"": ""order"", ""passed"": true, ""category"": ""multi_column""}, {""id"": ""0114396ecb251aa3ebaeaeaed6bd4fe50bd2_page_2.pdf_order_40a2536e"", ""type"": ""order"", ""passed"": true, ""category"": ""multi_column""}, {""id"": ""0114396ecb251aa3ebaeaeaed6bd4fe50bd2_page_2.pdf_order_b8d41298"", ""type"": ""order"", ""passed"": true, ""category"": ""multi_column""}, {""id"": ""auto_baseline"", ""type"": ""baseline"", ""passed"": true, ""category"": ""baseline""}]",,
deepseek-ocr2,docs,multi_column__019a8841dddeb304774ba62a9f5d8dccb43d_page_2_pg1,69.95110961724998,2670.0,False,,,,,,,,,,,,False,,multi_column,5.0,3.0,"[{""id"": ""019a8841dddeb304774ba62a9f5d8dccb43d_page_2.pdf_order_00d331ca"", ""type"": ""order"", ""passed"": true, ""category"": ""multi_column""}, {""id"": ""019a8841dddeb304774ba62a9f5d8dccb43d_page_2.pdf_order_2410e748"", ""type"": ""order"", ""passed"": false, ""category"": ""multi_column""}, {""id"": ""019a8841dddeb304774ba62a9f5d8dccb43d_page_2.pdf_order_5a8cba0a"", ""type"": ""order"", ""passed"": true, ""category"": ""multi_column""}, {""id"": ""019a8841dddeb304774ba62a9f5d8dccb43d_page_2.pdf_order_6a2477bc"", ""type"": ""order"", ""passed"": false, ""category"": ""multi_column""}, {""id"": ""auto_baseline"", ""type"": ""baseline"", ""passed"": true, ""category"": ""baseline""}]",,
deepseek-ocr2,docs,multi_column__0208fbb5d6b646f972f4702428ad2cede5c5_page_6_pg1,69.95110961724998,1058.0,False,,,,,,,,,,,,False,,multi_column,2.0,2.0,"[{""id"": ""0208fbb5d6b646f972f4702428ad2cede5c5_page_6.pdf_order_71ab8004"", ""type"": ""order"", ""passed"": true, ""category"": ""multi_column""}, {""id"": ""auto_baseline"", ""type"": ""baseline"", ""passed"": true, ""category"": ""baseline""}]",,
deepseek-ocr2,docs,multi_column__027c390510b2fd3364f5a382f2bc304af018_page_4_pg1,69.95110961724998,1746.0,False,,,,,,,,,,,,False,,multi_column,5.0,4.0,"[{""id"": ""027c390510b2fd3364f5a382f2bc304af018_page_4.pdf_order_ea693a98"", ""type"": ""order"", ""passed"": true, ""category"": ""multi_column""}, {""id"": ""027c390510b2fd3364f5a382f2bc304af018_page_4.pdf_order_053bda58"", ""type"": ""order"", ""passed"": true, ""category"": ""multi_column""}, {""id"": ""027c390510b2fd3364f5a382f2bc304af018_page_4.pdf_order_9e06820d"", ""type"": ""order"", ""passed"": true, ""category"": ""multi_column""}, {""id"": ""027c390510b2fd3364f5a382f2bc304af018_page_4.pdf_order_97e749bf"", ""type"": ""order"", ""passed"": false, ""category"": ""multi_column""}, {""id"": ""auto_baseline"", ""type"": ""baseline"", ""passed"": true, ""category"": ""baseline""}]",,
deepseek-ocr2,docs,multi_column__02943986dff2d4a84b7c2dd81abfc51fceea_page_5_pg1,69.95110961724998,1031.0,False,,,,,,,,,,,,False,,multi_column,5.0,5.0,"[{""id"": ""02943986dff2d4a84b7c2dd81abfc51fceea_page_5.pdf_order_3f1adc6b"", ""type"": ""order"", ""passed"": true, ""category"": ""multi_column""}, {""id"": ""02943986dff2d4a84b7c2dd81abfc51fceea_page_5.pdf_order_00ce4e6f"", ""type"": ""order"", ""passed"": true, ""category"": ""multi_column""}, {""id"": ""02943986dff2d4a84b7c2dd81abfc51fceea_page_5.pdf_order_46755e50"", ""type"": ""order"", ""passed"": true, ""category"": ""multi_column""}, {""id"": ""02943986dff2d4a84b7c2dd81abfc51fceea_page_5.pdf_order_13f6999c"", ""type"": ""order"", ""passed"": true, ""category"": ""multi_column""}, {""id"": ""auto_baseline"", ""type"": ""baseline"", ""passed"": true, ""category"": ""baseline""}]",,
deepseek-ocr2,docs,multi_column__02943986dff2d4a84b7c2dd81abfc51fceea_page_9_pg1,69.95110961724998,1135.0,False,,,,,,,,,,,,False,,multi_column,5.0,5.0,"[{""id"": ""02943986dff2d4a84b7c2dd81abfc51fceea_page_9.pdf_order_babd8e0e"", ""type"": ""order"", ""passed"": true, ""category"": ""multi_column""}, {""id"": ""02943986dff2d4a84b7c2dd81abfc51fceea_page_9.pdf_order_2e6f0ead"", ""type"": ""order"", ""passed"": true, ""category"": ""multi_column""}, {""id"": ""02943986dff2d4a84b7c2dd81abfc51fceea_page_9.pdf_order_7e60c895"", ""type"": ""order"", ""passed"": true, ""category"": ""multi_column""}, {""id"": ""02943986dff2d4a84b7c2dd81abfc51fceea_page_9.pdf_order_81a40b7f"", ""type"": ""order"", ""passed"": true, ""category"": ""multi_column""}, {""id"": ""auto_baseline"", ""type"": ""baseline"", ""passed"": true, ""category"": ""baseline""}]",,
deepseek-ocr2,docs,multi_column__038650c9dfd95e7495d0c4d301d9dcca735a_page_1_pg1,69.95110961724998,1786.0,False,,,,,,,,,,,,False,,multi_column,5.0,5.0,"[{""id"": ""038650c9dfd95e7495d0c4d301d9dcca735a_page_1.pdf_order_eb32d864"", ""type"": ""order"", ""passed"": true, ""category"": ""multi_column""}, {""id"": ""038650c9dfd95e7495d0c4d301d9dcca735a_page_1.pdf_order_517c20f9"", ""type"": ""order"", ""passed"": true, ""category"": ""multi_column""}, {""id"": ""038650c9dfd95e7495d0c4d301d9dcca735a_page_1.pdf_order_12a7fa3e"", ""type"": ""order"", ""passed"": true, ""category"": ""multi_column""}, {""id"": ""038650c9dfd95e7495d0c4d301d9dcca735a_page_1.pdf_order_cf779f79"", ""type"": ""order"", ""passed"": true, ""category"": ""multi_column""}, {""id"": ""auto_baseline"", ""type"": ""baseline"", ""passed"": true, ""category"": ""baseline""}]",,
deepseek-ocr2,docs,multi_column__0845863d27c84b14011e17a388821525e783_page_16_pg1,69.95110961724998,4573.0,False,,,,,,,,,,,,False,,multi_column,4.0,3.0,"[{""id"": ""0845863d27c84b14011e17a388821525e783_page_16.pdf_order_dffceb1b"", ""type"": ""order"", ""passed"": true, ""category"": ""multi_column""}, {""id"": ""0845863d27c84b14011e17a388821525e783_page_16.pdf_order_ac24f586"", ""type"": ""order"", ""passed"": true, ""category"": ""multi_column""}, {""id"": ""0845863d27c84b14011e17a388821525e783_page_16.pdf_order_4bda9b61"", ""type"": ""order"", ""passed"": false, ""category"": ""multi_column""}, {""id"": ""auto_baseline"", ""type"": ""baseline"", ""passed"": true, ""category"": ""baseline""}]",,
deepseek-ocr2,docs,old_scans__1,69.95110961724998,172.0,False,,,,,,,,,,,,False,,old_scans,6.0,1.0,"[{""id"": ""1_680487"", ""type"": ""present"", ""passed"": false, ""category"": ""old_scans""}, {""id"": ""1_126739"", ""type"": ""absent"", ""passed"": false, ""category"": ""old_scans""}, {""id"": ""1_36225"", ""type"": ""present"", ""passed"": false, ""category"": ""old_scans""}, {""id"": ""1_787572"", ""type"": ""order"", ""passed"": false, ""category"": ""old_scans""}, {""id"": ""1_298389"", ""type"": ""order"", ""passed"": false, ""category"": ""old_scans""}, {""id"": ""auto_baseline"", ""type"": ""baseline"", ""passed"": true, ""category"": ""baseline""}]",,
deepseek-ocr2,docs,old_scans__21,69.95110961724998,222.0,False,,,,,,,,,,,,False,,old_scans,8.0,2.0,"[{""id"": ""21_398162"", ""type"": ""present"", ""passed"": false, ""category"": ""old_scans""}, {""id"": ""21_382528"", ""type"": ""order"", ""passed"": false, ""category"": ""old_scans""}, {""id"": ""21_229684"", ""type"": ""absent"", ""passed"": true, ""category"": ""old_scans""}, {""id"": ""21_712729"", ""type"": ""present"", ""passed"": false, ""category"": ""old_scans""}, {""id"": ""21_289946"", ""type"": ""present"", ""passed"": false, ""category"": ""old_scans""}, {""id"": ""21_745911"", ""type"": ""present"", ""passed"": false, ""category"": ""old_scans""}, {""id"": ""21_992153"", ""type"": ""order"", ""passed"": false, ""category"": ""old_scans""}, {""id"": ""auto_baseline"", ""type"": ""baseline"", ""passed"": true, ""category"": ""baseline""}]",,
doctr,books,birdsofgreatbrit02butl_0093_full,2.721158271749971,,False,birdsofgreatbrit02butl,en,0.027097902097902096,0.017872711421098517,0.0673854447439353,41.0,2294.0,0.9689119170984456,0.9639175257731959,0.03608247422680412,1.0039232781168266,False,False,,,,,,
doctr,books,birdsofgreatbrit02butl_0126_full,2.721158271749971,,False,birdsofgreatbrit02butl,en,0.022903453136011276,0.01232394366197183,0.049891540130151846,35.0,2840.0,0.9717741935483871,0.9717741935483871,0.028225806451612902,1.0007042253521128,False,False,,,,,,
doctr,books,birdsofgreatbrit02butl_0156_full,2.721158271749971,,False,birdsofgreatbrit02butl,en,0.03387096774193549,0.0213903743315508,0.0756578947368421,40.0,1870.0,0.9583333333333334,0.9552715654952076,0.04472843450479233,1.0064171122994652,False,False,,,,,,
doctr,books,birdsofgreatbrit02butl_0159_full,2.721158271749971,,False,birdsofgreatbrit02butl,en,0.018345448251990307,0.010700724887814981,0.03088803088803089,31.0,2897.0,0.9887640449438202,0.9869158878504672,0.013084112149532711,1.0017259233690023,False,False,,,,,,
doctr,books,birdsofgreatbrit02butl_0172_full,2.721158271749971,,False,birdsofgreatbrit02butl,en,0.02311589613679544,0.0069138906348208675,0.027586206896551724,22.0,3182.0,0.9864406779661017,0.9864406779661017,0.013559322033898305,0.9996857322438718,False,False,,,,,,
doctr,books,birdsofgreatbrit02butl_0308_full,2.721158271749971,,False,birdsofgreatbrit02butl,en,0.01643835616438356,0.01095290251916758,0.04878048780487805,20.0,1826.0,0.9881305637982196,0.985207100591716,0.014792899408284023,0.9994523548740416,False,False,,,,,,
doctr,books,birdsofgreatbrit02butl_0312_full,2.721158271749971,,False,birdsofgreatbrit02butl,en,0.013059701492537313,0.008387698042870456,0.033707865168539325,9.0,1073.0,0.989010989010989,0.972972972972973,0.02702702702702703,1.0046598322460392,False,False,,,,,,
doctr,books,birdsofgreatbrit02butl_0320_full,2.721158271749971,,False,birdsofgreatbrit02butl,en,0.015930814747382796,0.012738853503184714,0.04657534246575343,28.0,2198.0,0.9791666666666666,0.9740932642487047,0.025906735751295335,1.0018198362147406,False,False,,,,,,
doctr,books,birdsofgreatbrit02butl_0328_full,3.1218340913750353,,False,birdsofgreatbrit02butl,en,0.04776579352850539,0.04776579352850539,0.2631578947368421,31.0,649.0,0.8679245283018868,0.8214285714285714,0.17857142857142858,1.012326656394453,False,False,,,,,,
doctr,books,conchologiaiconi05reev_0039_full,3.1218340913750353,,False,conchologiaiconi05reev,en,0.030279898218829517,0.020621181262729125,0.10157618213660245,81.0,3928.0,0.9179487179487179,0.9163822525597269,0.08361774744027303,1.0,False,False,,,,,,
doctr,books,conchologiaiconi05reev_0127_full,3.1218340913750353,,False,conchologiaiconi05reev,en,0.039715616572689384,0.03125769136106325,0.15057915057915058,127.0,4063.0,0.8810408921933085,0.8794063079777366,0.12059369202226346,1.0012306177701207,False,False,,,,,,
doctr,books,conchologiaiconi05reev_0200_full,3.1218340913750353,,False,conchologiaiconi05reev,en,0.22370138345079613,0.21541294055760127,0.28628230616302186,819.0,3802.0,0.8869731800766284,0.8852772466539197,0.1147227533460803,1.0015781167806417,False,False,,,,,,
doctr,books,conchologiaiconi05reev_0235_full,3.1218340913750353,,False,conchologiaiconi05reev,en,0.2454973676918814,0.23348139922265407,0.31956521739130433,841.0,3602.0,0.8723849372384938,0.8723849372384938,0.12761506276150628,0.9997223764575236,False,False,,,,,,
doctr,books,conchologiaiconi05reev_0271_full,3.1218340913750353,,False,conchologiaiconi05reev,en,0.392550911039657,0.38226627377444417,0.5462184873949579,1427.0,3733.0,0.8600405679513184,0.8635437881873728,0.1364562118126273,1.0,False,False,,,,,,
doctr,books,conchologiaiconi05reev_0276_full,3.1218340913750353,,False,conchologiaiconi05reev,en,0.16043715846994536,0.15187376725838264,0.24390243902439024,693.0,4563.0,0.8793969849246231,0.8823529411764706,0.11764705882352941,0.9982467674775367,False,False,,,,,,
doctr,books,conchologiaiconi05reev_0350_full,3.1218340913750353,,False,conchologiaiconi05reev,en,0.036155606407322655,0.022048690858980247,0.13898305084745763,48.0,2177.0,0.8841059602649006,0.8841059602649006,0.11589403973509933,1.0004593477262287,False,False,,,,,,
doctr,books,conchologiaiconi05reev_0354_full,3.5454128878749884,,False,conchologiaiconi05reev,en,0.17177396682597695,0.15907813378302418,0.2489451476793249,566.0,3558.0,0.8640973630831643,0.8640973630831643,0.1359026369168357,0.9997189432265318,False,False,,,,,,
doctr,books,conchologiaiconi05reev_0433_full,3.5454128878749884,,False,conchologiaiconi05reev,en,0.5155699972921743,0.5122282608695652,0.6391304347826087,1885.0,3680.0,0.86652977412731,0.8683127572016461,0.13168724279835392,0.9980978260869565,False,False,,,,,,
doctr,books,daschitinskelett00prel_0011_full,3.5454128878749884,,False,daschitinskelett00prel,de,0.023839796567069294,0.023931078493937462,0.12903225806451613,75.0,3134.0,0.8909512761020881,0.8868360277136259,0.11316397228637413,1.0015954052329292,False,False,,,,,,
doctr,books,daschitinskelett00prel_0021_full,3.5454128878749884,,False,daschitinskelett00prel,de,0.020202020202020204,0.019735133731498312,0.11170212765957446,76.0,3851.0,0.9039145907473309,0.9023090586145648,0.09769094138543517,0.9992209815632304,False,False,,,,,,
doctr,books,daschitinskelett00prel_0034_full,3.5454128878749884,,False,daschitinskelett00prel,de,0.021768251841929,0.021797451374916163,0.11502347417840375,65.0,2982.0,0.9011764705882352,0.8927738927738927,0.10722610722610723,1.000670690811536,False,False,,,,,,
doctr,books,daschitinskelett00prel_0037_full,3.5454128878749884,,False,daschitinskelett00prel,de,0.022169437846397466,0.02066772655007949,0.122040072859745,78.0,3774.0,0.8978102189781022,0.8913043478260869,0.10869565217391304,1.0010598834128246,False,False,,,,,,
doctr,books,daschitinskelett00prel_0038_full,3.5454128878749884,,False,daschitinskelett00prel,de,0.02229712211563391,0.020567560531111688,0.10566037735849057,79.0,3841.0,0.9056603773584906,0.903954802259887,0.096045197740113,1.003124186409789,False,False,,,,,,
doctr,books,daschitinskelett00prel_0051_full,3.5454128878749884,,False,daschitinskelett00prel,de,0.018653894630703303,0.018710493046776234,0.11428571428571428,74.0,3955.0,0.8978494623655914,0.891459074733096,0.10854092526690391,1.0027812895069532,False,False,,,,,,
doctr,books,daschitinskelett00prel_0057_full,1.770350794250021,,False,daschitinskelett00prel,de,0.019208715596330275,0.019230769230769232,0.10714285714285714,67.0,3484.0,0.9096638655462185,0.9077568134171907,0.09224318658280922,1.0017221584385763,False,False,,,,,,
doctr,books,daschitinskelett00prel_0060_full,1.770350794250021,,False,daschitinskelett00prel,de,0.026607538802660754,0.026785714285714284,0.14049586776859505,24.0,896.0,0.8907563025210085,0.8833333333333333,0.11666666666666667,1.0011160714285714,False,False,,,,,,
doctr,books,histoirenaturell10cuvi_0014_full,1.770350794250021,,False,histoirenaturell10cuvi,fr,0.014285714285714285,0.011016949152542373,0.09090909090909091,13.0,1180.0,0.9202127659574468,0.9453551912568307,0.0546448087431694,0.9957627118644068,False,False,,,,,,
doctr,books,histoirenaturell10cuvi_0070_full,1.770350794250021,,False,histoirenaturell10cuvi,fr,0.09046454767726161,0.07078189300411522,0.18446601941747573,86.0,1215.0,0.9013452914798207,0.8933333333333333,0.10666666666666667,1.0032921810699589,False,False,,,,,,
doctr,books,histoirenaturell10cuvi_0172_full,1.770350794250021,,False,histoirenaturell10cuvi,fr,0.013009540329575022,0.0008695652173913044,0.005076142131979695,1.0,1150.0,0.9953271028037384,0.9953271028037384,0.004672897196261682,1.0,False,False,,,,,,
doctr,books,histoirenaturell10cuvi_0188_full,1.770350794250021,,False,histoirenaturell10cuvi,fr,0.030244530244530245,0.01288659793814433,0.045283018867924525,20.0,1552.0,0.9661016949152542,0.9661016949152542,0.03389830508474576,1.0045103092783505,False,False,,,,,,
doctr,books,histoirenaturell10cuvi_0251_full,1.770350794250021,,False,histoirenaturell10cuvi,fr,0.02901023890784983,0.014667817083692839,0.06965174129353234,17.0,1159.0,0.9579439252336449,0.9669811320754716,0.0330188679245283,1.0,False,False,,,,,,
doctr,books,histoirenaturell10cuvi_0343_full,1.770350794250021,,False,histoirenaturell10cuvi,fr,0.0508209538702111,0.04189723320158103,0.08040201005025126,53.0,1265.0,0.9803921568627451,0.9389671361502347,0.06103286384976526,1.0047430830039525,False,False,,,,,,
doctr,books,histoirenaturell10cuvi_0369_full,1.7479498453749898,,False,histoirenaturell10cuvi,fr,0.03461538461538462,0.019334880123743233,0.12727272727272726,25.0,1293.0,0.8879310344827587,0.9493087557603687,0.05069124423963134,0.9868522815158546,False,False,,,,,,
doctr,books,histoirenaturell10cuvi_0425_full,1.7479498453749898,,False,histoirenaturell10cuvi,fr,0.024699176694110196,0.00826972010178117,0.04332129963898917,13.0,1572.0,0.9761904761904762,0.9828767123287672,0.017123287671232876,0.9980916030534351,False,False,,,,,,
doctr,books,pisciumquerelaee00sche_0012_full,1.7479498453749898,,False,pisciumquerelaee00sche,la,0.15723645026801666,0.15370705244122965,0.5677966101694916,255.0,1659.0,0.46360153256704983,0.5353982300884956,0.4646017699115044,1.027124773960217,False,False,,,,,,
doctr,books,pisciumquerelaee00sche_0013_full,1.7479498453749898,,False,pisciumquerelaee00sche,la,0.11071849234393404,0.10760998810939358,0.5166666666666667,181.0,1682.0,0.50187265917603,0.600896860986547,0.3991031390134529,1.009512485136742,False,False,,,,,,
doctr,books,pisciumquerelaee00sche_0016_full,1.7479498453749898,,False,pisciumquerelaee00sche,la,0.116875,0.11652944901836605,0.5594713656387665,184.0,1579.0,0.5041322314049587,0.5622119815668203,0.4377880184331797,1.0107663077897404,False,False,,,,,,
doctr,books,pisciumquerelaee00sche_0035_full,1.7479498453749898,,False,pisciumquerelaee00sche,la,0.1847560975609756,0.17372621240024555,0.5526315789473685,283.0,1629.0,0.5121951219512195,0.5833333333333334,0.4166666666666667,1.0313075506445673,False,False,,,,,,
doctr,books,pisciumquerelaee00sche_0038_full,1.7479498453749898,,False,pisciumquerelaee00sche,la,0.16411682892906815,0.16607773851590105,0.5786802030456852,235.0,1415.0,0.504950495049505,0.5396825396825397,0.4603174603174603,1.0438162544169611,False,False,,,,,,
doctr,books,pisciumquerelaee00sche_0040_full,1.7479498453749898,,False,pisciumquerelaee00sche,la,0.16778900112233447,0.16997167138810199,0.7389705882352942,300.0,1765.0,0.4735099337748344,0.5909090909090909,0.4090909090909091,0.9909348441926346,False,False,,,,,,
doctr,books,pisciumquerelaee00sche_0041_full,1.8194833998750255,,False,pisciumquerelaee00sche,la,0.1214017521902378,0.11686670878079596,0.5,185.0,1583.0,0.5325670498084292,0.6233183856502242,0.37668161434977576,1.027163613392293,False,False,,,,,,
doctr,books,pisciumquerelaee00sche_0044_full,1.8194833998750255,,False,pisciumquerelaee00sche,la,0.27205882352941174,0.27722772277227725,0.7321428571428571,112.0,404.0,0.4528301886792453,0.46153846153846156,0.5384615384615384,1.0915841584158417,False,False,,,,,,
doctr,books,trudyrusskagoent161881russ_0098_full,1.8194833998750255,,False,trudyrusskagoent161881russ,fr+de,0.019917582417582416,0.015829318651066758,0.08823529411764706,23.0,1453.0,0.949748743718593,0.9402985074626866,0.05970149253731343,0.9986235375086029,False,False,,,,,,
doctr,books,trudyrusskagoent161881russ_0121_full,1.8194833998750255,,False,trudyrusskagoent161881russ,fr+de,0.03503184713375796,0.022872340425531913,0.11764705882352941,43.0,1880.0,0.9195804195804196,0.9131944444444444,0.08680555555555555,0.9984042553191489,False,False,,,,,,
doctr,books,trudyrusskagoent161881russ_0276_full,1.8194833998750255,,False,trudyrusskagoent161881russ,fr+de,0.041666666666666664,0.03530092592592592,0.11952191235059761,61.0,1728.0,0.9068825910931174,0.9032258064516129,0.0967741935483871,1.0011574074074074,False,False,,,,,,
doctr,books,trudyrusskagoent161881russ_0329_full,1.8194833998750255,,False,trudyrusskagoent161881russ,fr+de,0.050119331742243436,0.04697986577181208,0.14383561643835616,98.0,2086.0,0.8689655172413793,0.8873239436619719,0.11267605633802817,0.9803451581975072,False,False,,,,,,
doctr,books,trudyrusskagoent161881russ_0357_full,1.8194833998750255,,False,trudyrusskagoent161881russ,fr+de,0.04325259515570934,0.04004643064422519,0.1825726141078838,69.0,1723.0,0.8512396694214877,0.8408163265306122,0.15918367346938775,1.0017411491584445,False,False,,,,,,
doctr,books,trudyrusskagoent161881russ_0379_full,1.8194833998750255,,False,trudyrusskagoent161881russ,fr+de,0.017482517482517484,0.016056196688409432,0.07547169811320754,32.0,1993.0,0.954954954954955,0.9607250755287009,0.03927492447129909,0.994982438534872,False,False,,,,,,
doctr,books,trudyrusskagoent161881russ_0388_full,1.767475488999935,,False,trudyrusskagoent161881russ,fr+de,0.018022938285090113,0.013683634373289545,0.06397306397306397,25.0,1827.0,0.9902912621359223,0.9714285714285714,0.02857142857142857,0.9956212370005474,False,False,,,,,,
doctr,books,trudyrusskagoent161881russ_0446_full,1.767475488999935,,False,trudyrusskagoent161881russ,fr+de,0.026022304832713755,0.024299065420560748,0.07853403141361257,26.0,1070.0,0.985,0.9609756097560975,0.03902439024390244,0.9953271028037384,False,False,,,,,,
doctr,docs,headers_footers__0b8de922246569bf96136cd5bb1d9643b2d269fe_page_10_processed,2.515710398500005,,False,,,,,,,,,,,,False,,headers_footers,2.0,1.0,"[{""id"": ""0b8de922246569bf96136cd5bb1d9643b2d269fe_page_10_processed.pdf_manual_00"", ""type"": ""absent"", ""passed"": false, ""category"": ""headers_footers""}, {""id"": ""auto_baseline"", ""type"": ""baseline"", ""passed"": true, ""category"": ""baseline""}]",,
doctr,docs,headers_footers__12e836a20227be4b63f7dcdebb2498e9d189d4da_page_5_processed,2.515710398500005,,False,,,,,,,,,,,,False,,headers_footers,4.0,4.0,"[{""id"": ""12e836a20227be4b63f7dcdebb2498e9d189d4da_page_5_processed_pg1_header_00"", ""type"": ""absent"", ""passed"": true, ""category"": ""headers_footers""}, {""id"": ""12e836a20227be4b63f7dcdebb2498e9d189d4da_page_5_processed_pg1_header_01"", ""type"": ""absent"", ""passed"": true, ""category"": ""headers_footers""}, {""id"": ""12e836a20227be4b63f7dcdebb2498e9d189d4da_page_5_processed_pg1_header_02"", ""type"": ""absent"", ""passed"": true, ""category"": ""headers_footers""}, {""id"": ""auto_baseline"", ""type"": ""baseline"", ""passed"": true, ""category"": ""baseline""}]",,
doctr,docs,headers_footers__17ce5025be595d7fc2c3a347b6a2fa4e4d06419d_page_1,2.515710398500005,,False,,,,,,,,,,,,False,,headers_footers,2.0,2.0,"[{""id"": ""17ce5025be595d7fc2c3a347b6a2fa4e4d06419d_page_1_header_00"", ""type"": ""absent"", ""passed"": true, ""category"": ""headers_footers""}, {""id"": ""auto_baseline"", ""type"": ""baseline"", ""passed"": true, ""category"": ""baseline""}]",,
doctr,docs,headers_footers__1a3e61746b0965df09bce6cb1051c455807363d5_page_1,2.515710398500005,,False,,,,,,,,,,,,False,,headers_footers,3.0,2.0,"[{""id"": ""1a3e61746b0965df09bce6cb1051c455807363d5_page_1_header_00"", ""type"": ""absent"", ""passed"": false, ""category"": ""headers_footers""}, {""id"": ""1a3e61746b0965df09bce6cb1051c455807363d5_page_1.pdf_manual_00"", ""type"": ""absent"", ""passed"": true, ""category"": ""headers_footers""}, {""id"": ""auto_baseline"", ""type"": ""baseline"", ""passed"": true, ""category"": ""baseline""}]",,
doctr,docs,headers_footers__2cb8b9fbe5aaac3d7f95d110a3b08132ee09d103_page_2,2.515710398500005,,False,,,,,,,,,,,,False,,headers_footers,3.0,1.0,"[{""id"": ""2cb8b9fbe5aaac3d7f95d110a3b08132ee09d103_page_2_header_00"", ""type"": ""absent"", ""passed"": false, ""category"": ""headers_footers""}, {""id"": ""2cb8b9fbe5aaac3d7f95d110a3b08132ee09d103_page_2.pdf_manual_00"", ""type"": ""absent"", ""passed"": false, ""category"": ""headers_footers""}, {""id"": ""auto_baseline"", ""type"": ""baseline"", ""passed"": true, ""category"": ""baseline""}]",,
doctr,docs,headers_footers__363300831b3da664b1bfe972e4f86464fa076da3_page_149,2.515710398500005,,False,,,,,,,,,,,,False,,headers_footers,6.0,5.0,"[{""id"": ""363300831b3da664b1bfe972e4f86464fa076da3_page_149_header_00"", ""type"": ""absent"", ""passed"": true, ""category"": ""headers_footers""}, {""id"": ""363300831b3da664b1bfe972e4f86464fa076da3_page_149_header_01"", ""type"": ""absent"", ""passed"": false, ""category"": ""headers_footers""}, {""id"": ""363300831b3da664b1bfe972e4f86464fa076da3_page_149_header_15"", ""type"": ""absent"", ""passed"": true, ""category"": ""headers_footers""}, {""id"": ""363300831b3da664b1bfe972e4f86464fa076da3_page_149_header_16"", ""type"": ""absent"", ""passed"": true, ""category"": ""headers_footers""}, {""id"": ""363300831b3da664b1bfe972e4f86464fa076da3_page_149.pdf_manual_00"", ""type"": ""absent"", ""passed"": true, ""category"": ""headers_footers""}, {""id"": ""auto_baseline"", ""type"": ""baseline"", ""passed"": true, ""category"": ""baseline""}]",,
doctr,docs,headers_footers__62621cef2b1d5356a063aa7c9c735ac396fb2223_page_33,2.515710398500005,,False,,,,,,,,,,,,False,,headers_footers,4.0,2.0,"[{""id"": ""62621cef2b1d5356a063aa7c9c735ac396fb2223_page_33_header_00"", ""type"": ""absent"", ""passed"": false, ""category"": ""headers_footers""}, {""id"": ""62621cef2b1d5356a063aa7c9c735ac396fb2223_page_33.pdf_manual_00"", ""type"": ""absent"", ""passed"": true, ""category"": ""headers_footers""}, {""id"": ""62621cef2b1d5356a063aa7c9c735ac396fb2223_page_33.pdf_manual_01"", ""type"": ""absent"", ""passed"": false, ""category"": ""headers_footers""}, {""id"": ""auto_baseline"", ""type"": ""baseline"", ""passed"": true, ""category"": ""baseline""}]",,
doctr,docs,headers_footers__7901d119ed91a89f8fbabf0eef7174d75a7656e3_page_1,2.515710398500005,,False,,,,,,,,,,,,False,,headers_footers,2.0,1.0,"[{""id"": ""7901d119ed91a89f8fbabf0eef7174d75a7656e3_page_1.pdf_manual_00"", ""type"": ""absent"", ""passed"": false, ""category"": ""headers_footers""}, {""id"": ""auto_baseline"", ""type"": ""baseline"", ""passed"": true, ""category"": ""baseline""}]",,
doctr,docs,headers_footers__ba10222e40f05d76e2bf1d51c39066a4b1fe82ed_page_11,7.151291991625044,,False,,,,,,,,,,,,False,,headers_footers,3.0,2.0,"[{""id"": ""ba10222e40f05d76e2bf1d51c39066a4b1fe82ed_page_11_header_00"", ""type"": ""absent"", ""passed"": false, ""category"": ""headers_footers""}, {""id"": ""ba10222e40f05d76e2bf1d51c39066a4b1fe82ed_page_11.pdf_manual_00"", ""type"": ""absent"", ""passed"": true, ""category"": ""headers_footers""}, {""id"": ""auto_baseline"", ""type"": ""baseline"", ""passed"": true, ""category"": ""baseline""}]",,
doctr,docs,headers_footers__d8b9c4cd0ba9b036e09168c8dccccd1d43315ef4_page_1,7.151291991625044,,False,,,,,,,,,,,,False,,headers_footers,3.0,1.0,"[{""id"": ""d8b9c4cd0ba9b036e09168c8dccccd1d43315ef4_page_1_header_00"", ""type"": ""absent"", ""passed"": false, ""category"": ""headers_footers""}, {""id"": ""d8b9c4cd0ba9b036e09168c8dccccd1d43315ef4_page_1.pdf_manual_00"", ""type"": ""absent"", ""passed"": false, ""category"": ""headers_footers""}, {""id"": ""auto_baseline"", ""type"": ""baseline"", ""passed"": true, ""category"": ""baseline""}]",,
doctr,docs,long_tiny_text__11_pg161_pg1,7.151291991625044,,False,,,,,,,,,,,,False,,long_tiny_text,9.0,9.0,"[{""id"": ""11_pg161_pg1_text_00"", ""type"": ""present"", ""passed"": true, ""category"": ""long_tiny_text""}, {""id"": ""11_pg161_pg1_text_01"", ""type"": ""present"", ""passed"": true, ""category"": ""long_tiny_text""}, {""id"": ""11_pg161_pg1_text_02"", ""type"": ""present"", ""passed"": true, ""category"": ""long_tiny_text""}, {""id"": ""11_pg161_pg1_text_03"", ""type"": ""present"", ""passed"": true, ""category"": ""long_tiny_text""}, {""id"": ""11_pg161_pg1_text_04"", ""type"": ""present"", ""passed"": true, ""category"": ""long_tiny_text""}, {""id"": ""11_pg161_pg1_text_05"", ""type"": ""present"", ""passed"": true, ""category"": ""long_tiny_text""}, {""id"": ""11_pg161_pg1_text_06"", ""type"": ""present"", ""passed"": true, ""category"": ""long_tiny_text""}, {""id"": ""11_pg161_pg1_text_07"", ""type"": ""present"", ""passed"": true, ""category"": ""long_tiny_text""}, {""id"": ""auto_baseline"", ""type"": ""baseline"", ""passed"": true, ""category"": ""baseline""}]",,
doctr,docs,long_tiny_text__11_pg375_pg1,7.151291991625044,,False,,,,,,,,,,,,False,,long_tiny_text,4.0,2.0,"[{""id"": ""11_pg375_pg1_text_00"", ""type"": ""present"", ""passed"": true, ""category"": ""long_tiny_text""}, {""id"": ""11_pg375_pg1_text_01"", ""type"": ""present"", ""passed"": false, ""category"": ""long_tiny_text""}, {""id"": ""11_pg375_pg1_text_02"", ""type"": ""present"", ""passed"": false, ""category"": ""long_tiny_text""}, {""id"": ""auto_baseline"", ""type"": ""baseline"", ""passed"": true, ""category"": ""baseline""}]",,
doctr,docs,long_tiny_text__13_pg556_pg1,7.151291991625044,,False,,,,,,,,,,,,False,,long_tiny_text,5.0,1.0,"[{""id"": ""13_pg556_pg1_text_00"", ""type"": ""present"", ""passed"": false, ""category"": ""long_tiny_text""}, {""id"": ""13_pg556_pg1_text_01"", ""type"": ""present"", ""passed"": false, ""category"": ""long_tiny_text""}, {""id"": ""13_pg556_pg1_text_02"", ""type"": ""present"", ""passed"": false, ""category"": ""long_tiny_text""}, {""id"": ""13_pg556_pg1_text_03"", ""type"": ""present"", ""passed"": false, ""category"": ""long_tiny_text""}, {""id"": ""auto_baseline"", ""type"": ""baseline"", ""passed"": true, ""category"": ""baseline""}]",,
doctr,docs,long_tiny_text__13_pg566_pg1,7.151291991625044,,False,,,,,,,,,,,,False,,long_tiny_text,6.0,1.0,"[{""id"": ""13_pg566_pg1_text_00"", ""type"": ""present"", ""passed"": false, ""category"": ""long_tiny_text""}, {""id"": ""13_pg566_pg1_text_01"", ""type"": ""present"", ""passed"": false, ""category"": ""long_tiny_text""}, {""id"": ""13_pg566_pg1_text_02"", ""type"": ""present"", ""passed"": false, ""category"": ""long_tiny_text""}, {""id"": ""13_pg566_pg1_text_03"", ""type"": ""present"", ""passed"": false, ""category"": ""long_tiny_text""}, {""id"": ""13_pg566_pg1_text_04"", ""type"": ""present"", ""passed"": false, ""category"": ""long_tiny_text""}, {""id"": ""auto_baseline"", ""type"": ""baseline"", ""passed"": true, ""category"": ""baseline""}]",,
doctr,docs,long_tiny_text__13_pg67_pg1,7.151291991625044,,False,,,,,,,,,,,,False,,long_tiny_text,6.0,3.0,"[{""id"": ""13_pg67_pg1_text_00"", ""type"": ""present"", ""passed"": false, ""category"": ""long_tiny_text""}, {""id"": ""13_pg67_pg1_text_01"", ""type"": ""present"", ""passed"": true, ""category"": ""long_tiny_text""}, {""id"": ""13_pg67_pg1_text_02"", ""type"": ""present"", ""passed"": false, ""category"": ""long_tiny_text""}, {""id"": ""13_pg67_pg1_text_03"", ""type"": ""present"", ""passed"": false, ""category"": ""long_tiny_text""}, {""id"": ""13_pg67_pg1_text_04"", ""type"": ""present"", ""passed"": true, ""category"": ""long_tiny_text""}, {""id"": ""auto_baseline"", ""type"": ""baseline"", ""passed"": true, ""category"": ""baseline""}]",,
doctr,docs,long_tiny_text__14a_pg1,7.151291991625044,,False,,,,,,,,,,,,False,,long_tiny_text,6.0,5.0,"[{""id"": ""14a_pg1_text_01"", ""type"": ""present"", ""passed"": true, ""category"": ""long_tiny_text""}, {""id"": ""14a_pg1_text_02"", ""type"": ""present"", ""passed"": true, ""category"": ""long_tiny_text""}, {""id"": ""14a_pg1_text_04"", ""type"": ""present"", ""passed"": false, ""category"": ""long_tiny_text""}, {""id"": ""14a_pg1_text_05"", ""type"": ""present"", ""passed"": true, ""category"": ""long_tiny_text""}, {""id"": ""14a_pg1_text_06"", ""type"": ""present"", ""passed"": true, ""category"": ""long_tiny_text""}, {""id"": ""auto_baseline"", ""type"": ""baseline"", ""passed"": true, ""category"": ""baseline""}]",,
doctr,docs,long_tiny_text__15c_pg1,5.513189453624989,,False,,,,,,,,,,,,False,,long_tiny_text,5.0,3.0,"[{""id"": ""15c_pg1_text_00"", ""type"": ""present"", ""passed"": true, ""category"": ""long_tiny_text""}, {""id"": ""15c_pg1_text_01"", ""type"": ""present"", ""passed"": true, ""category"": ""long_tiny_text""}, {""id"": ""15c_pg1_text_02"", ""type"": ""present"", ""passed"": false, ""category"": ""long_tiny_text""}, {""id"": ""15c_pg1_text_03"", ""type"": ""present"", ""passed"": false, ""category"": ""long_tiny_text""}, {""id"": ""auto_baseline"", ""type"": ""baseline"", ""passed"": true, ""category"": ""baseline""}]",,
doctr,docs,long_tiny_text__17_pg2_pg1,5.513189453624989,,False,,,,,,,,,,,,False,,long_tiny_text,40.0,34.0,"[{""id"": ""17_pg2_pg1_text_00"", ""type"": ""present"", ""passed"": true, ""category"": ""long_tiny_text""}, {""id"": ""17_pg2_pg1_text_01"", ""type"": ""present"", ""passed"": true, ""category"": ""long_tiny_text""}, {""id"": ""17_pg2_pg1_text_02"", ""type"": ""present"", ""passed"": true, ""category"": ""long_tiny_text""}, {""id"": ""17_pg2_pg1_text_03"", ""type"": ""present"", ""passed"": true, ""category"": ""long_tiny_text""}, {""id"": ""17_pg2_pg1_text_04"", ""type"": ""present"", ""passed"": false, ""category"": ""long_tiny_text""}, {""id"": ""17_pg2_pg1_text_06"", ""type"": ""present"", ""passed"": true, ""category"": ""long_tiny_text""}, {""id"": ""17_pg2_pg1_text_07"", ""type"": ""present"", ""passed"": true, ""category"": ""long_tiny_text""}, {""id"": ""17_pg2_pg1_text_09"", ""type"": ""present"", ""passed"": true, ""category"": ""long_tiny_text""}, {""id"": ""17_pg2_pg1_text_10"", ""type"": ""present"", ""passed"": true, ""category"": ""long_tiny_text""}, {""id"": ""17_pg2_pg1_text_12"", ""type"": ""present"", ""passed"": true, ""category"": ""long_tiny_text""}, {""id"": ""17_pg2_pg1_text_13"", ""type"": ""present"", ""passed"": false, ""category"": ""long_tiny_text""}, {""id"": ""17_pg2_pg1_text_16"", ""type"": ""present"", ""passed"": true, ""category"": ""long_tiny_text""}, {""id"": ""17_pg2_pg1_text_17"", ""type"": ""present"", ""passed"": false, ""category"": ""long_tiny_text""}, {""id"": ""17_pg2_pg1_text_20"", ""type"": ""present"", ""passed"": true, ""category"": ""long_tiny_text""}, {""id"": ""17_pg2_pg1_text_23"", ""type"": ""present"", ""passed"": true, ""category"": ""long_tiny_text""}, {""id"": ""17_pg2_pg1_text_24"", ""type"": ""present"", ""passed"": true, ""category"": ""long_tiny_text""}, {""id"": ""17_pg2_pg1_text_25"", ""type"": ""present"", ""passed"": true, ""category"": ""long_tiny_text""}, {""id"": ""17_pg2_pg1_text_27"", ""type"": ""present"", ""passed"": true, ""category"": ""long_tiny_text""}, {""id"": ""17_pg2_pg1_text_28"", ""type"": ""present"", ""passed"": true, ""category"": ""long_tiny_text""}, {""id"": ""17_pg2_pg1_text_30"", ""type"": ""present"", ""passed"": true, ""category"": ""long_tiny_text""}, {""id"": ""17_pg2_pg1_text_31"", ""type"": ""present"", ""passed"": true, ""category"": ""long_tiny_text""}, {""id"": ""17_pg2_pg1_text_34"", ""type"": ""present"", ""passed"": true, ""category"": ""long_tiny_text""}, {""id"": ""17_pg2_pg1_text_37"", ""type"": ""present"", ""passed"": true, ""category"": ""long_tiny_text""}, {""id"": ""17_pg2_pg1_text_41"", ""type"": ""present"", ""passed"": true, ""category"": ""long_tiny_text""}, {""id"": ""17_pg2_pg1_text_43"", ""type"": ""present"", ""passed"": false, ""category"": ""long_tiny_text""}, {""id"": ""17_pg2_pg1_text_45"", ""type"": ""present"", ""passed"": false, ""category"": ""long_tiny_text""}, {""id"": ""17_pg2_pg1_text_49"", ""type"": ""present"", ""passed"": true, ""category"": ""long_tiny_text""}, {""id"": ""17_pg2_pg1_text_51"", ""type"": ""present"", ""passed"": false, ""category"": ""long_tiny_text""}, {""id"": ""17_pg2_pg1_text_56"", ""type"": ""present"", ""passed"": true, ""category"": ""long_tiny_text""}, {""id"": ""17_pg2_pg1_text_61"", ""type"": ""present"", ""passed"": true, ""category"": ""long_tiny_text""}, {""id"": ""17_pg2_pg1_text_65"", ""type"": ""present"", ""passed"": true, ""category"": ""long_tiny_text""}, {""id"": ""17_pg2_pg1_text_69"", ""type"": ""present"", ""passed"": true, ""category"": ""long_tiny_text""}, {""id"": ""17_pg2_pg1_text_74"", ""type"": ""present"", ""passed"": true, ""category"": ""long_tiny_text""}, {""id"": ""17_pg2_pg1_text_80"", ""type"": ""present"", ""passed"": true, ""category"": ""long_tiny_text""}, {""id"": ""17_pg2_pg1_text_83"", ""type"": ""present"", ""passed"": true, ""category"": ""long_tiny_text""}, {""id"": ""17_pg2_pg1_text_86"", ""type"": ""present"", ""passed"": true, ""category"": ""long_tiny_text""}, {""id"": ""17_pg2_pg1_text_88"", ""type"": ""present"", ""passed"": true, ""category"": ""long_tiny_text""}, {""id"": ""17_pg2_pg1_text_95"", ""type"": ""present"", ""passed"": true, ""category"": ""long_tiny_text""}, {""id"": ""17_pg2_pg1_text_97"", ""type"": ""present"", ""passed"": true, ""category"": ""long_tiny_text""}, {""id"": ""auto_baseline"", ""type"": ""baseline"", ""passed"": true, ""category"": ""baseline""}]",,
doctr,docs,long_tiny_text__20_pg40_pg1,5.513189453624989,,False,,,,,,,,,,,,False,,long_tiny_text,6.0,1.0,"[{""id"": ""20_pg40_pg1_text_00"", ""type"": ""present"", ""passed"": false, ""category"": ""long_tiny_text""}, {""id"": ""20_pg40_pg1_text_01"", ""type"": ""present"", ""passed"": false, ""category"": ""long_tiny_text""}, {""id"": ""20_pg40_pg1_text_02"", ""type"": ""present"", ""passed"": false, ""category"": ""long_tiny_text""}, {""id"": ""20_pg40_pg1_text_03"", ""type"": ""present"", ""passed"": false, ""category"": ""long_tiny_text""}, {""id"": ""20_pg40_pg1_text_04"", ""type"": ""present"", ""passed"": false, ""category"": ""long_tiny_text""}, {""id"": ""auto_baseline"", ""type"": ""baseline"", ""passed"": true, ""category"": ""baseline""}]",,
doctr,docs,long_tiny_text__20_pg46_pg1,5.513189453624989,,False,,,,,,,,,,,,False,,long_tiny_text,10.0,1.0,"[{""id"": ""20_pg46_pg1_text_00"", ""type"": ""present"", ""passed"": false, ""category"": ""long_tiny_text""}, {""id"": ""20_pg46_pg1_text_01"", ""type"": ""present"", ""passed"": false, ""category"": ""long_tiny_text""}, {""id"": ""20_pg46_pg1_text_02"", ""type"": ""present"", ""passed"": false, ""category"": ""long_tiny_text""}, {""id"": ""20_pg46_pg1_text_03"", ""type"": ""present"", ""passed"": false, ""category"": ""long_tiny_text""}, {""id"": ""20_pg46_pg1_text_04"", ""type"": ""present"", ""passed"": false, ""category"": ""long_tiny_text""}, {""id"": ""20_pg46_pg1_text_05"", ""type"": ""present"", ""passed"": false, ""category"": ""long_tiny_text""}, {""id"": ""20_pg46_pg1_text_06"", ""type"": ""present"", ""passed"": false, ""category"": ""long_tiny_text""}, {""id"": ""20_pg46_pg1_text_08"", ""type"": ""present"", ""passed"": false, ""category"": ""long_tiny_text""}, {""id"": ""20_pg46_pg1_text_09"", ""type"": ""present"", ""passed"": false, ""category"": ""long_tiny_text""}, {""id"": ""auto_baseline"", ""type"": ""baseline"", ""passed"": true, ""category"": ""baseline""}]",,
doctr,docs,multi_column__00945e98ea0970dcffb8f548336df3a0137f_page_4_pg1,5.513189453624989,,False,,,,,,,,,,,,False,,multi_column,4.0,3.0,"[{""id"": ""00945e98ea0970dcffb8f548336df3a0137f_page_4.pdf_order_0a8f368a"", ""type"": ""order"", ""passed"": true, ""category"": ""multi_column""}, {""id"": ""00945e98ea0970dcffb8f548336df3a0137f_page_4.pdf_order_3d4bbd69"", ""type"": ""order"", ""passed"": false, ""category"": ""multi_column""}, {""id"": ""00945e98ea0970dcffb8f548336df3a0137f_page_4.pdf_order_4cbab131"", ""type"": ""order"", ""passed"": true, ""category"": ""multi_column""}, {""id"": ""auto_baseline"", ""type"": ""baseline"", ""passed"": true, ""category"": ""baseline""}]",,
doctr,docs,multi_column__00e2c7719d58bb49fd4031cce9dcccdddec2_page_1_pg1,5.513189453624989,,False,,,,,,,,,,,,False,,multi_column,3.0,2.0,"[{""id"": ""00e2c7719d58bb49fd4031cce9dcccdddec2_page_1.pdf_order_85be1097"", ""type"": ""order"", ""passed"": false, ""category"": ""multi_column""}, {""id"": ""00e2c7719d58bb49fd4031cce9dcccdddec2_page_1.pdf_order_b903400b"", ""type"": ""order"", ""passed"": true, ""category"": ""multi_column""}, {""id"": ""auto_baseline"", ""type"": ""baseline"", ""passed"": true, ""category"": ""baseline""}]",,
doctr,docs,multi_column__0114396ecb251aa3ebaeaeaed6bd4fe50bd2_page_2_pg1,5.513189453624989,,False,,,,,,,,,,,,False,,multi_column,6.0,6.0,"[{""id"": ""0114396ecb251aa3ebaeaeaed6bd4fe50bd2_page_2.pdf_order_e5d2d945"", ""type"": ""order"", ""passed"": true, ""category"": ""multi_column""}, {""id"": ""0114396ecb251aa3ebaeaeaed6bd4fe50bd2_page_2.pdf_order_6b2daa2b"", ""type"": ""order"", ""passed"": true, ""category"": ""multi_column""}, {""id"": ""0114396ecb251aa3ebaeaeaed6bd4fe50bd2_page_2.pdf_order_f61eafae"", ""type"": ""order"", ""passed"": true, ""category"": ""multi_column""}, {""id"": ""0114396ecb251aa3ebaeaeaed6bd4fe50bd2_page_2.pdf_order_40a2536e"", ""type"": ""order"", ""passed"": true, ""category"": ""multi_column""}, {""id"": ""0114396ecb251aa3ebaeaeaed6bd4fe50bd2_page_2.pdf_order_b8d41298"", ""type"": ""order"", ""passed"": true, ""category"": ""multi_column""}, {""id"": ""auto_baseline"", ""type"": ""baseline"", ""passed"": true, ""category"": ""baseline""}]",,
doctr,docs,multi_column__019a8841dddeb304774ba62a9f5d8dccb43d_page_2_pg1,5.513189453624989,,False,,,,,,,,,,,,False,,multi_column,5.0,3.0,"[{""id"": ""019a8841dddeb304774ba62a9f5d8dccb43d_page_2.pdf_order_00d331ca"", ""type"": ""order"", ""passed"": false, ""category"": ""multi_column""}, {""id"": ""019a8841dddeb304774ba62a9f5d8dccb43d_page_2.pdf_order_2410e748"", ""type"": ""order"", ""passed"": true, ""category"": ""multi_column""}, {""id"": ""019a8841dddeb304774ba62a9f5d8dccb43d_page_2.pdf_order_5a8cba0a"", ""type"": ""order"", ""passed"": true, ""category"": ""multi_column""}, {""id"": ""019a8841dddeb304774ba62a9f5d8dccb43d_page_2.pdf_order_6a2477bc"", ""type"": ""order"", ""passed"": false, ""category"": ""multi_column""}, {""id"": ""auto_baseline"", ""type"": ""baseline"", ""passed"": true, ""category"": ""baseline""}]",,
doctr,docs,multi_column__0208fbb5d6b646f972f4702428ad2cede5c5_page_6_pg1,4.121699599500005,,False,,,,,,,,,,,,False,,multi_column,2.0,1.0,"[{""id"": ""0208fbb5d6b646f972f4702428ad2cede5c5_page_6.pdf_order_71ab8004"", ""type"": ""order"", ""passed"": false, ""category"": ""multi_column""}, {""id"": ""auto_baseline"", ""type"": ""baseline"", ""passed"": true, ""category"": ""baseline""}]",,
doctr,docs,multi_column__027c390510b2fd3364f5a382f2bc304af018_page_4_pg1,4.121699599500005,,False,,,,,,,,,,,,False,,multi_column,5.0,3.0,"[{""id"": ""027c390510b2fd3364f5a382f2bc304af018_page_4.pdf_order_ea693a98"", ""type"": ""order"", ""passed"": false, ""category"": ""multi_column""}, {""id"": ""027c390510b2fd3364f5a382f2bc304af018_page_4.pdf_order_053bda58"", ""type"": ""order"", ""passed"": true, ""category"": ""multi_column""}, {""id"": ""027c390510b2fd3364f5a382f2bc304af018_page_4.pdf_order_9e06820d"", ""type"": ""order"", ""passed"": true, ""category"": ""multi_column""}, {""id"": ""027c390510b2fd3364f5a382f2bc304af018_page_4.pdf_order_97e749bf"", ""type"": ""order"", ""passed"": false, ""category"": ""multi_column""}, {""id"": ""auto_baseline"", ""type"": ""baseline"", ""passed"": true, ""category"": ""baseline""}]",,
doctr,docs,multi_column__02943986dff2d4a84b7c2dd81abfc51fceea_page_5_pg1,4.121699599500005,,False,,,,,,,,,,,,False,,multi_column,5.0,2.0,"[{""id"": ""02943986dff2d4a84b7c2dd81abfc51fceea_page_5.pdf_order_3f1adc6b"", ""type"": ""order"", ""passed"": false, ""category"": ""multi_column""}, {""id"": ""02943986dff2d4a84b7c2dd81abfc51fceea_page_5.pdf_order_00ce4e6f"", ""type"": ""order"", ""passed"": false, ""category"": ""multi_column""}, {""id"": ""02943986dff2d4a84b7c2dd81abfc51fceea_page_5.pdf_order_46755e50"", ""type"": ""order"", ""passed"": false, ""category"": ""multi_column""}, {""id"": ""02943986dff2d4a84b7c2dd81abfc51fceea_page_5.pdf_order_13f6999c"", ""type"": ""order"", ""passed"": true, ""category"": ""multi_column""}, {""id"": ""auto_baseline"", ""type"": ""baseline"", ""passed"": true, ""category"": ""baseline""}]",,
doctr,docs,multi_column__02943986dff2d4a84b7c2dd81abfc51fceea_page_9_pg1,4.121699599500005,,False,,,,,,,,,,,,False,,multi_column,5.0,2.0,"[{""id"": ""02943986dff2d4a84b7c2dd81abfc51fceea_page_9.pdf_order_babd8e0e"", ""type"": ""order"", ""passed"": false, ""category"": ""multi_column""}, {""id"": ""02943986dff2d4a84b7c2dd81abfc51fceea_page_9.pdf_order_2e6f0ead"", ""type"": ""order"", ""passed"": false, ""category"": ""multi_column""}, {""id"": ""02943986dff2d4a84b7c2dd81abfc51fceea_page_9.pdf_order_7e60c895"", ""type"": ""order"", ""passed"": false, ""category"": ""multi_column""}, {""id"": ""02943986dff2d4a84b7c2dd81abfc51fceea_page_9.pdf_order_81a40b7f"", ""type"": ""order"", ""passed"": true, ""category"": ""multi_column""}, {""id"": ""auto_baseline"", ""type"": ""baseline"", ""passed"": true, ""category"": ""baseline""}]",,
doctr,docs,multi_column__038650c9dfd95e7495d0c4d301d9dcca735a_page_1_pg1,4.121699599500005,,False,,,,,,,,,,,,False,,multi_column,5.0,2.0,"[{""id"": ""038650c9dfd95e7495d0c4d301d9dcca735a_page_1.pdf_order_eb32d864"", ""type"": ""order"", ""passed"": false, ""category"": ""multi_column""}, {""id"": ""038650c9dfd95e7495d0c4d301d9dcca735a_page_1.pdf_order_517c20f9"", ""type"": ""order"", ""passed"": true, ""category"": ""multi_column""}, {""id"": ""038650c9dfd95e7495d0c4d301d9dcca735a_page_1.pdf_order_12a7fa3e"", ""type"": ""order"", ""passed"": false, ""category"": ""multi_column""}, {""id"": ""038650c9dfd95e7495d0c4d301d9dcca735a_page_1.pdf_order_cf779f79"", ""type"": ""order"", ""passed"": false, ""category"": ""multi_column""}, {""id"": ""auto_baseline"", ""type"": ""baseline"", ""passed"": true, ""category"": ""baseline""}]",,
doctr,docs,multi_column__0845863d27c84b14011e17a388821525e783_page_16_pg1,4.121699599500005,,False,,,,,,,,,,,,False,,multi_column,4.0,1.0,"[{""id"": ""0845863d27c84b14011e17a388821525e783_page_16.pdf_order_dffceb1b"", ""type"": ""order"", ""passed"": false, ""category"": ""multi_column""}, {""id"": ""0845863d27c84b14011e17a388821525e783_page_16.pdf_order_ac24f586"", ""type"": ""order"", ""passed"": false, ""category"": ""multi_column""}, {""id"": ""0845863d27c84b14011e17a388821525e783_page_16.pdf_order_4bda9b61"", ""type"": ""order"", ""passed"": false, ""category"": ""multi_column""}, {""id"": ""auto_baseline"", ""type"": ""baseline"", ""passed"": true, ""category"": ""baseline""}]",,
doctr,docs,old_scans__1,4.121699599500005,,False,,,,,,,,,,,,False,,old_scans,6.0,2.0,"[{""id"": ""1_680487"", ""type"": ""present"", ""passed"": false, ""category"": ""old_scans""}, {""id"": ""1_126739"", ""type"": ""absent"", ""passed"": true, ""category"": ""old_scans""}, {""id"": ""1_36225"", ""type"": ""present"", ""passed"": false, ""category"": ""old_scans""}, {""id"": ""1_787572"", ""type"": ""order"", ""passed"": false, ""category"": ""old_scans""}, {""id"": ""1_298389"", ""type"": ""order"", ""passed"": false, ""category"": ""old_scans""}, {""id"": ""auto_baseline"", ""type"": ""baseline"", ""passed"": true, ""category"": ""baseline""}]",,
doctr,docs,old_scans__21,4.121699599500005,,False,,,,,,,,,,,,False,,old_scans,8.0,2.0,"[{""id"": ""21_398162"", ""type"": ""present"", ""passed"": false, ""category"": ""old_scans""}, {""id"": ""21_382528"", ""type"": ""order"", ""passed"": false, ""category"": ""old_scans""}, {""id"": ""21_229684"", ""type"": ""absent"", ""passed"": true, ""category"": ""old_scans""}, {""id"": ""21_712729"", ""type"": ""present"", ""passed"": false, ""category"": ""old_scans""}, {""id"": ""21_289946"", ""type"": ""present"", ""passed"": false, ""category"": ""old_scans""}, {""id"": ""21_745911"", ""type"": ""present"", ""passed"": false, ""category"": ""old_scans""}, {""id"": ""21_992153"", ""type"": ""order"", ""passed"": false, ""category"": ""old_scans""}, {""id"": ""auto_baseline"", ""type"": ""baseline"", ""passed"": true, ""category"": ""baseline""}]",,
doctr,docs,old_scans__23,1.4828627925000433,,False,,,,,,,,,,,,False,,old_scans,6.0,5.0,"[{""id"": ""23_675822"", ""type"": ""present"", ""passed"": false, ""category"": ""old_scans""}, {""id"": ""23_189451"", ""type"": ""order"", ""passed"": true, ""category"": ""old_scans""}, {""id"": ""23_570086"", ""type"": ""absent"", ""passed"": true, ""category"": ""old_scans""}, {""id"": ""23_774544"", ""type"": ""present"", ""passed"": true, ""category"": ""old_scans""}, {""id"": ""23_266702"", ""type"": ""present"", ""passed"": true, ""category"": ""old_scans""}, {""id"": ""auto_baseline"", ""type"": ""baseline"", ""passed"": true, ""category"": ""baseline""}]",,
doctr,docs,old_scans__26,1.4828627925000433,,False,,,,,,,,,,,,False,,old_scans,5.0,2.0,"[{""id"": ""26_727870"", ""type"": ""present"", ""passed"": false, ""category"": ""old_scans""}, {""id"": ""26_350035"", ""type"": ""order"", ""passed"": false, ""category"": ""old_scans""}, {""id"": ""26_893794"", ""type"": ""absent"", ""passed"": true, ""category"": ""old_scans""}, {""id"": ""26_815635"", ""type"": ""present"", ""passed"": false, ""category"": ""old_scans""}, {""id"": ""auto_baseline"", ""type"": ""baseline"", ""passed"": true, ""category"": ""baseline""}]",,
doctr,docs,old_scans__52,1.4828627925000433,,False,,,,,,,,,,,,False,,old_scans,4.0,1.0,"[{""id"": ""52_591542"", ""type"": ""present"", ""passed"": false, ""category"": ""old_scans""}, {""id"": ""52_323921"", ""type"": ""present"", ""passed"": false, ""category"": ""old_scans""}, {""id"": ""52_987017"", ""type"": ""present"", ""passed"": false, ""category"": ""old_scans""}, {""id"": ""auto_baseline"", ""type"": ""baseline"", ""passed"": true, ""category"": ""baseline""}]",,
doctr,docs,old_scans__55,1.4828627925000433,,False,,,,,,,,,,,,False,,old_scans,4.0,1.0,"[{""id"": ""55_930782"", ""type"": ""present"", ""passed"": false, ""category"": ""old_scans""}, {""id"": ""55_150814"", ""type"": ""present"", ""passed"": false, ""category"": ""old_scans""}, {""id"": ""55_287312"", ""type"": ""present"", ""passed"": false, ""category"": ""old_scans""}, {""id"": ""auto_baseline"", ""type"": ""baseline"", ""passed"": true, ""category"": ""baseline""}]",,
doctr,docs,old_scans__58,1.4828627925000433,,False,,,,,,,,,,,,False,,old_scans,7.0,3.0,"[{""id"": ""58_984036"", ""type"": ""present"", ""passed"": false, ""category"": ""old_scans""}, {""id"": ""58_575492"", ""type"": ""order"", ""passed"": false, ""category"": ""old_scans""}, {""id"": ""58_801952"", ""type"": ""absent"", ""passed"": true, ""category"": ""old_scans""}, {""id"": ""58_775388"", ""type"": ""present"", ""passed"": true, ""category"": ""old_scans""}, {""id"": ""58_733378"", ""type"": ""present"", ""passed"": false, ""category"": ""old_scans""}, {""id"": ""58_220922"", ""type"": ""order"", ""passed"": false, ""category"": ""old_scans""}, {""id"": ""auto_baseline"", ""type"": ""baseline"", ""passed"": true, ""category"": ""baseline""}]",,
doctr,docs,old_scans__82,1.4828627925000433,,False,,,,,,,,,,,,False,,old_scans,7.0,1.0,"[{""id"": ""82_617314"", ""type"": ""present"", ""passed"": false, ""category"": ""old_scans""}, {""id"": ""82_781476"", ""type"": ""order"", ""passed"": false, ""category"": ""old_scans""}, {""id"": ""82_578532"", ""type"": ""present"", ""passed"": false, ""category"": ""old_scans""}, {""id"": ""82_73918"", ""type"": ""present"", ""passed"": false, ""category"": ""old_scans""}, {""id"": ""82_794309"", ""type"": ""present"", ""passed"": false, ""category"": ""old_scans""}, {""id"": ""82_338838"", ""type"": ""order"", ""passed"": false, ""category"": ""old_scans""}, {""id"": ""auto_baseline"", ""type"": ""baseline"", ""passed"": true, ""category"": ""baseline""}]",,
doctr,docs,old_scans__85,1.4828627925000433,,False,,,,,,,,,,,,False,,old_scans,7.0,1.0,"[{""id"": ""85_204851"", ""type"": ""present"", ""passed"": false, ""category"": ""old_scans""}, {""id"": ""85_81849"", ""type"": ""order"", ""passed"": false, ""category"": ""old_scans""}, {""id"": ""85_633939"", ""type"": ""present"", ""passed"": false, ""category"": ""old_scans""}, {""id"": ""85_81262"", ""type"": ""present"", ""passed"": false, ""category"": ""old_scans""}, {""id"": ""85_718011"", ""type"": ""present"", ""passed"": false, ""category"": ""old_scans""}, {""id"": ""85_913682"", ""type"": ""order"", ""passed"": false, ""category"": ""old_scans""}, {""id"": ""auto_baseline"", ""type"": ""baseline"", ""passed"": true, ""category"": ""baseline""}]",,
doctr,docs,old_scans__96,1.4828627925000433,,False,,,,,,,,,,,,False,,old_scans,8.0,1.0,"[{""id"": ""96_686856"", ""type"": ""present"", ""passed"": false, ""category"": ""old_scans""}, {""id"": ""96_324569"", ""type"": ""order"", ""passed"": false, ""category"": ""old_scans""}, {""id"": ""96_489434"", ""type"": ""present"", ""passed"": false, ""category"": ""old_scans""}, {""id"": ""96_341535"", ""type"": ""present"", ""passed"": false, ""category"": ""old_scans""}, {""id"": ""96_984146"", ""type"": ""present"", ""passed"": false, ""category"": ""old_scans""}, {""id"": ""96_798387"", ""type"": ""order"", ""passed"": false, ""category"": ""old_scans""}, {""id"": ""96_991188"", ""type"": ""order"", ""passed"": false, ""category"": ""old_scans""}, {""id"": ""auto_baseline"", ""type"": ""baseline"", ""passed"": true, ""category"": ""baseline""}]",,
doctr,docs,tables__2d54e996d1247bd36695d872863eefebd8f8_pg4,3.174808223125069,,False,,,,,,,,,,,,False,,table_tests,5.0,1.0,"[{""id"": ""2d54e996d1247bd36695d872863eefebd8f8_pg4_table_00"", ""type"": ""table"", ""passed"": false, ""category"": ""table_tests""}, {""id"": ""2d54e996d1247bd36695d872863eefebd8f8_pg4_table_01"", ""type"": ""table"", ""passed"": false, ""category"": ""table_tests""}, {""id"": ""2d54e996d1247bd36695d872863eefebd8f8_pg4_table_02"", ""type"": ""table"", ""passed"": false, ""category"": ""table_tests""}, {""id"": ""2d54e996d1247bd36695d872863eefebd8f8_pg4_table_03"", ""type"": ""table"", ""passed"": false, ""category"": ""table_tests""}, {""id"": ""auto_baseline"", ""type"": ""baseline"", ""passed"": true, ""category"": ""baseline""}]",,
doctr,docs,tables__2d932ac96ad0d8ccf81a56bd105fa18fdcbb_pg7,3.174808223125069,,False,,,,,,,,,,,,False,,table_tests,2.0,1.0,"[{""id"": ""2d932ac96ad0d8ccf81a56bd105fa18fdcbb_pg7_table_00"", ""type"": ""table"", ""passed"": false, ""category"": ""table_tests""}, {""id"": ""auto_baseline"", ""type"": ""baseline"", ""passed"": true, ""category"": ""baseline""}]",,
doctr,docs,tables__4fafd7de9caa1cf3c0fad313d7bb24b2e685_pg9,3.174808223125069,,False,,,,,,,,,,,,False,,table_tests,5.0,1.0,"[{""id"": ""4fafd7de9caa1cf3c0fad313d7bb24b2e685_pg9_table_00"", ""type"": ""table"", ""passed"": false, ""category"": ""table_tests""}, {""id"": ""4fafd7de9caa1cf3c0fad313d7bb24b2e685_pg9_table_01"", ""type"": ""table"", ""passed"": false, ""category"": ""table_tests""}, {""id"": ""4fafd7de9caa1cf3c0fad313d7bb24b2e685_pg9_table_02"", ""type"": ""table"", ""passed"": false, ""category"": ""table_tests""}, {""id"": ""4fafd7de9caa1cf3c0fad313d7bb24b2e685_pg9_table_03"", ""type"": ""table"", ""passed"": false, ""category"": ""table_tests""}, {""id"": ""auto_baseline"", ""type"": ""baseline"", ""passed"": true, ""category"": ""baseline""}]",,
doctr,docs,tables__529eeb84602e4fba7df7a4b127af6c830f97_pg12,3.174808223125069,,False,,,,,,,,,,,,False,,table_tests,4.0,1.0,"[{""id"": ""529eeb84602e4fba7df7a4b127af6c830f97_pg12_table_00"", ""type"": ""table"", ""passed"": false, ""category"": ""table_tests""}, {""id"": ""529eeb84602e4fba7df7a4b127af6c830f97_pg12_table_01"", ""type"": ""table"", ""passed"": false, ""category"": ""table_tests""}, {""id"": ""529eeb84602e4fba7df7a4b127af6c830f97_pg12_table_04"", ""type"": ""table"", ""passed"": false, ""category"": ""table_tests""}, {""id"": ""auto_baseline"", ""type"": ""baseline"", ""passed"": true, ""category"": ""baseline""}]",,
doctr,docs,tables__a70c1fc81feccfd878dabffd3dc5617b584c_pg5,3.174808223125069,,False,,,,,,,,,,,,False,,table_tests,6.0,1.0,"[{""id"": ""a70c1fc81feccfd878dabffd3dc5617b584c_pg5_table_00"", ""type"": ""table"", ""passed"": false, ""category"": ""table_tests""}, {""id"": ""a70c1fc81feccfd878dabffd3dc5617b584c_pg5_table_01"", ""type"": ""table"", ""passed"": false, ""category"": ""table_tests""}, {""id"": ""a70c1fc81feccfd878dabffd3dc5617b584c_pg5_table_02"", ""type"": ""table"", ""passed"": false, ""category"": ""table_tests""}, {""id"": ""a70c1fc81feccfd878dabffd3dc5617b584c_pg5_table_03"", ""type"": ""table"", ""passed"": false, ""category"": ""table_tests""}, {""id"": ""a70c1fc81feccfd878dabffd3dc5617b584c_pg5_table_04"", ""type"": ""table"", ""passed"": false, ""category"": ""table_tests""}, {""id"": ""auto_baseline"", ""type"": ""baseline"", ""passed"": true, ""category"": ""baseline""}]",,
doctr,docs,tables__b2a4c508f7839c1fbd2bb29a0d56c46bc00e_pg13_pg1,3.174808223125069,,False,,,,,,,,,,,,False,,table_tests,11.0,1.0,"[{""id"": ""b2a4c508f7839c1fbd2bb29a0d56c46bc00e_pg13_table_00"", ""type"": ""table"", ""passed"": false, ""category"": ""table_tests""}, {""id"": ""b2a4c508f7839c1fbd2bb29a0d56c46bc00e_pg13_table_01"", ""type"": ""table"", ""passed"": false, ""category"": ""table_tests""}, {""id"": ""b2a4c508f7839c1fbd2bb29a0d56c46bc00e_pg13_table_02"", ""type"": ""table"", ""passed"": false, ""category"": ""table_tests""}, {""id"": ""b2a4c508f7839c1fbd2bb29a0d56c46bc00e_pg13_table_03"", ""type"": ""table"", ""passed"": false, ""category"": ""table_tests""}, {""id"": ""b2a4c508f7839c1fbd2bb29a0d56c46bc00e_pg13_table_04"", ""type"": ""table"", ""passed"": false, ""category"": ""table_tests""}, {""id"": ""b2a4c508f7839c1fbd2bb29a0d56c46bc00e_pg13_table_05"", ""type"": ""table"", ""passed"": false, ""category"": ""table_tests""}, {""id"": ""b2a4c508f7839c1fbd2bb29a0d56c46bc00e_pg13_table_06"", ""type"": ""table"", ""passed"": false, ""category"": ""table_tests""}, {""id"": ""b2a4c508f7839c1fbd2bb29a0d56c46bc00e_pg13_table_07"", ""type"": ""table"", ""passed"": false, ""category"": ""table_tests""}, {""id"": ""b2a4c508f7839c1fbd2bb29a0d56c46bc00e_pg13_table_08"", ""type"": ""table"", ""passed"": false, ""category"": ""table_tests""}, {""id"": ""b2a4c508f7839c1fbd2bb29a0d56c46bc00e_pg13_table_09"", ""type"": ""table"", ""passed"": false, ""category"": ""table_tests""}, {""id"": ""auto_baseline"", ""type"": ""baseline"", ""passed"": true, ""category"": ""baseline""}]",,
doctr,docs,tables__b45c138c634308a84b8b2e67997bef8aa70b_pg15,3.174808223125069,,False,,,,,,,,,,,,False,,table_tests,6.0,1.0,"[{""id"": ""b45c138c634308a84b8b2e67997bef8aa70b_pg15_table_00"", ""type"": ""table"", ""passed"": false, ""category"": ""table_tests""}, {""id"": ""b45c138c634308a84b8b2e67997bef8aa70b_pg15_table_01"", ""type"": ""table"", ""passed"": false, ""category"": ""table_tests""}, {""id"": ""b45c138c634308a84b8b2e67997bef8aa70b_pg15_table_02"", ""type"": ""table"", ""passed"": false, ""category"": ""table_tests""}, {""id"": ""b45c138c634308a84b8b2e67997bef8aa70b_pg15_table_03"", ""type"": ""table"", ""passed"": false, ""category"": ""table_tests""}, {""id"": ""b45c138c634308a84b8b2e67997bef8aa70b_pg15_table_04"", ""type"": ""table"", ""passed"": false, ""category"": ""table_tests""}, {""id"": ""auto_baseline"", ""type"": ""baseline"", ""passed"": true, ""category"": ""baseline""}]",,
doctr,docs,tables__b5d9db350b31304da912832bcbafc47b64d8_pg2_pg1,3.174808223125069,,False,,,,,,,,,,,,False,,table_tests,6.0,1.0,"[{""id"": ""b5d9db350b31304da912832bcbafc47b64d8_pg2_table_00"", ""type"": ""table"", ""passed"": false, ""category"": ""table_tests""}, {""id"": ""b5d9db350b31304da912832bcbafc47b64d8_pg2_table_01"", ""type"": ""table"", ""passed"": false, ""category"": ""table_tests""}, {""id"": ""b5d9db350b31304da912832bcbafc47b64d8_pg2_table_02"", ""type"": ""table"", ""passed"": false, ""category"": ""table_tests""}, {""id"": ""b5d9db350b31304da912832bcbafc47b64d8_pg2_table_03"", ""type"": ""table"", ""passed"": false, ""category"": ""table_tests""}, {""id"": ""b5d9db350b31304da912832bcbafc47b64d8_pg2_table_04"", ""type"": ""table"", ""passed"": false, ""category"": ""table_tests""}, {""id"": ""auto_baseline"", ""type"": ""baseline"", ""passed"": true, ""category"": ""baseline""}]",,
doctr,docs,tables__b773892dc3e755672b9e085e9eeb8ad18690_pg1_pg1,2.5988009714997133,,False,,,,,,,,,,,,False,,table_tests,6.0,1.0,"[{""id"": ""b773892dc3e755672b9e085e9eeb8ad18690_pg1_table_00"", ""type"": ""table"", ""passed"": false, ""category"": ""table_tests""}, {""id"": ""b773892dc3e755672b9e085e9eeb8ad18690_pg1_table_01"", ""type"": ""table"", ""passed"": false, ""category"": ""table_tests""}, {""id"": ""b773892dc3e755672b9e085e9eeb8ad18690_pg1_table_02"", ""type"": ""table"", ""passed"": false, ""category"": ""table_tests""}, {""id"": ""b773892dc3e755672b9e085e9eeb8ad18690_pg1_table_03"", ""type"": ""table"", ""passed"": false, ""category"": ""table_tests""}, {""id"": ""b773892dc3e755672b9e085e9eeb8ad18690_pg1_table_04"", ""type"": ""table"", ""passed"": false, ""category"": ""table_tests""}, {""id"": ""auto_baseline"", ""type"": ""baseline"", ""passed"": true, ""category"": ""baseline""}]",,
doctr,docs,tables__fd6cb6dfe3a918390855052669d9a194231a_pg3,2.5988009714997133,,False,,,,,,,,,,,,False,,table_tests,6.0,1.0,"[{""id"": ""fd6cb6dfe3a918390855052669d9a194231a_pg3_table_00"", ""type"": ""table"", ""passed"": false, ""category"": ""table_tests""}, {""id"": ""fd6cb6dfe3a918390855052669d9a194231a_pg3_table_01"", ""type"": ""table"", ""passed"": false, ""category"": ""table_tests""}, {""id"": ""fd6cb6dfe3a918390855052669d9a194231a_pg3_table_02"", ""type"": ""table"", ""passed"": false, ""category"": ""table_tests""}, {""id"": ""fd6cb6dfe3a918390855052669d9a194231a_pg3_table_03"", ""type"": ""table"", ""passed"": false, ""category"": ""table_tests""}, {""id"": ""fd6cb6dfe3a918390855052669d9a194231a_pg3_table_04"", ""type"": ""table"", ""passed"": false, ""category"": ""table_tests""}, {""id"": ""auto_baseline"", ""type"": ""baseline"", ""passed"": true, ""category"": ""baseline""}]",,
doctr,handwriting,iam_00023,0.16512131687500187,,False,,,0.925,0.925,0.875,37.0,40.0,0.125,0.3333333333333333,0.6666666666666666,0.125,False,False,,,,,,
doctr,handwriting,iam_00030,0.16512131687500187,,False,,,0.6727272727272727,0.6727272727272727,1.0,37.0,55.0,0.125,0.14285714285714285,0.8571428571428571,0.7818181818181819,False,False,,,,,,
doctr,handwriting,iam_00059,0.16512131687500187,,False,,,0.7209302325581395,0.7209302325581395,1.4285714285714286,31.0,43.0,0.14285714285714285,0.1,0.9,0.6511627906976745,False,False,,,,,,
doctr,handwriting,iam_00064,0.16512131687500187,,False,,,0.5633802816901409,0.5633802816901409,0.8333333333333334,40.0,71.0,0.16666666666666666,0.25,0.75,0.5633802816901409,False,False,,,,,,
doctr,handwriting,iam_00071,0.16512131687500187,,False,,,0.15384615384615385,0.15384615384615385,0.375,6.0,39.0,0.75,1.0,0.0,0.8717948717948718,False,False,,,,,,
doctr,handwriting,iam_00079,0.16512131687500187,,False,,,0.18604651162790697,0.18604651162790697,0.42857142857142855,8.0,43.0,0.7142857142857143,0.7142857142857143,0.2857142857142857,0.9767441860465116,False,False,,,,,,
doctr,handwriting,iam_00126,0.16512131687500187,,False,,,0.3469387755102041,0.3469387755102041,0.6363636363636364,17.0,49.0,0.36363636363636365,0.4444444444444444,0.5555555555555556,0.8775510204081632,False,False,,,,,,
doctr,handwriting,iam_00143,0.16512131687500187,,False,,,0.7435897435897436,0.7435897435897436,0.8571428571428571,29.0,39.0,0.14285714285714285,0.16666666666666666,0.8333333333333334,0.7692307692307693,False,False,,,,,,
doctr,handwriting,iam_00188,0.17756457949997184,,False,,,0.3111111111111111,0.3111111111111111,0.8571428571428571,14.0,45.0,0.375,0.375,0.625,0.9333333333333333,False,False,,,,,,
doctr,handwriting,iam_00258,0.17756457949997184,,False,,,0.36538461538461536,0.36538461538461536,1.5,19.0,52.0,0.25,0.15384615384615385,0.8461538461538461,0.9615384615384616,False,False,,,,,,
doctr,handwriting,iam_00264,0.17756457949997184,,False,,,0.288135593220339,0.288135593220339,0.8181818181818182,17.0,59.0,0.3,0.25,0.75,1.0169491525423728,False,False,,,,,,
doctr,handwriting,iam_00280,0.17756457949997184,,False,,,0.627906976744186,0.627906976744186,1.8,27.0,43.0,0.16666666666666666,0.14285714285714285,0.8571428571428571,0.6046511627906976,False,False,,,,,,
doctr,handwriting,iam_00289,0.17756457949997184,,False,,,0.45,0.45,0.75,27.0,60.0,0.3333333333333333,0.4,0.6,0.7166666666666667,False,False,,,,,,
doctr,handwriting,iam_00343,0.17756457949997184,,False,,,0.27450980392156865,0.27450980392156865,0.8571428571428571,14.0,51.0,0.42857142857142855,0.42857142857142855,0.5714285714285714,0.9019607843137255,False,False,,,,,,
doctr,handwriting,iam_00364,0.17756457949997184,,False,,,0.2777777777777778,0.2777777777777778,1.0,10.0,36.0,0.16666666666666666,0.16666666666666666,0.8333333333333334,0.9722222222222222,False,False,,,,,,
doctr,handwriting,iam_00371,0.17756457949997184,,False,,,0.45454545454545453,0.45454545454545453,0.75,20.0,44.0,0.25,0.25,0.75,0.8636363636363636,False,False,,,,,,
doctr,handwriting,iam_00373,0.15797520474995963,,False,,,0.71875,0.71875,1.2,23.0,32.0,0.0,0.0,1.0,0.78125,False,False,,,,,,
doctr,handwriting,iam_00403,0.15797520474995963,,False,,,0.3611111111111111,0.3611111111111111,1.0,13.0,36.0,0.16666666666666666,0.2,0.8,0.9166666666666666,False,False,,,,,,
doctr,handwriting,iam_00468,0.15797520474995963,,False,,,0.21621621621621623,0.21621621621621623,0.7142857142857143,8.0,37.0,0.42857142857142855,0.42857142857142855,0.5714285714285714,0.972972972972973,False,False,,,,,,
doctr,handwriting,iam_00478,0.15797520474995963,,False,,,1.0,1.0,1.0,29.0,29.0,0.0,0.0,0.0,0.034482758620689655,False,False,,,,,,
doctr,handwriting,iam_00588,0.15797520474995963,,False,,,0.40425531914893614,0.40425531914893614,1.0,19.0,47.0,0.0,0.0,1.0,1.0,False,False,,,,,,
doctr,handwriting,iam_00608,0.15797520474995963,,False,,,0.3076923076923077,0.3076923076923077,0.7777777777777778,16.0,52.0,0.25,0.25,0.75,0.9038461538461539,False,False,,,,,,
doctr,handwriting,iam_00749,0.15797520474995963,,False,,,0.5,0.5,1.0,6.0,12.0,0.0,0.0,1.0,0.5833333333333334,False,False,,,,,,
doctr,handwriting,iam_00819,0.15797520474995963,,False,,,0.5813953488372093,0.5813953488372093,1.4285714285714286,25.0,43.0,0.0,0.0,1.0,0.813953488372093,False,False,,,,,,
doctr,handwriting,iam_00969,0.17217127287506173,,False,,,0.6,0.6,1.7142857142857142,24.0,40.0,0.2857142857142857,0.15384615384615385,0.8461538461538461,1.025,False,False,,,,,,
doctr,handwriting,iam_01020,0.17217127287506173,,False,,,0.7714285714285715,0.7714285714285715,1.0,27.0,35.0,0.0,0.0,1.0,0.37142857142857144,False,False,,,,,,
doctr,handwriting,iam_01023,0.17217127287506173,,False,,,0.19148936170212766,0.19148936170212766,0.7142857142857143,9.0,47.0,0.42857142857142855,0.42857142857142855,0.5714285714285714,0.9148936170212766,False,False,,,,,,
doctr,handwriting,iam_01091,0.17217127287506173,,False,,,0.39215686274509803,0.39215686274509803,0.7777777777777778,20.0,51.0,0.4,0.8,0.2,0.6470588235294118,False,False,,,,,,
doctr,handwriting,iam_01104,0.17217127287506173,,False,,,0.6774193548387096,0.6774193548387096,1.5,21.0,31.0,0.16666666666666666,0.16666666666666666,0.8333333333333334,0.8064516129032258,False,False,,,,,,
doctr,handwriting,iam_01238,0.17217127287506173,,False,,,0.525,0.525,0.8333333333333334,21.0,40.0,0.16666666666666666,0.16666666666666666,0.8333333333333334,0.9,False,False,,,,,,
doctr,handwriting,iam_01366,0.17217127287506173,,False,,,0.3617021276595745,0.3617021276595745,0.8888888888888888,17.0,47.0,0.2222222222222222,0.2,0.8,1.0425531914893618,False,False,,,,,,
doctr,handwriting,iam_01417,0.17217127287506173,,False,,,0.1320754716981132,0.1320754716981132,0.5,7.0,53.0,0.8181818181818182,0.6923076923076923,0.3076923076923077,1.0566037735849056,False,False,,,,,,
doctr,handwriting,iam_01452,0.1640417017499658,,False,,,0.37254901960784315,0.37254901960784315,0.75,19.0,51.0,0.25,0.25,0.75,0.9803921568627451,False,False,,,,,,
doctr,handwriting,iam_01455,0.1640417017499658,,False,,,1.0,1.0,1.0,5.0,5.0,0.0,0.0,0.0,0.0,True,False,,,,,,
doctr,handwriting,iam_01805,0.1640417017499658,,False,,,0.39473684210526316,0.39473684210526316,0.625,15.0,38.0,0.5,0.5,0.5,0.868421052631579,False,False,,,,,,
doctr,handwriting,iam_01857,0.1640417017499658,,False,,,0.40540540540540543,0.40540540540540543,1.2857142857142858,15.0,37.0,0.0,0.0,1.0,1.027027027027027,False,False,,,,,,
doctr,handwriting,iam_01898,0.1640417017499658,,False,,,0.14,0.14,0.5,7.0,50.0,0.8,0.8,0.2,0.96,False,False,,,,,,
doctr,handwriting,iam_01908,0.1640417017499658,,False,,,0.24528301886792453,0.24528301886792453,0.7272727272727273,13.0,53.0,0.36363636363636365,0.36363636363636365,0.6363636363636364,0.9622641509433962,False,False,,,,,,
doctr,handwriting,iam_01970,0.1640417017499658,,False,,,0.35,0.35,0.75,14.0,40.0,0.42857142857142855,0.3333333333333333,0.6666666666666666,1.025,False,False,,,,,,
doctr,handwriting,iam_01983,0.1640417017499658,,False,,,0.7391304347826086,0.7391304347826086,1.0,34.0,46.0,0.1111111111111111,0.16666666666666666,0.8333333333333334,0.5652173913043478,False,False,,,,,,
doctr,handwriting,iam_01993,0.17087563312509246,,False,,,0.1956521739130435,0.1956521739130435,0.5555555555555556,9.0,46.0,0.5555555555555556,0.5555555555555556,0.4444444444444444,0.9130434782608695,False,False,,,,,,
doctr,handwriting,iam_02060,0.17087563312509246,,False,,,0.5918367346938775,0.5918367346938775,1.0,29.0,49.0,0.0,0.0,1.0,0.8163265306122449,False,False,,,,,,
doctr,handwriting,iam_02081,0.17087563312509246,,False,,,0.6,0.6,1.0,27.0,45.0,0.0,0.0,1.0,0.7555555555555555,False,False,,,,,,
doctr,handwriting,iam_02109,0.17087563312509246,,False,,,0.37209302325581395,0.37209302325581395,0.6666666666666666,16.0,43.0,0.4444444444444444,0.4444444444444444,0.5555555555555556,0.9302325581395349,False,False,,,,,,
doctr,handwriting,iam_02171,0.17087563312509246,,False,,,0.275,0.275,1.0,11.0,40.0,0.2,0.16666666666666666,0.8333333333333334,1.025,False,False,,,,,,
doctr,handwriting,iam_02216,0.17087563312509246,,False,,,0.2926829268292683,0.2926829268292683,0.8571428571428571,12.0,41.0,0.14285714285714285,0.14285714285714285,0.8571428571428571,0.926829268292683,False,False,,,,,,
doctr,handwriting,iam_02279,0.17087563312509246,,False,,,0.5918367346938775,0.5918367346938775,1.3,29.0,49.0,0.0,0.0,1.0,0.8367346938775511,False,False,,,,,,
doctr,handwriting,iam_02371,0.17087563312509246,,False,,,0.5454545454545454,0.5454545454545454,1.0,12.0,22.0,0.25,0.2,0.8,0.8636363636363636,False,False,,,,,,
doctr,handwriting,iam_02384,0.18685863425002935,,False,,,0.5128205128205128,0.5128205128205128,0.8,20.0,39.0,0.4,0.4444444444444444,0.5555555555555556,0.7692307692307693,False,False,,,,,,
doctr,handwriting,iam_02463,0.18685863425002935,,False,,,0.625,0.625,1.375,25.0,40.0,0.1,0.1,0.9,0.875,False,False,,,,,,
doctr,handwriting,iam_02522,0.18685863425002935,,False,,,0.5510204081632653,0.5510204081632653,1.1428571428571428,27.0,49.0,0.125,0.125,0.875,0.8367346938775511,False,False,,,,,,
doctr,handwriting,iam_02552,0.18685863425002935,,False,,,0.4146341463414634,0.4146341463414634,0.7,17.0,41.0,0.2727272727272727,0.3333333333333333,0.6666666666666666,0.8292682926829268,False,False,,,,,,
doctr,handwriting,iam_02640,0.18685863425002935,,False,,,0.2653061224489796,0.2653061224489796,0.7777777777777778,13.0,49.0,0.4444444444444444,0.36363636363636365,0.6363636363636364,0.9387755102040817,False,False,,,,,,
doctr,handwriting,iam_02655,0.18685863425002935,,False,,,0.35294117647058826,0.35294117647058826,1.1,18.0,51.0,0.6363636363636364,0.4666666666666667,0.5333333333333333,1.0,False,False,,,,,,
doctr,handwriting,iam_02684,0.18685863425002935,,False,,,0.24561403508771928,0.24561403508771928,0.6428571428571429,14.0,57.0,0.5714285714285714,0.6153846153846154,0.38461538461538464,0.9298245614035088,False,False,,,,,,
doctr,handwriting,iam_02725,0.18685863425002935,,False,,,0.49122807017543857,0.49122807017543857,1.2,28.0,57.0,0.09090909090909091,0.08333333333333333,0.9166666666666666,1.0,False,False,,,,,,
doctr,handwriting,iam_02733,0.17155889324999407,,False,,,0.358974358974359,0.358974358974359,1.0,14.0,39.0,0.0,0.0,1.0,0.7948717948717948,False,False,,,,,,
doctr,handwriting,iam_02750,0.17155889324999407,,False,,,0.5,0.5,1.4285714285714286,20.0,40.0,0.2857142857142857,0.16666666666666666,0.8333333333333334,1.025,False,False,,,,,,
doctr,handwriting,iam_02765,0.17155889324999407,,False,,,0.7894736842105263,0.7894736842105263,0.875,30.0,38.0,0.125,0.5,0.5,0.2631578947368421,False,False,,,,,,
doctr,handwriting,iam_02838,0.17155889324999407,,False,,,0.48148148148148145,0.48148148148148145,1.0,13.0,27.0,0.16666666666666666,0.2,0.8,0.7037037037037037,False,False,,,,,,
doctr,stress,syn000_prose__clean,2.5709484682499806,,False,,,0.005491990846681922,0.006416131989000917,0.02056555269922879,14.0,2182.0,0.9924433249370277,0.9924433249370277,0.007556675062972292,1.001833180568286,False,False,,,,,prose,clean
doctr,stress,syn000_prose__dpi150,2.5709484682499806,,False,,,0.004118993135011442,0.005041246562786435,0.017994858611825194,11.0,2182.0,0.9949622166246851,0.992462311557789,0.007537688442211055,1.0013748854262146,False,False,,,,,prose,dpi150
doctr,stress,syn000_prose__dpi75,2.5709484682499806,,False,,,0.006407322654462242,0.007332722273143905,0.028277634961439587,16.0,2182.0,0.9798488664987406,0.974937343358396,0.02506265664160401,1.0004582951420715,False,False,,,,,prose,dpi75
doctr,stress,syn000_prose__blur,2.5709484682499806,,False,,,0.007780320366132723,0.008707607699358386,0.030848329048843187,19.0,2182.0,0.9798488664987406,0.974937343358396,0.02506265664160401,0.9986251145737856,False,False,,,,,prose,blur
doctr,stress,syn000_prose__noise,2.5709484682499806,,False,,,0.012356979405034324,0.013290559120073327,0.04113110539845758,29.0,2182.0,0.9773299748110831,0.9797979797979798,0.020202020202020204,1.0022914757103574,False,False,,,,,prose,noise
doctr,stress,syn000_prose__rotate3,2.5709484682499806,,False,,,0.003203661327231121,0.004124656278643446,0.017994858611825194,9.0,2182.0,0.9949622166246851,0.9949622166246851,0.005037783375314861,1.0013748854262146,False,False,,,,,prose,rotate3
doctr,stress,syn000_prose__rotate8,2.5709484682499806,,False,,,0.008695652173913044,0.009624197983501375,0.043701799485861184,21.0,2182.0,0.9974811083123426,0.9924812030075187,0.007518796992481203,0.999083409715857,False,False,,,,,prose,rotate8
doctr,stress,syn000_prose__jpeg_q10,2.5709484682499806,,False,,,0.005034324942791762,0.005957836846929423,0.030848329048843187,13.0,2182.0,0.982367758186398,0.9848484848484849,0.015151515151515152,1.0004582951420715,False,False,,,,,prose,jpeg_q10
doctr,stress,syn000_prose__low_contrast,2.53108269712493,,False,,,0.0036613272311212816,0.00458295142071494,0.02056555269922879,10.0,2182.0,0.9924433249370277,0.9949494949494949,0.005050505050505051,1.0013748854262146,False,False,,,,,prose,low_contrast
doctr,stress,syn000_prose__photocopy,2.53108269712493,,False,,,0.007780320366132723,0.008707607699358386,0.02313624678663239,19.0,2182.0,0.9899244332493703,0.9899244332493703,0.010075566750629723,1.0041246562786434,False,False,,,,,prose,photocopy
doctr,stress,syn000_prose__phone_photo,2.53108269712493,,False,,,0.006864988558352402,0.007791017415215398,0.02313624678663239,17.0,2182.0,0.9848866498740554,0.9824120603015075,0.017587939698492462,1.0013748854262146,False,False,,,,,prose,phone_photo
doctr,stress,syn001_two_column__clean,2.53108269712493,,False,,,0.0048638132295719845,0.0048638132295719845,0.013404825737265416,10.0,2056.0,0.9946666666666667,0.9946666666666667,0.005333333333333333,1.0,False,False,,,,,two_column,clean
doctr,stress,syn001_two_column__dpi150,2.53108269712493,,False,,,0.0038910505836575876,0.0038910505836575876,0.010723860589812333,8.0,2056.0,0.9973333333333333,0.9973333333333333,0.0026666666666666666,1.0,False,False,,,,,two_column,dpi150
doctr,stress,syn001_two_column__dpi75,2.53108269712493,,False,,,0.007782101167315175,0.007782101167315175,0.032171581769437,16.0,2056.0,0.9786666666666667,0.9839142091152815,0.0160857908847185,0.9985408560311284,False,False,,,,,two_column,dpi75
doctr,stress,syn001_two_column__blur,2.53108269712493,,False,,,0.013618677042801557,0.013618677042801557,0.05361930294906166,28.0,2056.0,0.96,0.967741935483871,0.03225806451612903,0.9941634241245136,False,False,,,,,two_column,blur
doctr,stress,syn001_two_column__noise,2.53108269712493,,False,,,0.008268482490272374,0.008268482490272374,0.02680965147453083,17.0,2056.0,0.9813333333333333,0.9865951742627346,0.013404825737265416,0.9985408560311284,False,False,,,,,two_column,noise
doctr,stress,syn001_two_column__rotate3,2.01634079712494,,False,,,0.005836575875486381,0.005836575875486381,0.01876675603217158,12.0,2056.0,0.9946666666666667,0.9946666666666667,0.005333333333333333,0.9990272373540856,False,False,,,,,two_column,rotate3
doctr,stress,syn001_two_column__rotate8,2.01634079712494,,False,,,0.0038910505836575876,0.0038910505836575876,0.01876675603217158,8.0,2056.0,1.0,1.0,0.0,0.997568093385214,False,False,,,,,two_column,rotate8
doctr,stress,syn001_two_column__jpeg_q10,2.01634079712494,,False,,,0.0019455252918287938,0.0019455252918287938,0.005361930294906166,4.0,2056.0,0.9946666666666667,0.9973262032085561,0.00267379679144385,0.9990272373540856,False,False,,,,,two_column,jpeg_q10
doctr,stress,syn001_two_column__low_contrast,2.01634079712494,,False,,,0.005350194552529183,0.005350194552529183,0.021447721179624665,11.0,2056.0,0.9866666666666667,0.9919571045576407,0.00804289544235925,0.9990272373540856,False,False,,,,,two_column,low_contrast
doctr,stress,syn001_two_column__photocopy,2.01634079712494,,False,,,0.0048638132295719845,0.0048638132295719845,0.013404825737265416,10.0,2056.0,0.992,0.9946524064171123,0.0053475935828877,0.9990272373540856,False,False,,,,,two_column,photocopy
doctr,stress,syn001_two_column__phone_photo,2.01634079712494,,False,,,0.003404669260700389,0.003404669260700389,0.0160857908847185,7.0,2056.0,0.984,0.9892761394101877,0.010723860589812333,0.9990272373540856,False,False,,,,,two_column,phone_photo
doctr,stress,syn002_table__clean,2.01634079712494,,False,,,0.6690140845070423,0.6690140845070423,0.8,285.0,426.0,1.0,1.0,0.0,1.0,False,False,,,,,table,clean
doctr,stress,syn002_table__dpi150,2.01634079712494,,False,,,0.6690140845070423,0.6690140845070423,0.8,285.0,426.0,1.0,1.0,0.0,1.0,False,False,,,,,table,dpi150
doctr,stress,syn002_table__dpi75,0.5877939895000281,,False,,,0.6690140845070423,0.6690140845070423,0.8153846153846154,285.0,426.0,0.9888888888888889,0.9888888888888889,0.011111111111111112,1.0,False,False,,,,,table,dpi75
doctr,stress,syn002_table__blur,0.5877939895000281,,False,,,0.6666666666666666,0.6666666666666666,0.8,284.0,426.0,0.9888888888888889,1.0,0.0,0.9953051643192489,False,False,,,,,table,blur
doctr,stress,syn002_table__noise,0.5877939895000281,,False,,,0.6690140845070423,0.6690140845070423,0.8,285.0,426.0,1.0,1.0,0.0,1.0,False,False,,,,,table,noise
doctr,stress,syn002_table__rotate3,0.5877939895000281,,False,,,0.6690140845070423,0.6690140845070423,0.8,285.0,426.0,1.0,1.0,0.0,1.0,False,False,,,,,table,rotate3
doctr,stress,syn002_table__rotate8,0.5877939895000281,,False,,,0.6690140845070423,0.6690140845070423,0.8,285.0,426.0,1.0,1.0,0.0,1.0,False,False,,,,,table,rotate8
doctr,stress,syn002_table__jpeg_q10,0.5877939895000281,,False,,,0.6690140845070423,0.6690140845070423,0.8153846153846154,285.0,426.0,0.9888888888888889,0.9888888888888889,0.011111111111111112,1.0,False,False,,,,,table,jpeg_q10
doctr,stress,syn002_table__low_contrast,0.5877939895000281,,False,,,0.6690140845070423,0.6690140845070423,0.8,285.0,426.0,1.0,1.0,0.0,1.0,False,False,,,,,table,low_contrast
doctr,stress,syn002_table__photocopy,0.5877939895000281,,False,,,0.6690140845070423,0.6690140845070423,0.8,285.0,426.0,1.0,1.0,0.0,1.0,False,False,,,,,table,photocopy
doctr,stress,syn002_table__phone_photo,0.5842118732499557,,False,,,0.6690140845070423,0.6690140845070423,0.8153846153846154,285.0,426.0,0.9888888888888889,0.9888888888888889,0.011111111111111112,1.0,False,False,,,,,table,phone_photo
doctr,stress,syn003_invoice__clean,0.5842118732499557,,False,,,0.43628509719222464,0.43628509719222464,0.5151515151515151,202.0,463.0,1.0,1.0,0.0,1.0,False,False,,,,,invoice,clean
doctr,stress,syn003_invoice__dpi150,0.5842118732499557,,False,,,0.43628509719222464,0.43628509719222464,0.5151515151515151,202.0,463.0,1.0,1.0,0.0,1.0,False,False,,,,,invoice,dpi150
doctr,stress,syn003_invoice__dpi75,0.5842118732499557,,False,,,0.43844492440604754,0.43844492440604754,0.5303030303030303,203.0,463.0,1.0,1.0,0.0,1.0,False,False,,,,,invoice,dpi75
doctr,stress,syn003_invoice__blur,0.5842118732499557,,False,,,0.4406047516198704,0.4406047516198704,0.5454545454545454,204.0,463.0,1.0,1.0,0.0,1.0,False,False,,,,,invoice,blur
doctr,stress,syn003_invoice__noise,0.5842118732499557,,False,,,0.43628509719222464,0.43628509719222464,0.5151515151515151,202.0,463.0,1.0,1.0,0.0,1.0,False,False,,,,,invoice,noise
doctr,stress,syn003_invoice__rotate3,0.5842118732499557,,False,,,0.43628509719222464,0.43628509719222464,0.5151515151515151,202.0,463.0,1.0,1.0,0.0,1.0,False,False,,,,,invoice,rotate3
doctr,stress,syn003_invoice__rotate8,0.5842118732499557,,False,,,0.43628509719222464,0.43628509719222464,0.5151515151515151,202.0,463.0,1.0,1.0,0.0,1.0,False,False,,,,,invoice,rotate8
doctr,stress,syn003_invoice__jpeg_q10,1.5295960137499378,,False,,,0.43844492440604754,0.43844492440604754,0.5303030303030303,203.0,463.0,1.0,1.0,0.0,1.0,False,False,,,,,invoice,jpeg_q10
doctr,stress,syn003_invoice__low_contrast,1.5295960137499378,,False,,,0.43628509719222464,0.43628509719222464,0.5151515151515151,202.0,463.0,1.0,1.0,0.0,1.0,False,False,,,,,invoice,low_contrast
doctr,stress,syn003_invoice__photocopy,1.5295960137499378,,False,,,0.43628509719222464,0.43628509719222464,0.5151515151515151,202.0,463.0,1.0,1.0,0.0,1.0,False,False,,,,,invoice,photocopy
doctr,stress,syn003_invoice__phone_photo,1.5295960137499378,,False,,,0.43628509719222464,0.43628509719222464,0.5151515151515151,202.0,463.0,1.0,1.0,0.0,1.0,False,False,,,,,invoice,phone_photo
doctr,stress,syn004_prose__clean,1.5295960137499378,,False,,,0.012934879571810883,0.012934879571810883,0.028132992327365727,29.0,2242.0,0.9822335025380711,0.979746835443038,0.020253164556962026,0.9995539696699376,False,False,,,,,prose,clean
doctr,stress,syn004_prose__dpi150,1.5295960137499378,,False,,,0.006690454950936664,0.006690454950936664,0.02557544757033248,15.0,2242.0,0.9873096446700508,0.9873096446700508,0.012690355329949238,0.9995539696699376,False,False,,,,,prose,dpi150
doctr,stress,syn004_prose__dpi75,1.5295960137499378,,False,,,0.008028545941123996,0.008028545941123996,0.028132992327365727,18.0,2242.0,0.9746192893401016,0.9746192893401016,0.025380710659898477,0.9995539696699376,False,False,,,,,prose,dpi75
doctr,stress,syn004_prose__blur,1.5295960137499378,,False,,,0.006244424620874219,0.006244424620874219,0.02557544757033248,14.0,2242.0,0.9746192893401016,0.9746192893401016,0.025380710659898477,0.9977698483496877,False,False,,,,,prose,blur
doctr,stress,syn004_prose__noise,2.5371437598570474,,False,,,0.012042818911685994,0.012042818911685994,0.03580562659846547,27.0,2242.0,0.9720812182741116,0.9770408163265306,0.02295918367346939,0.9982158786797503,False,False,,,,,prose,noise
doctr,stress,syn004_prose__rotate3,2.5371437598570474,,False,,,0.004906333630686887,0.004906333630686887,0.023017902813299233,11.0,2242.0,0.9847715736040609,0.9872773536895675,0.01272264631043257,0.9995539696699376,False,False,,,,,prose,rotate3
doctr,stress,syn004_prose__rotate8,2.5371437598570474,,False,,,0.00847457627118644,0.00847457627118644,0.03836317135549872,19.0,2242.0,0.9898477157360406,0.9898477157360406,0.01015228426395939,0.9973238180196253,False,False,,,,,prose,rotate8
doctr,stress,syn004_prose__jpeg_q10,2.5371437598570474,,False,,,0.006244424620874219,0.006244424620874219,0.030690537084398978,14.0,2242.0,0.9771573604060914,0.9821428571428571,0.017857142857142856,0.9995539696699376,False,False,,,,,prose,jpeg_q10
doctr,stress,syn004_prose__low_contrast,2.5371437598570474,,False,,,0.007582515611061552,0.007582515611061552,0.04603580562659847,17.0,2242.0,0.9670050761421319,0.9769230769230769,0.023076923076923078,0.9973238180196253,False,False,,,,,prose,low_contrast
doctr,stress,syn004_prose__photocopy,2.5371437598570474,,False,,,0.006244424620874219,0.006244424620874219,0.023017902813299233,14.0,2242.0,0.9822335025380711,0.9822335025380711,0.017766497461928935,1.0,False,False,,,,,prose,photocopy
doctr,stress,syn004_prose__phone_photo,2.5371437598570474,,False,,,0.003568242640499554,0.003568242640499554,0.015345268542199489,8.0,2242.0,0.9847715736040609,0.9847715736040609,0.015228426395939087,1.0,False,False,,,,,prose,phone_photo
easyocr,books,birdsofgreatbrit02butl_0093_full,5.002678480999748,,False,birdsofgreatbrit02butl,en,0.07211538461538461,0.06015693112467306,0.3018867924528302,138.0,2294.0,0.8160621761658031,0.8076923076923077,0.19230769230769232,1.011333914559721,False,False,,,,,,
easyocr,books,birdsofgreatbrit02butl_0126_full,6.6612008710003465,,False,birdsofgreatbrit02butl,en,0.057787174066243834,0.048591549295774646,0.23644251626898047,138.0,2840.0,0.8366935483870968,0.8266932270916335,0.17330677290836655,1.0126760563380282,False,False,,,,,,
easyocr,books,birdsofgreatbrit02butl_0156_full,4.724641680999866,,False,birdsofgreatbrit02butl,en,0.053763440860215055,0.03796791443850268,0.19078947368421054,71.0,1870.0,0.8782051282051282,0.8810289389067524,0.1189710610932476,1.0010695187165775,False,False,,,,,,
easyocr,books,birdsofgreatbrit02butl_0159_full,6.3525647060000665,,False,birdsofgreatbrit02butl,en,0.04845967462789893,0.03935105281325509,0.16988416988416988,114.0,2897.0,0.8782771535580525,0.8766355140186916,0.1233644859813084,1.0024162927166034,False,False,,,,,,
easyocr,books,birdsofgreatbrit02butl_0172_full,7.73137995199977,,False,birdsofgreatbrit02butl,en,0.04274857504749842,0.02545568824638592,0.11724137931034483,81.0,3182.0,0.9101694915254237,0.9070945945945946,0.0929054054054054,1.0040854808296669,False,False,,,,,,
easyocr,books,birdsofgreatbrit02butl_0308_full,5.047966554999675,,False,birdsofgreatbrit02butl,en,0.03726027397260274,0.0312157721796276,0.1524390243902439,57.0,1826.0,0.9050445103857567,0.8970588235294118,0.10294117647058823,1.0060240963855422,False,False,,,,,,
easyocr,books,birdsofgreatbrit02butl_0312_full,3.14252817400029,,False,birdsofgreatbrit02butl,en,0.029850746268656716,0.02702702702702703,0.12359550561797752,29.0,1073.0,0.9395604395604396,0.9293478260869565,0.07065217391304347,1.0046598322460392,False,False,,,,,,
easyocr,books,birdsofgreatbrit02butl_0320_full,4.897619151000072,,False,birdsofgreatbrit02butl,en,0.030951297223486572,0.025932666060054597,0.14246575342465753,57.0,2198.0,0.9166666666666666,0.9095607235142119,0.09043927648578812,1.0059144676979073,False,False,,,,,,
easyocr,books,birdsofgreatbrit02butl_0328_full,2.659794617999978,,False,birdsofgreatbrit02butl,en,0.08166409861325115,0.07704160246533127,0.43157894736842106,50.0,649.0,0.8301886792452831,0.7927927927927928,0.2072072072072072,1.0231124807395995,False,False,,,,,,
easyocr,books,conchologiaiconi05reev_0039_full,6.748026697000114,,False,conchologiaiconi05reev,en,0.7811704834605598,0.7772403258655805,1.0035026269702276,3053.0,3928.0,0.8991452991452992,0.8885135135135135,0.11148648648648649,1.0068737270875763,False,False,,,,,,
easyocr,books,conchologiaiconi05reev_0127_full,6.046400536999954,,False,conchologiaiconi05reev,en,0.7543515567541064,0.7531380753138075,0.9903474903474904,3060.0,4063.0,0.8215613382899628,0.7921146953405018,0.2078853046594982,1.0155057839035195,False,False,,,,,,
easyocr,books,conchologiaiconi05reev_0200_full,5.850703678000173,,False,conchologiaiconi05reev,en,0.7608979378752284,0.7588111520252498,0.9880715705765407,2885.0,3802.0,0.8831417624521073,0.8505535055350554,0.14944649446494465,1.017096265123619,False,False,,,,,,
easyocr,books,conchologiaiconi05reev_0235_full,5.4262704880002275,,False,conchologiaiconi05reev,en,0.7420338043779441,0.7420877290394226,0.9891304347826086,2673.0,3602.0,0.8117154811715481,0.7934560327198364,0.2065439672801636,1.0122154358689617,False,False,,,,,,
easyocr,books,conchologiaiconi05reev_0271_full,5.738782002000335,,False,conchologiaiconi05reev,en,0.7510718113612004,0.7495312081435842,1.01890756302521,2798.0,3733.0,0.7991886409736308,0.7786561264822134,0.22134387351778656,1.011786766675596,False,False,,,,,,
easyocr,books,conchologiaiconi05reev_0276_full,6.570221851000042,,False,conchologiaiconi05reev,en,0.7621857923497267,0.7593688362919132,1.0017421602787457,3465.0,4563.0,0.8174204355108877,0.8013136288998358,0.1986863711001642,1.0105193951347797,False,False,,,,,,
easyocr,books,conchologiaiconi05reev_0350_full,4.315258842000276,,False,conchologiaiconi05reev,en,0.7208237986270023,0.7188791915480018,0.9525423728813559,1565.0,2177.0,0.8675496688741722,0.8397435897435898,0.16025641025641027,1.0156178226917776,False,False,,,,,,
easyocr,books,conchologiaiconi05reev_0354_full,5.6067424070001834,,False,conchologiaiconi05reev,en,0.7475400618498735,0.7439572793704329,0.9620253164556962,2647.0,3558.0,0.8620689655172413,0.8483033932135728,0.15169660678642716,1.0118043844856661,False,False,,,,,,
easyocr,books,conchologiaiconi05reev_0433_full,5.595274088000224,,False,conchologiaiconi05reev,en,0.7376116978066612,0.7380434782608696,1.008695652173913,2716.0,3680.0,0.8850102669404517,0.8551587301587301,0.14484126984126985,1.0171195652173912,False,False,,,,,,
easyocr,books,daschitinskelett00prel_0011_full,5.439749350000056,,False,daschitinskelett00prel,de,0.040686586141131596,0.04435226547543076,0.271889400921659,139.0,3134.0,0.9048723897911833,0.8227848101265823,0.17721518987341772,1.0175494575622208,False,False,,,,,,
easyocr,books,daschitinskelett00prel_0021_full,6.590312165999876,,False,daschitinskelett00prel,de,0.030821030821030822,0.03349779278109582,0.19148936170212766,129.0,3851.0,0.9359430604982206,0.8694214876033057,0.1305785123966942,1.0109062581147754,False,False,,,,,,
easyocr,books,daschitinskelett00prel_0034_full,5.626251605000107,,False,daschitinskelett00prel,de,0.02913596784996651,0.030181086519114688,0.1807511737089202,90.0,2982.0,0.96,0.8869565217391304,0.11304347826086956,1.012407780013414,False,False,,,,,,
easyocr,books,daschitinskelett00prel_0037_full,6.533596239999952,,False,daschitinskelett00prel,de,0.026392187912377935,0.028616852146263912,0.18397085610200364,108.0,3774.0,0.9543795620437956,0.8716666666666667,0.12833333333333333,1.016163222045575,False,False,,,,,,
easyocr,books,daschitinskelett00prel_0038_full,6.453886794000027,,False,daschitinskelett00prel,de,0.0155561317085818,0.017703722988804998,0.1169811320754717,68.0,3841.0,0.9547169811320755,0.9183303085299456,0.08166969147005444,1.0070294194220255,False,False,,,,,,
easyocr,books,daschitinskelett00prel_0051_full,6.852775340000335,,False,daschitinskelett00prel,de,0.06075119737837156,0.06396965865992414,0.40714285714285714,253.0,3955.0,0.9032258064516129,0.7390029325513197,0.26099706744868034,1.0351453855878634,False,False,,,,,,
easyocr,books,daschitinskelett00prel_0057_full,5.922572749999745,,False,daschitinskelett00prel,de,0.03641055045871559,0.037600459242250285,0.23739495798319327,131.0,3484.0,0.930672268907563,0.8327067669172933,0.16729323308270677,1.017508610792193,False,False,,,,,,
easyocr,books,daschitinskelett00prel_0060_full,2.8201017080000383,,False,daschitinskelett00prel,de,0.043237250554323724,0.05022321428571429,0.32231404958677684,45.0,896.0,0.9495798319327731,0.773972602739726,0.22602739726027396,1.0256696428571428,False,False,,,,,,
easyocr,books,histoirenaturell10cuvi_0014_full,2.6892443420001655,,False,histoirenaturell10cuvi,fr,0.03865546218487395,0.04406779661016949,0.2897727272727273,52.0,1180.0,0.8404255319148937,0.8586956521739131,0.14130434782608695,1.0101694915254238,False,False,,,,,,
easyocr,books,histoirenaturell10cuvi_0070_full,3.157730549000007,,False,histoirenaturell10cuvi,fr,0.1263243683781581,0.12839506172839507,0.5485436893203883,156.0,1215.0,0.8071748878923767,0.7792207792207793,0.22077922077922077,1.0403292181069959,False,False,,,,,,
easyocr,books,histoirenaturell10cuvi_0172_full,2.853880424000181,,False,histoirenaturell10cuvi,fr,0.033824804856895055,0.03130434782608696,0.15736040609137056,36.0,1150.0,0.9065420560747663,0.9238095238095239,0.0761904761904762,0.9973913043478261,False,False,,,,,,
easyocr,books,histoirenaturell10cuvi_0188_full,3.320154816000013,,False,histoirenaturell10cuvi,fr,0.043758043758043756,0.03994845360824742,0.2037735849056604,62.0,1552.0,0.8508474576271187,0.8869257950530035,0.11307420494699646,0.9974226804123711,False,False,,,,,,
easyocr,books,histoirenaturell10cuvi_0251_full,2.8049964450001426,,False,histoirenaturell10cuvi,fr,0.04522184300341297,0.04659188955996549,0.263681592039801,54.0,1159.0,0.8551401869158879,0.8551401869158879,0.14485981308411214,1.010353753235548,False,False,,,,,,
easyocr,books,histoirenaturell10cuvi_0343_full,2.980288948999714,,False,histoirenaturell10cuvi,fr,0.07036747458952307,0.07509881422924901,0.35175879396984927,95.0,1265.0,0.8725490196078431,0.8165137614678899,0.1834862385321101,1.0316205533596838,False,False,,,,,,
easyocr,books,histoirenaturell10cuvi_0369_full,3.1156622859998606,,False,histoirenaturell10cuvi,fr,0.06230769230769231,0.05955143078112916,0.3181818181818182,77.0,1293.0,0.8620689655172413,0.8438818565400844,0.15611814345991562,1.0100541376643464,False,False,,,,,,
easyocr,books,histoirenaturell10cuvi_0425_full,3.44516217599994,,False,histoirenaturell10cuvi,fr,0.045598480050664976,0.03689567430025445,0.22382671480144403,58.0,1572.0,0.935374149659864,0.9136212624584718,0.08637873754152824,1.0178117048346056,False,False,,,,,,
easyocr,books,pisciumquerelaee00sche_0012_full,3.917474086999846,,False,pisciumquerelaee00sche,la,0.1566408576533651,0.1675708257986739,0.6398305084745762,278.0,1659.0,0.4789272030651341,0.5208333333333334,0.4791666666666667,1.0301386377335744,False,False,,,,,,
easyocr,books,pisciumquerelaee00sche_0013_full,3.8840772110002035,,False,pisciumquerelaee00sche,la,0.15371024734982333,0.1611177170035672,0.625,271.0,1682.0,0.5168539325842697,0.5564516129032258,0.4435483870967742,1.025564803804994,False,False,,,,,,
easyocr,books,pisciumquerelaee00sche_0016_full,3.9300214009999763,,False,pisciumquerelaee00sche,la,0.126875,0.1317289423685877,0.5814977973568282,208.0,1579.0,0.5495867768595041,0.5732758620689655,0.4267241379310345,1.0272324255858138,False,False,,,,,,
easyocr,books,pisciumquerelaee00sche_0035_full,3.823990669000068,,False,pisciumquerelaee00sche,la,0.17317073170731706,0.17065684468999387,0.6666666666666666,278.0,1629.0,0.532520325203252,0.5695652173913044,0.43043478260869567,1.0331491712707181,False,False,,,,,,
easyocr,books,pisciumquerelaee00sche_0038_full,3.747630930000014,,False,pisciumquerelaee00sche,la,0.17454798331015298,0.18657243816254418,0.5888324873096447,264.0,1415.0,0.6188118811881188,0.5980861244019139,0.4019138755980861,1.0678445229681979,False,False,,,,,,
easyocr,books,pisciumquerelaee00sche_0040_full,3.9725515830000404,,False,pisciumquerelaee00sche,la,0.14758698092031425,0.1558073654390935,0.7205882352941176,275.0,1765.0,0.5231788079470199,0.5939849624060151,0.40601503759398494,1.0045325779036827,False,False,,,,,,
easyocr,books,pisciumquerelaee00sche_0041_full,3.872427152,,False,pisciumquerelaee00sche,la,0.14893617021276595,0.1572962728995578,0.6166666666666667,249.0,1583.0,0.4942528735632184,0.5707964601769911,0.42920353982300885,1.0120025268477575,False,False,,,,,,
easyocr,books,pisciumquerelaee00sche_0044_full,3.035761234000347,,False,pisciumquerelaee00sche,la,0.625,0.6287128712871287,1.8035714285714286,254.0,404.0,0.5283018867924528,0.32941176470588235,0.6705882352941176,1.3935643564356435,False,False,,,,,,
easyocr,books,trudyrusskagoent161881russ_0098_full,3.373725222000303,,False,trudyrusskagoent161881russ,fr+de,0.08173076923076923,0.07983482450103235,0.7303921568627451,116.0,1453.0,0.8442211055276382,0.7241379310344828,0.27586206896551724,1.0385409497591191,False,False,,,,,,
easyocr,books,trudyrusskagoent161881russ_0121_full,4.231713928999852,,False,trudyrusskagoent161881russ,fr+de,0.04723991507430998,0.04148936170212766,0.2491349480968858,78.0,1880.0,0.9090909090909091,0.8873720136518771,0.11262798634812286,1.0106382978723405,False,False,,,,,,
easyocr,books,trudyrusskagoent161881russ_0276_full,3.8069567600000482,,False,trudyrusskagoent161881russ,fr+de,0.05497685185185185,0.05092592592592592,0.32270916334661354,88.0,1728.0,0.8744939271255061,0.8212927756653993,0.17870722433460076,1.0179398148148149,False,False,,,,,,
easyocr,books,trudyrusskagoent161881russ_0329_full,4.163548491000256,,False,trudyrusskagoent161881russ,fr+de,0.03198090692124105,0.034995206136145734,0.22602739726027396,73.0,2086.0,0.9413793103448276,0.9191919191919192,0.08080808080808081,1.008149568552253,False,False,,,,,,
easyocr,books,trudyrusskagoent161881russ_0357_full,3.8154233189998195,,False,trudyrusskagoent161881russ,fr+de,0.030565167243367934,0.035983749274521186,0.25311203319502074,62.0,1723.0,0.9214876033057852,0.8884462151394422,0.11155378486055777,1.008125362739408,False,False,,,,,,
easyocr,books,trudyrusskagoent161881russ_0379_full,4.248652285000389,,False,trudyrusskagoent161881russ,fr+de,0.03896103896103896,0.04565980933266432,0.24213836477987422,91.0,1993.0,0.8678678678678678,0.8757575757575757,0.12424242424242424,1.0020070245860513,False,False,,,,,,
easyocr,books,trudyrusskagoent161881russ_0388_full,4.096341945999939,,False,trudyrusskagoent161881russ,fr+de,0.03823047515019115,0.03940886699507389,0.21212121212121213,72.0,1827.0,0.8867313915857605,0.9072847682119205,0.09271523178807947,0.9901477832512315,False,False,,,,,,
easyocr,books,trudyrusskagoent161881russ_0446_full,3.0896952789998977,,False,trudyrusskagoent161881russ,fr+de,0.041821561338289966,0.04766355140186916,0.225130890052356,51.0,1070.0,0.9,0.8823529411764706,0.11764705882352941,0.9962616822429906,False,False,,,,,,
easyocr,docs,headers_footers__0b8de922246569bf96136cd5bb1d9643b2d269fe_page_10_processed,2.5869486299998243,,False,,,,,,,,,,,,False,,headers_footers,2.0,1.0,"[{""id"": ""0b8de922246569bf96136cd5bb1d9643b2d269fe_page_10_processed.pdf_manual_00"", ""type"": ""absent"", ""passed"": false, ""category"": ""headers_footers""}, {""id"": ""auto_baseline"", ""type"": ""baseline"", ""passed"": true, ""category"": ""baseline""}]",,
easyocr,docs,headers_footers__12e836a20227be4b63f7dcdebb2498e9d189d4da_page_5_processed,4.438844636999875,,False,,,,,,,,,,,,False,,headers_footers,4.0,4.0,"[{""id"": ""12e836a20227be4b63f7dcdebb2498e9d189d4da_page_5_processed_pg1_header_00"", ""type"": ""absent"", ""passed"": true, ""category"": ""headers_footers""}, {""id"": ""12e836a20227be4b63f7dcdebb2498e9d189d4da_page_5_processed_pg1_header_01"", ""type"": ""absent"", ""passed"": true, ""category"": ""headers_footers""}, {""id"": ""12e836a20227be4b63f7dcdebb2498e9d189d4da_page_5_processed_pg1_header_02"", ""type"": ""absent"", ""passed"": true, ""category"": ""headers_footers""}, {""id"": ""auto_baseline"", ""type"": ""baseline"", ""passed"": true, ""category"": ""baseline""}]",,
easyocr,docs,headers_footers__17ce5025be595d7fc2c3a347b6a2fa4e4d06419d_page_1,1.9414567329999954,,False,,,,,,,,,,,,False,,headers_footers,2.0,2.0,"[{""id"": ""17ce5025be595d7fc2c3a347b6a2fa4e4d06419d_page_1_header_00"", ""type"": ""absent"", ""passed"": true, ""category"": ""headers_footers""}, {""id"": ""auto_baseline"", ""type"": ""baseline"", ""passed"": true, ""category"": ""baseline""}]",,
easyocr,docs,headers_footers__1a3e61746b0965df09bce6cb1051c455807363d5_page_1,4.9779784920001475,,False,,,,,,,,,,,,False,,headers_footers,3.0,2.0,"[{""id"": ""1a3e61746b0965df09bce6cb1051c455807363d5_page_1_header_00"", ""type"": ""absent"", ""passed"": false, ""category"": ""headers_footers""}, {""id"": ""1a3e61746b0965df09bce6cb1051c455807363d5_page_1.pdf_manual_00"", ""type"": ""absent"", ""passed"": true, ""category"": ""headers_footers""}, {""id"": ""auto_baseline"", ""type"": ""baseline"", ""passed"": true, ""category"": ""baseline""}]",,
easyocr,docs,headers_footers__2cb8b9fbe5aaac3d7f95d110a3b08132ee09d103_page_2,3.213540553999792,,False,,,,,,,,,,,,False,,headers_footers,3.0,2.0,"[{""id"": ""2cb8b9fbe5aaac3d7f95d110a3b08132ee09d103_page_2_header_00"", ""type"": ""absent"", ""passed"": false, ""category"": ""headers_footers""}, {""id"": ""2cb8b9fbe5aaac3d7f95d110a3b08132ee09d103_page_2.pdf_manual_00"", ""type"": ""absent"", ""passed"": true, ""category"": ""headers_footers""}, {""id"": ""auto_baseline"", ""type"": ""baseline"", ""passed"": true, ""category"": ""baseline""}]",,
easyocr,docs,headers_footers__363300831b3da664b1bfe972e4f86464fa076da3_page_149,4.1025903220001965,,False,,,,,,,,,,,,False,,headers_footers,6.0,4.0,"[{""id"": ""363300831b3da664b1bfe972e4f86464fa076da3_page_149_header_00"", ""type"": ""absent"", ""passed"": false, ""category"": ""headers_footers""}, {""id"": ""363300831b3da664b1bfe972e4f86464fa076da3_page_149_header_01"", ""type"": ""absent"", ""passed"": true, ""category"": ""headers_footers""}, {""id"": ""363300831b3da664b1bfe972e4f86464fa076da3_page_149_header_15"", ""type"": ""absent"", ""passed"": true, ""category"": ""headers_footers""}, {""id"": ""363300831b3da664b1bfe972e4f86464fa076da3_page_149_header_16"", ""type"": ""absent"", ""passed"": true, ""category"": ""headers_footers""}, {""id"": ""363300831b3da664b1bfe972e4f86464fa076da3_page_149.pdf_manual_00"", ""type"": ""absent"", ""passed"": false, ""category"": ""headers_footers""}, {""id"": ""auto_baseline"", ""type"": ""baseline"", ""passed"": true, ""category"": ""baseline""}]",,
easyocr,docs,headers_footers__62621cef2b1d5356a063aa7c9c735ac396fb2223_page_33,2.541886934000104,,False,,,,,,,,,,,,False,,headers_footers,4.0,1.0,"[{""id"": ""62621cef2b1d5356a063aa7c9c735ac396fb2223_page_33_header_00"", ""type"": ""absent"", ""passed"": false, ""category"": ""headers_footers""}, {""id"": ""62621cef2b1d5356a063aa7c9c735ac396fb2223_page_33.pdf_manual_00"", ""type"": ""absent"", ""passed"": false, ""category"": ""headers_footers""}, {""id"": ""62621cef2b1d5356a063aa7c9c735ac396fb2223_page_33.pdf_manual_01"", ""type"": ""absent"", ""passed"": false, ""category"": ""headers_footers""}, {""id"": ""auto_baseline"", ""type"": ""baseline"", ""passed"": true, ""category"": ""baseline""}]",,
easyocr,docs,headers_footers__7901d119ed91a89f8fbabf0eef7174d75a7656e3_page_1,3.0232698009999694,,False,,,,,,,,,,,,False,,headers_footers,2.0,1.0,"[{""id"": ""7901d119ed91a89f8fbabf0eef7174d75a7656e3_page_1.pdf_manual_00"", ""type"": ""absent"", ""passed"": false, ""category"": ""headers_footers""}, {""id"": ""auto_baseline"", ""type"": ""baseline"", ""passed"": true, ""category"": ""baseline""}]",,
easyocr,docs,headers_footers__ba10222e40f05d76e2bf1d51c39066a4b1fe82ed_page_11,3.6175140069999543,,False,,,,,,,,,,,,False,,headers_footers,3.0,1.0,"[{""id"": ""ba10222e40f05d76e2bf1d51c39066a4b1fe82ed_page_11_header_00"", ""type"": ""absent"", ""passed"": false, ""category"": ""headers_footers""}, {""id"": ""ba10222e40f05d76e2bf1d51c39066a4b1fe82ed_page_11.pdf_manual_00"", ""type"": ""absent"", ""passed"": false, ""category"": ""headers_footers""}, {""id"": ""auto_baseline"", ""type"": ""baseline"", ""passed"": true, ""category"": ""baseline""}]",,
easyocr,docs,headers_footers__d8b9c4cd0ba9b036e09168c8dccccd1d43315ef4_page_1,2.567076041999826,,False,,,,,,,,,,,,False,,headers_footers,3.0,2.0,"[{""id"": ""d8b9c4cd0ba9b036e09168c8dccccd1d43315ef4_page_1_header_00"", ""type"": ""absent"", ""passed"": true, ""category"": ""headers_footers""}, {""id"": ""d8b9c4cd0ba9b036e09168c8dccccd1d43315ef4_page_1.pdf_manual_00"", ""type"": ""absent"", ""passed"": false, ""category"": ""headers_footers""}, {""id"": ""auto_baseline"", ""type"": ""baseline"", ""passed"": true, ""category"": ""baseline""}]",,
easyocr,docs,long_tiny_text__11_pg161_pg1,5.128166354999848,,False,,,,,,,,,,,,False,,long_tiny_text,9.0,8.0,"[{""id"": ""11_pg161_pg1_text_00"", ""type"": ""present"", ""passed"": true, ""category"": ""long_tiny_text""}, {""id"": ""11_pg161_pg1_text_01"", ""type"": ""present"", ""passed"": false, ""category"": ""long_tiny_text""}, {""id"": ""11_pg161_pg1_text_02"", ""type"": ""present"", ""passed"": true, ""category"": ""long_tiny_text""}, {""id"": ""11_pg161_pg1_text_03"", ""type"": ""present"", ""passed"": true, ""category"": ""long_tiny_text""}, {""id"": ""11_pg161_pg1_text_04"", ""type"": ""present"", ""passed"": true, ""category"": ""long_tiny_text""}, {""id"": ""11_pg161_pg1_text_05"", ""type"": ""present"", ""passed"": true, ""category"": ""long_tiny_text""}, {""id"": ""11_pg161_pg1_text_06"", ""type"": ""present"", ""passed"": true, ""category"": ""long_tiny_text""}, {""id"": ""11_pg161_pg1_text_07"", ""type"": ""present"", ""passed"": true, ""category"": ""long_tiny_text""}, {""id"": ""auto_baseline"", ""type"": ""baseline"", ""passed"": true, ""category"": ""baseline""}]",,
easyocr,docs,long_tiny_text__11_pg375_pg1,6.137234316000104,,False,,,,,,,,,,,,False,,long_tiny_text,4.0,1.0,"[{""id"": ""11_pg375_pg1_text_00"", ""type"": ""present"", ""passed"": false, ""category"": ""long_tiny_text""}, {""id"": ""11_pg375_pg1_text_01"", ""type"": ""present"", ""passed"": false, ""category"": ""long_tiny_text""}, {""id"": ""11_pg375_pg1_text_02"", ""type"": ""present"", ""passed"": false, ""category"": ""long_tiny_text""}, {""id"": ""auto_baseline"", ""type"": ""baseline"", ""passed"": true, ""category"": ""baseline""}]",,
easyocr,docs,long_tiny_text__13_pg556_pg1,10.899604258000181,,False,,,,,,,,,,,,False,,long_tiny_text,5.0,1.0,"[{""id"": ""13_pg556_pg1_text_00"", ""type"": ""present"", ""passed"": false, ""category"": ""long_tiny_text""}, {""id"": ""13_pg556_pg1_text_01"", ""type"": ""present"", ""passed"": false, ""category"": ""long_tiny_text""}, {""id"": ""13_pg556_pg1_text_02"", ""type"": ""present"", ""passed"": false, ""category"": ""long_tiny_text""}, {""id"": ""13_pg556_pg1_text_03"", ""type"": ""present"", ""passed"": false, ""category"": ""long_tiny_text""}, {""id"": ""auto_baseline"", ""type"": ""baseline"", ""passed"": true, ""category"": ""baseline""}]",,
easyocr,docs,long_tiny_text__13_pg566_pg1,10.125264924000021,,False,,,,,,,,,,,,False,,long_tiny_text,6.0,1.0,"[{""id"": ""13_pg566_pg1_text_00"", ""type"": ""present"", ""passed"": false, ""category"": ""long_tiny_text""}, {""id"": ""13_pg566_pg1_text_01"", ""type"": ""present"", ""passed"": false, ""category"": ""long_tiny_text""}, {""id"": ""13_pg566_pg1_text_02"", ""type"": ""present"", ""passed"": false, ""category"": ""long_tiny_text""}, {""id"": ""13_pg566_pg1_text_03"", ""type"": ""present"", ""passed"": false, ""category"": ""long_tiny_text""}, {""id"": ""13_pg566_pg1_text_04"", ""type"": ""present"", ""passed"": false, ""category"": ""long_tiny_text""}, {""id"": ""auto_baseline"", ""type"": ""baseline"", ""passed"": true, ""category"": ""baseline""}]",,
easyocr,docs,long_tiny_text__13_pg67_pg1,9.835764369999652,,False,,,,,,,,,,,,False,,long_tiny_text,6.0,2.0,"[{""id"": ""13_pg67_pg1_text_00"", ""type"": ""present"", ""passed"": false, ""category"": ""long_tiny_text""}, {""id"": ""13_pg67_pg1_text_01"", ""type"": ""present"", ""passed"": false, ""category"": ""long_tiny_text""}, {""id"": ""13_pg67_pg1_text_02"", ""type"": ""present"", ""passed"": false, ""category"": ""long_tiny_text""}, {""id"": ""13_pg67_pg1_text_03"", ""type"": ""present"", ""passed"": false, ""category"": ""long_tiny_text""}, {""id"": ""13_pg67_pg1_text_04"", ""type"": ""present"", ""passed"": true, ""category"": ""long_tiny_text""}, {""id"": ""auto_baseline"", ""type"": ""baseline"", ""passed"": true, ""category"": ""baseline""}]",,
easyocr,docs,long_tiny_text__14a_pg1,9.702457006000259,,False,,,,,,,,,,,,False,,long_tiny_text,6.0,1.0,"[{""id"": ""14a_pg1_text_01"", ""type"": ""present"", ""passed"": false, ""category"": ""long_tiny_text""}, {""id"": ""14a_pg1_text_02"", ""type"": ""present"", ""passed"": false, ""category"": ""long_tiny_text""}, {""id"": ""14a_pg1_text_04"", ""type"": ""present"", ""passed"": false, ""category"": ""long_tiny_text""}, {""id"": ""14a_pg1_text_05"", ""type"": ""present"", ""passed"": false, ""category"": ""long_tiny_text""}, {""id"": ""14a_pg1_text_06"", ""type"": ""present"", ""passed"": false, ""category"": ""long_tiny_text""}, {""id"": ""auto_baseline"", ""type"": ""baseline"", ""passed"": true, ""category"": ""baseline""}]",,
easyocr,docs,long_tiny_text__15c_pg1,8.256412094999632,,False,,,,,,,,,,,,False,,long_tiny_text,5.0,1.0,"[{""id"": ""15c_pg1_text_00"", ""type"": ""present"", ""passed"": false, ""category"": ""long_tiny_text""}, {""id"": ""15c_pg1_text_01"", ""type"": ""present"", ""passed"": false, ""category"": ""long_tiny_text""}, {""id"": ""15c_pg1_text_02"", ""type"": ""present"", ""passed"": false, ""category"": ""long_tiny_text""}, {""id"": ""15c_pg1_text_03"", ""type"": ""present"", ""passed"": false, ""category"": ""long_tiny_text""}, {""id"": ""auto_baseline"", ""type"": ""baseline"", ""passed"": true, ""category"": ""baseline""}]",,
easyocr,docs,long_tiny_text__17_pg2_pg1,7.071411627000089,,False,,,,,,,,,,,,False,,long_tiny_text,40.0,19.0,"[{""id"": ""17_pg2_pg1_text_00"", ""type"": ""present"", ""passed"": true, ""category"": ""long_tiny_text""}, {""id"": ""17_pg2_pg1_text_01"", ""type"": ""present"", ""passed"": false, ""category"": ""long_tiny_text""}, {""id"": ""17_pg2_pg1_text_02"", ""type"": ""present"", ""passed"": false, ""category"": ""long_tiny_text""}, {""id"": ""17_pg2_pg1_text_03"", ""type"": ""present"", ""passed"": false, ""category"": ""long_tiny_text""}, {""id"": ""17_pg2_pg1_text_04"", ""type"": ""present"", ""passed"": false, ""category"": ""long_tiny_text""}, {""id"": ""17_pg2_pg1_text_06"", ""type"": ""present"", ""passed"": true, ""category"": ""long_tiny_text""}, {""id"": ""17_pg2_pg1_text_07"", ""type"": ""present"", ""passed"": true, ""category"": ""long_tiny_text""}, {""id"": ""17_pg2_pg1_text_09"", ""type"": ""present"", ""passed"": true, ""category"": ""long_tiny_text""}, {""id"": ""17_pg2_pg1_text_10"", ""type"": ""present"", ""passed"": true, ""category"": ""long_tiny_text""}, {""id"": ""17_pg2_pg1_text_12"", ""type"": ""present"", ""passed"": true, ""category"": ""long_tiny_text""}, {""id"": ""17_pg2_pg1_text_13"", ""type"": ""present"", ""passed"": false, ""category"": ""long_tiny_text""}, {""id"": ""17_pg2_pg1_text_16"", ""type"": ""present"", ""passed"": false, ""category"": ""long_tiny_text""}, {""id"": ""17_pg2_pg1_text_17"", ""type"": ""present"", ""passed"": false, ""category"": ""long_tiny_text""}, {""id"": ""17_pg2_pg1_text_20"", ""type"": ""present"", ""passed"": true, ""category"": ""long_tiny_text""}, {""id"": ""17_pg2_pg1_text_23"", ""type"": ""present"", ""passed"": true, ""category"": ""long_tiny_text""}, {""id"": ""17_pg2_pg1_text_24"", ""type"": ""present"", ""passed"": true, ""category"": ""long_tiny_text""}, {""id"": ""17_pg2_pg1_text_25"", ""type"": ""present"", ""passed"": true, ""category"": ""long_tiny_text""}, {""id"": ""17_pg2_pg1_text_27"", ""type"": ""present"", ""passed"": true, ""category"": ""long_tiny_text""}, {""id"": ""17_pg2_pg1_text_28"", ""type"": ""present"", ""passed"": false, ""category"": ""long_tiny_text""}, {""id"": ""17_pg2_pg1_text_30"", ""type"": ""present"", ""passed"": true, ""category"": ""long_tiny_text""}, {""id"": ""17_pg2_pg1_text_31"", ""type"": ""present"", ""passed"": true, ""category"": ""long_tiny_text""}, {""id"": ""17_pg2_pg1_text_34"", ""type"": ""present"", ""passed"": true, ""category"": ""long_tiny_text""}, {""id"": ""17_pg2_pg1_text_37"", ""type"": ""present"", ""passed"": true, ""category"": ""long_tiny_text""}, {""id"": ""17_pg2_pg1_text_41"", ""type"": ""present"", ""passed"": true, ""category"": ""long_tiny_text""}, {""id"": ""17_pg2_pg1_text_43"", ""type"": ""present"", ""passed"": true, ""category"": ""long_tiny_text""}, {""id"": ""17_pg2_pg1_text_45"", ""type"": ""present"", ""passed"": false, ""category"": ""long_tiny_text""}, {""id"": ""17_pg2_pg1_text_49"", ""type"": ""present"", ""passed"": false, ""category"": ""long_tiny_text""}, {""id"": ""17_pg2_pg1_text_51"", ""type"": ""present"", ""passed"": false, ""category"": ""long_tiny_text""}, {""id"": ""17_pg2_pg1_text_56"", ""type"": ""present"", ""passed"": false, ""category"": ""long_tiny_text""}, {""id"": ""17_pg2_pg1_text_61"", ""type"": ""present"", ""passed"": false, ""category"": ""long_tiny_text""}, {""id"": ""17_pg2_pg1_text_65"", ""type"": ""present"", ""passed"": false, ""category"": ""long_tiny_text""}, {""id"": ""17_pg2_pg1_text_69"", ""type"": ""present"", ""passed"": false, ""category"": ""long_tiny_text""}, {""id"": ""17_pg2_pg1_text_74"", ""type"": ""present"", ""passed"": false, ""category"": ""long_tiny_text""}, {""id"": ""17_pg2_pg1_text_80"", ""type"": ""present"", ""passed"": false, ""category"": ""long_tiny_text""}, {""id"": ""17_pg2_pg1_text_83"", ""type"": ""present"", ""passed"": false, ""category"": ""long_tiny_text""}, {""id"": ""17_pg2_pg1_text_86"", ""type"": ""present"", ""passed"": true, ""category"": ""long_tiny_text""}, {""id"": ""17_pg2_pg1_text_88"", ""type"": ""present"", ""passed"": false, ""category"": ""long_tiny_text""}, {""id"": ""17_pg2_pg1_text_95"", ""type"": ""present"", ""passed"": false, ""category"": ""long_tiny_text""}, {""id"": ""17_pg2_pg1_text_97"", ""type"": ""present"", ""passed"": false, ""category"": ""long_tiny_text""}, {""id"": ""auto_baseline"", ""type"": ""baseline"", ""passed"": true, ""category"": ""baseline""}]",,
easyocr,docs,long_tiny_text__20_pg40_pg1,7.047472180000113,,False,,,,,,,,,,,,False,,long_tiny_text,6.0,1.0,"[{""id"": ""20_pg40_pg1_text_00"", ""type"": ""present"", ""passed"": false, ""category"": ""long_tiny_text""}, {""id"": ""20_pg40_pg1_text_01"", ""type"": ""present"", ""passed"": false, ""category"": ""long_tiny_text""}, {""id"": ""20_pg40_pg1_text_02"", ""type"": ""present"", ""passed"": false, ""category"": ""long_tiny_text""}, {""id"": ""20_pg40_pg1_text_03"", ""type"": ""present"", ""passed"": false, ""category"": ""long_tiny_text""}, {""id"": ""20_pg40_pg1_text_04"", ""type"": ""present"", ""passed"": false, ""category"": ""long_tiny_text""}, {""id"": ""auto_baseline"", ""type"": ""baseline"", ""passed"": true, ""category"": ""baseline""}]",,
easyocr,docs,long_tiny_text__20_pg46_pg1,6.575001061999956,,False,,,,,,,,,,,,False,,long_tiny_text,10.0,3.0,"[{""id"": ""20_pg46_pg1_text_00"", ""type"": ""present"", ""passed"": false, ""category"": ""long_tiny_text""}, {""id"": ""20_pg46_pg1_text_01"", ""type"": ""present"", ""passed"": false, ""category"": ""long_tiny_text""}, {""id"": ""20_pg46_pg1_text_02"", ""type"": ""present"", ""passed"": false, ""category"": ""long_tiny_text""}, {""id"": ""20_pg46_pg1_text_03"", ""type"": ""present"", ""passed"": false, ""category"": ""long_tiny_text""}, {""id"": ""20_pg46_pg1_text_04"", ""type"": ""present"", ""passed"": false, ""category"": ""long_tiny_text""}, {""id"": ""20_pg46_pg1_text_05"", ""type"": ""present"", ""passed"": true, ""category"": ""long_tiny_text""}, {""id"": ""20_pg46_pg1_text_06"", ""type"": ""present"", ""passed"": false, ""category"": ""long_tiny_text""}, {""id"": ""20_pg46_pg1_text_08"", ""type"": ""present"", ""passed"": false, ""category"": ""long_tiny_text""}, {""id"": ""20_pg46_pg1_text_09"", ""type"": ""present"", ""passed"": true, ""category"": ""long_tiny_text""}, {""id"": ""auto_baseline"", ""type"": ""baseline"", ""passed"": true, ""category"": ""baseline""}]",,
easyocr,docs,multi_column__00945e98ea0970dcffb8f548336df3a0137f_page_4_pg1,4.350070236000192,,False,,,,,,,,,,,,False,,multi_column,4.0,3.0,"[{""id"": ""00945e98ea0970dcffb8f548336df3a0137f_page_4.pdf_order_0a8f368a"", ""type"": ""order"", ""passed"": false, ""category"": ""multi_column""}, {""id"": ""00945e98ea0970dcffb8f548336df3a0137f_page_4.pdf_order_3d4bbd69"", ""type"": ""order"", ""passed"": true, ""category"": ""multi_column""}, {""id"": ""00945e98ea0970dcffb8f548336df3a0137f_page_4.pdf_order_4cbab131"", ""type"": ""order"", ""passed"": true, ""category"": ""multi_column""}, {""id"": ""auto_baseline"", ""type"": ""baseline"", ""passed"": true, ""category"": ""baseline""}]",,
easyocr,docs,multi_column__00e2c7719d58bb49fd4031cce9dcccdddec2_page_1_pg1,4.064447482000105,,False,,,,,,,,,,,,False,,multi_column,3.0,2.0,"[{""id"": ""00e2c7719d58bb49fd4031cce9dcccdddec2_page_1.pdf_order_85be1097"", ""type"": ""order"", ""passed"": false, ""category"": ""multi_column""}, {""id"": ""00e2c7719d58bb49fd4031cce9dcccdddec2_page_1.pdf_order_b903400b"", ""type"": ""order"", ""passed"": true, ""category"": ""multi_column""}, {""id"": ""auto_baseline"", ""type"": ""baseline"", ""passed"": true, ""category"": ""baseline""}]",,
easyocr,docs,multi_column__0114396ecb251aa3ebaeaeaed6bd4fe50bd2_page_2_pg1,6.305544295000345,,False,,,,,,,,,,,,False,,multi_column,6.0,4.0,"[{""id"": ""0114396ecb251aa3ebaeaeaed6bd4fe50bd2_page_2.pdf_order_e5d2d945"", ""type"": ""order"", ""passed"": true, ""category"": ""multi_column""}, {""id"": ""0114396ecb251aa3ebaeaeaed6bd4fe50bd2_page_2.pdf_order_6b2daa2b"", ""type"": ""order"", ""passed"": true, ""category"": ""multi_column""}, {""id"": ""0114396ecb251aa3ebaeaeaed6bd4fe50bd2_page_2.pdf_order_f61eafae"", ""type"": ""order"", ""passed"": false, ""category"": ""multi_column""}, {""id"": ""0114396ecb251aa3ebaeaeaed6bd4fe50bd2_page_2.pdf_order_40a2536e"", ""type"": ""order"", ""passed"": true, ""category"": ""multi_column""}, {""id"": ""0114396ecb251aa3ebaeaeaed6bd4fe50bd2_page_2.pdf_order_b8d41298"", ""type"": ""order"", ""passed"": false, ""category"": ""multi_column""}, {""id"": ""auto_baseline"", ""type"": ""baseline"", ""passed"": true, ""category"": ""baseline""}]",,
easyocr,docs,multi_column__019a8841dddeb304774ba62a9f5d8dccb43d_page_2_pg1,6.8414377590002005,,False,,,,,,,,,,,,False,,multi_column,5.0,2.0,"[{""id"": ""019a8841dddeb304774ba62a9f5d8dccb43d_page_2.pdf_order_00d331ca"", ""type"": ""order"", ""passed"": false, ""category"": ""multi_column""}, {""id"": ""019a8841dddeb304774ba62a9f5d8dccb43d_page_2.pdf_order_2410e748"", ""type"": ""order"", ""passed"": true, ""category"": ""multi_column""}, {""id"": ""019a8841dddeb304774ba62a9f5d8dccb43d_page_2.pdf_order_5a8cba0a"", ""type"": ""order"", ""passed"": false, ""category"": ""multi_column""}, {""id"": ""019a8841dddeb304774ba62a9f5d8dccb43d_page_2.pdf_order_6a2477bc"", ""type"": ""order"", ""passed"": false, ""category"": ""multi_column""}, {""id"": ""auto_baseline"", ""type"": ""baseline"", ""passed"": true, ""category"": ""baseline""}]",,
easyocr,docs,multi_column__0208fbb5d6b646f972f4702428ad2cede5c5_page_6_pg1,3.9858976690002237,,False,,,,,,,,,,,,False,,multi_column,2.0,1.0,"[{""id"": ""0208fbb5d6b646f972f4702428ad2cede5c5_page_6.pdf_order_71ab8004"", ""type"": ""order"", ""passed"": false, ""category"": ""multi_column""}, {""id"": ""auto_baseline"", ""type"": ""baseline"", ""passed"": true, ""category"": ""baseline""}]",,
easyocr,docs,multi_column__027c390510b2fd3364f5a382f2bc304af018_page_4_pg1,6.014180900000156,,False,,,,,,,,,,,,False,,multi_column,5.0,3.0,"[{""id"": ""027c390510b2fd3364f5a382f2bc304af018_page_4.pdf_order_ea693a98"", ""type"": ""order"", ""passed"": false, ""category"": ""multi_column""}, {""id"": ""027c390510b2fd3364f5a382f2bc304af018_page_4.pdf_order_053bda58"", ""type"": ""order"", ""passed"": true, ""category"": ""multi_column""}, {""id"": ""027c390510b2fd3364f5a382f2bc304af018_page_4.pdf_order_9e06820d"", ""type"": ""order"", ""passed"": true, ""category"": ""multi_column""}, {""id"": ""027c390510b2fd3364f5a382f2bc304af018_page_4.pdf_order_97e749bf"", ""type"": ""order"", ""passed"": false, ""category"": ""multi_column""}, {""id"": ""auto_baseline"", ""type"": ""baseline"", ""passed"": true, ""category"": ""baseline""}]",,
easyocr,docs,multi_column__02943986dff2d4a84b7c2dd81abfc51fceea_page_5_pg1,4.5046416069999395,,False,,,,,,,,,,,,False,,multi_column,5.0,1.0,"[{""id"": ""02943986dff2d4a84b7c2dd81abfc51fceea_page_5.pdf_order_3f1adc6b"", ""type"": ""order"", ""passed"": false, ""category"": ""multi_column""}, {""id"": ""02943986dff2d4a84b7c2dd81abfc51fceea_page_5.pdf_order_00ce4e6f"", ""type"": ""order"", ""passed"": false, ""category"": ""multi_column""}, {""id"": ""02943986dff2d4a84b7c2dd81abfc51fceea_page_5.pdf_order_46755e50"", ""type"": ""order"", ""passed"": false, ""category"": ""multi_column""}, {""id"": ""02943986dff2d4a84b7c2dd81abfc51fceea_page_5.pdf_order_13f6999c"", ""type"": ""order"", ""passed"": false, ""category"": ""multi_column""}, {""id"": ""auto_baseline"", ""type"": ""baseline"", ""passed"": true, ""category"": ""baseline""}]",,
easyocr,docs,multi_column__02943986dff2d4a84b7c2dd81abfc51fceea_page_9_pg1,4.6735169329999735,,False,,,,,,,,,,,,False,,multi_column,5.0,3.0,"[{""id"": ""02943986dff2d4a84b7c2dd81abfc51fceea_page_9.pdf_order_babd8e0e"", ""type"": ""order"", ""passed"": false, ""category"": ""multi_column""}, {""id"": ""02943986dff2d4a84b7c2dd81abfc51fceea_page_9.pdf_order_2e6f0ead"", ""type"": ""order"", ""passed"": true, ""category"": ""multi_column""}, {""id"": ""02943986dff2d4a84b7c2dd81abfc51fceea_page_9.pdf_order_7e60c895"", ""type"": ""order"", ""passed"": true, ""category"": ""multi_column""}, {""id"": ""02943986dff2d4a84b7c2dd81abfc51fceea_page_9.pdf_order_81a40b7f"", ""type"": ""order"", ""passed"": false, ""category"": ""multi_column""}, {""id"": ""auto_baseline"", ""type"": ""baseline"", ""passed"": true, ""category"": ""baseline""}]",,
easyocr,docs,multi_column__038650c9dfd95e7495d0c4d301d9dcca735a_page_1_pg1,4.958226145000026,,False,,,,,,,,,,,,False,,multi_column,5.0,1.0,"[{""id"": ""038650c9dfd95e7495d0c4d301d9dcca735a_page_1.pdf_order_eb32d864"", ""type"": ""order"", ""passed"": false, ""category"": ""multi_column""}, {""id"": ""038650c9dfd95e7495d0c4d301d9dcca735a_page_1.pdf_order_517c20f9"", ""type"": ""order"", ""passed"": false, ""category"": ""multi_column""}, {""id"": ""038650c9dfd95e7495d0c4d301d9dcca735a_page_1.pdf_order_12a7fa3e"", ""type"": ""order"", ""passed"": false, ""category"": ""multi_column""}, {""id"": ""038650c9dfd95e7495d0c4d301d9dcca735a_page_1.pdf_order_cf779f79"", ""type"": ""order"", ""passed"": false, ""category"": ""multi_column""}, {""id"": ""auto_baseline"", ""type"": ""baseline"", ""passed"": true, ""category"": ""baseline""}]",,
easyocr,docs,multi_column__0845863d27c84b14011e17a388821525e783_page_16_pg1,10.770344861000012,,False,,,,,,,,,,,,False,,multi_column,4.0,1.0,"[{""id"": ""0845863d27c84b14011e17a388821525e783_page_16.pdf_order_dffceb1b"", ""type"": ""order"", ""passed"": false, ""category"": ""multi_column""}, {""id"": ""0845863d27c84b14011e17a388821525e783_page_16.pdf_order_ac24f586"", ""type"": ""order"", ""passed"": false, ""category"": ""multi_column""}, {""id"": ""0845863d27c84b14011e17a388821525e783_page_16.pdf_order_4bda9b61"", ""type"": ""order"", ""passed"": false, ""category"": ""multi_column""}, {""id"": ""auto_baseline"", ""type"": ""baseline"", ""passed"": true, ""category"": ""baseline""}]",,
easyocr,docs,old_scans__1,1.854293842000061,,False,,,,,,,,,,,,False,,old_scans,6.0,2.0,"[{""id"": ""1_680487"", ""type"": ""present"", ""passed"": false, ""category"": ""old_scans""}, {""id"": ""1_126739"", ""type"": ""absent"", ""passed"": true, ""category"": ""old_scans""}, {""id"": ""1_36225"", ""type"": ""present"", ""passed"": false, ""category"": ""old_scans""}, {""id"": ""1_787572"", ""type"": ""order"", ""passed"": false, ""category"": ""old_scans""}, {""id"": ""1_298389"", ""type"": ""order"", ""passed"": false, ""category"": ""old_scans""}, {""id"": ""auto_baseline"", ""type"": ""baseline"", ""passed"": true, ""category"": ""baseline""}]",,
easyocr,docs,old_scans__21,1.9335309530001723,,False,,,,,,,,,,,,False,,old_scans,8.0,2.0,"[{""id"": ""21_398162"", ""type"": ""present"", ""passed"": false, ""category"": ""old_scans""}, {""id"": ""21_382528"", ""type"": ""order"", ""passed"": false, ""category"": ""old_scans""}, {""id"": ""21_229684"", ""type"": ""absent"", ""passed"": true, ""category"": ""old_scans""}, {""id"": ""21_712729"", ""type"": ""present"", ""passed"": false, ""category"": ""old_scans""}, {""id"": ""21_289946"", ""type"": ""present"", ""passed"": false, ""category"": ""old_scans""}, {""id"": ""21_745911"", ""type"": ""present"", ""passed"": false, ""category"": ""old_scans""}, {""id"": ""21_992153"", ""type"": ""order"", ""passed"": false, ""category"": ""old_scans""}, {""id"": ""auto_baseline"", ""type"": ""baseline"", ""passed"": true, ""category"": ""baseline""}]",,
easyocr,docs,old_scans__23,2.008732805999898,,False,,,,,,,,,,,,False,,old_scans,6.0,2.0,"[{""id"": ""23_675822"", ""type"": ""present"", ""passed"": false, ""category"": ""old_scans""}, {""id"": ""23_189451"", ""type"": ""order"", ""passed"": false, ""category"": ""old_scans""}, {""id"": ""23_570086"", ""type"": ""absent"", ""passed"": true, ""category"": ""old_scans""}, {""id"": ""23_774544"", ""type"": ""present"", ""passed"": false, ""category"": ""old_scans""}, {""id"": ""23_266702"", ""type"": ""present"", ""passed"": false, ""category"": ""old_scans""}, {""id"": ""auto_baseline"", ""type"": ""baseline"", ""passed"": true, ""category"": ""baseline""}]",,
easyocr,docs,old_scans__26,1.8431919280001239,,False,,,,,,,,,,,,False,,old_scans,5.0,2.0,"[{""id"": ""26_727870"", ""type"": ""present"", ""passed"": false, ""category"": ""old_scans""}, {""id"": ""26_350035"", ""type"": ""order"", ""passed"": false, ""category"": ""old_scans""}, {""id"": ""26_893794"", ""type"": ""absent"", ""passed"": true, ""category"": ""old_scans""}, {""id"": ""26_815635"", ""type"": ""present"", ""passed"": false, ""category"": ""old_scans""}, {""id"": ""auto_baseline"", ""type"": ""baseline"", ""passed"": true, ""category"": ""baseline""}]",,
easyocr,docs,old_scans__52,2.0110158729999057,,False,,,,,,,,,,,,False,,old_scans,4.0,1.0,"[{""id"": ""52_591542"", ""type"": ""present"", ""passed"": false, ""category"": ""old_scans""}, {""id"": ""52_323921"", ""type"": ""present"", ""passed"": false, ""category"": ""old_scans""}, {""id"": ""52_987017"", ""type"": ""present"", ""passed"": false, ""category"": ""old_scans""}, {""id"": ""auto_baseline"", ""type"": ""baseline"", ""passed"": true, ""category"": ""baseline""}]",,
easyocr,docs,old_scans__55,2.2372566090002692,,False,,,,,,,,,,,,False,,old_scans,4.0,1.0,"[{""id"": ""55_930782"", ""type"": ""present"", ""passed"": false, ""category"": ""old_scans""}, {""id"": ""55_150814"", ""type"": ""present"", ""passed"": false, ""category"": ""old_scans""}, {""id"": ""55_287312"", ""type"": ""present"", ""passed"": false, ""category"": ""old_scans""}, {""id"": ""auto_baseline"", ""type"": ""baseline"", ""passed"": true, ""category"": ""baseline""}]",,
easyocr,docs,old_scans__58,5.257208116999664,,False,,,,,,,,,,,,False,,old_scans,7.0,2.0,"[{""id"": ""58_984036"", ""type"": ""present"", ""passed"": false, ""category"": ""old_scans""}, {""id"": ""58_575492"", ""type"": ""order"", ""passed"": false, ""category"": ""old_scans""}, {""id"": ""58_801952"", ""type"": ""absent"", ""passed"": true, ""category"": ""old_scans""}, {""id"": ""58_775388"", ""type"": ""present"", ""passed"": false, ""category"": ""old_scans""}, {""id"": ""58_733378"", ""type"": ""present"", ""passed"": false, ""category"": ""old_scans""}, {""id"": ""58_220922"", ""type"": ""order"", ""passed"": false, ""category"": ""old_scans""}, {""id"": ""auto_baseline"", ""type"": ""baseline"", ""passed"": true, ""category"": ""baseline""}]",,
easyocr,docs,old_scans__82,3.7150139179998405,,False,,,,,,,,,,,,False,,old_scans,7.0,1.0,"[{""id"": ""82_617314"", ""type"": ""present"", ""passed"": false, ""category"": ""old_scans""}, {""id"": ""82_781476"", ""type"": ""order"", ""passed"": false, ""category"": ""old_scans""}, {""id"": ""82_578532"", ""type"": ""present"", ""passed"": false, ""category"": ""old_scans""}, {""id"": ""82_73918"", ""type"": ""present"", ""passed"": false, ""category"": ""old_scans""}, {""id"": ""82_794309"", ""type"": ""present"", ""passed"": false, ""category"": ""old_scans""}, {""id"": ""82_338838"", ""type"": ""order"", ""passed"": false, ""category"": ""old_scans""}, {""id"": ""auto_baseline"", ""type"": ""baseline"", ""passed"": true, ""category"": ""baseline""}]",,
easyocr,docs,old_scans__85,3.5741794790001222,,False,,,,,,,,,,,,False,,old_scans,7.0,1.0,"[{""id"": ""85_204851"", ""type"": ""present"", ""passed"": false, ""category"": ""old_scans""}, {""id"": ""85_81849"", ""type"": ""order"", ""passed"": false, ""category"": ""old_scans""}, {""id"": ""85_633939"", ""type"": ""present"", ""passed"": false, ""category"": ""old_scans""}, {""id"": ""85_81262"", ""type"": ""present"", ""passed"": false, ""category"": ""old_scans""}, {""id"": ""85_718011"", ""type"": ""present"", ""passed"": false, ""category"": ""old_scans""}, {""id"": ""85_913682"", ""type"": ""order"", ""passed"": false, ""category"": ""old_scans""}, {""id"": ""auto_baseline"", ""type"": ""baseline"", ""passed"": true, ""category"": ""baseline""}]",,
easyocr,docs,old_scans__96,1.914211972999965,,False,,,,,,,,,,,,False,,old_scans,8.0,1.0,"[{""id"": ""96_686856"", ""type"": ""present"", ""passed"": false, ""category"": ""old_scans""}, {""id"": ""96_324569"", ""type"": ""order"", ""passed"": false, ""category"": ""old_scans""}, {""id"": ""96_489434"", ""type"": ""present"", ""passed"": false, ""category"": ""old_scans""}, {""id"": ""96_341535"", ""type"": ""present"", ""passed"": false, ""category"": ""old_scans""}, {""id"": ""96_984146"", ""type"": ""present"", ""passed"": false, ""category"": ""old_scans""}, {""id"": ""96_798387"", ""type"": ""order"", ""passed"": false, ""category"": ""old_scans""}, {""id"": ""96_991188"", ""type"": ""order"", ""passed"": false, ""category"": ""old_scans""}, {""id"": ""auto_baseline"", ""type"": ""baseline"", ""passed"": true, ""category"": ""baseline""}]",,
easyocr,docs,tables__2d54e996d1247bd36695d872863eefebd8f8_pg4,5.820123359000263,,False,,,,,,,,,,,,False,,table_tests,5.0,1.0,"[{""id"": ""2d54e996d1247bd36695d872863eefebd8f8_pg4_table_00"", ""type"": ""table"", ""passed"": false, ""category"": ""table_tests""}, {""id"": ""2d54e996d1247bd36695d872863eefebd8f8_pg4_table_01"", ""type"": ""table"", ""passed"": false, ""category"": ""table_tests""}, {""id"": ""2d54e996d1247bd36695d872863eefebd8f8_pg4_table_02"", ""type"": ""table"", ""passed"": false, ""category"": ""table_tests""}, {""id"": ""2d54e996d1247bd36695d872863eefebd8f8_pg4_table_03"", ""type"": ""table"", ""passed"": false, ""category"": ""table_tests""}, {""id"": ""auto_baseline"", ""type"": ""baseline"", ""passed"": true, ""category"": ""baseline""}]",,
easyocr,docs,tables__2d932ac96ad0d8ccf81a56bd105fa18fdcbb_pg7,2.495708186000229,,False,,,,,,,,,,,,False,,table_tests,2.0,1.0,"[{""id"": ""2d932ac96ad0d8ccf81a56bd105fa18fdcbb_pg7_table_00"", ""type"": ""table"", ""passed"": false, ""category"": ""table_tests""}, {""id"": ""auto_baseline"", ""type"": ""baseline"", ""passed"": true, ""category"": ""baseline""}]",,
easyocr,docs,tables__4fafd7de9caa1cf3c0fad313d7bb24b2e685_pg9,3.0112239790000785,,False,,,,,,,,,,,,False,,table_tests,5.0,1.0,"[{""id"": ""4fafd7de9caa1cf3c0fad313d7bb24b2e685_pg9_table_00"", ""type"": ""table"", ""passed"": false, ""category"": ""table_tests""}, {""id"": ""4fafd7de9caa1cf3c0fad313d7bb24b2e685_pg9_table_01"", ""type"": ""table"", ""passed"": false, ""category"": ""table_tests""}, {""id"": ""4fafd7de9caa1cf3c0fad313d7bb24b2e685_pg9_table_02"", ""type"": ""table"", ""passed"": false, ""category"": ""table_tests""}, {""id"": ""4fafd7de9caa1cf3c0fad313d7bb24b2e685_pg9_table_03"", ""type"": ""table"", ""passed"": false, ""category"": ""table_tests""}, {""id"": ""auto_baseline"", ""type"": ""baseline"", ""passed"": true, ""category"": ""baseline""}]",,
easyocr,docs,tables__529eeb84602e4fba7df7a4b127af6c830f97_pg12,2.565737628000079,,False,,,,,,,,,,,,False,,table_tests,4.0,1.0,"[{""id"": ""529eeb84602e4fba7df7a4b127af6c830f97_pg12_table_00"", ""type"": ""table"", ""passed"": false, ""category"": ""table_tests""}, {""id"": ""529eeb84602e4fba7df7a4b127af6c830f97_pg12_table_01"", ""type"": ""table"", ""passed"": false, ""category"": ""table_tests""}, {""id"": ""529eeb84602e4fba7df7a4b127af6c830f97_pg12_table_04"", ""type"": ""table"", ""passed"": false, ""category"": ""table_tests""}, {""id"": ""auto_baseline"", ""type"": ""baseline"", ""passed"": true, ""category"": ""baseline""}]",,
easyocr,docs,tables__a70c1fc81feccfd878dabffd3dc5617b584c_pg5,3.669170224000027,,False,,,,,,,,,,,,False,,table_tests,6.0,1.0,"[{""id"": ""a70c1fc81feccfd878dabffd3dc5617b584c_pg5_table_00"", ""type"": ""table"", ""passed"": false, ""category"": ""table_tests""}, {""id"": ""a70c1fc81feccfd878dabffd3dc5617b584c_pg5_table_01"", ""type"": ""table"", ""passed"": false, ""category"": ""table_tests""}, {""id"": ""a70c1fc81feccfd878dabffd3dc5617b584c_pg5_table_02"", ""type"": ""table"", ""passed"": false, ""category"": ""table_tests""}, {""id"": ""a70c1fc81feccfd878dabffd3dc5617b584c_pg5_table_03"", ""type"": ""table"", ""passed"": false, ""category"": ""table_tests""}, {""id"": ""a70c1fc81feccfd878dabffd3dc5617b584c_pg5_table_04"", ""type"": ""table"", ""passed"": false, ""category"": ""table_tests""}, {""id"": ""auto_baseline"", ""type"": ""baseline"", ""passed"": true, ""category"": ""baseline""}]",,
easyocr,docs,tables__b2a4c508f7839c1fbd2bb29a0d56c46bc00e_pg13_pg1,4.787081609999859,,False,,,,,,,,,,,,False,,table_tests,11.0,1.0,"[{""id"": ""b2a4c508f7839c1fbd2bb29a0d56c46bc00e_pg13_table_00"", ""type"": ""table"", ""passed"": false, ""category"": ""table_tests""}, {""id"": ""b2a4c508f7839c1fbd2bb29a0d56c46bc00e_pg13_table_01"", ""type"": ""table"", ""passed"": false, ""category"": ""table_tests""}, {""id"": ""b2a4c508f7839c1fbd2bb29a0d56c46bc00e_pg13_table_02"", ""type"": ""table"", ""passed"": false, ""category"": ""table_tests""}, {""id"": ""b2a4c508f7839c1fbd2bb29a0d56c46bc00e_pg13_table_03"", ""type"": ""table"", ""passed"": false, ""category"": ""table_tests""}, {""id"": ""b2a4c508f7839c1fbd2bb29a0d56c46bc00e_pg13_table_04"", ""type"": ""table"", ""passed"": false, ""category"": ""table_tests""}, {""id"": ""b2a4c508f7839c1fbd2bb29a0d56c46bc00e_pg13_table_05"", ""type"": ""table"", ""passed"": false, ""category"": ""table_tests""}, {""id"": ""b2a4c508f7839c1fbd2bb29a0d56c46bc00e_pg13_table_06"", ""type"": ""table"", ""passed"": false, ""category"": ""table_tests""}, {""id"": ""b2a4c508f7839c1fbd2bb29a0d56c46bc00e_pg13_table_07"", ""type"": ""table"", ""passed"": false, ""category"": ""table_tests""}, {""id"": ""b2a4c508f7839c1fbd2bb29a0d56c46bc00e_pg13_table_08"", ""type"": ""table"", ""passed"": false, ""category"": ""table_tests""}, {""id"": ""b2a4c508f7839c1fbd2bb29a0d56c46bc00e_pg13_table_09"", ""type"": ""table"", ""passed"": false, ""category"": ""table_tests""}, {""id"": ""auto_baseline"", ""type"": ""baseline"", ""passed"": true, ""category"": ""baseline""}]",,
easyocr,docs,tables__b45c138c634308a84b8b2e67997bef8aa70b_pg15,4.1181752190000225,,False,,,,,,,,,,,,False,,table_tests,6.0,1.0,"[{""id"": ""b45c138c634308a84b8b2e67997bef8aa70b_pg15_table_00"", ""type"": ""table"", ""passed"": false, ""category"": ""table_tests""}, {""id"": ""b45c138c634308a84b8b2e67997bef8aa70b_pg15_table_01"", ""type"": ""table"", ""passed"": false, ""category"": ""table_tests""}, {""id"": ""b45c138c634308a84b8b2e67997bef8aa70b_pg15_table_02"", ""type"": ""table"", ""passed"": false, ""category"": ""table_tests""}, {""id"": ""b45c138c634308a84b8b2e67997bef8aa70b_pg15_table_03"", ""type"": ""table"", ""passed"": false, ""category"": ""table_tests""}, {""id"": ""b45c138c634308a84b8b2e67997bef8aa70b_pg15_table_04"", ""type"": ""table"", ""passed"": false, ""category"": ""table_tests""}, {""id"": ""auto_baseline"", ""type"": ""baseline"", ""passed"": true, ""category"": ""baseline""}]",,
easyocr,docs,tables__b5d9db350b31304da912832bcbafc47b64d8_pg2_pg1,6.38943898000025,,False,,,,,,,,,,,,False,,table_tests,6.0,1.0,"[{""id"": ""b5d9db350b31304da912832bcbafc47b64d8_pg2_table_00"", ""type"": ""table"", ""passed"": false, ""category"": ""table_tests""}, {""id"": ""b5d9db350b31304da912832bcbafc47b64d8_pg2_table_01"", ""type"": ""table"", ""passed"": false, ""category"": ""table_tests""}, {""id"": ""b5d9db350b31304da912832bcbafc47b64d8_pg2_table_02"", ""type"": ""table"", ""passed"": false, ""category"": ""table_tests""}, {""id"": ""b5d9db350b31304da912832bcbafc47b64d8_pg2_table_03"", ""type"": ""table"", ""passed"": false, ""category"": ""table_tests""}, {""id"": ""b5d9db350b31304da912832bcbafc47b64d8_pg2_table_04"", ""type"": ""table"", ""passed"": false, ""category"": ""table_tests""}, {""id"": ""auto_baseline"", ""type"": ""baseline"", ""passed"": true, ""category"": ""baseline""}]",,
easyocr,docs,tables__b773892dc3e755672b9e085e9eeb8ad18690_pg1_pg1,2.299552352000319,,False,,,,,,,,,,,,False,,table_tests,6.0,1.0,"[{""id"": ""b773892dc3e755672b9e085e9eeb8ad18690_pg1_table_00"", ""type"": ""table"", ""passed"": false, ""category"": ""table_tests""}, {""id"": ""b773892dc3e755672b9e085e9eeb8ad18690_pg1_table_01"", ""type"": ""table"", ""passed"": false, ""category"": ""table_tests""}, {""id"": ""b773892dc3e755672b9e085e9eeb8ad18690_pg1_table_02"", ""type"": ""table"", ""passed"": false, ""category"": ""table_tests""}, {""id"": ""b773892dc3e755672b9e085e9eeb8ad18690_pg1_table_03"", ""type"": ""table"", ""passed"": false, ""category"": ""table_tests""}, {""id"": ""b773892dc3e755672b9e085e9eeb8ad18690_pg1_table_04"", ""type"": ""table"", ""passed"": false, ""category"": ""table_tests""}, {""id"": ""auto_baseline"", ""type"": ""baseline"", ""passed"": true, ""category"": ""baseline""}]",,
easyocr,docs,tables__fd6cb6dfe3a918390855052669d9a194231a_pg3,5.66689418399983,,False,,,,,,,,,,,,False,,table_tests,6.0,1.0,"[{""id"": ""fd6cb6dfe3a918390855052669d9a194231a_pg3_table_00"", ""type"": ""table"", ""passed"": false, ""category"": ""table_tests""}, {""id"": ""fd6cb6dfe3a918390855052669d9a194231a_pg3_table_01"", ""type"": ""table"", ""passed"": false, ""category"": ""table_tests""}, {""id"": ""fd6cb6dfe3a918390855052669d9a194231a_pg3_table_02"", ""type"": ""table"", ""passed"": false, ""category"": ""table_tests""}, {""id"": ""fd6cb6dfe3a918390855052669d9a194231a_pg3_table_03"", ""type"": ""table"", ""passed"": false, ""category"": ""table_tests""}, {""id"": ""fd6cb6dfe3a918390855052669d9a194231a_pg3_table_04"", ""type"": ""table"", ""passed"": false, ""category"": ""table_tests""}, {""id"": ""auto_baseline"", ""type"": ""baseline"", ""passed"": true, ""category"": ""baseline""}]",,
easyocr,handwriting,iam_00023,0.11941128699982073,,False,,,0.625,0.625,1.0,25.0,40.0,0.0,0.0,1.0,0.8,False,False,,,,,,
easyocr,handwriting,iam_00030,0.1233596829997623,,False,,,0.43636363636363634,0.43636363636363634,1.125,24.0,55.0,0.0,0.0,1.0,0.9636363636363636,False,False,,,,,,
easyocr,handwriting,iam_00059,0.1498842380001406,,False,,,0.627906976744186,0.627906976744186,1.0,27.0,43.0,0.0,0.0,1.0,0.7441860465116279,False,False,,,,,,
easyocr,handwriting,iam_00064,0.15722523600015847,,False,,,0.6619718309859155,0.6619718309859155,1.0833333333333333,47.0,71.0,0.08333333333333333,0.07692307692307693,0.9230769230769231,0.9859154929577465,False,False,,,,,,
easyocr,handwriting,iam_00071,0.14304941699992924,,False,,,0.3076923076923077,0.3076923076923077,0.875,12.0,39.0,0.375,0.42857142857142855,0.5714285714285714,0.8974358974358975,False,False,,,,,,
easyocr,handwriting,iam_00079,0.11185094600023149,,False,,,0.16279069767441862,0.16279069767441862,0.8571428571428571,7.0,43.0,0.5714285714285714,0.5,0.5,0.9767441860465116,False,False,,,,,,
easyocr,handwriting,iam_00126,0.14144634800004496,,False,,,0.5510204081632653,0.5510204081632653,1.0,27.0,49.0,0.0,0.0,1.0,0.8367346938775511,False,False,,,,,,
easyocr,handwriting,iam_00143,0.09401592400035952,,False,,,0.717948717948718,0.717948717948718,1.0,28.0,39.0,0.0,0.0,1.0,1.0512820512820513,False,False,,,,,,
easyocr,handwriting,iam_00188,0.08403184799999508,,False,,,0.4222222222222222,0.4222222222222222,1.5714285714285714,19.0,45.0,0.0,0.0,1.0,1.0444444444444445,False,False,,,,,,
easyocr,handwriting,iam_00258,0.13970074799999566,,False,,,0.28846153846153844,0.28846153846153844,1.375,15.0,52.0,0.25,0.16666666666666666,0.8333333333333334,1.0384615384615385,False,False,,,,,,
easyocr,handwriting,iam_00264,0.17123047899985977,,False,,,0.3559322033898305,0.3559322033898305,1.0,21.0,59.0,0.2,0.18181818181818182,0.8181818181818182,0.9661016949152542,False,False,,,,,,
easyocr,handwriting,iam_00280,0.13603474899991852,,False,,,0.5813953488372093,0.5813953488372093,1.8,25.0,43.0,0.0,0.0,1.0,0.9534883720930233,False,False,,,,,,
easyocr,handwriting,iam_00289,0.1500663940000777,,False,,,0.3333333333333333,0.3333333333333333,0.9166666666666666,20.0,60.0,0.3333333333333333,0.3076923076923077,0.6923076923076923,0.9,False,False,,,,,,
easyocr,handwriting,iam_00343,0.13220652399968458,,False,,,0.47058823529411764,0.47058823529411764,1.1428571428571428,24.0,51.0,0.0,0.0,1.0,0.9019607843137255,False,False,,,,,,
easyocr,handwriting,iam_00364,0.11299540200025149,,False,,,0.6111111111111112,0.6111111111111112,1.1666666666666667,22.0,36.0,0.0,0.0,1.0,0.9722222222222222,False,False,,,,,,
easyocr,handwriting,iam_00371,0.11827535899965369,,False,,,0.45454545454545453,0.45454545454545453,0.875,20.0,44.0,0.125,0.125,0.875,0.8636363636363636,False,False,,,,,,
easyocr,handwriting,iam_00373,0.08247074099972451,,False,,,0.59375,0.59375,1.0,19.0,32.0,0.0,0.0,1.0,0.84375,False,False,,,,,,
easyocr,handwriting,iam_00403,0.0934349200001634,,False,,,0.3055555555555556,0.3055555555555556,0.6666666666666666,11.0,36.0,0.3333333333333333,0.3333333333333333,0.6666666666666666,0.9444444444444444,False,False,,,,,,
easyocr,handwriting,iam_00468,0.08800491700003477,,False,,,0.5135135135135135,0.5135135135135135,1.1428571428571428,19.0,37.0,0.0,0.0,1.0,1.0,False,False,,,,,,
easyocr,handwriting,iam_00478,0.11856355899999471,,False,,,0.5172413793103449,0.5172413793103449,1.0,15.0,29.0,0.0,0.0,1.0,0.6896551724137931,False,False,,,,,,
easyocr,handwriting,iam_00588,0.12219258099958097,,False,,,0.48936170212765956,0.48936170212765956,1.125,23.0,47.0,0.0,0.0,1.0,0.9574468085106383,False,False,,,,,,
easyocr,handwriting,iam_00608,0.11809926899968559,,False,,,0.46153846153846156,0.46153846153846156,1.0,24.0,52.0,0.125,0.1111111111111111,0.8888888888888888,0.8461538461538461,False,False,,,,,,
easyocr,handwriting,iam_00749,0.06689729899972008,,False,,,0.5,0.5,1.5,6.0,12.0,0.0,0.0,1.0,0.9166666666666666,False,False,,,,,,
easyocr,handwriting,iam_00819,0.1478255970000646,,False,,,0.7441860465116279,0.7441860465116279,1.8571428571428572,32.0,43.0,0.0,0.0,1.0,1.0930232558139534,False,False,,,,,,
easyocr,handwriting,iam_00969,0.13771148700016056,,False,,,0.125,0.125,0.5714285714285714,5.0,40.0,0.7142857142857143,0.625,0.375,1.025,False,False,,,,,,
easyocr,handwriting,iam_01020,0.10471355600020615,,False,,,0.4857142857142857,0.4857142857142857,0.875,17.0,35.0,0.25,0.3333333333333333,0.6666666666666666,0.9142857142857143,False,False,,,,,,
easyocr,handwriting,iam_01023,0.10507448199996361,,False,,,0.3191489361702128,0.3191489361702128,1.0,15.0,47.0,0.0,0.0,1.0,0.9787234042553191,False,False,,,,,,
easyocr,handwriting,iam_01091,0.15182748600000195,,False,,,0.45098039215686275,0.45098039215686275,1.2222222222222223,23.0,51.0,0.1,0.1,0.9,0.9411764705882353,False,False,,,,,,
easyocr,handwriting,iam_01104,0.15472486499993465,,False,,,0.6451612903225806,0.6451612903225806,1.0,20.0,31.0,0.0,0.0,1.0,1.1290322580645162,False,False,,,,,,
easyocr,handwriting,iam_01238,0.11386313799994241,,False,,,0.525,0.525,1.0,21.0,40.0,0.0,0.0,1.0,0.8,False,False,,,,,,
easyocr,handwriting,iam_01366,0.10610497399966334,,False,,,0.40425531914893614,0.40425531914893614,1.0,19.0,47.0,0.0,0.0,1.0,0.9787234042553191,False,False,,,,,,
easyocr,handwriting,iam_01417,0.15322418699997797,,False,,,0.33962264150943394,0.33962264150943394,0.9,18.0,53.0,0.5454545454545454,0.42857142857142855,0.5714285714285714,1.0188679245283019,False,False,,,,,,
easyocr,handwriting,iam_01452,0.09184965499980535,,False,,,0.4117647058823529,0.4117647058823529,1.0,21.0,51.0,0.125,0.125,0.875,1.0,False,False,,,,,,
easyocr,handwriting,iam_01455,0.03913896699987163,,False,,,0.6,0.6,1.0,3.0,5.0,0.0,0.0,1.0,0.8,False,False,,,,,,
easyocr,handwriting,iam_01805,0.08616648299994267,,False,,,0.5789473684210527,0.5789473684210527,0.875,22.0,38.0,0.25,0.2222222222222222,0.7777777777777778,1.0263157894736843,False,False,,,,,,
easyocr,handwriting,iam_01857,0.1157526200004213,,False,,,0.6216216216216216,0.6216216216216216,1.0,23.0,37.0,0.0,0.0,1.0,0.7837837837837838,False,False,,,,,,
easyocr,handwriting,iam_01898,0.15495246000000407,,False,,,0.22,0.2,0.5,10.0,50.0,0.5,0.5,0.5,0.96,False,False,,,,,,
easyocr,handwriting,iam_01908,0.15101669300020149,,False,,,0.32075471698113206,0.32075471698113206,0.7272727272727273,17.0,53.0,0.2727272727272727,0.25,0.75,0.9245283018867925,False,False,,,,,,
easyocr,handwriting,iam_01970,0.10411287399983848,,False,,,0.575,0.575,1.0,23.0,40.0,0.0,0.0,1.0,0.925,False,False,,,,,,
easyocr,handwriting,iam_01983,0.09683775500025149,,False,,,0.6304347826086957,0.6304347826086957,1.0,29.0,46.0,0.0,0.0,1.0,0.6739130434782609,False,False,,,,,,
easyocr,handwriting,iam_01993,0.09252592100028778,,False,,,0.32608695652173914,0.32608695652173914,0.7777777777777778,15.0,46.0,0.4444444444444444,0.36363636363636365,0.6363636363636364,1.0,False,False,,,,,,
easyocr,handwriting,iam_02060,0.07334099999980026,,False,,,0.7142857142857143,0.7142857142857143,1.0,35.0,49.0,0.0,0.0,1.0,0.5714285714285714,False,False,,,,,,
easyocr,handwriting,iam_02081,0.12045531400008258,,False,,,0.5555555555555556,0.5555555555555556,1.0,25.0,45.0,0.1111111111111111,0.125,0.875,0.8222222222222222,False,False,,,,,,
easyocr,handwriting,iam_02109,0.09813556600010997,,False,,,0.5116279069767442,0.5116279069767442,1.1111111111111112,22.0,43.0,0.1111111111111111,0.1,0.9,0.9069767441860465,False,False,,,,,,
easyocr,handwriting,iam_02171,0.09986336900010429,,False,,,0.325,0.325,1.0,13.0,40.0,0.0,0.0,1.0,0.925,False,False,,,,,,
easyocr,handwriting,iam_02216,0.13576817600005597,,False,,,0.43902439024390244,0.43902439024390244,1.0,18.0,41.0,0.0,0.0,1.0,0.9024390243902439,False,False,,,,,,
easyocr,handwriting,iam_02279,0.11499185399998169,,False,,,0.7551020408163265,0.7551020408163265,1.4,37.0,49.0,0.0,0.0,1.0,0.9795918367346939,False,False,,,,,,
easyocr,handwriting,iam_02371,0.06289485000024797,,False,,,0.5909090909090909,0.5909090909090909,1.0,13.0,22.0,0.0,0.0,1.0,0.8181818181818182,False,False,,,,,,
easyocr,handwriting,iam_02384,0.08412204499973086,,False,,,0.7435897435897436,0.7435897435897436,1.0,29.0,39.0,0.0,0.0,1.0,0.6923076923076923,False,False,,,,,,
easyocr,handwriting,iam_02463,0.12619134400028997,,False,,,0.775,0.775,1.5,31.0,40.0,0.0,0.0,1.0,1.025,False,False,,,,,,
easyocr,handwriting,iam_02522,0.10918600500008324,,False,,,0.6938775510204082,0.6938775510204082,1.2857142857142858,34.0,49.0,0.0,0.0,1.0,0.7755102040816326,False,False,,,,,,
easyocr,handwriting,iam_02552,0.1320935520002422,,False,,,0.43902439024390244,0.43902439024390244,1.4,18.0,41.0,0.09090909090909091,0.09090909090909091,0.9090909090909091,1.0975609756097562,False,False,,,,,,
easyocr,handwriting,iam_02640,0.09834192200014513,,False,,,0.7346938775510204,0.7346938775510204,1.3333333333333333,36.0,49.0,0.0,0.0,1.0,0.8979591836734694,False,False,,,,,,
easyocr,handwriting,iam_02655,0.09566980599993258,,False,,,0.3333333333333333,0.3333333333333333,1.0,17.0,51.0,0.5454545454545454,0.5,0.5,0.9215686274509803,False,False,,,,,,
easyocr,handwriting,iam_02684,0.09998440500021388,,False,,,0.38596491228070173,0.38596491228070173,0.8571428571428571,22.0,57.0,0.35714285714285715,0.3333333333333333,0.6666666666666666,0.9298245614035088,False,False,,,,,,
easyocr,handwriting,iam_02725,0.10624961900020935,,False,,,0.631578947368421,0.631578947368421,1.1,36.0,57.0,0.0,0.0,1.0,0.9122807017543859,False,False,,,,,,
easyocr,handwriting,iam_02733,0.08463302900008784,,False,,,0.38461538461538464,0.38461538461538464,1.0,15.0,39.0,0.16666666666666666,0.14285714285714285,0.8571428571428571,0.9743589743589743,False,False,,,,,,
easyocr,handwriting,iam_02750,0.08094862600000852,,False,,,0.425,0.425,1.2857142857142858,17.0,40.0,0.14285714285714285,0.1111111111111111,0.8888888888888888,1.075,False,False,,,,,,
easyocr,handwriting,iam_02765,0.10484025599998859,,False,,,0.6842105263157895,0.6578947368421053,1.25,25.0,38.0,0.0,0.0,1.0,0.9473684210526315,False,False,,,,,,
easyocr,handwriting,iam_02838,0.0907976889998281,,False,,,0.8148148148148148,0.8148148148148148,1.1666666666666667,22.0,27.0,0.16666666666666666,0.125,0.875,0.9259259259259259,False,False,,,,,,
easyocr,stress,syn000_prose__clean,4.513632167999731,,False,,,0.010526315789473684,0.010999083409715857,0.061696658097686374,24.0,2182.0,0.9899244332493703,0.9949367088607595,0.005063291139240506,1.0004582951420715,False,False,,,,,prose,clean
easyocr,stress,syn000_prose__dpi150,2.0613377549998404,,False,,,0.013272311212814645,0.01237396883593034,0.061696658097686374,27.0,2182.0,0.9848866498740554,0.9949109414758269,0.005089058524173028,0.9949587534372135,False,False,,,,,prose,dpi150
easyocr,stress,syn000_prose__dpi75,1.199762297000234,,False,,,0.09748283752860412,0.09624197983501374,0.2416452442159383,210.0,2182.0,0.8035264483627204,0.9273255813953488,0.07267441860465117,0.9294225481209899,False,False,,,,,prose,dpi75
easyocr,stress,syn000_prose__blur,4.664812660999814,,False,,,0.12906178489702516,0.12878093492208983,0.5398457583547558,281.0,2182.0,0.5163727959697733,0.6366459627329193,0.36335403726708076,0.9445462878093492,False,False,,,,,prose,blur
easyocr,stress,syn000_prose__noise,4.799742068999876,,False,,,0.010068649885583524,0.010540788267644362,0.056555269922879174,23.0,2182.0,0.9874055415617129,0.9924050632911392,0.007594936708860759,1.0,False,False,,,,,prose,noise
easyocr,stress,syn000_prose__rotate3,4.657818896000208,,False,,,0.5070938215102975,0.5073327222731439,0.6452442159383034,1107.0,2182.0,0.9773299748110831,0.9822784810126582,0.017721518987341773,0.9995417048579285,False,False,,,,,prose,rotate3
easyocr,stress,syn000_prose__rotate8,5.080047655000271,,False,,,0.691533180778032,0.6924839596700275,0.884318766066838,1511.0,2182.0,0.9596977329974811,0.9769230769230769,0.023076923076923078,0.9995417048579285,False,False,,,,,prose,rotate8
easyocr,stress,syn000_prose__jpeg_q10,2.0419185440000547,,False,,,0.013272311212814645,0.011915673693858845,0.06940874035989718,26.0,2182.0,0.9748110831234257,0.9872448979591837,0.012755102040816327,0.9967919340054996,False,False,,,,,prose,jpeg_q10
easyocr,stress,syn000_prose__low_contrast,4.5008151160000125,,False,,,0.011899313501144164,0.010540788267644362,0.061696658097686374,23.0,2182.0,0.982367758186398,0.9898477157360406,0.01015228426395939,0.9977085242896425,False,False,,,,,prose,low_contrast
easyocr,stress,syn000_prose__photocopy,4.656415624000147,,False,,,0.016475972540045767,0.01695692025664528,0.08997429305912596,37.0,2182.0,0.9748110831234257,0.9699248120300752,0.03007518796992481,1.001833180568286,False,False,,,,,prose,photocopy
easyocr,stress,syn000_prose__phone_photo,2.042067830000178,,False,,,0.10389016018306636,0.10449129239230064,0.15938303341902313,228.0,2182.0,0.9798488664987406,0.9873096446700508,0.012690355329949238,1.0,False,False,,,,,prose,phone_photo
easyocr,stress,syn001_two_column__clean,4.232060356000147,,False,,,0.012159533073929961,0.012159533073929961,0.05630026809651475,25.0,2056.0,0.984,0.9946091644204852,0.005390835579514825,0.9965953307392996,False,False,,,,,two_column,clean
easyocr,stress,syn001_two_column__dpi150,1.9776847269999962,,False,,,0.017023346303501944,0.017023346303501944,0.08310991957104558,35.0,2056.0,0.9866666666666667,0.9973045822102425,0.0026954177897574125,0.9917315175097277,False,False,,,,,two_column,dpi150
easyocr,stress,syn001_two_column__dpi75,0.8865108929999224,,False,,,0.42509727626459143,0.42509727626459143,0.7184986595174263,874.0,2056.0,0.584,0.6738461538461539,0.3261538461538461,0.9260700389105059,False,False,,,,,two_column,dpi75
easyocr,stress,syn001_two_column__blur,4.4555747659997,,False,,,0.490272373540856,0.4907587548638132,0.9758713136729222,1009.0,2056.0,0.032,0.06857142857142857,0.9314285714285714,0.708171206225681,False,False,,,,,two_column,blur
easyocr,stress,syn001_two_column__noise,4.468958397999813,,False,,,0.015077821011673152,0.015077821011673152,0.07506702412868632,31.0,2056.0,0.984,0.9946091644204852,0.005390835579514825,0.9946498054474708,False,False,,,,,two_column,noise
easyocr,stress,syn001_two_column__rotate3,4.548242759000004,,False,,,0.7169260700389105,0.7169260700389105,0.8873994638069705,1474.0,2056.0,0.9813333333333333,0.9919137466307277,0.008086253369272238,0.9970817120622568,False,False,,,,,two_column,rotate3
easyocr,stress,syn001_two_column__rotate8,4.935639938999884,,False,,,0.7130350194552529,0.7130350194552529,0.9061662198391421,1466.0,2056.0,0.9706666666666667,0.978494623655914,0.021505376344086023,0.9970817120622568,False,False,,,,,two_column,rotate8
easyocr,stress,syn001_two_column__jpeg_q10,1.9216358740000032,,False,,,0.017509727626459144,0.017509727626459144,0.09115281501340483,36.0,2056.0,0.9733333333333334,0.9864864864864865,0.013513513513513514,0.9946498054474708,False,False,,,,,two_column,jpeg_q10
easyocr,stress,syn001_two_column__low_contrast,4.365074310000182,,False,,,0.016536964980544747,0.016536964980544747,0.08310991957104558,34.0,2056.0,0.9893333333333333,1.0,0.0,0.9961089494163424,False,False,,,,,two_column,low_contrast
easyocr,stress,syn001_two_column__photocopy,4.299436117999903,,False,,,0.021400778210116732,0.02188715953307393,0.11528150134048257,45.0,2056.0,0.968,0.9758064516129032,0.024193548387096774,0.9980544747081712,False,False,,,,,two_column,photocopy
easyocr,stress,syn001_two_column__phone_photo,1.9380953949998911,,False,,,0.2135214007782101,0.2135214007782101,0.3109919571045576,439.0,2056.0,0.92,0.971830985915493,0.028169014084507043,0.9897859922178989,False,False,,,,,two_column,phone_photo
easyocr,stress,syn002_table__clean,2.4019270539997706,,False,,,0.2887323943661972,0.2887323943661972,0.4461538461538462,123.0,426.0,0.8777777777777778,0.8777777777777778,0.12222222222222222,1.0258215962441315,False,False,,,,,table,clean
easyocr,stress,syn002_table__dpi150,1.013221704999978,,False,,,0.5070422535211268,0.5070422535211268,0.5846153846153846,216.0,426.0,0.9333333333333333,0.9545454545454546,0.045454545454545456,1.0,False,False,,,,,table,dpi150
easyocr,stress,syn002_table__dpi75,0.3620294620000095,,False,,,0.431924882629108,0.431924882629108,0.6923076923076923,184.0,426.0,0.5,0.569620253164557,0.43037974683544306,0.9366197183098591,False,False,,,,,table,dpi75
easyocr,stress,syn002_table__blur,2.4510464019999745,,False,,,0.6995305164319249,0.6995305164319249,0.8923076923076924,298.0,426.0,0.17777777777777778,0.25806451612903225,0.7419354838709677,0.8755868544600939,False,False,,,,,table,blur
easyocr,stress,syn002_table__noise,2.536259487999814,,False,,,0.32629107981220656,0.32629107981220656,0.5230769230769231,139.0,426.0,0.8666666666666667,0.8666666666666667,0.13333333333333333,1.0328638497652582,False,False,,,,,table,noise
easyocr,stress,syn002_table__rotate3,2.42886780300023,,False,,,0.48826291079812206,0.48826291079812206,0.6307692307692307,208.0,426.0,0.9555555555555556,0.9555555555555556,0.044444444444444446,1.0093896713615023,False,False,,,,,table,rotate3
easyocr,stress,syn002_table__rotate8,2.641754613000103,,False,,,0.6830985915492958,0.6830985915492958,0.9846153846153847,291.0,426.0,0.9111111111111111,0.8913043478260869,0.10869565217391304,1.056338028169014,False,False,,,,,table,rotate8
easyocr,stress,syn002_table__jpeg_q10,1.0778767780002454,,False,,,0.43661971830985913,0.43661971830985913,0.5846153846153846,186.0,426.0,0.8333333333333334,0.8522727272727273,0.14772727272727273,1.0187793427230047,False,False,,,,,table,jpeg_q10
easyocr,stress,syn002_table__low_contrast,2.3461549509997894,,False,,,0.20187793427230047,0.20187793427230047,0.3230769230769231,86.0,426.0,0.9444444444444444,0.9444444444444444,0.05555555555555555,1.011737089201878,False,False,,,,,table,low_contrast
easyocr,stress,syn002_table__photocopy,2.45965206999972,,False,,,0.5093896713615024,0.5093896713615024,0.6923076923076923,217.0,426.0,0.8333333333333334,0.8241758241758241,0.17582417582417584,1.0469483568075117,False,False,,,,,table,photocopy
easyocr,stress,syn002_table__phone_photo,1.051593215000139,,False,,,0.4131455399061033,0.4131455399061033,0.5230769230769231,176.0,426.0,0.7888888888888889,0.8068181818181818,0.19318181818181818,1.0305164319248827,False,False,,,,,table,phone_photo
easyocr,stress,syn003_invoice__clean,2.323714877999919,,False,,,0.3369330453563715,0.3369330453563715,0.4090909090909091,156.0,463.0,0.9456521739130435,0.9456521739130435,0.05434782608695652,1.0107991360691144,False,False,,,,,invoice,clean
easyocr,stress,syn003_invoice__dpi150,1.0275315140002022,,False,,,0.34989200863930886,0.34989200863930886,0.4696969696969697,162.0,463.0,0.8913043478260869,0.8913043478260869,0.10869565217391304,1.0215982721382288,False,False,,,,,invoice,dpi150
easyocr,stress,syn003_invoice__dpi75,0.3103807360002975,,False,,,0.28509719222462204,0.28509719222462204,0.45454545454545453,132.0,463.0,0.75,0.8117647058823529,0.18823529411764706,0.9762419006479481,False,False,,,,,invoice,dpi75
easyocr,stress,syn003_invoice__blur,2.401673338999899,,False,,,0.5593952483801296,0.5593952483801296,1.0454545454545454,259.0,463.0,0.3804347826086957,0.43209876543209874,0.5679012345679012,0.9287257019438445,False,False,,,,,invoice,blur
easyocr,stress,syn003_invoice__noise,2.4680913259999215,,False,,,0.23542116630669546,0.23542116630669546,0.3787878787878788,109.0,463.0,0.8913043478260869,0.8913043478260869,0.10869565217391304,1.0151187904967602,False,False,,,,,invoice,noise
easyocr,stress,syn003_invoice__rotate3,2.3933439010002076,,False,,,0.2570194384449244,0.2570194384449244,0.3484848484848485,119.0,463.0,0.9891304347826086,0.9891304347826086,0.010869565217391304,1.0021598272138228,False,False,,,,,invoice,rotate3
easyocr,stress,syn003_invoice__rotate8,2.575949254999614,,False,,,0.6414686825053996,0.6414686825053996,0.7878787878787878,297.0,463.0,0.9021739130434783,0.8736842105263158,0.12631578947368421,1.0539956803455723,False,False,,,,,invoice,rotate8
easyocr,stress,syn003_invoice__jpeg_q10,1.0586300620002476,,False,,,0.34989200863930886,0.34989200863930886,0.4696969696969697,162.0,463.0,0.9130434782608695,0.9130434782608695,0.08695652173913043,1.0172786177105833,False,False,,,,,invoice,jpeg_q10
easyocr,stress,syn003_invoice__low_contrast,2.382766153000375,,False,,,0.24838012958963282,0.24838012958963282,0.36363636363636365,115.0,463.0,0.9021739130434783,0.9021739130434783,0.09782608695652174,1.019438444924406,False,False,,,,,invoice,low_contrast
easyocr,stress,syn003_invoice__photocopy,2.388061439000012,,False,,,0.4060475161987041,0.4060475161987041,0.5,188.0,463.0,0.9456521739130435,0.9456521739130435,0.05434782608695652,1.0086393088552916,False,False,,,,,invoice,photocopy
easyocr,stress,syn003_invoice__phone_photo,1.041641545999937,,False,,,0.3542116630669546,0.3542116630669546,0.3939393939393939,164.0,463.0,0.9239130434782609,0.9239130434782609,0.07608695652173914,1.0151187904967602,False,False,,,,,invoice,phone_photo
easyocr,stress,syn004_prose__clean,4.527946728000188,,False,,,0.007136485280999108,0.007136485280999108,0.04092071611253197,16.0,2242.0,0.9873096446700508,0.9948849104859335,0.005115089514066497,0.9986619090098127,False,False,,,,,prose,clean
easyocr,stress,syn004_prose__dpi150,2.081501580999884,,False,,,0.00936663693131133,0.00936663693131133,0.05370843989769821,21.0,2242.0,0.9873096446700508,0.9948849104859335,0.005115089514066497,0.9955396966993756,False,False,,,,,prose,dpi150
easyocr,stress,syn004_prose__dpi75,1.0716540230000646,,False,,,0.07716324710080286,0.07716324710080286,0.22762148337595908,173.0,2242.0,0.8071065989847716,0.9190751445086706,0.08092485549132948,0.9424620874219447,False,False,,,,,prose,dpi75
easyocr,stress,syn004_prose__blur,4.567781408999963,,False,,,0.13380909901873328,0.13380909901873328,0.6086956521739131,300.0,2242.0,0.4543147208121827,0.5664556962025317,0.43354430379746833,0.9429081177520071,False,False,,,,,prose,blur
easyocr,stress,syn004_prose__noise,4.710362741000154,,False,,,0.009812667261373774,0.009812667261373774,0.056265984654731455,22.0,2242.0,0.9847715736040609,0.9948717948717949,0.005128205128205128,0.9964317573595004,False,False,,,,,prose,noise
easyocr,stress,syn004_prose__rotate3,4.744108372000028,,False,,,0.5062444246208743,0.5062444246208743,0.6675191815856778,1135.0,2242.0,0.9746192893401016,0.9820971867007673,0.017902813299232736,0.9982158786797503,False,False,,,,,prose,rotate3
easyocr,stress,syn004_prose__rotate8,5.258180763999917,,False,,,0.6891168599464763,0.6891168599464763,0.8746803069053708,1545.0,2242.0,0.9670050761421319,0.9794344473007712,0.02056555269922879,0.9982158786797503,False,False,,,,,prose,rotate8
easyocr,stress,syn004_prose__jpeg_q10,2.11358263000011,,False,,,0.016057091882247992,0.016057091882247992,0.08695652173913043,36.0,2242.0,0.9644670050761421,0.9844559585492227,0.015544041450777202,0.9955396966993756,False,False,,,,,prose,jpeg_q10
easyocr,stress,syn004_prose__low_contrast,4.515663399000005,,False,,,0.009812667261373774,0.009812667261373774,0.06905370843989769,22.0,2242.0,0.9746192893401016,0.987146529562982,0.012853470437017995,0.9977698483496877,False,False,,,,,prose,low_contrast
easyocr,stress,syn004_prose__photocopy,4.587825171000077,,False,,,0.01650312221231044,0.01650312221231044,0.09207161125319693,37.0,2242.0,0.9720812182741116,0.982051282051282,0.017948717948717947,0.9964317573595004,False,False,,,,,prose,photocopy
easyocr,stress,syn004_prose__phone_photo,2.00748192500032,,False,,,0.4741302408563782,0.4741302408563782,0.6138107416879796,1063.0,2242.0,0.9720812182741116,0.9845758354755784,0.015424164524421594,1.0,False,False,,,,,prose,phone_photo
granite-docling,books,birdsofgreatbrit02butl_0093_full,2.100542771624987,748.0,False,birdsofgreatbrit02butl,en,0.05113636363636364,0.04010462074978204,0.03773584905660377,92.0,2294.0,0.9689119170984456,0.9920424403183024,0.007957559681697613,0.9673060156931125,False,False,,,,,,
granite-docling,books,birdsofgreatbrit02butl_0126_full,2.100542771624987,876.0,False,birdsofgreatbrit02butl,en,0.02466525722339676,0.011971830985915493,0.026030368763557483,34.0,2840.0,0.9838709677419355,0.9898580121703854,0.010141987829614604,0.9908450704225352,False,False,,,,,,
granite-docling,books,birdsofgreatbrit02butl_0156_full,2.100542771624987,704.0,False,birdsofgreatbrit02butl,en,0.03602150537634408,0.023529411764705882,0.046052631578947366,44.0,1870.0,0.9583333333333334,0.9771241830065359,0.02287581699346405,0.9834224598930481,False,False,,,,,,
granite-docling,books,birdsofgreatbrit02butl_0159_full,2.100542771624987,807.0,False,birdsofgreatbrit02butl,en,0.017307026652821047,0.008974801518812565,0.021235521235521235,26.0,2897.0,0.9887640449438202,0.9962264150943396,0.0037735849056603774,0.9934414911977908,False,False,,,,,,
granite-docling,books,birdsofgreatbrit02butl_0172_full,2.100542771624987,926.0,False,birdsofgreatbrit02butl,en,0.02881570614312856,0.012884978001257071,0.01896551724137931,41.0,3182.0,0.9847457627118644,0.9931623931623932,0.006837606837606838,0.9924575738529227,False,False,,,,,,
granite-docling,books,birdsofgreatbrit02butl_0308_full,2.100542771624987,769.0,False,birdsofgreatbrit02butl,en,0.14849315068493152,0.13964950711938665,0.15853658536585366,255.0,1826.0,0.9821958456973294,0.8733509234828496,0.1266490765171504,1.1073384446878423,False,False,,,,,,
granite-docling,books,birdsofgreatbrit02butl_0312_full,2.100542771624987,772.0,False,birdsofgreatbrit02butl,en,1.0522388059701493,1.0475302889095992,1.1910112359550562,1124.0,1073.0,0.9615384615384616,0.46296296296296297,0.5370370370370371,1.9850885368126747,False,False,,,,,,
granite-docling,books,birdsofgreatbrit02butl_0320_full,2.100542771624987,670.0,False,birdsofgreatbrit02butl,en,0.05780609922621757,0.054140127388535034,0.06027397260273973,119.0,2198.0,0.9427083333333334,0.9863760217983651,0.013623978201634877,0.9531392174704276,False,False,,,,,,
granite-docling,books,birdsofgreatbrit02butl_0328_full,5.357403305999924,600.0,False,birdsofgreatbrit02butl,en,0.14637904468412943,0.13713405238828968,0.28421052631578947,89.0,649.0,0.8867924528301887,0.8545454545454545,0.14545454545454545,0.9861325115562404,False,False,,,,,,
granite-docling,books,conchologiaiconi05reev_0039_full,5.357403305999924,1607.0,False,conchologiaiconi05reev,en,0.07048346055979644,0.06109979633401222,0.15411558669001751,240.0,3928.0,0.9008547008547009,0.9086206896551724,0.09137931034482759,0.9862525458248472,False,False,,,,,,
granite-docling,books,conchologiaiconi05reev_0127_full,5.357403305999924,1760.0,False,conchologiaiconi05reev,en,0.08286344692326551,0.07039133645089835,0.20656370656370657,286.0,4063.0,0.8438661710037175,0.8376383763837638,0.16236162361623616,0.9884321929608664,False,False,,,,,,
granite-docling,books,conchologiaiconi05reev_0200_full,5.357403305999924,1809.0,False,conchologiaiconi05reev,en,0.10519446619681545,0.09126775381378222,0.2047713717693837,347.0,3802.0,0.8524904214559387,0.8674463937621832,0.13255360623781676,0.9831667543398211,False,False,,,,,,
granite-docling,books,conchologiaiconi05reev_0235_full,5.357403305999924,1694.0,False,conchologiaiconi05reev,en,0.1055694098088113,0.09022765130483065,0.25,325.0,3602.0,0.8096234309623431,0.8130252100840336,0.1869747899159664,0.994447529150472,False,False,,,,,,
granite-docling,books,conchologiaiconi05reev_0271_full,5.357403305999924,1764.0,False,conchologiaiconi05reev,en,0.11763129689174705,0.1007232788641843,0.26260504201680673,376.0,3733.0,0.8073022312373225,0.804040404040404,0.19595959595959597,0.997856951513528,False,False,,,,,,
granite-docling,books,conchologiaiconi05reev_0276_full,5.357403305999924,2286.0,False,conchologiaiconi05reev,en,0.1121311475409836,0.10168748630287092,0.2700348432055749,464.0,4563.0,0.7973199329983249,0.7973199329983249,0.20268006700167504,0.995178610563226,False,False,,,,,,
granite-docling,books,conchologiaiconi05reev_0350_full,5.357403305999924,960.0,False,conchologiaiconi05reev,en,0.0988558352402746,0.08084519981626091,0.19322033898305085,176.0,2177.0,0.8675496688741722,0.8762541806020067,0.12374581939799331,0.9843821773082223,False,False,,,,,,
granite-docling,books,conchologiaiconi05reev_0354_full,4.828870431500036,1601.0,False,conchologiaiconi05reev,en,0.09558616811920158,0.0789769533445756,0.21940928270042195,281.0,3558.0,0.8336713995943205,0.8387755102040816,0.16122448979591836,0.9924114671163575,False,False,,,,,,
granite-docling,books,conchologiaiconi05reev_0433_full,4.828870431500036,1786.0,False,conchologiaiconi05reev,en,0.09314920119144326,0.08396739130434783,0.30434782608695654,309.0,3680.0,0.8336755646817249,0.7992125984251969,0.20078740157480315,1.0078804347826087,False,False,,,,,,
granite-docling,books,daschitinskelett00prel_0011_full,4.828870431500036,994.0,False,daschitinskelett00prel,de,0.03337571519389701,0.03095086151882578,0.195852534562212,97.0,3134.0,0.9396751740139211,0.8350515463917526,0.16494845360824742,1.0108487555839183,False,False,,,,,,
granite-docling,books,daschitinskelett00prel_0021_full,4.828870431500036,1282.0,False,daschitinskelett00prel,de,0.012432012432012432,0.01038691249026227,0.05673758865248227,40.0,3851.0,0.9572953736654805,0.950530035335689,0.04946996466431095,0.9961049078161517,False,False,,,,,,
granite-docling,books,daschitinskelett00prel_0034_full,4.828870431500036,957.0,False,daschitinskelett00prel,de,0.019089082384460818,0.017437961099932932,0.11032863849765258,52.0,2982.0,0.9694117647058823,0.9054945054945055,0.0945054945054945,1.0083836351441986,False,False,,,,,,
granite-docling,books,daschitinskelett00prel_0037_full,4.828870431500036,1256.0,False,daschitinskelett00prel,de,0.02507257851675904,0.02066772655007949,0.1384335154826958,78.0,3774.0,0.958029197080292,0.8793969849246231,0.12060301507537688,1.0079491255961843,False,False,,,,,,
granite-docling,books,daschitinskelett00prel_0038_full,4.828870431500036,1224.0,False,daschitinskelett00prel,de,0.01944516463572725,0.015620932048945588,0.10754716981132076,60.0,3841.0,0.9622641509433962,0.9090909090909091,0.09090909090909091,1.0044259307472012,False,False,,,,,,
granite-docling,books,daschitinskelett00prel_0051_full,4.828870431500036,1326.0,False,daschitinskelett00prel,de,0.044366019662213256,0.04247787610619469,0.28035714285714286,168.0,3955.0,0.9336917562724014,0.7776119402985074,0.22238805970149253,1.020480404551201,False,False,,,,,,
granite-docling,books,daschitinskelett00prel_0057_full,3.1978855391248544,1135.0,False,daschitinskelett00prel,de,0.02264908256880734,0.021526980482204364,0.15336134453781514,75.0,3484.0,0.957983193277311,0.8685714285714285,0.13142857142857142,1.0109070034443168,False,False,,,,,,
granite-docling,books,daschitinskelett00prel_0060_full,3.1978855391248544,327.0,False,daschitinskelett00prel,de,0.03991130820399113,0.03794642857142857,0.24793388429752067,34.0,896.0,0.9159663865546218,0.7956204379562044,0.20437956204379562,1.0111607142857142,False,False,,,,,,
granite-docling,books,histoirenaturell10cuvi_0014_full,3.1978855391248544,406.0,False,histoirenaturell10cuvi,fr,0.03529411764705882,0.023728813559322035,0.056818181818181816,28.0,1180.0,0.9521276595744681,0.9623655913978495,0.03763440860215054,0.9813559322033898,False,False,,,,,,
granite-docling,books,histoirenaturell10cuvi_0070_full,3.1978855391248544,569.0,False,histoirenaturell10cuvi,fr,0.10431947840260798,0.08395061728395062,0.16990291262135923,102.0,1215.0,0.9147982062780269,0.918918918918919,0.08108108108108109,0.9818930041152263,False,False,,,,,,
granite-docling,books,histoirenaturell10cuvi_0172_full,3.1978855391248544,515.0,False,histoirenaturell10cuvi,fr,0.032090199479618386,0.021739130434782608,0.04060913705583756,25.0,1150.0,0.9719626168224299,0.9811320754716981,0.018867924528301886,0.9817391304347826,False,False,,,,,,
granite-docling,books,histoirenaturell10cuvi_0188_full,3.1978855391248544,585.0,False,histoirenaturell10cuvi,fr,0.04182754182754183,0.024484536082474227,0.06792452830188679,38.0,1552.0,0.9355932203389831,0.9517241379310345,0.04827586206896552,0.9832474226804123,False,False,,,,,,
granite-docling,books,histoirenaturell10cuvi_0251_full,3.1978855391248544,593.0,False,histoirenaturell10cuvi,fr,0.07508532423208192,0.0638481449525453,0.16417910447761194,74.0,1159.0,0.883177570093458,0.9043062200956937,0.09569377990430622,0.9542709232096636,False,False,,,,,,
granite-docling,books,histoirenaturell10cuvi_0343_full,3.1978855391248544,553.0,False,histoirenaturell10cuvi,fr,0.0617670054730258,0.05533596837944664,0.11557788944723618,70.0,1265.0,0.9411764705882353,0.9230769230769231,0.07692307692307693,0.9739130434782609,False,False,,,,,,
granite-docling,books,histoirenaturell10cuvi_0369_full,8.928075969624842,571.0,False,histoirenaturell10cuvi,fr,0.05153846153846154,0.03944315545243619,0.10909090909090909,51.0,1293.0,0.9396551724137931,0.9396551724137931,0.0603448275862069,0.9814385150812065,False,False,,,,,,
granite-docling,books,histoirenaturell10cuvi_0425_full,8.928075969624842,605.0,False,histoirenaturell10cuvi,fr,0.03609879670677644,0.01717557251908397,0.02527075812274368,27.0,1572.0,0.9761904761904762,0.9896551724137931,0.010344827586206896,0.9847328244274809,False,False,,,,,,
granite-docling,books,pisciumquerelaee00sche_0012_full,8.928075969624842,677.0,False,pisciumquerelaee00sche,la,0.11911852293031566,0.11332127787823991,0.5,188.0,1659.0,0.49808429118773945,0.5485232067510548,0.45147679324894513,1.0168776371308017,False,False,,,,,,
granite-docling,books,pisciumquerelaee00sche_0013_full,8.928075969624842,672.0,False,pisciumquerelaee00sche,la,0.12308598351001178,0.11117717003567182,0.475,187.0,1682.0,0.5056179775280899,0.6053811659192825,0.39461883408071746,0.9934601664684899,False,False,,,,,,
granite-docling,books,pisciumquerelaee00sche_0016_full,8.928075969624842,697.0,False,pisciumquerelaee00sche,la,0.09375,0.08423052564914503,0.41409691629955947,133.0,1579.0,0.6033057851239669,0.6320346320346321,0.36796536796536794,1.0088663711209627,False,False,,,,,,
granite-docling,books,pisciumquerelaee00sche_0035_full,8.928075969624842,735.0,False,pisciumquerelaee00sche,la,0.1298780487804878,0.11479435236341314,0.4517543859649123,187.0,1629.0,0.6056910569105691,0.6182572614107884,0.3817427385892116,1.0276243093922652,False,False,,,,,,
granite-docling,books,pisciumquerelaee00sche_0038_full,8.928075969624842,6144.0,False,pisciumquerelaee00sche,la,0.30180806675938804,0.3102473498233215,0.6294416243654822,439.0,1415.0,0.4306930693069307,0.5612903225806452,0.43870967741935485,0.8091872791519434,False,True,,,,,,
granite-docling,books,pisciumquerelaee00sche_0040_full,8.928075969624842,748.0,False,pisciumquerelaee00sche,la,0.13748597081930417,0.12691218130311616,0.5919117647058824,224.0,1765.0,0.5894039735099338,0.6872586872586872,0.3127413127413127,0.9841359773371104,False,False,,,,,,
granite-docling,books,pisciumquerelaee00sche_0041_full,8.941463243624867,6144.0,False,pisciumquerelaee00sche,la,0.44618272841051315,0.43524952621604546,1.5,689.0,1583.0,0.5632183908045977,0.3030927835051546,0.6969072164948453,1.352495262160455,False,True,,,,,,
granite-docling,books,pisciumquerelaee00sche_0044_full,8.941463243624867,275.0,False,pisciumquerelaee00sche,la,0.2647058823529412,0.25742574257425743,0.625,104.0,404.0,0.5660377358490566,0.5,0.5,1.0965346534653466,False,False,,,,,,
granite-docling,books,trudyrusskagoent161881russ_0098_full,8.941463243624867,1125.0,False,trudyrusskagoent161881russ,fr+de,0.02197802197802198,0.013764624913971095,0.07352941176470588,20.0,1453.0,0.9597989949748744,0.9408866995073891,0.059113300492610835,0.9951823812801102,False,False,,,,,,
granite-docling,books,trudyrusskagoent161881russ_0121_full,8.941463243624867,650.0,False,trudyrusskagoent161881russ,fr+de,0.028662420382165606,0.013297872340425532,0.05190311418685121,25.0,1880.0,0.9755244755244755,0.9721254355400697,0.027874564459930314,0.9925531914893617,False,False,,,,,,
granite-docling,books,trudyrusskagoent161881russ_0276_full,8.941463243624867,590.0,False,trudyrusskagoent161881russ,fr+de,0.019097222222222224,0.012152777777777778,0.05976095617529881,21.0,1728.0,0.97165991902834,0.967741935483871,0.03225806451612903,0.9930555555555556,False,False,,,,,,
granite-docling,books,trudyrusskagoent161881russ_0329_full,8.941463243624867,712.0,False,trudyrusskagoent161881russ,fr+de,0.019570405727923627,0.008149568552253116,0.030821917808219176,17.0,2086.0,0.9862068965517241,0.9896193771626297,0.010380622837370242,0.9952061361457335,False,False,,,,,,
granite-docling,books,trudyrusskagoent161881russ_0357_full,8.941463243624867,714.0,False,trudyrusskagoent161881russ,fr+de,0.03517877739331027,0.02379570516540917,0.07883817427385892,41.0,1723.0,0.9421487603305785,0.957983193277311,0.04201680672268908,0.9814277423099246,False,False,,,,,,
granite-docling,books,trudyrusskagoent161881russ_0379_full,8.941463243624867,705.0,False,trudyrusskagoent161881russ,fr+de,0.022977022977022976,0.02007024586051179,0.13522012578616352,40.0,1993.0,0.9279279279279279,0.906158357771261,0.093841642228739,0.9994982438534872,False,False,,,,,,
granite-docling,books,trudyrusskagoent161881russ_0388_full,5.021287088999998,766.0,False,trudyrusskagoent161881russ,fr+de,0.02075368651010377,0.010946907498631636,0.050505050505050504,20.0,1827.0,0.9838187702265372,0.9681528662420382,0.03184713375796178,0.9950738916256158,False,False,,,,,,
granite-docling,books,trudyrusskagoent161881russ_0446_full,5.021287088999998,627.0,False,trudyrusskagoent161881russ,fr+de,0.08736059479553904,0.07476635514018691,0.2198952879581152,80.0,1070.0,0.96,0.897196261682243,0.102803738317757,1.0355140186915888,False,False,,,,,,
granite-docling,docs,headers_footers__0b8de922246569bf96136cd5bb1d9643b2d269fe_page_10_processed,3.2166776937499435,491.0,False,,,,,,,,,,,,False,,headers_footers,2.0,2.0,"[{""id"": ""0b8de922246569bf96136cd5bb1d9643b2d269fe_page_10_processed.pdf_manual_00"", ""type"": ""absent"", ""passed"": true, ""category"": ""headers_footers""}, {""id"": ""auto_baseline"", ""type"": ""baseline"", ""passed"": true, ""category"": ""baseline""}]",,
granite-docling,docs,headers_footers__12e836a20227be4b63f7dcdebb2498e9d189d4da_page_5_processed,3.2166776937499435,2225.0,False,,,,,,,,,,,,False,,headers_footers,4.0,3.0,"[{""id"": ""12e836a20227be4b63f7dcdebb2498e9d189d4da_page_5_processed_pg1_header_00"", ""type"": ""absent"", ""passed"": true, ""category"": ""headers_footers""}, {""id"": ""12e836a20227be4b63f7dcdebb2498e9d189d4da_page_5_processed_pg1_header_01"", ""type"": ""absent"", ""passed"": false, ""category"": ""headers_footers""}, {""id"": ""12e836a20227be4b63f7dcdebb2498e9d189d4da_page_5_processed_pg1_header_02"", ""type"": ""absent"", ""passed"": true, ""category"": ""headers_footers""}, {""id"": ""auto_baseline"", ""type"": ""baseline"", ""passed"": true, ""category"": ""baseline""}]",,
granite-docling,docs,headers_footers__17ce5025be595d7fc2c3a347b6a2fa4e4d06419d_page_1,3.2166776937499435,298.0,False,,,,,,,,,,,,False,,headers_footers,2.0,2.0,"[{""id"": ""17ce5025be595d7fc2c3a347b6a2fa4e4d06419d_page_1_header_00"", ""type"": ""absent"", ""passed"": true, ""category"": ""headers_footers""}, {""id"": ""auto_baseline"", ""type"": ""baseline"", ""passed"": true, ""category"": ""baseline""}]",,
granite-docling,docs,headers_footers__1a3e61746b0965df09bce6cb1051c455807363d5_page_1,3.2166776937499435,1994.0,False,,,,,,,,,,,,False,,headers_footers,3.0,3.0,"[{""id"": ""1a3e61746b0965df09bce6cb1051c455807363d5_page_1_header_00"", ""type"": ""absent"", ""passed"": true, ""category"": ""headers_footers""}, {""id"": ""1a3e61746b0965df09bce6cb1051c455807363d5_page_1.pdf_manual_00"", ""type"": ""absent"", ""passed"": true, ""category"": ""headers_footers""}, {""id"": ""auto_baseline"", ""type"": ""baseline"", ""passed"": true, ""category"": ""baseline""}]",,
granite-docling,docs,headers_footers__2cb8b9fbe5aaac3d7f95d110a3b08132ee09d103_page_2,3.2166776937499435,973.0,False,,,,,,,,,,,,False,,headers_footers,3.0,3.0,"[{""id"": ""2cb8b9fbe5aaac3d7f95d110a3b08132ee09d103_page_2_header_00"", ""type"": ""absent"", ""passed"": true, ""category"": ""headers_footers""}, {""id"": ""2cb8b9fbe5aaac3d7f95d110a3b08132ee09d103_page_2.pdf_manual_00"", ""type"": ""absent"", ""passed"": true, ""category"": ""headers_footers""}, {""id"": ""auto_baseline"", ""type"": ""baseline"", ""passed"": true, ""category"": ""baseline""}]",,
granite-docling,docs,headers_footers__363300831b3da664b1bfe972e4f86464fa076da3_page_149,3.2166776937499435,1446.0,False,,,,,,,,,,,,False,,headers_footers,6.0,6.0,"[{""id"": ""363300831b3da664b1bfe972e4f86464fa076da3_page_149_header_00"", ""type"": ""absent"", ""passed"": true, ""category"": ""headers_footers""}, {""id"": ""363300831b3da664b1bfe972e4f86464fa076da3_page_149_header_01"", ""type"": ""absent"", ""passed"": true, ""category"": ""headers_footers""}, {""id"": ""363300831b3da664b1bfe972e4f86464fa076da3_page_149_header_15"", ""type"": ""absent"", ""passed"": true, ""category"": ""headers_footers""}, {""id"": ""363300831b3da664b1bfe972e4f86464fa076da3_page_149_header_16"", ""type"": ""absent"", ""passed"": true, ""category"": ""headers_footers""}, {""id"": ""363300831b3da664b1bfe972e4f86464fa076da3_page_149.pdf_manual_00"", ""type"": ""absent"", ""passed"": true, ""category"": ""headers_footers""}, {""id"": ""auto_baseline"", ""type"": ""baseline"", ""passed"": true, ""category"": ""baseline""}]",,
granite-docling,docs,headers_footers__62621cef2b1d5356a063aa7c9c735ac396fb2223_page_33,3.2166776937499435,955.0,False,,,,,,,,,,,,False,,headers_footers,4.0,4.0,"[{""id"": ""62621cef2b1d5356a063aa7c9c735ac396fb2223_page_33_header_00"", ""type"": ""absent"", ""passed"": true, ""category"": ""headers_footers""}, {""id"": ""62621cef2b1d5356a063aa7c9c735ac396fb2223_page_33.pdf_manual_00"", ""type"": ""absent"", ""passed"": true, ""category"": ""headers_footers""}, {""id"": ""62621cef2b1d5356a063aa7c9c735ac396fb2223_page_33.pdf_manual_01"", ""type"": ""absent"", ""passed"": true, ""category"": ""headers_footers""}, {""id"": ""auto_baseline"", ""type"": ""baseline"", ""passed"": true, ""category"": ""baseline""}]",,
granite-docling,docs,headers_footers__7901d119ed91a89f8fbabf0eef7174d75a7656e3_page_1,3.2166776937499435,634.0,False,,,,,,,,,,,,False,,headers_footers,2.0,2.0,"[{""id"": ""7901d119ed91a89f8fbabf0eef7174d75a7656e3_page_1.pdf_manual_00"", ""type"": ""absent"", ""passed"": true, ""category"": ""headers_footers""}, {""id"": ""auto_baseline"", ""type"": ""baseline"", ""passed"": true, ""category"": ""baseline""}]",,
granite-docling,docs,headers_footers__ba10222e40f05d76e2bf1d51c39066a4b1fe82ed_page_11,10.304298410499996,803.0,False,,,,,,,,,,,,False,,headers_footers,3.0,3.0,"[{""id"": ""ba10222e40f05d76e2bf1d51c39066a4b1fe82ed_page_11_header_00"", ""type"": ""absent"", ""passed"": true, ""category"": ""headers_footers""}, {""id"": ""ba10222e40f05d76e2bf1d51c39066a4b1fe82ed_page_11.pdf_manual_00"", ""type"": ""absent"", ""passed"": true, ""category"": ""headers_footers""}, {""id"": ""auto_baseline"", ""type"": ""baseline"", ""passed"": true, ""category"": ""baseline""}]",,
granite-docling,docs,headers_footers__d8b9c4cd0ba9b036e09168c8dccccd1d43315ef4_page_1,10.304298410499996,1158.0,False,,,,,,,,,,,,False,,headers_footers,3.0,3.0,"[{""id"": ""d8b9c4cd0ba9b036e09168c8dccccd1d43315ef4_page_1_header_00"", ""type"": ""absent"", ""passed"": true, ""category"": ""headers_footers""}, {""id"": ""d8b9c4cd0ba9b036e09168c8dccccd1d43315ef4_page_1.pdf_manual_00"", ""type"": ""absent"", ""passed"": true, ""category"": ""headers_footers""}, {""id"": ""auto_baseline"", ""type"": ""baseline"", ""passed"": true, ""category"": ""baseline""}]",,
granite-docling,docs,long_tiny_text__11_pg161_pg1,10.304298410499996,3262.0,False,,,,,,,,,,,,False,,long_tiny_text,9.0,8.0,"[{""id"": ""11_pg161_pg1_text_00"", ""type"": ""present"", ""passed"": true, ""category"": ""long_tiny_text""}, {""id"": ""11_pg161_pg1_text_01"", ""type"": ""present"", ""passed"": true, ""category"": ""long_tiny_text""}, {""id"": ""11_pg161_pg1_text_02"", ""type"": ""present"", ""passed"": true, ""category"": ""long_tiny_text""}, {""id"": ""11_pg161_pg1_text_03"", ""type"": ""present"", ""passed"": true, ""category"": ""long_tiny_text""}, {""id"": ""11_pg161_pg1_text_04"", ""type"": ""present"", ""passed"": false, ""category"": ""long_tiny_text""}, {""id"": ""11_pg161_pg1_text_05"", ""type"": ""present"", ""passed"": true, ""category"": ""long_tiny_text""}, {""id"": ""11_pg161_pg1_text_06"", ""type"": ""present"", ""passed"": true, ""category"": ""long_tiny_text""}, {""id"": ""11_pg161_pg1_text_07"", ""type"": ""present"", ""passed"": true, ""category"": ""long_tiny_text""}, {""id"": ""auto_baseline"", ""type"": ""baseline"", ""passed"": true, ""category"": ""baseline""}]",,
granite-docling,docs,long_tiny_text__11_pg375_pg1,10.304298410499996,2478.0,False,,,,,,,,,,,,False,,long_tiny_text,4.0,4.0,"[{""id"": ""11_pg375_pg1_text_00"", ""type"": ""present"", ""passed"": true, ""category"": ""long_tiny_text""}, {""id"": ""11_pg375_pg1_text_01"", ""type"": ""present"", ""passed"": true, ""category"": ""long_tiny_text""}, {""id"": ""11_pg375_pg1_text_02"", ""type"": ""present"", ""passed"": true, ""category"": ""long_tiny_text""}, {""id"": ""auto_baseline"", ""type"": ""baseline"", ""passed"": true, ""category"": ""baseline""}]",,
granite-docling,docs,long_tiny_text__13_pg556_pg1,10.304298410499996,2493.0,False,,,,,,,,,,,,False,,long_tiny_text,5.0,5.0,"[{""id"": ""13_pg556_pg1_text_00"", ""type"": ""present"", ""passed"": true, ""category"": ""long_tiny_text""}, {""id"": ""13_pg556_pg1_text_01"", ""type"": ""present"", ""passed"": true, ""category"": ""long_tiny_text""}, {""id"": ""13_pg556_pg1_text_02"", ""type"": ""present"", ""passed"": true, ""category"": ""long_tiny_text""}, {""id"": ""13_pg556_pg1_text_03"", ""type"": ""present"", ""passed"": true, ""category"": ""long_tiny_text""}, {""id"": ""auto_baseline"", ""type"": ""baseline"", ""passed"": true, ""category"": ""baseline""}]",,
granite-docling,docs,long_tiny_text__13_pg566_pg1,10.304298410499996,1948.0,False,,,,,,,,,,,,False,,long_tiny_text,6.0,4.0,"[{""id"": ""13_pg566_pg1_text_00"", ""type"": ""present"", ""passed"": true, ""category"": ""long_tiny_text""}, {""id"": ""13_pg566_pg1_text_01"", ""type"": ""present"", ""passed"": false, ""category"": ""long_tiny_text""}, {""id"": ""13_pg566_pg1_text_02"", ""type"": ""present"", ""passed"": true, ""category"": ""long_tiny_text""}, {""id"": ""13_pg566_pg1_text_03"", ""type"": ""present"", ""passed"": true, ""category"": ""long_tiny_text""}, {""id"": ""13_pg566_pg1_text_04"", ""type"": ""present"", ""passed"": false, ""category"": ""long_tiny_text""}, {""id"": ""auto_baseline"", ""type"": ""baseline"", ""passed"": true, ""category"": ""baseline""}]",,
granite-docling,docs,long_tiny_text__13_pg67_pg1,10.304298410499996,2847.0,False,,,,,,,,,,,,False,,long_tiny_text,6.0,3.0,"[{""id"": ""13_pg67_pg1_text_00"", ""type"": ""present"", ""passed"": false, ""category"": ""long_tiny_text""}, {""id"": ""13_pg67_pg1_text_01"", ""type"": ""present"", ""passed"": true, ""category"": ""long_tiny_text""}, {""id"": ""13_pg67_pg1_text_02"", ""type"": ""present"", ""passed"": false, ""category"": ""long_tiny_text""}, {""id"": ""13_pg67_pg1_text_03"", ""type"": ""present"", ""passed"": false, ""category"": ""long_tiny_text""}, {""id"": ""13_pg67_pg1_text_04"", ""type"": ""present"", ""passed"": true, ""category"": ""long_tiny_text""}, {""id"": ""auto_baseline"", ""type"": ""baseline"", ""passed"": true, ""category"": ""baseline""}]",,
granite-docling,docs,long_tiny_text__14a_pg1,10.304298410499996,6144.0,False,,,,,,,,,,,,False,,long_tiny_text,6.0,1.0,"[{""id"": ""14a_pg1_text_01"", ""type"": ""present"", ""passed"": false, ""category"": ""long_tiny_text""}, {""id"": ""14a_pg1_text_02"", ""type"": ""present"", ""passed"": false, ""category"": ""long_tiny_text""}, {""id"": ""14a_pg1_text_04"", ""type"": ""present"", ""passed"": false, ""category"": ""long_tiny_text""}, {""id"": ""14a_pg1_text_05"", ""type"": ""present"", ""passed"": false, ""category"": ""long_tiny_text""}, {""id"": ""14a_pg1_text_06"", ""type"": ""present"", ""passed"": false, ""category"": ""long_tiny_text""}, {""id"": ""auto_baseline"", ""type"": ""baseline"", ""passed"": true, ""category"": ""baseline""}]",,
granite-docling,docs,long_tiny_text__15c_pg1,9.8800966136248,2154.0,False,,,,,,,,,,,,False,,long_tiny_text,5.0,3.0,"[{""id"": ""15c_pg1_text_00"", ""type"": ""present"", ""passed"": true, ""category"": ""long_tiny_text""}, {""id"": ""15c_pg1_text_01"", ""type"": ""present"", ""passed"": true, ""category"": ""long_tiny_text""}, {""id"": ""15c_pg1_text_02"", ""type"": ""present"", ""passed"": false, ""category"": ""long_tiny_text""}, {""id"": ""15c_pg1_text_03"", ""type"": ""present"", ""passed"": false, ""category"": ""long_tiny_text""}, {""id"": ""auto_baseline"", ""type"": ""baseline"", ""passed"": true, ""category"": ""baseline""}]",,
granite-docling,docs,long_tiny_text__17_pg2_pg1,9.8800966136248,1368.0,False,,,,,,,,,,,,False,,long_tiny_text,40.0,37.0,"[{""id"": ""17_pg2_pg1_text_00"", ""type"": ""present"", ""passed"": true, ""category"": ""long_tiny_text""}, {""id"": ""17_pg2_pg1_text_01"", ""type"": ""present"", ""passed"": true, ""category"": ""long_tiny_text""}, {""id"": ""17_pg2_pg1_text_02"", ""type"": ""present"", ""passed"": true, ""category"": ""long_tiny_text""}, {""id"": ""17_pg2_pg1_text_03"", ""type"": ""present"", ""passed"": true, ""category"": ""long_tiny_text""}, {""id"": ""17_pg2_pg1_text_04"", ""type"": ""present"", ""passed"": true, ""category"": ""long_tiny_text""}, {""id"": ""17_pg2_pg1_text_06"", ""type"": ""present"", ""passed"": true, ""category"": ""long_tiny_text""}, {""id"": ""17_pg2_pg1_text_07"", ""type"": ""present"", ""passed"": true, ""category"": ""long_tiny_text""}, {""id"": ""17_pg2_pg1_text_09"", ""type"": ""present"", ""passed"": true, ""category"": ""long_tiny_text""}, {""id"": ""17_pg2_pg1_text_10"", ""type"": ""present"", ""passed"": true, ""category"": ""long_tiny_text""}, {""id"": ""17_pg2_pg1_text_12"", ""type"": ""present"", ""passed"": true, ""category"": ""long_tiny_text""}, {""id"": ""17_pg2_pg1_text_13"", ""type"": ""present"", ""passed"": true, ""category"": ""long_tiny_text""}, {""id"": ""17_pg2_pg1_text_16"", ""type"": ""present"", ""passed"": true, ""category"": ""long_tiny_text""}, {""id"": ""17_pg2_pg1_text_17"", ""type"": ""present"", ""passed"": false, ""category"": ""long_tiny_text""}, {""id"": ""17_pg2_pg1_text_20"", ""type"": ""present"", ""passed"": true, ""category"": ""long_tiny_text""}, {""id"": ""17_pg2_pg1_text_23"", ""type"": ""present"", ""passed"": true, ""category"": ""long_tiny_text""}, {""id"": ""17_pg2_pg1_text_24"", ""type"": ""present"", ""passed"": true, ""category"": ""long_tiny_text""}, {""id"": ""17_pg2_pg1_text_25"", ""type"": ""present"", ""passed"": true, ""category"": ""long_tiny_text""}, {""id"": ""17_pg2_pg1_text_27"", ""type"": ""present"", ""passed"": true, ""category"": ""long_tiny_text""}, {""id"": ""17_pg2_pg1_text_28"", ""type"": ""present"", ""passed"": true, ""category"": ""long_tiny_text""}, {""id"": ""17_pg2_pg1_text_30"", ""type"": ""present"", ""passed"": true, ""category"": ""long_tiny_text""}, {""id"": ""17_pg2_pg1_text_31"", ""type"": ""present"", ""passed"": true, ""category"": ""long_tiny_text""}, {""id"": ""17_pg2_pg1_text_34"", ""type"": ""present"", ""passed"": true, ""category"": ""long_tiny_text""}, {""id"": ""17_pg2_pg1_text_37"", ""type"": ""present"", ""passed"": true, ""category"": ""long_tiny_text""}, {""id"": ""17_pg2_pg1_text_41"", ""type"": ""present"", ""passed"": true, ""category"": ""long_tiny_text""}, {""id"": ""17_pg2_pg1_text_43"", ""type"": ""present"", ""passed"": true, ""category"": ""long_tiny_text""}, {""id"": ""17_pg2_pg1_text_45"", ""type"": ""present"", ""passed"": true, ""category"": ""long_tiny_text""}, {""id"": ""17_pg2_pg1_text_49"", ""type"": ""present"", ""passed"": false, ""category"": ""long_tiny_text""}, {""id"": ""17_pg2_pg1_text_51"", ""type"": ""present"", ""passed"": true, ""category"": ""long_tiny_text""}, {""id"": ""17_pg2_pg1_text_56"", ""type"": ""present"", ""passed"": true, ""category"": ""long_tiny_text""}, {""id"": ""17_pg2_pg1_text_61"", ""type"": ""present"", ""passed"": true, ""category"": ""long_tiny_text""}, {""id"": ""17_pg2_pg1_text_65"", ""type"": ""present"", ""passed"": true, ""category"": ""long_tiny_text""}, {""id"": ""17_pg2_pg1_text_69"", ""type"": ""present"", ""passed"": true, ""category"": ""long_tiny_text""}, {""id"": ""17_pg2_pg1_text_74"", ""type"": ""present"", ""passed"": true, ""category"": ""long_tiny_text""}, {""id"": ""17_pg2_pg1_text_80"", ""type"": ""present"", ""passed"": true, ""category"": ""long_tiny_text""}, {""id"": ""17_pg2_pg1_text_83"", ""type"": ""present"", ""passed"": true, ""category"": ""long_tiny_text""}, {""id"": ""17_pg2_pg1_text_86"", ""type"": ""present"", ""passed"": true, ""category"": ""long_tiny_text""}, {""id"": ""17_pg2_pg1_text_88"", ""type"": ""present"", ""passed"": false, ""category"": ""long_tiny_text""}, {""id"": ""17_pg2_pg1_text_95"", ""type"": ""present"", ""passed"": true, ""category"": ""long_tiny_text""}, {""id"": ""17_pg2_pg1_text_97"", ""type"": ""present"", ""passed"": true, ""category"": ""long_tiny_text""}, {""id"": ""auto_baseline"", ""type"": ""baseline"", ""passed"": true, ""category"": ""baseline""}]",,
granite-docling,docs,long_tiny_text__20_pg40_pg1,9.8800966136248,6144.0,False,,,,,,,,,,,,False,,long_tiny_text,6.0,2.0,"[{""id"": ""20_pg40_pg1_text_00"", ""type"": ""present"", ""passed"": true, ""category"": ""long_tiny_text""}, {""id"": ""20_pg40_pg1_text_01"", ""type"": ""present"", ""passed"": false, ""category"": ""long_tiny_text""}, {""id"": ""20_pg40_pg1_text_02"", ""type"": ""present"", ""passed"": false, ""category"": ""long_tiny_text""}, {""id"": ""20_pg40_pg1_text_03"", ""type"": ""present"", ""passed"": false, ""category"": ""long_tiny_text""}, {""id"": ""20_pg40_pg1_text_04"", ""type"": ""present"", ""passed"": false, ""category"": ""long_tiny_text""}, {""id"": ""auto_baseline"", ""type"": ""baseline"", ""passed"": true, ""category"": ""baseline""}]",,
granite-docling,docs,long_tiny_text__20_pg46_pg1,9.8800966136248,2378.0,False,,,,,,,,,,,,False,,long_tiny_text,10.0,8.0,"[{""id"": ""20_pg46_pg1_text_00"", ""type"": ""present"", ""passed"": false, ""category"": ""long_tiny_text""}, {""id"": ""20_pg46_pg1_text_01"", ""type"": ""present"", ""passed"": false, ""category"": ""long_tiny_text""}, {""id"": ""20_pg46_pg1_text_02"", ""type"": ""present"", ""passed"": true, ""category"": ""long_tiny_text""}, {""id"": ""20_pg46_pg1_text_03"", ""type"": ""present"", ""passed"": true, ""category"": ""long_tiny_text""}, {""id"": ""20_pg46_pg1_text_04"", ""type"": ""present"", ""passed"": true, ""category"": ""long_tiny_text""}, {""id"": ""20_pg46_pg1_text_05"", ""type"": ""present"", ""passed"": true, ""category"": ""long_tiny_text""}, {""id"": ""20_pg46_pg1_text_06"", ""type"": ""present"", ""passed"": true, ""category"": ""long_tiny_text""}, {""id"": ""20_pg46_pg1_text_08"", ""type"": ""present"", ""passed"": true, ""category"": ""long_tiny_text""}, {""id"": ""20_pg46_pg1_text_09"", ""type"": ""present"", ""passed"": true, ""category"": ""long_tiny_text""}, {""id"": ""auto_baseline"", ""type"": ""baseline"", ""passed"": true, ""category"": ""baseline""}]",,
granite-docling,docs,multi_column__00945e98ea0970dcffb8f548336df3a0137f_page_4_pg1,9.8800966136248,1174.0,False,,,,,,,,,,,,False,,multi_column,4.0,4.0,"[{""id"": ""00945e98ea0970dcffb8f548336df3a0137f_page_4.pdf_order_0a8f368a"", ""type"": ""order"", ""passed"": true, ""category"": ""multi_column""}, {""id"": ""00945e98ea0970dcffb8f548336df3a0137f_page_4.pdf_order_3d4bbd69"", ""type"": ""order"", ""passed"": true, ""category"": ""multi_column""}, {""id"": ""00945e98ea0970dcffb8f548336df3a0137f_page_4.pdf_order_4cbab131"", ""type"": ""order"", ""passed"": true, ""category"": ""multi_column""}, {""id"": ""auto_baseline"", ""type"": ""baseline"", ""passed"": true, ""category"": ""baseline""}]",,
granite-docling,docs,multi_column__00e2c7719d58bb49fd4031cce9dcccdddec2_page_1_pg1,9.8800966136248,804.0,False,,,,,,,,,,,,False,,multi_column,3.0,2.0,"[{""id"": ""00e2c7719d58bb49fd4031cce9dcccdddec2_page_1.pdf_order_85be1097"", ""type"": ""order"", ""passed"": false, ""category"": ""multi_column""}, {""id"": ""00e2c7719d58bb49fd4031cce9dcccdddec2_page_1.pdf_order_b903400b"", ""type"": ""order"", ""passed"": true, ""category"": ""multi_column""}, {""id"": ""auto_baseline"", ""type"": ""baseline"", ""passed"": true, ""category"": ""baseline""}]",,
granite-docling,docs,multi_column__0114396ecb251aa3ebaeaeaed6bd4fe50bd2_page_2_pg1,9.8800966136248,1300.0,False,,,,,,,,,,,,False,,multi_column,6.0,6.0,"[{""id"": ""0114396ecb251aa3ebaeaeaed6bd4fe50bd2_page_2.pdf_order_e5d2d945"", ""type"": ""order"", ""passed"": true, ""category"": ""multi_column""}, {""id"": ""0114396ecb251aa3ebaeaeaed6bd4fe50bd2_page_2.pdf_order_6b2daa2b"", ""type"": ""order"", ""passed"": true, ""category"": ""multi_column""}, {""id"": ""0114396ecb251aa3ebaeaeaed6bd4fe50bd2_page_2.pdf_order_f61eafae"", ""type"": ""order"", ""passed"": true, ""category"": ""multi_column""}, {""id"": ""0114396ecb251aa3ebaeaeaed6bd4fe50bd2_page_2.pdf_order_40a2536e"", ""type"": ""order"", ""passed"": true, ""category"": ""multi_column""}, {""id"": ""0114396ecb251aa3ebaeaeaed6bd4fe50bd2_page_2.pdf_order_b8d41298"", ""type"": ""order"", ""passed"": true, ""category"": ""multi_column""}, {""id"": ""auto_baseline"", ""type"": ""baseline"", ""passed"": true, ""category"": ""baseline""}]",,
granite-docling,docs,multi_column__019a8841dddeb304774ba62a9f5d8dccb43d_page_2_pg1,9.8800966136248,2946.0,False,,,,,,,,,,,,False,,multi_column,5.0,2.0,"[{""id"": ""019a8841dddeb304774ba62a9f5d8dccb43d_page_2.pdf_order_00d331ca"", ""type"": ""order"", ""passed"": false, ""category"": ""multi_column""}, {""id"": ""019a8841dddeb304774ba62a9f5d8dccb43d_page_2.pdf_order_2410e748"", ""type"": ""order"", ""passed"": false, ""category"": ""multi_column""}, {""id"": ""019a8841dddeb304774ba62a9f5d8dccb43d_page_2.pdf_order_5a8cba0a"", ""type"": ""order"", ""passed"": true, ""category"": ""multi_column""}, {""id"": ""019a8841dddeb304774ba62a9f5d8dccb43d_page_2.pdf_order_6a2477bc"", ""type"": ""order"", ""passed"": false, ""category"": ""multi_column""}, {""id"": ""auto_baseline"", ""type"": ""baseline"", ""passed"": true, ""category"": ""baseline""}]",,
granite-docling,docs,multi_column__0208fbb5d6b646f972f4702428ad2cede5c5_page_6_pg1,14.434227663875163,6144.0,False,,,,,,,,,,,,True,,multi_column,2.0,0.0,"[{""id"": ""0208fbb5d6b646f972f4702428ad2cede5c5_page_6.pdf_order_71ab8004"", ""type"": ""order"", ""passed"": false, ""category"": ""multi_column""}, {""id"": ""auto_baseline"", ""type"": ""baseline"", ""passed"": false, ""category"": ""baseline""}]",,
granite-docling,docs,multi_column__027c390510b2fd3364f5a382f2bc304af018_page_4_pg1,14.434227663875163,1797.0,False,,,,,,,,,,,,False,,multi_column,5.0,3.0,"[{""id"": ""027c390510b2fd3364f5a382f2bc304af018_page_4.pdf_order_ea693a98"", ""type"": ""order"", ""passed"": false, ""category"": ""multi_column""}, {""id"": ""027c390510b2fd3364f5a382f2bc304af018_page_4.pdf_order_053bda58"", ""type"": ""order"", ""passed"": true, ""category"": ""multi_column""}, {""id"": ""027c390510b2fd3364f5a382f2bc304af018_page_4.pdf_order_9e06820d"", ""type"": ""order"", ""passed"": true, ""category"": ""multi_column""}, {""id"": ""027c390510b2fd3364f5a382f2bc304af018_page_4.pdf_order_97e749bf"", ""type"": ""order"", ""passed"": false, ""category"": ""multi_column""}, {""id"": ""auto_baseline"", ""type"": ""baseline"", ""passed"": true, ""category"": ""baseline""}]",,
granite-docling,docs,multi_column__02943986dff2d4a84b7c2dd81abfc51fceea_page_5_pg1,14.434227663875163,1171.0,False,,,,,,,,,,,,False,,multi_column,5.0,5.0,"[{""id"": ""02943986dff2d4a84b7c2dd81abfc51fceea_page_5.pdf_order_3f1adc6b"", ""type"": ""order"", ""passed"": true, ""category"": ""multi_column""}, {""id"": ""02943986dff2d4a84b7c2dd81abfc51fceea_page_5.pdf_order_00ce4e6f"", ""type"": ""order"", ""passed"": true, ""category"": ""multi_column""}, {""id"": ""02943986dff2d4a84b7c2dd81abfc51fceea_page_5.pdf_order_46755e50"", ""type"": ""order"", ""passed"": true, ""category"": ""multi_column""}, {""id"": ""02943986dff2d4a84b7c2dd81abfc51fceea_page_5.pdf_order_13f6999c"", ""type"": ""order"", ""passed"": true, ""category"": ""multi_column""}, {""id"": ""auto_baseline"", ""type"": ""baseline"", ""passed"": true, ""category"": ""baseline""}]",,
granite-docling,docs,multi_column__02943986dff2d4a84b7c2dd81abfc51fceea_page_9_pg1,14.434227663875163,1287.0,False,,,,,,,,,,,,False,,multi_column,5.0,5.0,"[{""id"": ""02943986dff2d4a84b7c2dd81abfc51fceea_page_9.pdf_order_babd8e0e"", ""type"": ""order"", ""passed"": true, ""category"": ""multi_column""}, {""id"": ""02943986dff2d4a84b7c2dd81abfc51fceea_page_9.pdf_order_2e6f0ead"", ""type"": ""order"", ""passed"": true, ""category"": ""multi_column""}, {""id"": ""02943986dff2d4a84b7c2dd81abfc51fceea_page_9.pdf_order_7e60c895"", ""type"": ""order"", ""passed"": true, ""category"": ""multi_column""}, {""id"": ""02943986dff2d4a84b7c2dd81abfc51fceea_page_9.pdf_order_81a40b7f"", ""type"": ""order"", ""passed"": true, ""category"": ""multi_column""}, {""id"": ""auto_baseline"", ""type"": ""baseline"", ""passed"": true, ""category"": ""baseline""}]",,
granite-docling,docs,multi_column__038650c9dfd95e7495d0c4d301d9dcca735a_page_1_pg1,14.434227663875163,1946.0,False,,,,,,,,,,,,False,,multi_column,5.0,4.0,"[{""id"": ""038650c9dfd95e7495d0c4d301d9dcca735a_page_1.pdf_order_eb32d864"", ""type"": ""order"", ""passed"": true, ""category"": ""multi_column""}, {""id"": ""038650c9dfd95e7495d0c4d301d9dcca735a_page_1.pdf_order_517c20f9"", ""type"": ""order"", ""passed"": true, ""category"": ""multi_column""}, {""id"": ""038650c9dfd95e7495d0c4d301d9dcca735a_page_1.pdf_order_12a7fa3e"", ""type"": ""order"", ""passed"": true, ""category"": ""multi_column""}, {""id"": ""038650c9dfd95e7495d0c4d301d9dcca735a_page_1.pdf_order_cf779f79"", ""type"": ""order"", ""passed"": false, ""category"": ""multi_column""}, {""id"": ""auto_baseline"", ""type"": ""baseline"", ""passed"": true, ""category"": ""baseline""}]",,
granite-docling,docs,multi_column__0845863d27c84b14011e17a388821525e783_page_16_pg1,14.434227663875163,6144.0,False,,,,,,,,,,,,False,,multi_column,4.0,1.0,"[{""id"": ""0845863d27c84b14011e17a388821525e783_page_16.pdf_order_dffceb1b"", ""type"": ""order"", ""passed"": false, ""category"": ""multi_column""}, {""id"": ""0845863d27c84b14011e17a388821525e783_page_16.pdf_order_ac24f586"", ""type"": ""order"", ""passed"": false, ""category"": ""multi_column""}, {""id"": ""0845863d27c84b14011e17a388821525e783_page_16.pdf_order_4bda9b61"", ""type"": ""order"", ""passed"": false, ""category"": ""multi_column""}, {""id"": ""auto_baseline"", ""type"": ""baseline"", ""passed"": true, ""category"": ""baseline""}]",,
granite-docling,docs,old_scans__1,14.434227663875163,6144.0,False,,,,,,,,,,,,False,,old_scans,6.0,1.0,"[{""id"": ""1_680487"", ""type"": ""present"", ""passed"": false, ""category"": ""old_scans""}, {""id"": ""1_126739"", ""type"": ""absent"", ""passed"": false, ""category"": ""old_scans""}, {""id"": ""1_36225"", ""type"": ""present"", ""passed"": false, ""category"": ""old_scans""}, {""id"": ""1_787572"", ""type"": ""order"", ""passed"": false, ""category"": ""old_scans""}, {""id"": ""1_298389"", ""type"": ""order"", ""passed"": false, ""category"": ""old_scans""}, {""id"": ""auto_baseline"", ""type"": ""baseline"", ""passed"": true, ""category"": ""baseline""}]",,
granite-docling,docs,old_scans__21,14.434227663875163,25.0,False,,,,,,,,,,,,False,,old_scans,8.0,2.0,"[{""id"": ""21_398162"", ""type"": ""present"", ""passed"": false, ""category"": ""old_scans""}, {""id"": ""21_382528"", ""type"": ""order"", ""passed"": false, ""category"": ""old_scans""}, {""id"": ""21_229684"", ""type"": ""absent"", ""passed"": true, ""category"": ""old_scans""}, {""id"": ""21_712729"", ""type"": ""present"", ""passed"": false, ""category"": ""old_scans""}, {""id"": ""21_289946"", ""type"": ""present"", ""passed"": false, ""category"": ""old_scans""}, {""id"": ""21_745911"", ""type"": ""present"", ""passed"": false, ""category"": ""old_scans""}, {""id"": ""21_992153"", ""type"": ""order"", ""passed"": false, ""category"": ""old_scans""}, {""id"": ""auto_baseline"", ""type"": ""baseline"", ""passed"": true, ""category"": ""baseline""}]",,
granite-docling,docs,old_scans__23,19.271257543374986,6144.0,False,,,,,,,,,,,,False,,old_scans,6.0,1.0,"[{""id"": ""23_675822"", ""type"": ""present"", ""passed"": false, ""category"": ""old_scans""}, {""id"": ""23_189451"", ""type"": ""order"", ""passed"": false, ""category"": ""old_scans""}, {""id"": ""23_570086"", ""type"": ""absent"", ""passed"": true, ""category"": ""old_scans""}, {""id"": ""23_774544"", ""type"": ""present"", ""passed"": false, ""category"": ""old_scans""}, {""id"": ""23_266702"", ""type"": ""present"", ""passed"": false, ""category"": ""old_scans""}, {""id"": ""auto_baseline"", ""type"": ""baseline"", ""passed"": false, ""category"": ""baseline""}]",,
granite-docling,docs,old_scans__26,19.271257543374986,6144.0,False,,,,,,,,,,,,False,,old_scans,5.0,2.0,"[{""id"": ""26_727870"", ""type"": ""present"", ""passed"": false, ""category"": ""old_scans""}, {""id"": ""26_350035"", ""type"": ""order"", ""passed"": false, ""category"": ""old_scans""}, {""id"": ""26_893794"", ""type"": ""absent"", ""passed"": true, ""category"": ""old_scans""}, {""id"": ""26_815635"", ""type"": ""present"", ""passed"": false, ""category"": ""old_scans""}, {""id"": ""auto_baseline"", ""type"": ""baseline"", ""passed"": true, ""category"": ""baseline""}]",,
granite-docling,docs,old_scans__52,19.271257543374986,25.0,False,,,,,,,,,,,,False,,old_scans,4.0,1.0,"[{""id"": ""52_591542"", ""type"": ""present"", ""passed"": false, ""category"": ""old_scans""}, {""id"": ""52_323921"", ""type"": ""present"", ""passed"": false, ""category"": ""old_scans""}, {""id"": ""52_987017"", ""type"": ""present"", ""passed"": false, ""category"": ""old_scans""}, {""id"": ""auto_baseline"", ""type"": ""baseline"", ""passed"": true, ""category"": ""baseline""}]",,
granite-docling,docs,old_scans__55,19.271257543374986,6144.0,False,,,,,,,,,,,,False,,old_scans,4.0,1.0,"[{""id"": ""55_930782"", ""type"": ""present"", ""passed"": false, ""category"": ""old_scans""}, {""id"": ""55_150814"", ""type"": ""present"", ""passed"": false, ""category"": ""old_scans""}, {""id"": ""55_287312"", ""type"": ""present"", ""passed"": false, ""category"": ""old_scans""}, {""id"": ""auto_baseline"", ""type"": ""baseline"", ""passed"": true, ""category"": ""baseline""}]",,
granite-docling,docs,old_scans__58,19.271257543374986,1295.0,False,,,,,,,,,,,,False,,old_scans,7.0,5.0,"[{""id"": ""58_984036"", ""type"": ""present"", ""passed"": true, ""category"": ""old_scans""}, {""id"": ""58_575492"", ""type"": ""order"", ""passed"": false, ""category"": ""old_scans""}, {""id"": ""58_801952"", ""type"": ""absent"", ""passed"": true, ""category"": ""old_scans""}, {""id"": ""58_775388"", ""type"": ""present"", ""passed"": true, ""category"": ""old_scans""}, {""id"": ""58_733378"", ""type"": ""present"", ""passed"": false, ""category"": ""old_scans""}, {""id"": ""58_220922"", ""type"": ""order"", ""passed"": true, ""category"": ""old_scans""}, {""id"": ""auto_baseline"", ""type"": ""baseline"", ""passed"": true, ""category"": ""baseline""}]",,
granite-docling,docs,old_scans__82,19.271257543374986,6144.0,False,,,,,,,,,,,,True,,old_scans,7.0,0.0,"[{""id"": ""82_617314"", ""type"": ""present"", ""passed"": false, ""category"": ""old_scans""}, {""id"": ""82_781476"", ""type"": ""order"", ""passed"": false, ""category"": ""old_scans""}, {""id"": ""82_578532"", ""type"": ""present"", ""passed"": false, ""category"": ""old_scans""}, {""id"": ""82_73918"", ""type"": ""present"", ""passed"": false, ""category"": ""old_scans""}, {""id"": ""82_794309"", ""type"": ""present"", ""passed"": false, ""category"": ""old_scans""}, {""id"": ""82_338838"", ""type"": ""order"", ""passed"": false, ""category"": ""old_scans""}, {""id"": ""auto_baseline"", ""type"": ""baseline"", ""passed"": false, ""category"": ""baseline""}]",,
granite-docling,docs,old_scans__85,19.271257543374986,6144.0,False,,,,,,,,,,,,False,,old_scans,7.0,1.0,"[{""id"": ""85_204851"", ""type"": ""present"", ""passed"": false, ""category"": ""old_scans""}, {""id"": ""85_81849"", ""type"": ""order"", ""passed"": false, ""category"": ""old_scans""}, {""id"": ""85_633939"", ""type"": ""present"", ""passed"": false, ""category"": ""old_scans""}, {""id"": ""85_81262"", ""type"": ""present"", ""passed"": false, ""category"": ""old_scans""}, {""id"": ""85_718011"", ""type"": ""present"", ""passed"": false, ""category"": ""old_scans""}, {""id"": ""85_913682"", ""type"": ""order"", ""passed"": false, ""category"": ""old_scans""}, {""id"": ""auto_baseline"", ""type"": ""baseline"", ""passed"": true, ""category"": ""baseline""}]",,
granite-docling,docs,old_scans__96,19.271257543374986,6144.0,False,,,,,,,,,,,,False,,old_scans,8.0,0.0,"[{""id"": ""96_686856"", ""type"": ""present"", ""passed"": false, ""category"": ""old_scans""}, {""id"": ""96_324569"", ""type"": ""order"", ""passed"": false, ""category"": ""old_scans""}, {""id"": ""96_489434"", ""type"": ""present"", ""passed"": false, ""category"": ""old_scans""}, {""id"": ""96_341535"", ""type"": ""present"", ""passed"": false, ""category"": ""old_scans""}, {""id"": ""96_984146"", ""type"": ""present"", ""passed"": false, ""category"": ""old_scans""}, {""id"": ""96_798387"", ""type"": ""order"", ""passed"": false, ""category"": ""old_scans""}, {""id"": ""96_991188"", ""type"": ""order"", ""passed"": false, ""category"": ""old_scans""}, {""id"": ""auto_baseline"", ""type"": ""baseline"", ""passed"": false, ""category"": ""baseline""}]",,
granite-docling,docs,tables__2d54e996d1247bd36695d872863eefebd8f8_pg4,8.417513153999835,2259.0,False,,,,,,,,,,,,False,,table_tests,5.0,5.0,"[{""id"": ""2d54e996d1247bd36695d872863eefebd8f8_pg4_table_00"", ""type"": ""table"", ""passed"": true, ""category"": ""table_tests""}, {""id"": ""2d54e996d1247bd36695d872863eefebd8f8_pg4_table_01"", ""type"": ""table"", ""passed"": true, ""category"": ""table_tests""}, {""id"": ""2d54e996d1247bd36695d872863eefebd8f8_pg4_table_02"", ""type"": ""table"", ""passed"": true, ""category"": ""table_tests""}, {""id"": ""2d54e996d1247bd36695d872863eefebd8f8_pg4_table_03"", ""type"": ""table"", ""passed"": true, ""category"": ""table_tests""}, {""id"": ""auto_baseline"", ""type"": ""baseline"", ""passed"": true, ""category"": ""baseline""}]",,
granite-docling,docs,tables__2d932ac96ad0d8ccf81a56bd105fa18fdcbb_pg7,8.417513153999835,401.0,False,,,,,,,,,,,,False,,table_tests,2.0,1.0,"[{""id"": ""2d932ac96ad0d8ccf81a56bd105fa18fdcbb_pg7_table_00"", ""type"": ""table"", ""passed"": false, ""category"": ""table_tests""}, {""id"": ""auto_baseline"", ""type"": ""baseline"", ""passed"": true, ""category"": ""baseline""}]",,
granite-docling,docs,tables__4fafd7de9caa1cf3c0fad313d7bb24b2e685_pg9,8.417513153999835,1096.0,False,,,,,,,,,,,,False,,table_tests,5.0,5.0,"[{""id"": ""4fafd7de9caa1cf3c0fad313d7bb24b2e685_pg9_table_00"", ""type"": ""table"", ""passed"": true, ""category"": ""table_tests""}, {""id"": ""4fafd7de9caa1cf3c0fad313d7bb24b2e685_pg9_table_01"", ""type"": ""table"", ""passed"": true, ""category"": ""table_tests""}, {""id"": ""4fafd7de9caa1cf3c0fad313d7bb24b2e685_pg9_table_02"", ""type"": ""table"", ""passed"": true, ""category"": ""table_tests""}, {""id"": ""4fafd7de9caa1cf3c0fad313d7bb24b2e685_pg9_table_03"", ""type"": ""table"", ""passed"": true, ""category"": ""table_tests""}, {""id"": ""auto_baseline"", ""type"": ""baseline"", ""passed"": true, ""category"": ""baseline""}]",,
granite-docling,docs,tables__529eeb84602e4fba7df7a4b127af6c830f97_pg12,8.417513153999835,781.0,False,,,,,,,,,,,,False,,table_tests,4.0,2.0,"[{""id"": ""529eeb84602e4fba7df7a4b127af6c830f97_pg12_table_00"", ""type"": ""table"", ""passed"": false, ""category"": ""table_tests""}, {""id"": ""529eeb84602e4fba7df7a4b127af6c830f97_pg12_table_01"", ""type"": ""table"", ""passed"": false, ""category"": ""table_tests""}, {""id"": ""529eeb84602e4fba7df7a4b127af6c830f97_pg12_table_04"", ""type"": ""table"", ""passed"": true, ""category"": ""table_tests""}, {""id"": ""auto_baseline"", ""type"": ""baseline"", ""passed"": true, ""category"": ""baseline""}]",,
granite-docling,docs,tables__a70c1fc81feccfd878dabffd3dc5617b584c_pg5,8.417513153999835,938.0,False,,,,,,,,,,,,False,,table_tests,6.0,6.0,"[{""id"": ""a70c1fc81feccfd878dabffd3dc5617b584c_pg5_table_00"", ""type"": ""table"", ""passed"": true, ""category"": ""table_tests""}, {""id"": ""a70c1fc81feccfd878dabffd3dc5617b584c_pg5_table_01"", ""type"": ""table"", ""passed"": true, ""category"": ""table_tests""}, {""id"": ""a70c1fc81feccfd878dabffd3dc5617b584c_pg5_table_02"", ""type"": ""table"", ""passed"": true, ""category"": ""table_tests""}, {""id"": ""a70c1fc81feccfd878dabffd3dc5617b584c_pg5_table_03"", ""type"": ""table"", ""passed"": true, ""category"": ""table_tests""}, {""id"": ""a70c1fc81feccfd878dabffd3dc5617b584c_pg5_table_04"", ""type"": ""table"", ""passed"": true, ""category"": ""table_tests""}, {""id"": ""auto_baseline"", ""type"": ""baseline"", ""passed"": true, ""category"": ""baseline""}]",,
granite-docling,docs,tables__b2a4c508f7839c1fbd2bb29a0d56c46bc00e_pg13_pg1,8.417513153999835,1293.0,False,,,,,,,,,,,,False,,table_tests,11.0,6.0,"[{""id"": ""b2a4c508f7839c1fbd2bb29a0d56c46bc00e_pg13_table_00"", ""type"": ""table"", ""passed"": false, ""category"": ""table_tests""}, {""id"": ""b2a4c508f7839c1fbd2bb29a0d56c46bc00e_pg13_table_01"", ""type"": ""table"", ""passed"": true, ""category"": ""table_tests""}, {""id"": ""b2a4c508f7839c1fbd2bb29a0d56c46bc00e_pg13_table_02"", ""type"": ""table"", ""passed"": false, ""category"": ""table_tests""}, {""id"": ""b2a4c508f7839c1fbd2bb29a0d56c46bc00e_pg13_table_03"", ""type"": ""table"", ""passed"": false, ""category"": ""table_tests""}, {""id"": ""b2a4c508f7839c1fbd2bb29a0d56c46bc00e_pg13_table_04"", ""type"": ""table"", ""passed"": false, ""category"": ""table_tests""}, {""id"": ""b2a4c508f7839c1fbd2bb29a0d56c46bc00e_pg13_table_05"", ""type"": ""table"", ""passed"": true, ""category"": ""table_tests""}, {""id"": ""b2a4c508f7839c1fbd2bb29a0d56c46bc00e_pg13_table_06"", ""type"": ""table"", ""passed"": true, ""category"": ""table_tests""}, {""id"": ""b2a4c508f7839c1fbd2bb29a0d56c46bc00e_pg13_table_07"", ""type"": ""table"", ""passed"": false, ""category"": ""table_tests""}, {""id"": ""b2a4c508f7839c1fbd2bb29a0d56c46bc00e_pg13_table_08"", ""type"": ""table"", ""passed"": true, ""category"": ""table_tests""}, {""id"": ""b2a4c508f7839c1fbd2bb29a0d56c46bc00e_pg13_table_09"", ""type"": ""table"", ""passed"": true, ""category"": ""table_tests""}, {""id"": ""auto_baseline"", ""type"": ""baseline"", ""passed"": true, ""category"": ""baseline""}]",,
granite-docling,docs,tables__b45c138c634308a84b8b2e67997bef8aa70b_pg15,8.417513153999835,6144.0,False,,,,,,,,,,,,True,,table_tests,6.0,0.0,"[{""id"": ""b45c138c634308a84b8b2e67997bef8aa70b_pg15_table_00"", ""type"": ""table"", ""passed"": false, ""category"": ""table_tests""}, {""id"": ""b45c138c634308a84b8b2e67997bef8aa70b_pg15_table_01"", ""type"": ""table"", ""passed"": false, ""category"": ""table_tests""}, {""id"": ""b45c138c634308a84b8b2e67997bef8aa70b_pg15_table_02"", ""type"": ""table"", ""passed"": false, ""category"": ""table_tests""}, {""id"": ""b45c138c634308a84b8b2e67997bef8aa70b_pg15_table_03"", ""type"": ""table"", ""passed"": false, ""category"": ""table_tests""}, {""id"": ""b45c138c634308a84b8b2e67997bef8aa70b_pg15_table_04"", ""type"": ""table"", ""passed"": false, ""category"": ""table_tests""}, {""id"": ""auto_baseline"", ""type"": ""baseline"", ""passed"": false, ""category"": ""baseline""}]",,
granite-docling,docs,tables__b5d9db350b31304da912832bcbafc47b64d8_pg2_pg1,8.417513153999835,1763.0,False,,,,,,,,,,,,False,,table_tests,6.0,1.0,"[{""id"": ""b5d9db350b31304da912832bcbafc47b64d8_pg2_table_00"", ""type"": ""table"", ""passed"": false, ""category"": ""table_tests""}, {""id"": ""b5d9db350b31304da912832bcbafc47b64d8_pg2_table_01"", ""type"": ""table"", ""passed"": false, ""category"": ""table_tests""}, {""id"": ""b5d9db350b31304da912832bcbafc47b64d8_pg2_table_02"", ""type"": ""table"", ""passed"": false, ""category"": ""table_tests""}, {""id"": ""b5d9db350b31304da912832bcbafc47b64d8_pg2_table_03"", ""type"": ""table"", ""passed"": false, ""category"": ""table_tests""}, {""id"": ""b5d9db350b31304da912832bcbafc47b64d8_pg2_table_04"", ""type"": ""table"", ""passed"": false, ""category"": ""table_tests""}, {""id"": ""auto_baseline"", ""type"": ""baseline"", ""passed"": true, ""category"": ""baseline""}]",,
granite-docling,docs,tables__b773892dc3e755672b9e085e9eeb8ad18690_pg1_pg1,4.993446825000319,557.0,False,,,,,,,,,,,,False,,table_tests,6.0,1.0,"[{""id"": ""b773892dc3e755672b9e085e9eeb8ad18690_pg1_table_00"", ""type"": ""table"", ""passed"": false, ""category"": ""table_tests""}, {""id"": ""b773892dc3e755672b9e085e9eeb8ad18690_pg1_table_01"", ""type"": ""table"", ""passed"": false, ""category"": ""table_tests""}, {""id"": ""b773892dc3e755672b9e085e9eeb8ad18690_pg1_table_02"", ""type"": ""table"", ""passed"": false, ""category"": ""table_tests""}, {""id"": ""b773892dc3e755672b9e085e9eeb8ad18690_pg1_table_03"", ""type"": ""table"", ""passed"": false, ""category"": ""table_tests""}, {""id"": ""b773892dc3e755672b9e085e9eeb8ad18690_pg1_table_04"", ""type"": ""table"", ""passed"": false, ""category"": ""table_tests""}, {""id"": ""auto_baseline"", ""type"": ""baseline"", ""passed"": true, ""category"": ""baseline""}]",,
granite-docling,docs,tables__fd6cb6dfe3a918390855052669d9a194231a_pg3,4.993446825000319,1261.0,False,,,,,,,,,,,,False,,table_tests,6.0,6.0,"[{""id"": ""fd6cb6dfe3a918390855052669d9a194231a_pg3_table_00"", ""type"": ""table"", ""passed"": true, ""category"": ""table_tests""}, {""id"": ""fd6cb6dfe3a918390855052669d9a194231a_pg3_table_01"", ""type"": ""table"", ""passed"": true, ""category"": ""table_tests""}, {""id"": ""fd6cb6dfe3a918390855052669d9a194231a_pg3_table_02"", ""type"": ""table"", ""passed"": true, ""category"": ""table_tests""}, {""id"": ""fd6cb6dfe3a918390855052669d9a194231a_pg3_table_03"", ""type"": ""table"", ""passed"": true, ""category"": ""table_tests""}, {""id"": ""fd6cb6dfe3a918390855052669d9a194231a_pg3_table_04"", ""type"": ""table"", ""passed"": true, ""category"": ""table_tests""}, {""id"": ""auto_baseline"", ""type"": ""baseline"", ""passed"": true, ""category"": ""baseline""}]",,
granite-docling,handwriting,iam_00023,0.0756412438749976,10.0,False,,,1.0,1.0,1.0,40.0,40.0,0.0,0.0,0.0,0.0,True,False,,,,,,
granite-docling,handwriting,iam_00030,0.0756412438749976,15.0,False,,,1.0,1.0,1.0,55.0,55.0,0.0,0.0,0.0,0.0,True,False,,,,,,
granite-docling,handwriting,iam_00059,0.0756412438749976,10.0,False,,,1.0,1.0,1.0,43.0,43.0,0.0,0.0,0.0,0.0,True,False,,,,,,
granite-docling,handwriting,iam_00064,0.0756412438749976,13.0,False,,,1.0,1.0,1.0,71.0,71.0,0.0,0.0,0.0,0.0,True,False,,,,,,
granite-docling,handwriting,iam_00071,0.0756412438749976,9.0,False,,,1.0,1.0,1.0,39.0,39.0,0.0,0.0,0.0,0.0,True,False,,,,,,
granite-docling,handwriting,iam_00079,0.0756412438749976,9.0,False,,,1.0,1.0,1.0,43.0,43.0,0.0,0.0,0.0,0.0,True,False,,,,,,
granite-docling,handwriting,iam_00126,0.0756412438749976,16.0,False,,,1.0,1.0,1.0,49.0,49.0,0.0,0.0,0.0,0.0,True,False,,,,,,
granite-docling,handwriting,iam_00143,0.0756412438749976,11.0,False,,,1.0,1.0,1.0,39.0,39.0,0.0,0.0,0.0,0.0,True,False,,,,,,
granite-docling,handwriting,iam_00188,0.44315956900004494,13.0,False,,,1.0,1.0,1.0,45.0,45.0,0.0,0.0,0.0,0.0,True,False,,,,,,
granite-docling,handwriting,iam_00258,0.44315956900004494,14.0,False,,,1.0,1.0,1.0,52.0,52.0,0.0,0.0,0.0,0.0,True,False,,,,,,
granite-docling,handwriting,iam_00264,0.44315956900004494,18.0,False,,,1.0,1.0,1.0,59.0,59.0,0.0,0.0,0.0,0.0,True,False,,,,,,
granite-docling,handwriting,iam_00280,0.44315956900004494,16.0,False,,,1.0,1.0,1.0,43.0,43.0,0.0,0.0,0.0,0.0,True,False,,,,,,
granite-docling,handwriting,iam_00289,0.44315956900004494,17.0,False,,,1.0,1.0,1.0,60.0,60.0,0.0,0.0,0.0,0.0,True,False,,,,,,
granite-docling,handwriting,iam_00343,0.44315956900004494,9.0,False,,,1.0,1.0,1.0,51.0,51.0,0.0,0.0,0.0,0.0,True,False,,,,,,
granite-docling,handwriting,iam_00364,0.44315956900004494,8.0,False,,,1.0,1.0,1.0,36.0,36.0,0.0,0.0,0.0,0.0,True,False,,,,,,
granite-docling,handwriting,iam_00371,0.44315956900004494,10.0,False,,,1.0,1.0,1.0,44.0,44.0,0.0,0.0,0.0,0.0,True,False,,,,,,
granite-docling,handwriting,iam_00373,0.47211886274999415,6.0,False,,,1.0,1.0,1.0,32.0,32.0,0.0,0.0,0.0,0.0,True,False,,,,,,
granite-docling,handwriting,iam_00403,0.47211886274999415,7.0,False,,,1.0,1.0,1.0,36.0,36.0,0.0,0.0,0.0,0.0,True,False,,,,,,
granite-docling,handwriting,iam_00468,0.47211886274999415,8.0,False,,,1.0,1.0,1.0,37.0,37.0,0.0,0.0,0.0,0.0,True,False,,,,,,
granite-docling,handwriting,iam_00478,0.47211886274999415,29.0,False,,,0.0,0.0,0.0,0.0,29.0,1.0,1.0,0.0,1.0,False,False,,,,,,
granite-docling,handwriting,iam_00588,0.47211886274999415,10.0,False,,,1.0,1.0,1.0,47.0,47.0,0.0,0.0,0.0,0.0,True,False,,,,,,
granite-docling,handwriting,iam_00608,0.47211886274999415,10.0,False,,,1.0,1.0,1.0,52.0,52.0,0.0,0.0,0.0,0.0,True,False,,,,,,
granite-docling,handwriting,iam_00749,0.47211886274999415,27.0,False,,,0.08333333333333333,0.08333333333333333,0.5,1.0,12.0,0.5,0.5,0.5,1.0,False,False,,,,,,
granite-docling,handwriting,iam_00819,0.47211886274999415,79.0,False,,,1.0,1.0,1.0,43.0,43.0,0.0,0.0,0.0,0.0,True,False,,,,,,
granite-docling,handwriting,iam_00969,0.4540765489998648,10.0,False,,,1.0,1.0,1.0,40.0,40.0,0.0,0.0,0.0,0.0,True,False,,,,,,
granite-docling,handwriting,iam_01020,0.4540765489998648,10.0,False,,,1.0,1.0,1.0,35.0,35.0,0.0,0.0,0.0,0.0,True,False,,,,,,
granite-docling,handwriting,iam_01023,0.4540765489998648,9.0,False,,,1.0,1.0,1.0,47.0,47.0,0.0,0.0,0.0,0.0,True,False,,,,,,
granite-docling,handwriting,iam_01091,0.4540765489998648,13.0,False,,,1.0,1.0,1.0,51.0,51.0,0.0,0.0,0.0,0.0,True,False,,,,,,
granite-docling,handwriting,iam_01104,0.4540765489998648,7.0,False,,,1.0,1.0,1.0,31.0,31.0,0.0,0.0,0.0,0.0,True,False,,,,,,
granite-docling,handwriting,iam_01238,0.4540765489998648,9.0,False,,,1.0,1.0,1.0,40.0,40.0,0.0,0.0,0.0,0.0,True,False,,,,,,
granite-docling,handwriting,iam_01366,0.4540765489998648,11.0,False,,,1.0,1.0,1.0,47.0,47.0,0.0,0.0,0.0,0.0,True,False,,,,,,
granite-docling,handwriting,iam_01417,0.4540765489998648,15.0,False,,,1.0,1.0,1.0,53.0,53.0,0.0,0.0,0.0,0.0,True,False,,,,,,
granite-docling,handwriting,iam_01452,0.537362061875001,11.0,False,,,1.0,1.0,1.0,51.0,51.0,0.0,0.0,0.0,0.0,True,False,,,,,,
granite-docling,handwriting,iam_01455,0.537362061875001,25.0,False,,,3.6,3.6,4.0,18.0,5.0,0.0,0.0,1.0,4.0,False,False,,,,,,
granite-docling,handwriting,iam_01805,0.537362061875001,9.0,False,,,1.0,1.0,1.0,38.0,38.0,0.0,0.0,0.0,0.0,True,False,,,,,,
granite-docling,handwriting,iam_01857,0.537362061875001,11.0,False,,,1.0,1.0,1.0,37.0,37.0,0.0,0.0,0.0,0.0,True,False,,,,,,
granite-docling,handwriting,iam_01898,0.537362061875001,55.0,False,,,0.1,0.1,0.3,5.0,50.0,0.9,0.9,0.1,0.96,False,False,,,,,,
granite-docling,handwriting,iam_01908,0.537362061875001,14.0,False,,,1.0,1.0,1.0,53.0,53.0,0.0,0.0,0.0,0.0,True,False,,,,,,
granite-docling,handwriting,iam_01970,0.537362061875001,7.0,False,,,1.0,1.0,1.0,40.0,40.0,0.0,0.0,0.0,0.0,True,False,,,,,,
granite-docling,handwriting,iam_01983,0.537362061875001,12.0,False,,,1.0,1.0,1.0,46.0,46.0,0.0,0.0,0.0,0.0,True,False,,,,,,
granite-docling,handwriting,iam_01993,0.4335444114999518,10.0,False,,,1.0,1.0,1.0,46.0,46.0,0.0,0.0,0.0,0.0,True,False,,,,,,
granite-docling,handwriting,iam_02060,0.4335444114999518,13.0,False,,,1.0,1.0,1.0,49.0,49.0,0.0,0.0,0.0,0.0,True,False,,,,,,
granite-docling,handwriting,iam_02081,0.4335444114999518,15.0,False,,,1.0,1.0,1.0,45.0,45.0,0.0,0.0,0.0,0.0,True,False,,,,,,
granite-docling,handwriting,iam_02109,0.4335444114999518,12.0,False,,,1.0,1.0,1.0,43.0,43.0,0.0,0.0,0.0,0.0,True,False,,,,,,
granite-docling,handwriting,iam_02171,0.4335444114999518,8.0,False,,,1.0,1.0,1.0,40.0,40.0,0.0,0.0,0.0,0.0,True,False,,,,,,
granite-docling,handwriting,iam_02216,0.4335444114999518,11.0,False,,,1.0,1.0,1.0,41.0,41.0,0.0,0.0,0.0,0.0,True,False,,,,,,
granite-docling,handwriting,iam_02279,0.4335444114999518,19.0,False,,,1.0,1.0,1.0,49.0,49.0,0.0,0.0,0.0,0.0,True,False,,,,,,
granite-docling,handwriting,iam_02371,0.4335444114999518,7.0,False,,,1.0,1.0,1.0,22.0,22.0,0.0,0.0,0.0,0.0,True,False,,,,,,
granite-docling,handwriting,iam_02384,0.4309114887500982,12.0,False,,,1.0,1.0,1.0,39.0,39.0,0.0,0.0,0.0,0.0,True,False,,,,,,
granite-docling,handwriting,iam_02463,0.4309114887500982,13.0,False,,,1.0,1.0,1.0,40.0,40.0,0.0,0.0,0.0,0.0,True,False,,,,,,
granite-docling,handwriting,iam_02522,0.4309114887500982,13.0,False,,,1.0,1.0,1.0,49.0,49.0,0.0,0.0,0.0,0.0,True,False,,,,,,
granite-docling,handwriting,iam_02552,0.4309114887500982,13.0,False,,,1.0,1.0,1.0,41.0,41.0,0.0,0.0,0.0,0.0,True,False,,,,,,
granite-docling,handwriting,iam_02640,0.4309114887500982,15.0,False,,,1.0,1.0,1.0,49.0,49.0,0.0,0.0,0.0,0.0,True,False,,,,,,
granite-docling,handwriting,iam_02655,0.4309114887500982,18.0,False,,,1.0,1.0,1.0,51.0,51.0,0.0,0.0,0.0,0.0,True,False,,,,,,
granite-docling,handwriting,iam_02684,0.4309114887500982,16.0,False,,,1.0,1.0,1.0,57.0,57.0,0.0,0.0,0.0,0.0,True,False,,,,,,
granite-docling,handwriting,iam_02725,0.4309114887500982,12.0,False,,,1.0,1.0,1.0,57.0,57.0,0.0,0.0,0.0,0.0,True,False,,,,,,
granite-docling,handwriting,iam_02733,0.4336850919999051,8.0,False,,,1.0,1.0,1.0,39.0,39.0,0.0,0.0,0.0,0.0,True,False,,,,,,
granite-docling,handwriting,iam_02750,0.4336850919999051,12.0,False,,,1.0,1.0,1.0,40.0,40.0,0.0,0.0,0.0,0.0,True,False,,,,,,
granite-docling,handwriting,iam_02765,0.4336850919999051,14.0,False,,,1.0,1.0,1.0,38.0,38.0,0.0,0.0,0.0,0.0,True,False,,,,,,
granite-docling,handwriting,iam_02838,0.4336850919999051,8.0,False,,,1.0,1.0,1.0,27.0,27.0,0.0,0.0,0.0,0.0,True,False,,,,,,
granite-docling,stress,syn000_prose__clean,1.8687763054999778,669.0,False,,,0.0004576659038901602,0.00045829514207149406,0.002570694087403599,1.0,2182.0,0.9974811083123426,0.9974811083123426,0.0025188916876574307,1.0,False,False,,,,,prose,clean
granite-docling,stress,syn000_prose__dpi150,1.8687763054999778,669.0,False,,,0.0004576659038901602,0.00045829514207149406,0.002570694087403599,1.0,2182.0,0.9974811083123426,0.9974811083123426,0.0025188916876574307,1.0,False,False,,,,,prose,dpi150
granite-docling,stress,syn000_prose__dpi75,1.8687763054999778,670.0,False,,,0.0,0.0,0.0,0.0,2182.0,1.0,1.0,0.0,1.0,False,False,,,,,prose,dpi75
granite-docling,stress,syn000_prose__blur,1.8687763054999778,665.0,False,,,0.004118993135011442,0.0032080659945004585,0.017994858611825194,7.0,2182.0,0.9974811083123426,0.9974811083123426,0.0025188916876574307,0.997250229147571,False,False,,,,,prose,blur
granite-docling,stress,syn000_prose__noise,1.8687763054999778,668.0,False,,,0.0018306636155606408,0.0018331805682859762,0.010282776349614395,4.0,2182.0,1.0,1.0,0.0,0.998166819431714,False,False,,,,,prose,noise
granite-docling,stress,syn000_prose__rotate3,1.8687763054999778,814.0,False,,,0.0013729977116704805,0.001374885426214482,0.005141388174807198,3.0,2182.0,0.9974811083123426,0.9974811083123426,0.0025188916876574307,1.000916590284143,False,False,,,,,prose,rotate3
granite-docling,stress,syn000_prose__rotate8,1.8687763054999778,568.0,False,,,0.23752860411899313,0.23648029330889092,0.2570694087403599,516.0,2182.0,0.7934508816120907,0.9905660377358491,0.009433962264150943,0.8029330889092575,False,False,,,,,prose,rotate8
granite-docling,stress,syn000_prose__jpeg_q10,1.8687763054999778,669.0,False,,,0.0013729977116704805,0.001374885426214482,0.007712082262210797,3.0,2182.0,0.9949622166246851,0.9974747474747475,0.0025252525252525255,0.9995417048579285,False,False,,,,,prose,jpeg_q10
granite-docling,stress,syn000_prose__low_contrast,3.069495277750093,669.0,False,,,0.0004576659038901602,0.00045829514207149406,0.002570694087403599,1.0,2182.0,0.9974811083123426,0.9974811083123426,0.0025188916876574307,1.0,False,False,,,,,prose,low_contrast
granite-docling,stress,syn000_prose__photocopy,3.069495277750093,669.0,False,,,0.003203661327231121,0.0032080659945004585,0.015424164524421594,7.0,2182.0,0.9924433249370277,0.9924433249370277,0.007556675062972292,0.9995417048579285,False,False,,,,,prose,photocopy
granite-docling,stress,syn000_prose__phone_photo,3.069495277750093,746.0,False,,,0.10389016018306636,0.10357470210815765,0.02056555269922879,226.0,2182.0,1.0,0.8841870824053452,0.11581291759465479,1.1035747021081577,False,False,,,,,prose,phone_photo
granite-docling,stress,syn001_two_column__clean,3.069495277750093,581.0,False,,,0.0,0.0,0.0,0.0,2056.0,1.0,1.0,0.0,1.0,False,False,,,,,two_column,clean
granite-docling,stress,syn001_two_column__dpi150,3.069495277750093,581.0,False,,,0.0,0.0,0.0,0.0,2056.0,1.0,1.0,0.0,1.0,False,False,,,,,two_column,dpi150
granite-docling,stress,syn001_two_column__dpi75,3.069495277750093,581.0,False,,,0.0,0.0,0.0,0.0,2056.0,1.0,1.0,0.0,1.0,False,False,,,,,two_column,dpi75
granite-docling,stress,syn001_two_column__blur,3.069495277750093,255.0,False,,,0.5204280155642024,0.5204280155642024,0.5201072386058981,1070.0,2056.0,0.47733333333333333,1.0,0.0,0.4795719844357977,False,False,,,,,two_column,blur
granite-docling,stress,syn001_two_column__noise,3.069495277750093,581.0,False,,,0.0,0.0,0.0,0.0,2056.0,1.0,1.0,0.0,1.0,False,False,,,,,two_column,noise
granite-docling,stress,syn001_two_column__rotate3,7.767785804624964,6144.0,False,,,0.5209143968871596,0.5209143968871596,0.5227882037533512,1071.0,2056.0,0.4746666666666667,0.994413407821229,0.00558659217877095,0.4790856031128405,False,True,,,,,two_column,rotate3
granite-docling,stress,syn001_two_column__rotate8,7.767785804624964,504.0,False,,,0.18968871595330739,0.18968871595330739,0.19571045576407506,390.0,2056.0,0.824,1.0,0.0,0.8200389105058365,False,False,,,,,two_column,rotate8
granite-docling,stress,syn001_two_column__jpeg_q10,7.767785804624964,581.0,False,,,0.00048638132295719845,0.00048638132295719845,0.002680965147453083,1.0,2056.0,1.0,1.0,0.0,1.0,False,False,,,,,two_column,jpeg_q10
granite-docling,stress,syn001_two_column__low_contrast,7.767785804624964,581.0,False,,,0.0,0.0,0.0,0.0,2056.0,1.0,1.0,0.0,1.0,False,False,,,,,two_column,low_contrast
granite-docling,stress,syn001_two_column__photocopy,7.767785804624964,581.0,False,,,0.00048638132295719845,0.00048638132295719845,0.002680965147453083,1.0,2056.0,1.0,1.0,0.0,1.0,False,False,,,,,two_column,photocopy
granite-docling,stress,syn001_two_column__phone_photo,7.767785804624964,598.0,False,,,0.007295719844357977,0.007295719844357977,0.005361930294906166,15.0,2056.0,0.9946666666666667,1.0,0.0,0.992704280155642,False,False,,,,,two_column,phone_photo
granite-docling,stress,syn002_table__clean,7.767785804624964,244.0,False,,,0.0,0.0,0.0,0.0,426.0,1.0,1.0,0.0,1.0,False,False,,,,,table,clean
granite-docling,stress,syn002_table__dpi150,7.767785804624964,52.0,False,,,0.903755868544601,0.903755868544601,0.9076923076923077,385.0,426.0,0.06666666666666667,1.0,0.0,0.09624413145539906,False,False,,,,,table,dpi150
granite-docling,stress,syn002_table__dpi75,2.2811606087500422,244.0,False,,,0.0,0.0,0.0,0.0,426.0,1.0,1.0,0.0,1.0,False,False,,,,,table,dpi75
granite-docling,stress,syn002_table__blur,2.2811606087500422,244.0,False,,,0.007042253521126761,0.007042253521126761,0.046153846153846156,3.0,426.0,0.9888888888888889,0.9888888888888889,0.011111111111111112,1.0,False,False,,,,,table,blur
granite-docling,stress,syn002_table__noise,2.2811606087500422,244.0,False,,,0.0,0.0,0.0,0.0,426.0,1.0,1.0,0.0,1.0,False,False,,,,,table,noise
granite-docling,stress,syn002_table__rotate3,2.2811606087500422,23.0,False,,,1.0,1.0,1.0,426.0,426.0,0.0,0.0,0.0,0.0,True,False,,,,,table,rotate3
granite-docling,stress,syn002_table__rotate8,2.2811606087500422,191.0,False,,,0.2535211267605634,0.2535211267605634,0.38461538461538464,108.0,426.0,0.7222222222222222,0.9558823529411765,0.04411764705882353,0.8262910798122066,False,False,,,,,table,rotate8
granite-docling,stress,syn002_table__jpeg_q10,2.2811606087500422,244.0,False,,,0.0,0.0,0.0,0.0,426.0,1.0,1.0,0.0,1.0,False,False,,,,,table,jpeg_q10
granite-docling,stress,syn002_table__low_contrast,2.2811606087500422,244.0,False,,,0.0,0.0,0.0,0.0,426.0,1.0,1.0,0.0,1.0,False,False,,,,,table,low_contrast
granite-docling,stress,syn002_table__photocopy,2.2811606087500422,215.0,False,,,0.09859154929577464,0.09859154929577464,0.09230769230769231,42.0,426.0,0.9333333333333333,1.0,0.0,0.9014084507042254,False,False,,,,,table,photocopy
granite-docling,stress,syn002_table__phone_photo,2.7300382880000598,222.0,False,,,0.09859154929577464,0.09859154929577464,0.09230769230769231,42.0,426.0,0.9333333333333333,1.0,0.0,0.9014084507042254,False,False,,,,,table,phone_photo
granite-docling,stress,syn003_invoice__clean,2.7300382880000598,283.0,False,,,0.5637149028077754,0.5637149028077754,0.5909090909090909,261.0,463.0,0.40217391304347827,0.9736842105263158,0.02631578947368421,0.43628509719222464,False,False,,,,,invoice,clean
granite-docling,stress,syn003_invoice__dpi150,2.7300382880000598,283.0,False,,,0.5637149028077754,0.5637149028077754,0.5909090909090909,261.0,463.0,0.40217391304347827,0.9736842105263158,0.02631578947368421,0.43628509719222464,False,False,,,,,invoice,dpi150
granite-docling,stress,syn003_invoice__dpi75,2.7300382880000598,283.0,False,,,0.5637149028077754,0.5637149028077754,0.5909090909090909,261.0,463.0,0.40217391304347827,0.9736842105263158,0.02631578947368421,0.43628509719222464,False,False,,,,,invoice,dpi75
granite-docling,stress,syn003_invoice__blur,2.7300382880000598,714.0,False,,,0.31533477321814257,0.31533477321814257,0.4090909090909091,146.0,463.0,0.6195652173913043,0.8507462686567164,0.14925373134328357,0.8401727861771058,False,False,,,,,invoice,blur
granite-docling,stress,syn003_invoice__noise,2.7300382880000598,403.0,False,,,0.0021598272138228943,0.0021598272138228943,0.015151515151515152,1.0,463.0,0.9891304347826086,0.9891304347826086,0.010869565217391304,0.9978401727861771,False,False,,,,,invoice,noise
granite-docling,stress,syn003_invoice__rotate3,2.7300382880000598,284.0,False,,,0.5615550755939525,0.5615550755939525,0.5757575757575758,260.0,463.0,0.41304347826086957,1.0,0.0,0.43844492440604754,False,False,,,,,invoice,rotate3
granite-docling,stress,syn003_invoice__rotate8,2.7300382880000598,378.0,False,,,0.15334773218142547,0.15334773218142547,0.22727272727272727,71.0,463.0,0.8586956521739131,0.9875,0.0125,0.9114470842332614,False,False,,,,,invoice,rotate8
granite-docling,stress,syn003_invoice__jpeg_q10,2.6897969337499035,283.0,False,,,0.5637149028077754,0.5637149028077754,0.5909090909090909,261.0,463.0,0.40217391304347827,0.9736842105263158,0.02631578947368421,0.43844492440604754,False,False,,,,,invoice,jpeg_q10
granite-docling,stress,syn003_invoice__low_contrast,2.6897969337499035,403.0,False,,,0.0021598272138228943,0.0021598272138228943,0.015151515151515152,1.0,463.0,0.9891304347826086,0.9891304347826086,0.010869565217391304,0.9978401727861771,False,False,,,,,invoice,low_contrast
granite-docling,stress,syn003_invoice__photocopy,2.6897969337499035,403.0,False,,,0.004319654427645789,0.0021598272138228943,0.015151515151515152,1.0,463.0,0.9891304347826086,0.9891304347826086,0.010869565217391304,1.0,False,False,,,,,invoice,photocopy
granite-docling,stress,syn003_invoice__phone_photo,2.6897969337499035,269.0,False,,,0.3542116630669546,0.3542116630669546,0.3333333333333333,164.0,463.0,0.7391304347826086,0.9444444444444444,0.05555555555555555,0.7321814254859611,False,False,,,,,invoice,phone_photo
granite-docling,stress,syn004_prose__clean,2.6897969337499035,666.0,False,,,0.0,0.0,0.0,0.0,2242.0,1.0,1.0,0.0,1.0,False,False,,,,,prose,clean
granite-docling,stress,syn004_prose__dpi150,2.6897969337499035,668.0,False,,,0.00044603033006244426,0.00044603033006244426,0.0025575447570332483,1.0,2242.0,0.9974619289340102,0.9974619289340102,0.0025380710659898475,1.0,False,False,,,,,prose,dpi150
granite-docling,stress,syn004_prose__dpi75,2.6897969337499035,666.0,False,,,0.0,0.0,0.0,0.0,2242.0,1.0,1.0,0.0,1.0,False,False,,,,,prose,dpi75
granite-docling,stress,syn004_prose__blur,2.6897969337499035,668.0,False,,,0.00044603033006244426,0.00044603033006244426,0.0025575447570332483,1.0,2242.0,0.9974619289340102,0.9974619289340102,0.0025380710659898475,1.0,False,False,,,,,prose,blur
granite-docling,stress,syn004_prose__noise,9.118040450428452,666.0,False,,,0.0,0.0,0.0,0.0,2242.0,1.0,1.0,0.0,1.0,False,False,,,,,prose,noise
granite-docling,stress,syn004_prose__rotate3,9.118040450428452,6144.0,False,,,0.7426404995539697,0.7426404995539697,0.7595907928388747,1665.0,2242.0,0.24111675126903553,1.0,0.0,0.25735950044603034,False,True,,,,,prose,rotate3
granite-docling,stress,syn004_prose__rotate8,9.118040450428452,686.0,False,,,0.2047279214986619,0.2047279214986619,0.23785166240409208,459.0,2242.0,0.9568527918781726,0.952020202020202,0.047979797979797977,0.9955396966993756,False,False,,,,,prose,rotate8
granite-docling,stress,syn004_prose__jpeg_q10,9.118040450428452,666.0,False,,,0.0,0.0,0.0,0.0,2242.0,1.0,1.0,0.0,1.0,False,False,,,,,prose,jpeg_q10
granite-docling,stress,syn004_prose__low_contrast,9.118040450428452,666.0,False,,,0.0,0.0,0.0,0.0,2242.0,1.0,1.0,0.0,1.0,False,False,,,,,prose,low_contrast
granite-docling,stress,syn004_prose__photocopy,9.118040450428452,668.0,False,,,0.00044603033006244426,0.00044603033006244426,0.0025575447570332483,1.0,2242.0,0.9974619289340102,0.9974619289340102,0.0025380710659898475,1.0,False,False,,,,,prose,photocopy
granite-docling,stress,syn004_prose__phone_photo,9.118040450428452,747.0,False,,,0.10124888492417485,0.10124888492417485,0.12531969309462915,227.0,2242.0,0.9644670050761421,0.9644670050761421,0.03553299492385787,1.0,False,False,,,,,prose,phone_photo
ocrmypdf,books,birdsofgreatbrit02butl_0093_full,4.065627244062497,,False,birdsofgreatbrit02butl,en,0.014423076923076924,0.006538796861377506,0.026954177897574125,15.0,2294.0,0.9870466321243523,0.9844961240310077,0.015503875968992248,1.001743679163034,False,False,,,,,,
ocrmypdf,books,birdsofgreatbrit02butl_0126_full,4.065627244062497,,False,birdsofgreatbrit02butl,en,0.015856236786469344,0.005985915492957746,0.021691973969631236,17.0,2840.0,0.9818548387096774,0.9818548387096774,0.018145161290322582,1.0007042253521128,False,False,,,,,,
ocrmypdf,books,birdsofgreatbrit02butl_0156_full,4.065627244062497,,False,birdsofgreatbrit02butl,en,0.02043010752688172,0.009625668449197862,0.02631578947368421,18.0,1870.0,0.9807692307692307,0.9745222929936306,0.025477707006369428,1.0037433155080213,False,False,,,,,,
ocrmypdf,books,birdsofgreatbrit02butl_0159_full,4.065627244062497,,False,birdsofgreatbrit02butl,en,0.012807199723087574,0.006558508802209182,0.023166023166023165,19.0,2897.0,0.9887640449438202,0.9887640449438202,0.011235955056179775,0.9993096306523991,False,False,,,,,,
ocrmypdf,books,birdsofgreatbrit02butl_0172_full,4.065627244062497,,False,birdsofgreatbrit02butl,en,0.01836605446485117,0.0028284098051539913,0.008620689655172414,9.0,3182.0,0.9915254237288136,0.9915254237288136,0.00847457627118644,1.0,False,False,,,,,,
ocrmypdf,books,birdsofgreatbrit02butl_0308_full,4.065627244062497,,False,birdsofgreatbrit02butl,en,0.007671232876712329,0.0016429353778751369,0.006097560975609756,3.0,1826.0,0.9940652818991098,0.9940652818991098,0.005934718100890208,0.9994523548740416,False,False,,,,,,
ocrmypdf,books,birdsofgreatbrit02butl_0312_full,4.065627244062497,,False,birdsofgreatbrit02butl,en,0.011194029850746268,0.009319664492078284,0.02247191011235955,10.0,1073.0,0.9725274725274725,0.9672131147540983,0.03278688524590164,1.0,False,False,,,,,,
ocrmypdf,books,birdsofgreatbrit02butl_0320_full,4.065627244062497,,False,birdsofgreatbrit02butl,en,0.005917159763313609,0.0031847133757961785,0.019178082191780823,7.0,2198.0,0.9895833333333334,0.987012987012987,0.012987012987012988,1.0009099181073704,False,False,,,,,,
ocrmypdf,books,birdsofgreatbrit02butl_0328_full,4.065627244062497,,False,birdsofgreatbrit02butl,en,0.07550077041602465,0.0724191063174114,0.3263157894736842,47.0,649.0,0.8679245283018868,0.8,0.2,1.0354391371340523,False,False,,,,,,
ocrmypdf,books,conchologiaiconi05reev_0039_full,4.065627244062497,,False,conchologiaiconi05reev,en,0.04631043256997455,0.03615071283095723,0.1190893169877408,142.0,3928.0,0.8957264957264958,0.8957264957264958,0.10427350427350428,1.0010183299389002,False,False,,,,,,
ocrmypdf,books,conchologiaiconi05reev_0127_full,4.065627244062497,,False,conchologiaiconi05reev,en,0.08310860505025741,0.07211420132906719,0.20463320463320464,293.0,4063.0,0.8438661710037175,0.8438661710037175,0.15613382899628253,1.0007383706620723,False,False,,,,,,
ocrmypdf,books,conchologiaiconi05reev_0200_full,4.065627244062497,,False,conchologiaiconi05reev,en,0.08431219002871312,0.07364544976328248,0.17693836978131214,280.0,3802.0,0.8659003831417624,0.8675623800383877,0.1324376199616123,0.9997369805365597,False,False,,,,,,
ocrmypdf,books,conchologiaiconi05reev_0235_full,4.065627244062497,,False,conchologiaiconi05reev,en,0.05486284289276808,0.04414214325374792,0.1826086956521739,159.0,3602.0,0.8389121338912134,0.8389121338912134,0.16108786610878661,0.9994447529150472,False,False,,,,,,
ocrmypdf,books,conchologiaiconi05reev_0271_full,4.065627244062497,,False,conchologiaiconi05reev,en,0.08092175777063237,0.0664345030806322,0.21428571428571427,248.0,3733.0,0.8194726166328601,0.8145161290322581,0.18548387096774194,1.000803643182427,False,False,,,,,,
ocrmypdf,books,conchologiaiconi05reev_0276_full,4.065627244062497,,False,conchologiaiconi05reev,en,0.10469945355191257,0.09489371027832566,0.1916376306620209,433.0,4563.0,0.8509212730318257,0.8523489932885906,0.1476510067114094,1.0008766162612317,False,False,,,,,,
ocrmypdf,books,conchologiaiconi05reev_0350_full,4.065627244062497,,False,conchologiaiconi05reev,en,0.05308924485125858,0.03858520900321544,0.15932203389830507,84.0,2177.0,0.8509933774834437,0.8509933774834437,0.1490066225165563,1.0004593477262287,False,False,,,,,,
ocrmypdf,books,conchologiaiconi05reev_0354_full,5.412390146125006,,False,conchologiaiconi05reev,en,0.05341579983131853,0.03934794828555368,0.1729957805907173,140.0,3558.0,0.8519269776876268,0.8519269776876268,0.14807302231237324,1.0005621135469365,False,False,,,,,,
ocrmypdf,books,conchologiaiconi05reev_0433_full,5.412390146125006,,False,conchologiaiconi05reev,en,0.07636068237205523,0.06847826086956521,0.18043478260869567,252.0,3680.0,0.8706365503080082,0.8617886178861789,0.13821138211382114,1.0019021739130434,False,False,,,,,,
ocrmypdf,books,daschitinskelett00prel_0011_full,5.412390146125006,,False,daschitinskelett00prel,de,0.0022250476795931343,0.0022335673261008296,0.020737327188940093,7.0,3134.0,0.988399071925754,0.9906976744186047,0.009302325581395349,0.9993618379068283,False,False,,,,,,
ocrmypdf,books,daschitinskelett00prel_0021_full,5.412390146125006,,False,daschitinskelett00prel,de,0.00802900802900803,0.007530511555440145,0.031914893617021274,29.0,3851.0,0.9750889679715302,0.9750889679715302,0.02491103202846975,1.0020773824980524,False,False,,,,,,
ocrmypdf,books,daschitinskelett00prel_0034_full,5.412390146125006,,False,daschitinskelett00prel,de,0.006028131279303416,0.006036217303822937,0.02112676056338028,18.0,2982.0,0.9858823529411764,0.9882075471698113,0.01179245283018868,0.9979879275653923,False,False,,,,,,
ocrmypdf,books,daschitinskelett00prel_0037_full,5.412390146125006,,False,daschitinskelett00prel,de,0.006334125098970704,0.0045045045045045045,0.0273224043715847,17.0,3774.0,0.9762773722627737,0.9780621572212066,0.021937842778793418,0.9997350291467939,False,False,,,,,,
ocrmypdf,books,daschitinskelett00prel_0038_full,5.412390146125006,,False,daschitinskelett00prel,de,0.0059631838216230235,0.004165581879718824,0.02830188679245283,16.0,3841.0,0.9830188679245283,0.9774859287054409,0.0225140712945591,0.9992189533975527,False,False,,,,,,
ocrmypdf,books,daschitinskelett00prel_0051_full,5.412390146125006,,False,daschitinskelett00prel,de,0.007058230400806655,0.007079646017699115,0.04285714285714286,28.0,3955.0,0.96415770609319,0.962432915921288,0.03756708407871199,1.0005056890012642,False,False,,,,,,
ocrmypdf,books,daschitinskelett00prel_0057_full,5.412390146125006,,False,daschitinskelett00prel,de,0.0040137614678899085,0.004018369690011481,0.029411764705882353,14.0,3484.0,0.9789915966386554,0.9748953974895398,0.02510460251046025,1.0,False,False,,,,,,
ocrmypdf,books,daschitinskelett00prel_0060_full,5.412390146125006,,False,daschitinskelett00prel,de,0.008869179600886918,0.0078125,0.049586776859504134,7.0,896.0,0.9747899159663865,0.9586776859504132,0.04132231404958678,1.0,False,False,,,,,,
ocrmypdf,books,histoirenaturell10cuvi_0014_full,5.412390146125006,,False,histoirenaturell10cuvi,fr,0.01680672268907563,0.009322033898305085,0.0625,11.0,1180.0,0.9521276595744681,0.9572192513368984,0.0427807486631016,1.0,False,False,,,,,,
ocrmypdf,books,histoirenaturell10cuvi_0070_full,5.412390146125006,,False,histoirenaturell10cuvi,fr,0.08557457212713937,0.06831275720164609,0.17475728155339806,83.0,1215.0,0.8834080717488789,0.9078341013824884,0.09216589861751152,1.0008230452674898,False,False,,,,,,
ocrmypdf,books,histoirenaturell10cuvi_0172_full,5.412390146125006,,False,histoirenaturell10cuvi,fr,0.02168256721595837,0.011304347826086957,0.06598984771573604,13.0,1150.0,0.9485981308411215,0.9575471698113207,0.04245283018867924,1.0017391304347827,False,False,,,,,,
ocrmypdf,books,histoirenaturell10cuvi_0188_full,5.412390146125006,,False,histoirenaturell10cuvi,fr,0.032175032175032175,0.01610824742268041,0.06792452830188679,25.0,1552.0,0.9355932203389831,0.9387755102040817,0.061224489795918366,1.0025773195876289,False,False,,,,,,
ocrmypdf,books,histoirenaturell10cuvi_0251_full,5.412390146125006,,False,histoirenaturell10cuvi,fr,0.025597269624573378,0.012079378774805867,0.07960199004975124,14.0,1159.0,0.9439252336448598,0.9483568075117371,0.051643192488262914,1.001725625539258,False,False,,,,,,
ocrmypdf,books,histoirenaturell10cuvi_0343_full,5.412390146125006,,False,histoirenaturell10cuvi,fr,0.039093041438623924,0.02924901185770751,0.09045226130653267,37.0,1265.0,0.9509803921568627,0.9282296650717703,0.07177033492822966,1.0023715415019763,False,False,,,,,,
ocrmypdf,books,histoirenaturell10cuvi_0369_full,5.1969705489375,,False,histoirenaturell10cuvi,fr,0.026153846153846153,0.01160092807424594,0.08636363636363636,15.0,1293.0,0.9137931034482759,0.9422222222222222,0.057777777777777775,0.9945862335653519,False,False,,,,,,
ocrmypdf,books,histoirenaturell10cuvi_0425_full,5.1969705489375,,False,histoirenaturell10cuvi,fr,0.0253324889170361,0.009541984732824428,0.04693140794223827,15.0,1572.0,0.9523809523809523,0.9621993127147767,0.037800687285223365,0.9987277353689568,False,False,,,,,,
ocrmypdf,books,pisciumquerelaee00sche_0012_full,5.1969705489375,,False,pisciumquerelaee00sche,la,0.13043478260869565,0.12477396021699819,0.5084745762711864,207.0,1659.0,0.524904214559387,0.5805084745762712,0.4194915254237288,1.0337552742616034,False,False,,,,,,
ocrmypdf,books,pisciumquerelaee00sche_0013_full,5.1969705489375,,False,pisciumquerelaee00sche,la,0.10659599528857479,0.1028537455410226,0.425,173.0,1682.0,0.550561797752809,0.630901287553648,0.36909871244635195,1.0178359096313911,False,False,,,,,,
ocrmypdf,books,pisciumquerelaee00sche_0016_full,5.1969705489375,,False,pisciumquerelaee00sche,la,0.096875,0.09373020899303357,0.43171806167400884,148.0,1579.0,0.5702479338842975,0.6106194690265486,0.3893805309734513,1.0164661177960734,False,False,,,,,,
ocrmypdf,books,pisciumquerelaee00sche_0035_full,5.1969705489375,,False,pisciumquerelaee00sche,la,0.14085365853658535,0.13014119091467158,0.4780701754385965,212.0,1629.0,0.5975609756097561,0.630901287553648,0.36909871244635195,1.0368324125230202,False,False,,,,,,
ocrmypdf,books,pisciumquerelaee00sche_0038_full,5.1969705489375,,False,pisciumquerelaee00sche,la,0.13143254520166897,0.13286219081272085,0.4720812182741117,188.0,1415.0,0.594059405940594,0.631578947368421,0.3684210526315789,1.03886925795053,False,False,,,,,,
ocrmypdf,books,pisciumquerelaee00sche_0040_full,5.1969705489375,,False,pisciumquerelaee00sche,la,0.15768799102132436,0.15637393767705382,0.6102941176470589,276.0,1765.0,0.5562913907284768,0.6363636363636364,0.36363636363636365,1.043626062322946,False,False,,,,,,
ocrmypdf,books,pisciumquerelaee00sche_0041_full,5.1969705489375,,False,pisciumquerelaee00sche,la,0.11076345431789737,0.10612760581174985,0.4125,168.0,1583.0,0.5747126436781609,0.6696428571428571,0.33035714285714285,1.0246367656348705,False,False,,,,,,
ocrmypdf,books,pisciumquerelaee00sche_0044_full,5.1969705489375,,False,pisciumquerelaee00sche,la,0.2034313725490196,0.20544554455445543,0.5357142857142857,83.0,404.0,0.5660377358490566,0.5,0.5,1.051980198019802,False,False,,,,,,
ocrmypdf,books,trudyrusskagoent161881russ_0098_full,5.1969705489375,,False,trudyrusskagoent161881russ,fr+de,0.18406593406593408,0.18031658637302134,0.35294117647058826,262.0,1453.0,0.9095477386934674,0.8829268292682927,0.11707317073170732,0.9986235375086029,False,False,,,,,,
ocrmypdf,books,trudyrusskagoent161881russ_0121_full,5.1969705489375,,False,trudyrusskagoent161881russ,fr+de,0.021231422505307854,0.009574468085106383,0.06228373702422145,18.0,1880.0,0.965034965034965,0.9616724738675958,0.03832752613240418,0.9968085106382979,False,False,,,,,,
ocrmypdf,books,trudyrusskagoent161881russ_0276_full,5.1969705489375,,False,trudyrusskagoent161881russ,fr+de,0.008680555555555556,0.001736111111111111,0.01195219123505976,3.0,1728.0,0.9959514170040485,0.9919354838709677,0.008064516129032258,1.0,False,False,,,,,,
ocrmypdf,books,trudyrusskagoent161881russ_0329_full,5.1969705489375,,False,trudyrusskagoent161881russ,fr+de,0.009069212410501194,0.003835091083413231,0.017123287671232876,8.0,2086.0,0.9827586206896551,0.9827586206896551,0.017241379310344827,1.0009587727708533,False,False,,,,,,
ocrmypdf,books,trudyrusskagoent161881russ_0357_full,5.1969705489375,,False,trudyrusskagoent161881russ,fr+de,0.0132641291810842,0.009866511897852582,0.06224066390041494,17.0,1723.0,0.9669421487603306,0.9590163934426229,0.040983606557377046,1.0005803830528148,False,False,,,,,,
ocrmypdf,books,trudyrusskagoent161881russ_0379_full,5.1969705489375,,False,trudyrusskagoent161881russ,fr+de,0.017982017982017984,0.01655795283492223,0.0880503144654088,33.0,1993.0,0.933933933933934,0.9367469879518072,0.06325301204819277,0.9954841946813848,False,False,,,,,,
ocrmypdf,books,trudyrusskagoent161881russ_0388_full,12.521807481499991,,False,trudyrusskagoent161881russ,fr+de,0.016384489350081924,0.008210180623973728,0.050505050505050504,15.0,1827.0,0.9773462783171522,0.967948717948718,0.03205128205128205,1.0,False,False,,,,,,
ocrmypdf,books,trudyrusskagoent161881russ_0446_full,12.521807481499991,,False,trudyrusskagoent161881russ,fr+de,0.026022304832713755,0.02336448598130841,0.09947643979057591,25.0,1070.0,0.965,0.9368932038834952,0.06310679611650485,0.997196261682243,False,False,,,,,,
ocrmypdf,docs,headers_footers__0b8de922246569bf96136cd5bb1d9643b2d269fe_page_10_processed,3.6114345846249876,,False,,,,,,,,,,,,False,,headers_footers,2.0,2.0,"[{""id"": ""0b8de922246569bf96136cd5bb1d9643b2d269fe_page_10_processed.pdf_manual_00"", ""type"": ""absent"", ""passed"": true, ""category"": ""headers_footers""}, {""id"": ""auto_baseline"", ""type"": ""baseline"", ""passed"": true, ""category"": ""baseline""}]",,
ocrmypdf,docs,headers_footers__12e836a20227be4b63f7dcdebb2498e9d189d4da_page_5_processed,3.6114345846249876,,False,,,,,,,,,,,,False,,headers_footers,4.0,4.0,"[{""id"": ""12e836a20227be4b63f7dcdebb2498e9d189d4da_page_5_processed_pg1_header_00"", ""type"": ""absent"", ""passed"": true, ""category"": ""headers_footers""}, {""id"": ""12e836a20227be4b63f7dcdebb2498e9d189d4da_page_5_processed_pg1_header_01"", ""type"": ""absent"", ""passed"": true, ""category"": ""headers_footers""}, {""id"": ""12e836a20227be4b63f7dcdebb2498e9d189d4da_page_5_processed_pg1_header_02"", ""type"": ""absent"", ""passed"": true, ""category"": ""headers_footers""}, {""id"": ""auto_baseline"", ""type"": ""baseline"", ""passed"": true, ""category"": ""baseline""}]",,
ocrmypdf,docs,headers_footers__17ce5025be595d7fc2c3a347b6a2fa4e4d06419d_page_1,3.6114345846249876,,False,,,,,,,,,,,,False,,headers_footers,2.0,1.0,"[{""id"": ""17ce5025be595d7fc2c3a347b6a2fa4e4d06419d_page_1_header_00"", ""type"": ""absent"", ""passed"": false, ""category"": ""headers_footers""}, {""id"": ""auto_baseline"", ""type"": ""baseline"", ""passed"": true, ""category"": ""baseline""}]",,
ocrmypdf,docs,headers_footers__1a3e61746b0965df09bce6cb1051c455807363d5_page_1,3.6114345846249876,,False,,,,,,,,,,,,False,,headers_footers,3.0,2.0,"[{""id"": ""1a3e61746b0965df09bce6cb1051c455807363d5_page_1_header_00"", ""type"": ""absent"", ""passed"": false, ""category"": ""headers_footers""}, {""id"": ""1a3e61746b0965df09bce6cb1051c455807363d5_page_1.pdf_manual_00"", ""type"": ""absent"", ""passed"": true, ""category"": ""headers_footers""}, {""id"": ""auto_baseline"", ""type"": ""baseline"", ""passed"": true, ""category"": ""baseline""}]",,
ocrmypdf,docs,headers_footers__2cb8b9fbe5aaac3d7f95d110a3b08132ee09d103_page_2,3.6114345846249876,,False,,,,,,,,,,,,False,,headers_footers,3.0,2.0,"[{""id"": ""2cb8b9fbe5aaac3d7f95d110a3b08132ee09d103_page_2_header_00"", ""type"": ""absent"", ""passed"": false, ""category"": ""headers_footers""}, {""id"": ""2cb8b9fbe5aaac3d7f95d110a3b08132ee09d103_page_2.pdf_manual_00"", ""type"": ""absent"", ""passed"": true, ""category"": ""headers_footers""}, {""id"": ""auto_baseline"", ""type"": ""baseline"", ""passed"": true, ""category"": ""baseline""}]",,
ocrmypdf,docs,headers_footers__363300831b3da664b1bfe972e4f86464fa076da3_page_149,3.6114345846249876,,False,,,,,,,,,,,,False,,headers_footers,6.0,4.0,"[{""id"": ""363300831b3da664b1bfe972e4f86464fa076da3_page_149_header_00"", ""type"": ""absent"", ""passed"": true, ""category"": ""headers_footers""}, {""id"": ""363300831b3da664b1bfe972e4f86464fa076da3_page_149_header_01"", ""type"": ""absent"", ""passed"": false, ""category"": ""headers_footers""}, {""id"": ""363300831b3da664b1bfe972e4f86464fa076da3_page_149_header_15"", ""type"": ""absent"", ""passed"": false, ""category"": ""headers_footers""}, {""id"": ""363300831b3da664b1bfe972e4f86464fa076da3_page_149_header_16"", ""type"": ""absent"", ""passed"": true, ""category"": ""headers_footers""}, {""id"": ""363300831b3da664b1bfe972e4f86464fa076da3_page_149.pdf_manual_00"", ""type"": ""absent"", ""passed"": true, ""category"": ""headers_footers""}, {""id"": ""auto_baseline"", ""type"": ""baseline"", ""passed"": true, ""category"": ""baseline""}]",,
ocrmypdf,docs,headers_footers__62621cef2b1d5356a063aa7c9c735ac396fb2223_page_33,3.6114345846249876,,False,,,,,,,,,,,,False,,headers_footers,4.0,2.0,"[{""id"": ""62621cef2b1d5356a063aa7c9c735ac396fb2223_page_33_header_00"", ""type"": ""absent"", ""passed"": false, ""category"": ""headers_footers""}, {""id"": ""62621cef2b1d5356a063aa7c9c735ac396fb2223_page_33.pdf_manual_00"", ""type"": ""absent"", ""passed"": true, ""category"": ""headers_footers""}, {""id"": ""62621cef2b1d5356a063aa7c9c735ac396fb2223_page_33.pdf_manual_01"", ""type"": ""absent"", ""passed"": false, ""category"": ""headers_footers""}, {""id"": ""auto_baseline"", ""type"": ""baseline"", ""passed"": true, ""category"": ""baseline""}]",,
ocrmypdf,docs,headers_footers__7901d119ed91a89f8fbabf0eef7174d75a7656e3_page_1,3.6114345846249876,,False,,,,,,,,,,,,False,,headers_footers,2.0,1.0,"[{""id"": ""7901d119ed91a89f8fbabf0eef7174d75a7656e3_page_1.pdf_manual_00"", ""type"": ""absent"", ""passed"": false, ""category"": ""headers_footers""}, {""id"": ""auto_baseline"", ""type"": ""baseline"", ""passed"": true, ""category"": ""baseline""}]",,
ocrmypdf,docs,headers_footers__ba10222e40f05d76e2bf1d51c39066a4b1fe82ed_page_11,3.6114345846249876,,False,,,,,,,,,,,,False,,headers_footers,3.0,1.0,"[{""id"": ""ba10222e40f05d76e2bf1d51c39066a4b1fe82ed_page_11_header_00"", ""type"": ""absent"", ""passed"": false, ""category"": ""headers_footers""}, {""id"": ""ba10222e40f05d76e2bf1d51c39066a4b1fe82ed_page_11.pdf_manual_00"", ""type"": ""absent"", ""passed"": false, ""category"": ""headers_footers""}, {""id"": ""auto_baseline"", ""type"": ""baseline"", ""passed"": true, ""category"": ""baseline""}]",,
ocrmypdf,docs,headers_footers__d8b9c4cd0ba9b036e09168c8dccccd1d43315ef4_page_1,3.6114345846249876,,False,,,,,,,,,,,,False,,headers_footers,3.0,2.0,"[{""id"": ""d8b9c4cd0ba9b036e09168c8dccccd1d43315ef4_page_1_header_00"", ""type"": ""absent"", ""passed"": false, ""category"": ""headers_footers""}, {""id"": ""d8b9c4cd0ba9b036e09168c8dccccd1d43315ef4_page_1.pdf_manual_00"", ""type"": ""absent"", ""passed"": true, ""category"": ""headers_footers""}, {""id"": ""auto_baseline"", ""type"": ""baseline"", ""passed"": true, ""category"": ""baseline""}]",,
ocrmypdf,docs,long_tiny_text__11_pg161_pg1,3.6114345846249876,,False,,,,,,,,,,,,False,,long_tiny_text,9.0,9.0,"[{""id"": ""11_pg161_pg1_text_00"", ""type"": ""present"", ""passed"": true, ""category"": ""long_tiny_text""}, {""id"": ""11_pg161_pg1_text_01"", ""type"": ""present"", ""passed"": true, ""category"": ""long_tiny_text""}, {""id"": ""11_pg161_pg1_text_02"", ""type"": ""present"", ""passed"": true, ""category"": ""long_tiny_text""}, {""id"": ""11_pg161_pg1_text_03"", ""type"": ""present"", ""passed"": true, ""category"": ""long_tiny_text""}, {""id"": ""11_pg161_pg1_text_04"", ""type"": ""present"", ""passed"": true, ""category"": ""long_tiny_text""}, {""id"": ""11_pg161_pg1_text_05"", ""type"": ""present"", ""passed"": true, ""category"": ""long_tiny_text""}, {""id"": ""11_pg161_pg1_text_06"", ""type"": ""present"", ""passed"": true, ""category"": ""long_tiny_text""}, {""id"": ""11_pg161_pg1_text_07"", ""type"": ""present"", ""passed"": true, ""category"": ""long_tiny_text""}, {""id"": ""auto_baseline"", ""type"": ""baseline"", ""passed"": true, ""category"": ""baseline""}]",,
ocrmypdf,docs,long_tiny_text__11_pg375_pg1,3.6114345846249876,,False,,,,,,,,,,,,False,,long_tiny_text,4.0,3.0,"[{""id"": ""11_pg375_pg1_text_00"", ""type"": ""present"", ""passed"": true, ""category"": ""long_tiny_text""}, {""id"": ""11_pg375_pg1_text_01"", ""type"": ""present"", ""passed"": true, ""category"": ""long_tiny_text""}, {""id"": ""11_pg375_pg1_text_02"", ""type"": ""present"", ""passed"": false, ""category"": ""long_tiny_text""}, {""id"": ""auto_baseline"", ""type"": ""baseline"", ""passed"": true, ""category"": ""baseline""}]",,
ocrmypdf,docs,long_tiny_text__13_pg556_pg1,3.6114345846249876,,False,,,,,,,,,,,,False,,long_tiny_text,5.0,4.0,"[{""id"": ""13_pg556_pg1_text_00"", ""type"": ""present"", ""passed"": true, ""category"": ""long_tiny_text""}, {""id"": ""13_pg556_pg1_text_01"", ""type"": ""present"", ""passed"": true, ""category"": ""long_tiny_text""}, {""id"": ""13_pg556_pg1_text_02"", ""type"": ""present"", ""passed"": false, ""category"": ""long_tiny_text""}, {""id"": ""13_pg556_pg1_text_03"", ""type"": ""present"", ""passed"": true, ""category"": ""long_tiny_text""}, {""id"": ""auto_baseline"", ""type"": ""baseline"", ""passed"": true, ""category"": ""baseline""}]",,
ocrmypdf,docs,long_tiny_text__13_pg566_pg1,3.6114345846249876,,False,,,,,,,,,,,,False,,long_tiny_text,6.0,5.0,"[{""id"": ""13_pg566_pg1_text_00"", ""type"": ""present"", ""passed"": true, ""category"": ""long_tiny_text""}, {""id"": ""13_pg566_pg1_text_01"", ""type"": ""present"", ""passed"": true, ""category"": ""long_tiny_text""}, {""id"": ""13_pg566_pg1_text_02"", ""type"": ""present"", ""passed"": false, ""category"": ""long_tiny_text""}, {""id"": ""13_pg566_pg1_text_03"", ""type"": ""present"", ""passed"": true, ""category"": ""long_tiny_text""}, {""id"": ""13_pg566_pg1_text_04"", ""type"": ""present"", ""passed"": true, ""category"": ""long_tiny_text""}, {""id"": ""auto_baseline"", ""type"": ""baseline"", ""passed"": true, ""category"": ""baseline""}]",,
ocrmypdf,docs,long_tiny_text__13_pg67_pg1,3.6114345846249876,,False,,,,,,,,,,,,False,,long_tiny_text,6.0,5.0,"[{""id"": ""13_pg67_pg1_text_00"", ""type"": ""present"", ""passed"": false, ""category"": ""long_tiny_text""}, {""id"": ""13_pg67_pg1_text_01"", ""type"": ""present"", ""passed"": true, ""category"": ""long_tiny_text""}, {""id"": ""13_pg67_pg1_text_02"", ""type"": ""present"", ""passed"": true, ""category"": ""long_tiny_text""}, {""id"": ""13_pg67_pg1_text_03"", ""type"": ""present"", ""passed"": true, ""category"": ""long_tiny_text""}, {""id"": ""13_pg67_pg1_text_04"", ""type"": ""present"", ""passed"": true, ""category"": ""long_tiny_text""}, {""id"": ""auto_baseline"", ""type"": ""baseline"", ""passed"": true, ""category"": ""baseline""}]",,
ocrmypdf,docs,long_tiny_text__14a_pg1,3.6114345846249876,,False,,,,,,,,,,,,False,,long_tiny_text,6.0,4.0,"[{""id"": ""14a_pg1_text_01"", ""type"": ""present"", ""passed"": true, ""category"": ""long_tiny_text""}, {""id"": ""14a_pg1_text_02"", ""type"": ""present"", ""passed"": true, ""category"": ""long_tiny_text""}, {""id"": ""14a_pg1_text_04"", ""type"": ""present"", ""passed"": false, ""category"": ""long_tiny_text""}, {""id"": ""14a_pg1_text_05"", ""type"": ""present"", ""passed"": false, ""category"": ""long_tiny_text""}, {""id"": ""14a_pg1_text_06"", ""type"": ""present"", ""passed"": true, ""category"": ""long_tiny_text""}, {""id"": ""auto_baseline"", ""type"": ""baseline"", ""passed"": true, ""category"": ""baseline""}]",,
ocrmypdf,docs,long_tiny_text__15c_pg1,3.6593510688749973,,False,,,,,,,,,,,,False,,long_tiny_text,5.0,2.0,"[{""id"": ""15c_pg1_text_00"", ""type"": ""present"", ""passed"": true, ""category"": ""long_tiny_text""}, {""id"": ""15c_pg1_text_01"", ""type"": ""present"", ""passed"": false, ""category"": ""long_tiny_text""}, {""id"": ""15c_pg1_text_02"", ""type"": ""present"", ""passed"": false, ""category"": ""long_tiny_text""}, {""id"": ""15c_pg1_text_03"", ""type"": ""present"", ""passed"": false, ""category"": ""long_tiny_text""}, {""id"": ""auto_baseline"", ""type"": ""baseline"", ""passed"": true, ""category"": ""baseline""}]",,
ocrmypdf,docs,long_tiny_text__17_pg2_pg1,3.6593510688749973,,False,,,,,,,,,,,,False,,long_tiny_text,40.0,34.0,"[{""id"": ""17_pg2_pg1_text_00"", ""type"": ""present"", ""passed"": true, ""category"": ""long_tiny_text""}, {""id"": ""17_pg2_pg1_text_01"", ""type"": ""present"", ""passed"": true, ""category"": ""long_tiny_text""}, {""id"": ""17_pg2_pg1_text_02"", ""type"": ""present"", ""passed"": false, ""category"": ""long_tiny_text""}, {""id"": ""17_pg2_pg1_text_03"", ""type"": ""present"", ""passed"": true, ""category"": ""long_tiny_text""}, {""id"": ""17_pg2_pg1_text_04"", ""type"": ""present"", ""passed"": true, ""category"": ""long_tiny_text""}, {""id"": ""17_pg2_pg1_text_06"", ""type"": ""present"", ""passed"": true, ""category"": ""long_tiny_text""}, {""id"": ""17_pg2_pg1_text_07"", ""type"": ""present"", ""passed"": true, ""category"": ""long_tiny_text""}, {""id"": ""17_pg2_pg1_text_09"", ""type"": ""present"", ""passed"": true, ""category"": ""long_tiny_text""}, {""id"": ""17_pg2_pg1_text_10"", ""type"": ""present"", ""passed"": true, ""category"": ""long_tiny_text""}, {""id"": ""17_pg2_pg1_text_12"", ""type"": ""present"", ""passed"": true, ""category"": ""long_tiny_text""}, {""id"": ""17_pg2_pg1_text_13"", ""type"": ""present"", ""passed"": true, ""category"": ""long_tiny_text""}, {""id"": ""17_pg2_pg1_text_16"", ""type"": ""present"", ""passed"": true, ""category"": ""long_tiny_text""}, {""id"": ""17_pg2_pg1_text_17"", ""type"": ""present"", ""passed"": false, ""category"": ""long_tiny_text""}, {""id"": ""17_pg2_pg1_text_20"", ""type"": ""present"", ""passed"": false, ""category"": ""long_tiny_text""}, {""id"": ""17_pg2_pg1_text_23"", ""type"": ""present"", ""passed"": true, ""category"": ""long_tiny_text""}, {""id"": ""17_pg2_pg1_text_24"", ""type"": ""present"", ""passed"": true, ""category"": ""long_tiny_text""}, {""id"": ""17_pg2_pg1_text_25"", ""type"": ""present"", ""passed"": true, ""category"": ""long_tiny_text""}, {""id"": ""17_pg2_pg1_text_27"", ""type"": ""present"", ""passed"": true, ""category"": ""long_tiny_text""}, {""id"": ""17_pg2_pg1_text_28"", ""type"": ""present"", ""passed"": true, ""category"": ""long_tiny_text""}, {""id"": ""17_pg2_pg1_text_30"", ""type"": ""present"", ""passed"": true, ""category"": ""long_tiny_text""}, {""id"": ""17_pg2_pg1_text_31"", ""type"": ""present"", ""passed"": true, ""category"": ""long_tiny_text""}, {""id"": ""17_pg2_pg1_text_34"", ""type"": ""present"", ""passed"": true, ""category"": ""long_tiny_text""}, {""id"": ""17_pg2_pg1_text_37"", ""type"": ""present"", ""passed"": true, ""category"": ""long_tiny_text""}, {""id"": ""17_pg2_pg1_text_41"", ""type"": ""present"", ""passed"": false, ""category"": ""long_tiny_text""}, {""id"": ""17_pg2_pg1_text_43"", ""type"": ""present"", ""passed"": true, ""category"": ""long_tiny_text""}, {""id"": ""17_pg2_pg1_text_45"", ""type"": ""present"", ""passed"": false, ""category"": ""long_tiny_text""}, {""id"": ""17_pg2_pg1_text_49"", ""type"": ""present"", ""passed"": true, ""category"": ""long_tiny_text""}, {""id"": ""17_pg2_pg1_text_51"", ""type"": ""present"", ""passed"": true, ""category"": ""long_tiny_text""}, {""id"": ""17_pg2_pg1_text_56"", ""type"": ""present"", ""passed"": true, ""category"": ""long_tiny_text""}, {""id"": ""17_pg2_pg1_text_61"", ""type"": ""present"", ""passed"": true, ""category"": ""long_tiny_text""}, {""id"": ""17_pg2_pg1_text_65"", ""type"": ""present"", ""passed"": true, ""category"": ""long_tiny_text""}, {""id"": ""17_pg2_pg1_text_69"", ""type"": ""present"", ""passed"": true, ""category"": ""long_tiny_text""}, {""id"": ""17_pg2_pg1_text_74"", ""type"": ""present"", ""passed"": true, ""category"": ""long_tiny_text""}, {""id"": ""17_pg2_pg1_text_80"", ""type"": ""present"", ""passed"": true, ""category"": ""long_tiny_text""}, {""id"": ""17_pg2_pg1_text_83"", ""type"": ""present"", ""passed"": false, ""category"": ""long_tiny_text""}, {""id"": ""17_pg2_pg1_text_86"", ""type"": ""present"", ""passed"": true, ""category"": ""long_tiny_text""}, {""id"": ""17_pg2_pg1_text_88"", ""type"": ""present"", ""passed"": true, ""category"": ""long_tiny_text""}, {""id"": ""17_pg2_pg1_text_95"", ""type"": ""present"", ""passed"": true, ""category"": ""long_tiny_text""}, {""id"": ""17_pg2_pg1_text_97"", ""type"": ""present"", ""passed"": true, ""category"": ""long_tiny_text""}, {""id"": ""auto_baseline"", ""type"": ""baseline"", ""passed"": true, ""category"": ""baseline""}]",,
ocrmypdf,docs,long_tiny_text__20_pg40_pg1,3.6593510688749973,,False,,,,,,,,,,,,False,,long_tiny_text,6.0,2.0,"[{""id"": ""20_pg40_pg1_text_00"", ""type"": ""present"", ""passed"": false, ""category"": ""long_tiny_text""}, {""id"": ""20_pg40_pg1_text_01"", ""type"": ""present"", ""passed"": false, ""category"": ""long_tiny_text""}, {""id"": ""20_pg40_pg1_text_02"", ""type"": ""present"", ""passed"": false, ""category"": ""long_tiny_text""}, {""id"": ""20_pg40_pg1_text_03"", ""type"": ""present"", ""passed"": false, ""category"": ""long_tiny_text""}, {""id"": ""20_pg40_pg1_text_04"", ""type"": ""present"", ""passed"": true, ""category"": ""long_tiny_text""}, {""id"": ""auto_baseline"", ""type"": ""baseline"", ""passed"": true, ""category"": ""baseline""}]",,
ocrmypdf,docs,long_tiny_text__20_pg46_pg1,3.6593510688749973,,False,,,,,,,,,,,,False,,long_tiny_text,10.0,6.0,"[{""id"": ""20_pg46_pg1_text_00"", ""type"": ""present"", ""passed"": true, ""category"": ""long_tiny_text""}, {""id"": ""20_pg46_pg1_text_01"", ""type"": ""present"", ""passed"": false, ""category"": ""long_tiny_text""}, {""id"": ""20_pg46_pg1_text_02"", ""type"": ""present"", ""passed"": false, ""category"": ""long_tiny_text""}, {""id"": ""20_pg46_pg1_text_03"", ""type"": ""present"", ""passed"": true, ""category"": ""long_tiny_text""}, {""id"": ""20_pg46_pg1_text_04"", ""type"": ""present"", ""passed"": false, ""category"": ""long_tiny_text""}, {""id"": ""20_pg46_pg1_text_05"", ""type"": ""present"", ""passed"": true, ""category"": ""long_tiny_text""}, {""id"": ""20_pg46_pg1_text_06"", ""type"": ""present"", ""passed"": false, ""category"": ""long_tiny_text""}, {""id"": ""20_pg46_pg1_text_08"", ""type"": ""present"", ""passed"": true, ""category"": ""long_tiny_text""}, {""id"": ""20_pg46_pg1_text_09"", ""type"": ""present"", ""passed"": true, ""category"": ""long_tiny_text""}, {""id"": ""auto_baseline"", ""type"": ""baseline"", ""passed"": true, ""category"": ""baseline""}]",,
ocrmypdf,docs,multi_column__00945e98ea0970dcffb8f548336df3a0137f_page_4_pg1,3.6593510688749973,,False,,,,,,,,,,,,False,,multi_column,4.0,3.0,"[{""id"": ""00945e98ea0970dcffb8f548336df3a0137f_page_4.pdf_order_0a8f368a"", ""type"": ""order"", ""passed"": true, ""category"": ""multi_column""}, {""id"": ""00945e98ea0970dcffb8f548336df3a0137f_page_4.pdf_order_3d4bbd69"", ""type"": ""order"", ""passed"": false, ""category"": ""multi_column""}, {""id"": ""00945e98ea0970dcffb8f548336df3a0137f_page_4.pdf_order_4cbab131"", ""type"": ""order"", ""passed"": true, ""category"": ""multi_column""}, {""id"": ""auto_baseline"", ""type"": ""baseline"", ""passed"": true, ""category"": ""baseline""}]",,
ocrmypdf,docs,multi_column__00e2c7719d58bb49fd4031cce9dcccdddec2_page_1_pg1,3.6593510688749973,,False,,,,,,,,,,,,False,,multi_column,3.0,2.0,"[{""id"": ""00e2c7719d58bb49fd4031cce9dcccdddec2_page_1.pdf_order_85be1097"", ""type"": ""order"", ""passed"": false, ""category"": ""multi_column""}, {""id"": ""00e2c7719d58bb49fd4031cce9dcccdddec2_page_1.pdf_order_b903400b"", ""type"": ""order"", ""passed"": true, ""category"": ""multi_column""}, {""id"": ""auto_baseline"", ""type"": ""baseline"", ""passed"": true, ""category"": ""baseline""}]",,
ocrmypdf,docs,multi_column__0114396ecb251aa3ebaeaeaed6bd4fe50bd2_page_2_pg1,3.6593510688749973,,False,,,,,,,,,,,,False,,multi_column,6.0,6.0,"[{""id"": ""0114396ecb251aa3ebaeaeaed6bd4fe50bd2_page_2.pdf_order_e5d2d945"", ""type"": ""order"", ""passed"": true, ""category"": ""multi_column""}, {""id"": ""0114396ecb251aa3ebaeaeaed6bd4fe50bd2_page_2.pdf_order_6b2daa2b"", ""type"": ""order"", ""passed"": true, ""category"": ""multi_column""}, {""id"": ""0114396ecb251aa3ebaeaeaed6bd4fe50bd2_page_2.pdf_order_f61eafae"", ""type"": ""order"", ""passed"": true, ""category"": ""multi_column""}, {""id"": ""0114396ecb251aa3ebaeaeaed6bd4fe50bd2_page_2.pdf_order_40a2536e"", ""type"": ""order"", ""passed"": true, ""category"": ""multi_column""}, {""id"": ""0114396ecb251aa3ebaeaeaed6bd4fe50bd2_page_2.pdf_order_b8d41298"", ""type"": ""order"", ""passed"": true, ""category"": ""multi_column""}, {""id"": ""auto_baseline"", ""type"": ""baseline"", ""passed"": true, ""category"": ""baseline""}]",,
ocrmypdf,docs,multi_column__019a8841dddeb304774ba62a9f5d8dccb43d_page_2_pg1,3.6593510688749973,,False,,,,,,,,,,,,False,,multi_column,5.0,3.0,"[{""id"": ""019a8841dddeb304774ba62a9f5d8dccb43d_page_2.pdf_order_00d331ca"", ""type"": ""order"", ""passed"": true, ""category"": ""multi_column""}, {""id"": ""019a8841dddeb304774ba62a9f5d8dccb43d_page_2.pdf_order_2410e748"", ""type"": ""order"", ""passed"": true, ""category"": ""multi_column""}, {""id"": ""019a8841dddeb304774ba62a9f5d8dccb43d_page_2.pdf_order_5a8cba0a"", ""type"": ""order"", ""passed"": false, ""category"": ""multi_column""}, {""id"": ""019a8841dddeb304774ba62a9f5d8dccb43d_page_2.pdf_order_6a2477bc"", ""type"": ""order"", ""passed"": false, ""category"": ""multi_column""}, {""id"": ""auto_baseline"", ""type"": ""baseline"", ""passed"": true, ""category"": ""baseline""}]",,
ocrmypdf,docs,multi_column__0208fbb5d6b646f972f4702428ad2cede5c5_page_6_pg1,3.6593510688749973,,False,,,,,,,,,,,,False,,multi_column,2.0,1.0,"[{""id"": ""0208fbb5d6b646f972f4702428ad2cede5c5_page_6.pdf_order_71ab8004"", ""type"": ""order"", ""passed"": false, ""category"": ""multi_column""}, {""id"": ""auto_baseline"", ""type"": ""baseline"", ""passed"": true, ""category"": ""baseline""}]",,
ocrmypdf,docs,multi_column__027c390510b2fd3364f5a382f2bc304af018_page_4_pg1,3.6593510688749973,,False,,,,,,,,,,,,False,,multi_column,5.0,3.0,"[{""id"": ""027c390510b2fd3364f5a382f2bc304af018_page_4.pdf_order_ea693a98"", ""type"": ""order"", ""passed"": false, ""category"": ""multi_column""}, {""id"": ""027c390510b2fd3364f5a382f2bc304af018_page_4.pdf_order_053bda58"", ""type"": ""order"", ""passed"": true, ""category"": ""multi_column""}, {""id"": ""027c390510b2fd3364f5a382f2bc304af018_page_4.pdf_order_9e06820d"", ""type"": ""order"", ""passed"": true, ""category"": ""multi_column""}, {""id"": ""027c390510b2fd3364f5a382f2bc304af018_page_4.pdf_order_97e749bf"", ""type"": ""order"", ""passed"": false, ""category"": ""multi_column""}, {""id"": ""auto_baseline"", ""type"": ""baseline"", ""passed"": true, ""category"": ""baseline""}]",,
ocrmypdf,docs,multi_column__02943986dff2d4a84b7c2dd81abfc51fceea_page_5_pg1,3.6593510688749973,,False,,,,,,,,,,,,False,,multi_column,5.0,4.0,"[{""id"": ""02943986dff2d4a84b7c2dd81abfc51fceea_page_5.pdf_order_3f1adc6b"", ""type"": ""order"", ""passed"": true, ""category"": ""multi_column""}, {""id"": ""02943986dff2d4a84b7c2dd81abfc51fceea_page_5.pdf_order_00ce4e6f"", ""type"": ""order"", ""passed"": false, ""category"": ""multi_column""}, {""id"": ""02943986dff2d4a84b7c2dd81abfc51fceea_page_5.pdf_order_46755e50"", ""type"": ""order"", ""passed"": true, ""category"": ""multi_column""}, {""id"": ""02943986dff2d4a84b7c2dd81abfc51fceea_page_5.pdf_order_13f6999c"", ""type"": ""order"", ""passed"": true, ""category"": ""multi_column""}, {""id"": ""auto_baseline"", ""type"": ""baseline"", ""passed"": true, ""category"": ""baseline""}]",,
ocrmypdf,docs,multi_column__02943986dff2d4a84b7c2dd81abfc51fceea_page_9_pg1,3.6593510688749973,,False,,,,,,,,,,,,False,,multi_column,5.0,2.0,"[{""id"": ""02943986dff2d4a84b7c2dd81abfc51fceea_page_9.pdf_order_babd8e0e"", ""type"": ""order"", ""passed"": false, ""category"": ""multi_column""}, {""id"": ""02943986dff2d4a84b7c2dd81abfc51fceea_page_9.pdf_order_2e6f0ead"", ""type"": ""order"", ""passed"": false, ""category"": ""multi_column""}, {""id"": ""02943986dff2d4a84b7c2dd81abfc51fceea_page_9.pdf_order_7e60c895"", ""type"": ""order"", ""passed"": false, ""category"": ""multi_column""}, {""id"": ""02943986dff2d4a84b7c2dd81abfc51fceea_page_9.pdf_order_81a40b7f"", ""type"": ""order"", ""passed"": true, ""category"": ""multi_column""}, {""id"": ""auto_baseline"", ""type"": ""baseline"", ""passed"": true, ""category"": ""baseline""}]",,
ocrmypdf,docs,multi_column__038650c9dfd95e7495d0c4d301d9dcca735a_page_1_pg1,3.6593510688749973,,False,,,,,,,,,,,,False,,multi_column,5.0,4.0,"[{""id"": ""038650c9dfd95e7495d0c4d301d9dcca735a_page_1.pdf_order_eb32d864"", ""type"": ""order"", ""passed"": true, ""category"": ""multi_column""}, {""id"": ""038650c9dfd95e7495d0c4d301d9dcca735a_page_1.pdf_order_517c20f9"", ""type"": ""order"", ""passed"": true, ""category"": ""multi_column""}, {""id"": ""038650c9dfd95e7495d0c4d301d9dcca735a_page_1.pdf_order_12a7fa3e"", ""type"": ""order"", ""passed"": true, ""category"": ""multi_column""}, {""id"": ""038650c9dfd95e7495d0c4d301d9dcca735a_page_1.pdf_order_cf779f79"", ""type"": ""order"", ""passed"": false, ""category"": ""multi_column""}, {""id"": ""auto_baseline"", ""type"": ""baseline"", ""passed"": true, ""category"": ""baseline""}]",,
ocrmypdf,docs,multi_column__0845863d27c84b14011e17a388821525e783_page_16_pg1,3.6593510688749973,,False,,,,,,,,,,,,False,,multi_column,4.0,2.0,"[{""id"": ""0845863d27c84b14011e17a388821525e783_page_16.pdf_order_dffceb1b"", ""type"": ""order"", ""passed"": true, ""category"": ""multi_column""}, {""id"": ""0845863d27c84b14011e17a388821525e783_page_16.pdf_order_ac24f586"", ""type"": ""order"", ""passed"": false, ""category"": ""multi_column""}, {""id"": ""0845863d27c84b14011e17a388821525e783_page_16.pdf_order_4bda9b61"", ""type"": ""order"", ""passed"": false, ""category"": ""multi_column""}, {""id"": ""auto_baseline"", ""type"": ""baseline"", ""passed"": true, ""category"": ""baseline""}]",,
ocrmypdf,docs,old_scans__1,3.6593510688749973,,False,,,,,,,,,,,,False,,old_scans,6.0,2.0,"[{""id"": ""1_680487"", ""type"": ""present"", ""passed"": false, ""category"": ""old_scans""}, {""id"": ""1_126739"", ""type"": ""absent"", ""passed"": true, ""category"": ""old_scans""}, {""id"": ""1_36225"", ""type"": ""present"", ""passed"": false, ""category"": ""old_scans""}, {""id"": ""1_787572"", ""type"": ""order"", ""passed"": false, ""category"": ""old_scans""}, {""id"": ""1_298389"", ""type"": ""order"", ""passed"": false, ""category"": ""old_scans""}, {""id"": ""auto_baseline"", ""type"": ""baseline"", ""passed"": true, ""category"": ""baseline""}]",,
ocrmypdf,docs,old_scans__21,3.6593510688749973,,False,,,,,,,,,,,,True,,old_scans,8.0,1.0,"[{""id"": ""21_398162"", ""type"": ""present"", ""passed"": false, ""category"": ""old_scans""}, {""id"": ""21_382528"", ""type"": ""order"", ""passed"": false, ""category"": ""old_scans""}, {""id"": ""21_229684"", ""type"": ""absent"", ""passed"": true, ""category"": ""old_scans""}, {""id"": ""21_712729"", ""type"": ""present"", ""passed"": false, ""category"": ""old_scans""}, {""id"": ""21_289946"", ""type"": ""present"", ""passed"": false, ""category"": ""old_scans""}, {""id"": ""21_745911"", ""type"": ""present"", ""passed"": false, ""category"": ""old_scans""}, {""id"": ""21_992153"", ""type"": ""order"", ""passed"": false, ""category"": ""old_scans""}, {""id"": ""auto_baseline"", ""type"": ""baseline"", ""passed"": false, ""category"": ""baseline""}]",,
ocrmypdf,docs,old_scans__23,3.1375126828749984,,False,,,,,,,,,,,,False,,old_scans,6.0,3.0,"[{""id"": ""23_675822"", ""type"": ""present"", ""passed"": false, ""category"": ""old_scans""}, {""id"": ""23_189451"", ""type"": ""order"", ""passed"": false, ""category"": ""old_scans""}, {""id"": ""23_570086"", ""type"": ""absent"", ""passed"": true, ""category"": ""old_scans""}, {""id"": ""23_774544"", ""type"": ""present"", ""passed"": false, ""category"": ""old_scans""}, {""id"": ""23_266702"", ""type"": ""present"", ""passed"": true, ""category"": ""old_scans""}, {""id"": ""auto_baseline"", ""type"": ""baseline"", ""passed"": true, ""category"": ""baseline""}]",,
ocrmypdf,docs,old_scans__26,3.1375126828749984,,False,,,,,,,,,,,,True,,old_scans,5.0,1.0,"[{""id"": ""26_727870"", ""type"": ""present"", ""passed"": false, ""category"": ""old_scans""}, {""id"": ""26_350035"", ""type"": ""order"", ""passed"": false, ""category"": ""old_scans""}, {""id"": ""26_893794"", ""type"": ""absent"", ""passed"": true, ""category"": ""old_scans""}, {""id"": ""26_815635"", ""type"": ""present"", ""passed"": false, ""category"": ""old_scans""}, {""id"": ""auto_baseline"", ""type"": ""baseline"", ""passed"": false, ""category"": ""baseline""}]",,
ocrmypdf,docs,old_scans__52,3.1375126828749984,,False,,,,,,,,,,,,True,,old_scans,4.0,0.0,"[{""id"": ""52_591542"", ""type"": ""present"", ""passed"": false, ""category"": ""old_scans""}, {""id"": ""52_323921"", ""type"": ""present"", ""passed"": false, ""category"": ""old_scans""}, {""id"": ""52_987017"", ""type"": ""present"", ""passed"": false, ""category"": ""old_scans""}, {""id"": ""auto_baseline"", ""type"": ""baseline"", ""passed"": false, ""category"": ""baseline""}]",,
ocrmypdf,docs,old_scans__55,3.1375126828749984,,False,,,,,,,,,,,,False,,old_scans,4.0,1.0,"[{""id"": ""55_930782"", ""type"": ""present"", ""passed"": false, ""category"": ""old_scans""}, {""id"": ""55_150814"", ""type"": ""present"", ""passed"": false, ""category"": ""old_scans""}, {""id"": ""55_287312"", ""type"": ""present"", ""passed"": false, ""category"": ""old_scans""}, {""id"": ""auto_baseline"", ""type"": ""baseline"", ""passed"": true, ""category"": ""baseline""}]",,
ocrmypdf,docs,old_scans__58,3.1375126828749984,,False,,,,,,,,,,,,False,,old_scans,7.0,3.0,"[{""id"": ""58_984036"", ""type"": ""present"", ""passed"": false, ""category"": ""old_scans""}, {""id"": ""58_575492"", ""type"": ""order"", ""passed"": false, ""category"": ""old_scans""}, {""id"": ""58_801952"", ""type"": ""absent"", ""passed"": true, ""category"": ""old_scans""}, {""id"": ""58_775388"", ""type"": ""present"", ""passed"": true, ""category"": ""old_scans""}, {""id"": ""58_733378"", ""type"": ""present"", ""passed"": false, ""category"": ""old_scans""}, {""id"": ""58_220922"", ""type"": ""order"", ""passed"": false, ""category"": ""old_scans""}, {""id"": ""auto_baseline"", ""type"": ""baseline"", ""passed"": true, ""category"": ""baseline""}]",,
ocrmypdf,docs,old_scans__82,3.1375126828749984,,False,,,,,,,,,,,,False,,old_scans,7.0,1.0,"[{""id"": ""82_617314"", ""type"": ""present"", ""passed"": false, ""category"": ""old_scans""}, {""id"": ""82_781476"", ""type"": ""order"", ""passed"": false, ""category"": ""old_scans""}, {""id"": ""82_578532"", ""type"": ""present"", ""passed"": false, ""category"": ""old_scans""}, {""id"": ""82_73918"", ""type"": ""present"", ""passed"": false, ""category"": ""old_scans""}, {""id"": ""82_794309"", ""type"": ""present"", ""passed"": false, ""category"": ""old_scans""}, {""id"": ""82_338838"", ""type"": ""order"", ""passed"": false, ""category"": ""old_scans""}, {""id"": ""auto_baseline"", ""type"": ""baseline"", ""passed"": true, ""category"": ""baseline""}]",,
ocrmypdf,docs,old_scans__85,3.1375126828749984,,False,,,,,,,,,,,,False,,old_scans,7.0,1.0,"[{""id"": ""85_204851"", ""type"": ""present"", ""passed"": false, ""category"": ""old_scans""}, {""id"": ""85_81849"", ""type"": ""order"", ""passed"": false, ""category"": ""old_scans""}, {""id"": ""85_633939"", ""type"": ""present"", ""passed"": false, ""category"": ""old_scans""}, {""id"": ""85_81262"", ""type"": ""present"", ""passed"": false, ""category"": ""old_scans""}, {""id"": ""85_718011"", ""type"": ""present"", ""passed"": false, ""category"": ""old_scans""}, {""id"": ""85_913682"", ""type"": ""order"", ""passed"": false, ""category"": ""old_scans""}, {""id"": ""auto_baseline"", ""type"": ""baseline"", ""passed"": true, ""category"": ""baseline""}]",,
ocrmypdf,docs,old_scans__96,3.1375126828749984,,False,,,,,,,,,,,,False,,old_scans,8.0,1.0,"[{""id"": ""96_686856"", ""type"": ""present"", ""passed"": false, ""category"": ""old_scans""}, {""id"": ""96_324569"", ""type"": ""order"", ""passed"": false, ""category"": ""old_scans""}, {""id"": ""96_489434"", ""type"": ""present"", ""passed"": false, ""category"": ""old_scans""}, {""id"": ""96_341535"", ""type"": ""present"", ""passed"": false, ""category"": ""old_scans""}, {""id"": ""96_984146"", ""type"": ""present"", ""passed"": false, ""category"": ""old_scans""}, {""id"": ""96_798387"", ""type"": ""order"", ""passed"": false, ""category"": ""old_scans""}, {""id"": ""96_991188"", ""type"": ""order"", ""passed"": false, ""category"": ""old_scans""}, {""id"": ""auto_baseline"", ""type"": ""baseline"", ""passed"": true, ""category"": ""baseline""}]",,
ocrmypdf,docs,tables__2d54e996d1247bd36695d872863eefebd8f8_pg4,3.1375126828749984,,False,,,,,,,,,,,,False,,table_tests,5.0,1.0,"[{""id"": ""2d54e996d1247bd36695d872863eefebd8f8_pg4_table_00"", ""type"": ""table"", ""passed"": false, ""category"": ""table_tests""}, {""id"": ""2d54e996d1247bd36695d872863eefebd8f8_pg4_table_01"", ""type"": ""table"", ""passed"": false, ""category"": ""table_tests""}, {""id"": ""2d54e996d1247bd36695d872863eefebd8f8_pg4_table_02"", ""type"": ""table"", ""passed"": false, ""category"": ""table_tests""}, {""id"": ""2d54e996d1247bd36695d872863eefebd8f8_pg4_table_03"", ""type"": ""table"", ""passed"": false, ""category"": ""table_tests""}, {""id"": ""auto_baseline"", ""type"": ""baseline"", ""passed"": true, ""category"": ""baseline""}]",,
ocrmypdf,docs,tables__2d932ac96ad0d8ccf81a56bd105fa18fdcbb_pg7,3.1375126828749984,,False,,,,,,,,,,,,False,,table_tests,2.0,1.0,"[{""id"": ""2d932ac96ad0d8ccf81a56bd105fa18fdcbb_pg7_table_00"", ""type"": ""table"", ""passed"": false, ""category"": ""table_tests""}, {""id"": ""auto_baseline"", ""type"": ""baseline"", ""passed"": true, ""category"": ""baseline""}]",,
ocrmypdf,docs,tables__4fafd7de9caa1cf3c0fad313d7bb24b2e685_pg9,3.1375126828749984,,False,,,,,,,,,,,,False,,table_tests,5.0,1.0,"[{""id"": ""4fafd7de9caa1cf3c0fad313d7bb24b2e685_pg9_table_00"", ""type"": ""table"", ""passed"": false, ""category"": ""table_tests""}, {""id"": ""4fafd7de9caa1cf3c0fad313d7bb24b2e685_pg9_table_01"", ""type"": ""table"", ""passed"": false, ""category"": ""table_tests""}, {""id"": ""4fafd7de9caa1cf3c0fad313d7bb24b2e685_pg9_table_02"", ""type"": ""table"", ""passed"": false, ""category"": ""table_tests""}, {""id"": ""4fafd7de9caa1cf3c0fad313d7bb24b2e685_pg9_table_03"", ""type"": ""table"", ""passed"": false, ""category"": ""table_tests""}, {""id"": ""auto_baseline"", ""type"": ""baseline"", ""passed"": true, ""category"": ""baseline""}]",,
ocrmypdf,docs,tables__529eeb84602e4fba7df7a4b127af6c830f97_pg12,3.1375126828749984,,False,,,,,,,,,,,,False,,table_tests,4.0,1.0,"[{""id"": ""529eeb84602e4fba7df7a4b127af6c830f97_pg12_table_00"", ""type"": ""table"", ""passed"": false, ""category"": ""table_tests""}, {""id"": ""529eeb84602e4fba7df7a4b127af6c830f97_pg12_table_01"", ""type"": ""table"", ""passed"": false, ""category"": ""table_tests""}, {""id"": ""529eeb84602e4fba7df7a4b127af6c830f97_pg12_table_04"", ""type"": ""table"", ""passed"": false, ""category"": ""table_tests""}, {""id"": ""auto_baseline"", ""type"": ""baseline"", ""passed"": true, ""category"": ""baseline""}]",,
ocrmypdf,docs,tables__a70c1fc81feccfd878dabffd3dc5617b584c_pg5,3.1375126828749984,,False,,,,,,,,,,,,False,,table_tests,6.0,1.0,"[{""id"": ""a70c1fc81feccfd878dabffd3dc5617b584c_pg5_table_00"", ""type"": ""table"", ""passed"": false, ""category"": ""table_tests""}, {""id"": ""a70c1fc81feccfd878dabffd3dc5617b584c_pg5_table_01"", ""type"": ""table"", ""passed"": false, ""category"": ""table_tests""}, {""id"": ""a70c1fc81feccfd878dabffd3dc5617b584c_pg5_table_02"", ""type"": ""table"", ""passed"": false, ""category"": ""table_tests""}, {""id"": ""a70c1fc81feccfd878dabffd3dc5617b584c_pg5_table_03"", ""type"": ""table"", ""passed"": false, ""category"": ""table_tests""}, {""id"": ""a70c1fc81feccfd878dabffd3dc5617b584c_pg5_table_04"", ""type"": ""table"", ""passed"": false, ""category"": ""table_tests""}, {""id"": ""auto_baseline"", ""type"": ""baseline"", ""passed"": true, ""category"": ""baseline""}]",,
ocrmypdf,docs,tables__b2a4c508f7839c1fbd2bb29a0d56c46bc00e_pg13_pg1,3.1375126828749984,,False,,,,,,,,,,,,False,,table_tests,11.0,1.0,"[{""id"": ""b2a4c508f7839c1fbd2bb29a0d56c46bc00e_pg13_table_00"", ""type"": ""table"", ""passed"": false, ""category"": ""table_tests""}, {""id"": ""b2a4c508f7839c1fbd2bb29a0d56c46bc00e_pg13_table_01"", ""type"": ""table"", ""passed"": false, ""category"": ""table_tests""}, {""id"": ""b2a4c508f7839c1fbd2bb29a0d56c46bc00e_pg13_table_02"", ""type"": ""table"", ""passed"": false, ""category"": ""table_tests""}, {""id"": ""b2a4c508f7839c1fbd2bb29a0d56c46bc00e_pg13_table_03"", ""type"": ""table"", ""passed"": false, ""category"": ""table_tests""}, {""id"": ""b2a4c508f7839c1fbd2bb29a0d56c46bc00e_pg13_table_04"", ""type"": ""table"", ""passed"": false, ""category"": ""table_tests""}, {""id"": ""b2a4c508f7839c1fbd2bb29a0d56c46bc00e_pg13_table_05"", ""type"": ""table"", ""passed"": false, ""category"": ""table_tests""}, {""id"": ""b2a4c508f7839c1fbd2bb29a0d56c46bc00e_pg13_table_06"", ""type"": ""table"", ""passed"": false, ""category"": ""table_tests""}, {""id"": ""b2a4c508f7839c1fbd2bb29a0d56c46bc00e_pg13_table_07"", ""type"": ""table"", ""passed"": false, ""category"": ""table_tests""}, {""id"": ""b2a4c508f7839c1fbd2bb29a0d56c46bc00e_pg13_table_08"", ""type"": ""table"", ""passed"": false, ""category"": ""table_tests""}, {""id"": ""b2a4c508f7839c1fbd2bb29a0d56c46bc00e_pg13_table_09"", ""type"": ""table"", ""passed"": false, ""category"": ""table_tests""}, {""id"": ""auto_baseline"", ""type"": ""baseline"", ""passed"": true, ""category"": ""baseline""}]",,
ocrmypdf,docs,tables__b45c138c634308a84b8b2e67997bef8aa70b_pg15,3.1375126828749984,,False,,,,,,,,,,,,False,,table_tests,6.0,1.0,"[{""id"": ""b45c138c634308a84b8b2e67997bef8aa70b_pg15_table_00"", ""type"": ""table"", ""passed"": false, ""category"": ""table_tests""}, {""id"": ""b45c138c634308a84b8b2e67997bef8aa70b_pg15_table_01"", ""type"": ""table"", ""passed"": false, ""category"": ""table_tests""}, {""id"": ""b45c138c634308a84b8b2e67997bef8aa70b_pg15_table_02"", ""type"": ""table"", ""passed"": false, ""category"": ""table_tests""}, {""id"": ""b45c138c634308a84b8b2e67997bef8aa70b_pg15_table_03"", ""type"": ""table"", ""passed"": false, ""category"": ""table_tests""}, {""id"": ""b45c138c634308a84b8b2e67997bef8aa70b_pg15_table_04"", ""type"": ""table"", ""passed"": false, ""category"": ""table_tests""}, {""id"": ""auto_baseline"", ""type"": ""baseline"", ""passed"": true, ""category"": ""baseline""}]",,
ocrmypdf,docs,tables__b5d9db350b31304da912832bcbafc47b64d8_pg2_pg1,3.1375126828749984,,False,,,,,,,,,,,,False,,table_tests,6.0,1.0,"[{""id"": ""b5d9db350b31304da912832bcbafc47b64d8_pg2_table_00"", ""type"": ""table"", ""passed"": false, ""category"": ""table_tests""}, {""id"": ""b5d9db350b31304da912832bcbafc47b64d8_pg2_table_01"", ""type"": ""table"", ""passed"": false, ""category"": ""table_tests""}, {""id"": ""b5d9db350b31304da912832bcbafc47b64d8_pg2_table_02"", ""type"": ""table"", ""passed"": false, ""category"": ""table_tests""}, {""id"": ""b5d9db350b31304da912832bcbafc47b64d8_pg2_table_03"", ""type"": ""table"", ""passed"": false, ""category"": ""table_tests""}, {""id"": ""b5d9db350b31304da912832bcbafc47b64d8_pg2_table_04"", ""type"": ""table"", ""passed"": false, ""category"": ""table_tests""}, {""id"": ""auto_baseline"", ""type"": ""baseline"", ""passed"": true, ""category"": ""baseline""}]",,
ocrmypdf,docs,tables__b773892dc3e755672b9e085e9eeb8ad18690_pg1_pg1,4.860038272499992,,False,,,,,,,,,,,,False,,table_tests,6.0,1.0,"[{""id"": ""b773892dc3e755672b9e085e9eeb8ad18690_pg1_table_00"", ""type"": ""table"", ""passed"": false, ""category"": ""table_tests""}, {""id"": ""b773892dc3e755672b9e085e9eeb8ad18690_pg1_table_01"", ""type"": ""table"", ""passed"": false, ""category"": ""table_tests""}, {""id"": ""b773892dc3e755672b9e085e9eeb8ad18690_pg1_table_02"", ""type"": ""table"", ""passed"": false, ""category"": ""table_tests""}, {""id"": ""b773892dc3e755672b9e085e9eeb8ad18690_pg1_table_03"", ""type"": ""table"", ""passed"": false, ""category"": ""table_tests""}, {""id"": ""b773892dc3e755672b9e085e9eeb8ad18690_pg1_table_04"", ""type"": ""table"", ""passed"": false, ""category"": ""table_tests""}, {""id"": ""auto_baseline"", ""type"": ""baseline"", ""passed"": true, ""category"": ""baseline""}]",,
ocrmypdf,docs,tables__fd6cb6dfe3a918390855052669d9a194231a_pg3,4.860038272499992,,False,,,,,,,,,,,,False,,table_tests,6.0,1.0,"[{""id"": ""fd6cb6dfe3a918390855052669d9a194231a_pg3_table_00"", ""type"": ""table"", ""passed"": false, ""category"": ""table_tests""}, {""id"": ""fd6cb6dfe3a918390855052669d9a194231a_pg3_table_01"", ""type"": ""table"", ""passed"": false, ""category"": ""table_tests""}, {""id"": ""fd6cb6dfe3a918390855052669d9a194231a_pg3_table_02"", ""type"": ""table"", ""passed"": false, ""category"": ""table_tests""}, {""id"": ""fd6cb6dfe3a918390855052669d9a194231a_pg3_table_03"", ""type"": ""table"", ""passed"": false, ""category"": ""table_tests""}, {""id"": ""fd6cb6dfe3a918390855052669d9a194231a_pg3_table_04"", ""type"": ""table"", ""passed"": false, ""category"": ""table_tests""}, {""id"": ""auto_baseline"", ""type"": ""baseline"", ""passed"": true, ""category"": ""baseline""}]",,
ocrmypdf,handwriting,iam_00023,3.0438371896249805,,True,,,1.0,1.0,1.0,40.0,40.0,0.0,0.0,0.0,0.0,True,False,,,,,,
ocrmypdf,handwriting,iam_00030,3.0438371896249805,,False,,,0.36363636363636365,0.36363636363636365,1.0,20.0,55.0,0.25,0.2222222222222222,0.7777777777777778,0.9272727272727272,False,False,,,,,,
ocrmypdf,handwriting,iam_00059,3.0438371896249805,,False,,,0.8604651162790697,0.8604651162790697,1.0,37.0,43.0,0.0,0.0,1.0,0.20930232558139536,False,False,,,,,,
ocrmypdf,handwriting,iam_00064,3.0438371896249805,,False,,,0.676056338028169,0.676056338028169,1.1666666666666667,48.0,71.0,0.0,0.0,1.0,0.7605633802816901,False,False,,,,,,
ocrmypdf,handwriting,iam_00071,3.0438371896249805,,False,,,0.15384615384615385,0.15384615384615385,0.5,6.0,39.0,0.875,0.875,0.125,0.9743589743589743,False,False,,,,,,
ocrmypdf,handwriting,iam_00079,3.0438371896249805,,False,,,0.813953488372093,0.813953488372093,1.0,35.0,43.0,0.0,0.0,1.0,0.32558139534883723,False,False,,,,,,
ocrmypdf,handwriting,iam_00126,3.0438371896249805,,False,,,0.22448979591836735,0.22448979591836735,0.7272727272727273,11.0,49.0,0.45454545454545453,0.45454545454545453,0.5454545454545454,0.9795918367346939,False,False,,,,,,
ocrmypdf,handwriting,iam_00143,3.0438371896249805,,False,,,0.6153846153846154,0.6153846153846154,1.1428571428571428,24.0,39.0,0.0,0.0,1.0,0.8974358974358975,False,False,,,,,,
ocrmypdf,handwriting,iam_00188,3.0438371896249805,,False,,,0.24444444444444444,0.24444444444444444,0.7142857142857143,11.0,45.0,0.5,0.4444444444444444,0.5555555555555556,0.9333333333333333,False,False,,,,,,
ocrmypdf,handwriting,iam_00258,3.0438371896249805,,False,,,0.6153846153846154,0.6153846153846154,1.875,32.0,52.0,0.0,0.0,1.0,1.1153846153846154,False,False,,,,,,
ocrmypdf,handwriting,iam_00264,3.0438371896249805,,False,,,0.3728813559322034,0.3728813559322034,0.7272727272727273,22.0,59.0,0.2,0.2,0.8,0.847457627118644,False,False,,,,,,
ocrmypdf,handwriting,iam_00280,3.0438371896249805,,False,,,0.5813953488372093,0.5813953488372093,1.4,25.0,43.0,0.16666666666666666,0.125,0.875,0.9302325581395349,False,False,,,,,,
ocrmypdf,handwriting,iam_00289,3.0438371896249805,,False,,,0.35,0.35,0.75,21.0,60.0,0.4166666666666667,0.4166666666666667,0.5833333333333334,0.9166666666666666,False,False,,,,,,
ocrmypdf,handwriting,iam_00343,3.0438371896249805,,False,,,0.43137254901960786,0.43137254901960786,0.8571428571428571,22.0,51.0,0.14285714285714285,0.14285714285714285,0.8571428571428571,0.8235294117647058,False,False,,,,,,
ocrmypdf,handwriting,iam_00364,3.0438371896249805,,False,,,0.4444444444444444,0.4444444444444444,1.1666666666666667,16.0,36.0,0.16666666666666666,0.125,0.875,1.0277777777777777,False,False,,,,,,
ocrmypdf,handwriting,iam_00371,3.0438371896249805,,False,,,1.0,1.0,1.0,44.0,44.0,0.0,0.0,0.0,0.0,True,False,,,,,,
ocrmypdf,handwriting,iam_00373,0.6952869854999904,,False,,,1.0,1.0,1.0,32.0,32.0,0.0,0.0,0.0,0.0,True,False,,,,,,
ocrmypdf,handwriting,iam_00403,0.6952869854999904,,False,,,0.7222222222222222,0.7222222222222222,0.8333333333333334,26.0,36.0,0.3333333333333333,0.2857142857142857,0.7142857142857143,0.6944444444444444,False,False,,,,,,
ocrmypdf,handwriting,iam_00468,0.6952869854999904,,False,,,0.6216216216216216,0.6216216216216216,1.0,23.0,37.0,0.14285714285714285,0.125,0.875,0.7837837837837838,False,False,,,,,,
ocrmypdf,handwriting,iam_00478,0.6952869854999904,,False,,,0.9655172413793104,0.9655172413793104,1.0,28.0,29.0,0.0,0.0,1.0,0.10344827586206896,False,False,,,,,,
ocrmypdf,handwriting,iam_00588,0.6952869854999904,,False,,,0.3829787234042553,0.3829787234042553,1.0,18.0,47.0,0.125,0.1111111111111111,0.8888888888888888,0.8297872340425532,False,False,,,,,,
ocrmypdf,handwriting,iam_00608,0.6952869854999904,,False,,,0.6923076923076923,0.6923076923076923,1.2222222222222223,36.0,52.0,0.25,0.16666666666666666,0.8333333333333334,1.0,False,False,,,,,,
ocrmypdf,handwriting,iam_00749,0.6952869854999904,,False,,,0.8333333333333334,0.8333333333333334,1.5,10.0,12.0,0.0,0.0,1.0,1.0833333333333333,False,False,,,,,,
ocrmypdf,handwriting,iam_00819,0.6952869854999904,,False,,,0.6046511627906976,0.6046511627906976,1.1428571428571428,26.0,43.0,0.0,0.0,1.0,0.8837209302325582,False,False,,,,,,
ocrmypdf,handwriting,iam_00969,0.6952869854999904,,False,,,0.45,0.45,1.0,18.0,40.0,0.14285714285714285,0.14285714285714285,0.8571428571428571,1.1,False,False,,,,,,
ocrmypdf,handwriting,iam_01020,0.6952869854999904,,False,,,0.6,0.6,0.875,21.0,35.0,0.125,0.1111111111111111,0.8888888888888888,0.9428571428571428,False,False,,,,,,
ocrmypdf,handwriting,iam_01023,0.6952869854999904,,False,,,0.425531914893617,0.425531914893617,0.8571428571428571,20.0,47.0,0.14285714285714285,0.14285714285714285,0.8571428571428571,0.9787234042553191,False,False,,,,,,
ocrmypdf,handwriting,iam_01091,0.6952869854999904,,False,,,0.21568627450980393,0.21568627450980393,0.5555555555555556,11.0,51.0,0.5,0.5,0.5,0.9607843137254902,False,False,,,,,,
ocrmypdf,handwriting,iam_01104,0.6952869854999904,,False,,,0.5806451612903226,0.5806451612903226,1.0,18.0,31.0,0.0,0.0,1.0,0.9354838709677419,False,False,,,,,,
ocrmypdf,handwriting,iam_01238,0.6952869854999904,,False,,,0.65,0.65,1.0,26.0,40.0,0.16666666666666666,0.14285714285714285,0.8571428571428571,0.7,False,False,,,,,,
ocrmypdf,handwriting,iam_01366,0.6952869854999904,,False,,,0.40425531914893614,0.40425531914893614,0.8888888888888888,19.0,47.0,0.1111111111111111,0.1111111111111111,0.8888888888888888,0.8936170212765957,False,False,,,,,,
ocrmypdf,handwriting,iam_01417,0.6952869854999904,,False,,,0.11320754716981132,0.11320754716981132,0.3,6.0,53.0,0.8181818181818182,0.8181818181818182,0.18181818181818182,0.9811320754716981,False,False,,,,,,
ocrmypdf,handwriting,iam_01452,0.6247033555625023,,False,,,0.3333333333333333,0.3333333333333333,0.625,17.0,51.0,0.375,0.375,0.625,0.9019607843137255,False,False,,,,,,
ocrmypdf,handwriting,iam_01455,0.6247033555625023,,False,,,1.0,1.0,1.0,5.0,5.0,0.0,0.0,0.0,0.0,True,False,,,,,,
ocrmypdf,handwriting,iam_01805,0.6247033555625023,,False,,,0.47368421052631576,0.47368421052631576,1.0,18.0,38.0,0.125,0.1111111111111111,0.8888888888888888,0.9736842105263158,False,False,,,,,,
ocrmypdf,handwriting,iam_01857,0.6247033555625023,,False,,,1.0,1.0,1.0,37.0,37.0,0.0,0.0,0.0,0.0,True,False,,,,,,
ocrmypdf,handwriting,iam_01898,0.6247033555625023,,False,,,0.16,0.16,0.4,8.0,50.0,0.7,0.6363636363636364,0.36363636363636365,0.96,False,False,,,,,,
ocrmypdf,handwriting,iam_01908,0.6247033555625023,,False,,,0.11320754716981132,0.11320754716981132,0.36363636363636365,6.0,53.0,0.6363636363636364,0.6363636363636364,0.36363636363636365,0.9245283018867925,False,False,,,,,,
ocrmypdf,handwriting,iam_01970,0.6247033555625023,,False,,,1.0,1.0,1.0,40.0,40.0,0.0,0.0,0.0,0.0,True,False,,,,,,
ocrmypdf,handwriting,iam_01983,0.6247033555625023,,False,,,0.5869565217391305,0.5869565217391305,0.9,27.0,46.0,0.1111111111111111,0.1111111111111111,0.8888888888888888,0.6956521739130435,False,False,,,,,,
ocrmypdf,handwriting,iam_01993,0.6247033555625023,,False,,,0.15217391304347827,0.15217391304347827,0.4444444444444444,7.0,46.0,0.6666666666666666,0.6666666666666666,0.3333333333333333,0.9782608695652174,False,False,,,,,,
ocrmypdf,handwriting,iam_02060,0.6247033555625023,,False,,,0.6938775510204082,0.6938775510204082,1.0,34.0,49.0,0.0,0.0,1.0,0.5714285714285714,False,False,,,,,,
ocrmypdf,handwriting,iam_02081,0.6247033555625023,,False,,,0.6222222222222222,0.6,1.0,27.0,45.0,0.1111111111111111,0.125,0.875,0.6888888888888889,False,False,,,,,,
ocrmypdf,handwriting,iam_02109,0.6247033555625023,,False,,,0.8604651162790697,0.8604651162790697,1.1111111111111112,37.0,43.0,0.0,0.0,1.0,0.813953488372093,False,False,,,,,,
ocrmypdf,handwriting,iam_02171,0.6247033555625023,,False,,,0.125,0.125,0.4,5.0,40.0,0.6,0.6,0.4,1.0,False,False,,,,,,
ocrmypdf,handwriting,iam_02216,0.6247033555625023,,False,,,0.36585365853658536,0.36585365853658536,1.0,15.0,41.0,0.0,0.0,1.0,0.8292682926829268,False,False,,,,,,
ocrmypdf,handwriting,iam_02279,0.6247033555625023,,False,,,0.6326530612244898,0.6326530612244898,1.2,31.0,49.0,0.0,0.0,1.0,0.9183673469387755,False,False,,,,,,
ocrmypdf,handwriting,iam_02371,0.6247033555625023,,False,,,0.5909090909090909,0.5909090909090909,1.0,13.0,22.0,0.25,0.2,0.8,0.8181818181818182,False,False,,,,,,
ocrmypdf,handwriting,iam_02384,0.6403131148333235,,False,,,0.7692307692307693,0.7692307692307693,1.0,30.0,39.0,0.0,0.0,1.0,0.3333333333333333,False,False,,,,,,
ocrmypdf,handwriting,iam_02463,0.6403131148333235,,False,,,0.5,0.5,0.875,20.0,40.0,0.2,0.25,0.75,0.825,False,False,,,,,,
ocrmypdf,handwriting,iam_02522,0.6403131148333235,,False,,,0.5714285714285714,0.5714285714285714,1.4285714285714286,28.0,49.0,0.0,0.0,1.0,0.7755102040816326,False,False,,,,,,
ocrmypdf,handwriting,iam_02552,0.6403131148333235,,False,,,0.4146341463414634,0.4146341463414634,0.9,17.0,41.0,0.2727272727272727,0.3333333333333333,0.6666666666666666,0.9512195121951219,False,False,,,,,,
ocrmypdf,handwriting,iam_02640,0.6403131148333235,,False,,,0.6938775510204082,0.6938775510204082,1.0,34.0,49.0,0.0,0.0,1.0,0.7142857142857143,False,False,,,,,,
ocrmypdf,handwriting,iam_02655,0.6403131148333235,,False,,,0.5294117647058824,0.5098039215686274,1.0,26.0,51.0,0.18181818181818182,0.2,0.8,0.7843137254901961,False,False,,,,,,
ocrmypdf,handwriting,iam_02684,0.6403131148333235,,False,,,0.38596491228070173,0.38596491228070173,0.7857142857142857,22.0,57.0,0.2857142857142857,0.2857142857142857,0.7142857142857143,0.9122807017543859,False,False,,,,,,
ocrmypdf,handwriting,iam_02725,0.6403131148333235,,False,,,0.47368421052631576,0.47368421052631576,0.8,27.0,57.0,0.2727272727272727,0.2727272727272727,0.7272727272727273,0.8070175438596491,False,False,,,,,,
ocrmypdf,handwriting,iam_02733,0.6403131148333235,,False,,,0.2564102564102564,0.2564102564102564,0.6666666666666666,10.0,39.0,0.3333333333333333,0.3333333333333333,0.6666666666666666,0.9230769230769231,False,False,,,,,,
ocrmypdf,handwriting,iam_02750,0.6403131148333235,,False,,,0.3,0.3,0.8571428571428571,12.0,40.0,0.14285714285714285,0.14285714285714285,0.8571428571428571,0.95,False,False,,,,,,
ocrmypdf,handwriting,iam_02765,0.6403131148333235,,False,,,1.0,1.0,1.0,38.0,38.0,0.0,0.0,0.0,0.0,True,False,,,,,,
ocrmypdf,handwriting,iam_02838,0.6403131148333235,,False,,,0.4444444444444444,0.4444444444444444,1.1666666666666667,12.0,27.0,0.3333333333333333,0.2857142857142857,0.7142857142857143,1.0,False,False,,,,,,
ocrmypdf,stress,syn000_prose__clean,2.7021115364375135,,False,,,0.0009153318077803204,0.0009165902841429881,0.005141388174807198,2.0,2182.0,0.9949622166246851,0.9949622166246851,0.005037783375314861,1.0,False,False,,,,,prose,clean
ocrmypdf,stress,syn000_prose__dpi150,2.7021115364375135,,False,,,0.0004576659038901602,0.00045829514207149406,0.002570694087403599,1.0,2182.0,0.9974811083123426,0.9974811083123426,0.0025188916876574307,1.0,False,False,,,,,prose,dpi150
ocrmypdf,stress,syn000_prose__dpi75,2.7021115364375135,,False,,,0.49702517162471394,0.49725022914757105,0.5809768637532133,1085.0,2182.0,0.4508816120906801,0.8026905829596412,0.19730941704035873,0.5297891842346472,False,False,,,,,prose,dpi75
ocrmypdf,stress,syn000_prose__blur,2.7021115364375135,,False,,,0.007322654462242563,0.005499541704857928,0.015424164524421594,12.0,2182.0,0.9848866498740554,1.0,0.0,0.9945004582951421,False,False,,,,,prose,blur
ocrmypdf,stress,syn000_prose__noise,2.7021115364375135,,False,,,0.10389016018306636,0.10128322639780019,0.2570694087403599,221.0,2182.0,0.9193954659949622,0.8568075117370892,0.1431924882629108,1.0233730522456461,False,False,,,,,prose,noise
ocrmypdf,stress,syn000_prose__rotate3,2.7021115364375135,,False,,,0.0,0.0,0.0,0.0,2182.0,1.0,1.0,0.0,1.0,False,False,,,,,prose,rotate3
ocrmypdf,stress,syn000_prose__rotate8,2.7021115364375135,,False,,,1.0,1.0,1.0,2182.0,2182.0,0.0,0.0,0.0,0.0,True,False,,,,,prose,rotate8
ocrmypdf,stress,syn000_prose__jpeg_q10,2.7021115364375135,,False,,,0.0,0.0,0.0,0.0,2182.0,1.0,1.0,0.0,1.0,False,False,,,,,prose,jpeg_q10
ocrmypdf,stress,syn000_prose__low_contrast,2.7021115364375135,,False,,,0.0,0.0,0.0,0.0,2182.0,1.0,1.0,0.0,1.0,False,False,,,,,prose,low_contrast
ocrmypdf,stress,syn000_prose__photocopy,2.7021115364375135,,False,,,0.0009153318077803204,0.00045829514207149406,0.002570694087403599,1.0,2182.0,0.9974811083123426,0.9974811083123426,0.0025188916876574307,1.0,False,False,,,,,prose,photocopy
ocrmypdf,stress,syn000_prose__phone_photo,2.7021115364375135,,False,,,0.6178489702517163,0.6182401466544455,0.7969151670951157,1349.0,2182.0,0.9269521410579346,0.863849765258216,0.13615023474178403,1.0201649862511457,False,False,,,,,prose,phone_photo
ocrmypdf,stress,syn001_two_column__clean,2.7021115364375135,,False,,,0.0019455252918287938,0.0019455252918287938,0.005361930294906166,4.0,2056.0,0.9946666666666667,1.0,0.0,0.9980544747081712,False,False,,,,,two_column,clean
ocrmypdf,stress,syn001_two_column__dpi150,2.7021115364375135,,False,,,0.005350194552529183,0.004377431906614786,0.0160857908847185,9.0,2056.0,0.984,0.9972972972972973,0.002702702702702703,0.9956225680933852,False,False,,,,,two_column,dpi150
ocrmypdf,stress,syn001_two_column__dpi75,2.7021115364375135,,False,,,0.8628404669260701,0.8628404669260701,0.9276139410187667,1774.0,2056.0,0.096,0.6,0.4,0.1517509727626459,False,False,,,,,two_column,dpi75
ocrmypdf,stress,syn001_two_column__blur,2.7021115364375135,,False,,,0.06420233463035019,0.0627431906614786,0.2037533512064343,129.0,2056.0,0.88,0.889487870619946,0.1105121293800539,0.9708171206225681,False,False,,,,,two_column,blur
ocrmypdf,stress,syn001_two_column__noise,2.7021115364375135,,False,,,0.30787937743190663,0.3035019455252918,0.4343163538873995,624.0,2056.0,0.928,0.8721804511278195,0.12781954887218044,1.0520428015564203,False,False,,,,,two_column,noise
ocrmypdf,stress,syn001_two_column__rotate3,13.807846517125,,False,,,0.0038910505836575876,0.0038910505836575876,0.010723860589812333,8.0,2056.0,0.9893333333333333,1.0,0.0,0.9961089494163424,False,False,,,,,two_column,rotate3
ocrmypdf,stress,syn001_two_column__rotate8,13.807846517125,,False,,,0.005350194552529183,0.0038910505836575876,0.010723860589812333,8.0,2056.0,0.9893333333333333,1.0,0.0,0.9961089494163424,False,False,,,,,two_column,rotate8
ocrmypdf,stress,syn001_two_column__jpeg_q10,13.807846517125,,False,,,0.005836575875486381,0.005350194552529183,0.024128686327077747,11.0,2056.0,0.984,0.9972972972972973,0.002702702702702703,0.9961089494163424,False,False,,,,,two_column,jpeg_q10
ocrmypdf,stress,syn001_two_column__low_contrast,13.807846517125,,False,,,0.0038910505836575876,0.0038910505836575876,0.010723860589812333,8.0,2056.0,0.9893333333333333,1.0,0.0,0.9961089494163424,False,False,,,,,two_column,low_contrast
ocrmypdf,stress,syn001_two_column__photocopy,13.807846517125,,False,,,0.013132295719844358,0.013132295719844358,0.045576407506702415,27.0,2056.0,0.984,0.9892761394101877,0.010723860589812333,1.0038910505836576,False,False,,,,,two_column,photocopy
ocrmypdf,stress,syn001_two_column__phone_photo,13.807846517125,,False,,,0.11964980544747082,0.11964980544747082,0.13941018766756033,246.0,2056.0,0.9813333333333333,0.989247311827957,0.010752688172043012,0.997568093385214,False,False,,,,,two_column,phone_photo
ocrmypdf,stress,syn002_table__clean,13.807846517125,,False,,,0.0,0.0,0.0,0.0,426.0,1.0,1.0,0.0,1.0,False,False,,,,,table,clean
ocrmypdf,stress,syn002_table__dpi150,13.807846517125,,False,,,0.0,0.0,0.0,0.0,426.0,1.0,1.0,0.0,1.0,False,False,,,,,table,dpi150
ocrmypdf,stress,syn002_table__dpi75,13.807846517125,,False,,,0.09624413145539906,0.09624413145539906,0.3384615384615385,41.0,426.0,0.7222222222222222,0.7926829268292683,0.2073170731707317,0.9929577464788732,False,False,,,,,table,dpi75
ocrmypdf,stress,syn002_table__blur,13.807846517125,,False,,,0.176056338028169,0.176056338028169,0.4307692307692308,75.0,426.0,0.6888888888888889,0.7948717948717948,0.20512820512820512,0.8802816901408451,False,False,,,,,table,blur
ocrmypdf,stress,syn002_table__noise,13.807846517125,,False,,,1.0,1.0,1.0,426.0,426.0,0.0,0.0,0.0,0.0,True,False,,,,,table,noise
ocrmypdf,stress,syn002_table__rotate3,13.807846517125,,False,,,0.0,0.0,0.0,0.0,426.0,1.0,1.0,0.0,1.0,False,False,,,,,table,rotate3
ocrmypdf,stress,syn002_table__rotate8,13.807846517125,,False,,,1.0,1.0,1.0,426.0,426.0,0.0,0.0,0.0,0.0,True,False,,,,,table,rotate8
ocrmypdf,stress,syn002_table__jpeg_q10,13.807846517125,,False,,,0.0,0.0,0.0,0.0,426.0,1.0,1.0,0.0,1.0,False,False,,,,,table,jpeg_q10
ocrmypdf,stress,syn002_table__low_contrast,13.807846517125,,False,,,0.0,0.0,0.0,0.0,426.0,1.0,1.0,0.0,1.0,False,False,,,,,table,low_contrast
ocrmypdf,stress,syn002_table__photocopy,13.807846517125,,False,,,0.6197183098591549,0.6173708920187794,1.0461538461538462,263.0,426.0,0.34444444444444444,0.4025974025974026,0.5974025974025974,0.7746478873239436,False,False,,,,,table,photocopy
ocrmypdf,stress,syn002_table__phone_photo,1.7817433840625085,,False,,,0.6431924882629108,0.6431924882629108,0.676923076923077,274.0,426.0,0.9,1.0,0.0,0.9389671361502347,False,False,,,,,table,phone_photo
ocrmypdf,stress,syn003_invoice__clean,1.7817433840625085,,False,,,0.0,0.0,0.0,0.0,463.0,1.0,1.0,0.0,1.0,False,False,,,,,invoice,clean
ocrmypdf,stress,syn003_invoice__dpi150,1.7817433840625085,,False,,,0.004319654427645789,0.004319654427645789,0.015151515151515152,2.0,463.0,0.9891304347826086,0.9891304347826086,0.010869565217391304,1.0021598272138228,False,False,,,,,invoice,dpi150
ocrmypdf,stress,syn003_invoice__dpi75,1.7817433840625085,,False,,,0.07775377969762419,0.07775377969762419,0.3787878787878788,36.0,463.0,0.782608695652174,0.8181818181818182,0.18181818181818182,0.9956803455723542,False,False,,,,,invoice,dpi75
ocrmypdf,stress,syn003_invoice__blur,1.7817433840625085,,False,,,0.06047516198704104,0.06047516198704104,0.3333333333333333,28.0,463.0,0.9130434782608695,0.9333333333333333,0.06666666666666667,0.9740820734341252,False,False,,,,,invoice,blur
ocrmypdf,stress,syn003_invoice__noise,1.7817433840625085,,False,,,1.0,1.0,1.0,463.0,463.0,0.0,0.0,0.0,0.0,True,False,,,,,invoice,noise
ocrmypdf,stress,syn003_invoice__rotate3,1.7817433840625085,,False,,,0.0,0.0,0.0,0.0,463.0,1.0,1.0,0.0,1.0,False,False,,,,,invoice,rotate3
ocrmypdf,stress,syn003_invoice__rotate8,1.7817433840625085,,False,,,1.0,1.0,1.0,463.0,463.0,0.0,0.0,0.0,0.0,True,False,,,,,invoice,rotate8
ocrmypdf,stress,syn003_invoice__jpeg_q10,1.7817433840625085,,False,,,0.023758099352051837,0.023758099352051837,0.06060606060606061,11.0,463.0,0.967391304347826,0.978021978021978,0.02197802197802198,0.9935205183585313,False,False,,,,,invoice,jpeg_q10
ocrmypdf,stress,syn003_invoice__low_contrast,1.7817433840625085,,False,,,0.0,0.0,0.0,0.0,463.0,1.0,1.0,0.0,1.0,False,False,,,,,invoice,low_contrast
ocrmypdf,stress,syn003_invoice__photocopy,1.7817433840625085,,False,,,0.38444924406047515,0.38444924406047515,0.7575757575757576,178.0,463.0,0.7391304347826086,0.7472527472527473,0.25274725274725274,1.0518358531317495,False,False,,,,,invoice,photocopy
ocrmypdf,stress,syn003_invoice__phone_photo,1.7817433840625085,,False,,,0.20086393088552915,0.20086393088552915,0.21212121212121213,93.0,463.0,0.9565217391304348,1.0,0.0,0.9524838012958964,False,False,,,,,invoice,phone_photo
ocrmypdf,stress,syn004_prose__clean,1.7817433840625085,,False,,,0.0013380909901873326,0.0013380909901873326,0.005115089514066497,3.0,2242.0,0.9949238578680203,0.9949238578680203,0.005076142131979695,1.0004460303300624,False,False,,,,,prose,clean
ocrmypdf,stress,syn004_prose__dpi150,1.7817433840625085,,False,,,0.0013380909901873326,0.0013380909901873326,0.005115089514066497,3.0,2242.0,0.9949238578680203,0.9949238578680203,0.005076142131979695,1.0004460303300624,False,False,,,,,prose,dpi150
ocrmypdf,stress,syn004_prose__dpi75,1.7817433840625085,,False,,,0.32337198929527206,0.3238180196253345,0.41687979539641945,726.0,2242.0,0.6294416243654822,0.8701754385964913,0.12982456140350876,0.6868867082961642,False,False,,,,,prose,dpi75
ocrmypdf,stress,syn004_prose__blur,1.7817433840625085,,False,,,0.007136485280999108,0.007136485280999108,0.023017902813299233,16.0,2242.0,0.9771573604060914,0.9922680412371134,0.007731958762886598,0.9942016057091883,False,False,,,,,prose,blur
ocrmypdf,stress,syn004_prose__noise,2.9969846909999824,,False,,,0.09322033898305085,0.09009812667261374,0.24040920716112532,202.0,2242.0,0.9289340101522843,0.8472222222222222,0.1527777777777778,1.031222123104371,False,False,,,,,prose,noise
ocrmypdf,stress,syn004_prose__rotate3,2.9969846909999824,,False,,,0.0008920606601248885,0.0008920606601248885,0.0076726342710997444,2.0,2242.0,0.9923857868020305,0.9949109414758269,0.005089058524173028,0.9995539696699376,False,False,,,,,prose,rotate3
ocrmypdf,stress,syn004_prose__rotate8,2.9969846909999824,,False,,,0.8791257805530777,0.8795718108831401,0.928388746803069,1972.0,2242.0,0.09898477157360407,0.78,0.22,0.12934879571810884,False,False,,,,,prose,rotate8
ocrmypdf,stress,syn004_prose__jpeg_q10,2.9969846909999824,,False,,,0.0013380909901873326,0.0013380909901873326,0.005115089514066497,3.0,2242.0,0.9949238578680203,0.9949238578680203,0.005076142131979695,1.0004460303300624,False,False,,,,,prose,jpeg_q10
ocrmypdf,stress,syn004_prose__low_contrast,2.9969846909999824,,False,,,0.0013380909901873326,0.0013380909901873326,0.005115089514066497,3.0,2242.0,0.9949238578680203,0.9949238578680203,0.005076142131979695,1.0004460303300624,False,False,,,,,prose,low_contrast
ocrmypdf,stress,syn004_prose__photocopy,2.9969846909999824,,False,,,0.00847457627118644,0.00847457627118644,0.02557544757033248,19.0,2242.0,0.9949238578680203,0.9949238578680203,0.005076142131979695,1.0062444246208742,False,False,,,,,prose,photocopy
ocrmypdf,stress,syn004_prose__phone_photo,2.9969846909999824,,False,,,0.6574487065120428,0.6574487065120428,0.8951406649616368,1474.0,2242.0,0.868020304568528,0.7790432801822323,0.22095671981776766,1.028991971454059,False,False,,,,,prose,phone_photo
ovisocr2,books,birdsofgreatbrit02butl_0093_full,8.208122298531237,589.0,False,birdsofgreatbrit02butl,en,0.009615384615384616,0.002179598953792502,0.01078167115902965,5.0,2294.0,0.9896373056994818,0.9870801033591732,0.012919896640826873,1.000871839581517,False,False,,,,,,
ovisocr2,books,birdsofgreatbrit02butl_0126_full,8.208122298531237,707.0,False,birdsofgreatbrit02butl,en,0.011627906976744186,0.0007042253521126761,0.004338394793926247,2.0,2840.0,0.9959677419354839,0.9919678714859438,0.008032128514056224,1.0007042253521128,False,False,,,,,,
ovisocr2,books,birdsofgreatbrit02butl_0156_full,8.208122298531237,483.0,False,birdsofgreatbrit02butl,en,0.013978494623655914,0.0032085561497326204,0.009868421052631578,6.0,1870.0,0.9903846153846154,0.9903846153846154,0.009615384615384616,1.0016042780748664,False,False,,,,,,
ovisocr2,books,birdsofgreatbrit02butl_0159_full,8.208122298531237,694.0,False,birdsofgreatbrit02butl,en,0.006922810661128418,0.00034518467380048324,0.003861003861003861,1.0,2897.0,1.0,1.0,0.0,0.9996548153261995,False,False,,,,,,
ovisocr2,books,birdsofgreatbrit02butl_0172_full,8.208122298531237,732.0,False,birdsofgreatbrit02butl,en,0.01741608613046232,0.001257071024512885,0.0034482758620689655,4.0,3182.0,0.9966101694915255,0.9966101694915255,0.003389830508474576,1.0006285355122564,False,False,,,,,,
ovisocr2,books,birdsofgreatbrit02butl_0308_full,8.208122298531237,448.0,False,birdsofgreatbrit02butl,en,0.008767123287671232,0.001095290251916758,0.003048780487804878,2.0,1826.0,0.9970326409495549,0.9970326409495549,0.002967359050445104,1.0005476451259583,False,False,,,,,,
ovisocr2,books,birdsofgreatbrit02butl_0312_full,8.208122298531237,276.0,False,birdsofgreatbrit02butl,en,0.005597014925373134,0.003727865796831314,0.02247191011235955,4.0,1073.0,0.989010989010989,0.9782608695652174,0.021739130434782608,1.0009319664492078,False,False,,,,,,
ovisocr2,books,birdsofgreatbrit02butl_0320_full,8.208122298531237,526.0,False,birdsofgreatbrit02butl,en,0.005006827492034593,0.001364877161055505,0.005479452054794521,3.0,2198.0,0.9947916666666666,0.9947916666666666,0.005208333333333333,1.000454959053685,False,False,,,,,,
ovisocr2,books,birdsofgreatbrit02butl_0328_full,8.208122298531237,244.0,False,birdsofgreatbrit02butl,en,0.04468412942989214,0.04160246533127889,0.18947368421052632,27.0,649.0,0.8962264150943396,0.8715596330275229,0.12844036697247707,1.0107858243451464,False,False,,,,,,
ovisocr2,books,conchologiaiconi05reev_0039_full,8.208122298531237,1180.0,False,conchologiaiconi05reev,en,0.020610687022900764,0.010692464358452138,0.0647985989492119,42.0,3928.0,0.9384615384615385,0.9384615384615385,0.06153846153846154,0.9984725050916496,False,False,,,,,,
ovisocr2,books,conchologiaiconi05reev_0127_full,8.208122298531237,1214.0,False,conchologiaiconi05reev,en,0.027702868350085806,0.013044548363278365,0.09652509652509653,53.0,4063.0,0.912639405204461,0.9092592592592592,0.09074074074074075,1.0007383706620723,False,False,,,,,,
ovisocr2,books,conchologiaiconi05reev_0200_full,8.208122298531237,1200.0,False,conchologiaiconi05reev,en,0.027669015922735577,0.014466070489216202,0.09145129224652088,55.0,3802.0,0.921455938697318,0.9161904761904762,0.0838095238095238,1.0023671751709626,False,False,,,,,,
ovisocr2,books,conchologiaiconi05reev_0235_full,8.208122298531237,1112.0,False,conchologiaiconi05reev,en,0.030479357162648935,0.01526929483620211,0.11304347826086956,55.0,3602.0,0.891213389121339,0.8893528183716075,0.11064718162839249,1.001388117712382,False,False,,,,,,
ovisocr2,books,conchologiaiconi05reev_0271_full,8.208122298531237,1207.0,False,conchologiaiconi05reev,en,0.03322615219721329,0.018215912135012054,0.13445378151260504,68.0,3733.0,0.8722109533468559,0.8686868686868687,0.13131313131313133,1.000267881060809,False,False,,,,,,
ovisocr2,books,conchologiaiconi05reev_0276_full,8.208122298531237,1499.0,False,conchologiaiconi05reev,en,0.03650273224043716,0.02410694718387026,0.09930313588850175,110.0,4563.0,0.9128978224455612,0.9144295302013423,0.08557046979865772,0.9993425378040762,False,False,,,,,,
ovisocr2,books,conchologiaiconi05reev_0350_full,8.208122298531237,617.0,False,conchologiaiconi05reev,en,0.031121281464530894,0.014699127239320165,0.09491525423728814,32.0,2177.0,0.9072847682119205,0.9042904290429042,0.09570957095709572,1.0013780431786863,False,False,,,,,,
ovisocr2,books,conchologiaiconi05reev_0354_full,8.208122298531237,1116.0,False,conchologiaiconi05reev,en,0.031487208321619345,0.015739179314221474,0.10337552742616034,56.0,3558.0,0.9066937119675457,0.9048582995951417,0.0951417004048583,1.0002810567734683,False,False,,,,,,
ovisocr2,books,conchologiaiconi05reev_0433_full,8.208122298531237,1126.0,False,conchologiaiconi05reev,en,0.02247495261305172,0.013858695652173913,0.10652173913043478,51.0,3680.0,0.9055441478439425,0.9,0.1,1.0013586956521738,False,False,,,,,,
ovisocr2,books,daschitinskelett00prel_0011_full,8.208122298531237,704.0,False,daschitinskelett00prel,de,0.0050858232676414495,0.0012763241863433313,0.01152073732718894,4.0,3134.0,0.9953596287703016,0.9953596287703016,0.004640371229698376,0.9993618379068283,False,False,,,,,,
ovisocr2,books,daschitinskelett00prel_0021_full,8.208122298531237,977.0,False,daschitinskelett00prel,de,0.007252007252007252,0.004674110620618021,0.01950354609929078,18.0,3851.0,0.9857651245551602,0.9840142095914742,0.015985790408525755,0.9992209815632304,False,False,,,,,,
ovisocr2,books,daschitinskelett00prel_0034_full,8.208122298531237,732.0,False,daschitinskelett00prel,de,0.008372404554588079,0.007042253521126761,0.03286384976525822,21.0,2982.0,0.9835294117647059,0.9743589743589743,0.02564102564102564,0.9993293091884641,False,False,,,,,,
ovisocr2,books,daschitinskelett00prel_0037_full,8.208122298531237,935.0,False,daschitinskelett00prel,de,0.008181578252837161,0.0037095919448860626,0.020036429872495445,14.0,3774.0,0.9835766423357665,0.9835766423357665,0.016423357664233577,0.998145204027557,False,False,,,,,,
ovisocr2,books,daschitinskelett00prel_0038_full,8.208122298531237,955.0,False,daschitinskelett00prel,de,0.01244490536686544,0.008851861494402499,0.07547169811320754,34.0,3841.0,0.9811320754716981,0.931899641577061,0.06810035842293907,1.0067690705545431,False,False,,,,,,
ovisocr2,books,daschitinskelett00prel_0051_full,8.208122298531237,985.0,False,daschitinskelett00prel,de,0.021426770859591632,0.018963337547408345,0.14107142857142857,75.0,3955.0,0.9731182795698925,0.8786407766990292,0.12135922330097088,1.0156763590391908,False,False,,,,,,
ovisocr2,books,daschitinskelett00prel_0057_full,8.208122298531237,822.0,False,daschitinskelett00prel,de,0.0045871559633027525,0.004018369690011481,0.0273109243697479,14.0,3484.0,0.9852941176470589,0.9832285115303984,0.016771488469601678,0.9994259471871412,False,False,,,,,,
ovisocr2,books,daschitinskelett00prel_0060_full,8.208122298531237,208.0,False,daschitinskelett00prel,de,0.011086474501108648,0.004464285714285714,0.01652892561983471,4.0,896.0,1.0,1.0,0.0,0.9955357142857143,False,False,,,,,,
ovisocr2,books,histoirenaturell10cuvi_0014_full,8.208122298531237,293.0,False,histoirenaturell10cuvi,fr,0.0226890756302521,0.012711864406779662,0.03977272727272727,15.0,1180.0,0.9680851063829787,0.9578947368421052,0.042105263157894736,0.9966101694915255,False,False,,,,,,
ovisocr2,books,histoirenaturell10cuvi_0070_full,8.208122298531237,415.0,False,histoirenaturell10cuvi,fr,0.097799511002445,0.07242798353909465,0.1650485436893204,88.0,1215.0,0.9192825112107623,0.9192825112107623,0.08071748878923767,1.013991769547325,False,False,,,,,,
ovisocr2,books,histoirenaturell10cuvi_0172_full,8.208122298531237,319.0,False,histoirenaturell10cuvi,fr,0.013876843018213356,0.0,0.0,0.0,1150.0,1.0,1.0,0.0,1.0,False,False,,,,,,
ovisocr2,books,histoirenaturell10cuvi_0188_full,8.208122298531237,447.0,False,histoirenaturell10cuvi,fr,0.02895752895752896,0.010309278350515464,0.033962264150943396,16.0,1552.0,0.9694915254237289,0.9662162162162162,0.033783783783783786,1.0051546391752577,False,False,,,,,,
ovisocr2,books,histoirenaturell10cuvi_0251_full,8.208122298531237,377.0,False,histoirenaturell10cuvi,fr,0.02901023890784983,0.010353753235547885,0.03980099502487562,12.0,1159.0,0.9672897196261683,0.9583333333333334,0.041666666666666664,1.003451251078516,False,False,,,,,,
ovisocr2,books,histoirenaturell10cuvi_0343_full,8.208122298531237,373.0,False,histoirenaturell10cuvi,fr,0.040656763096168884,0.02766798418972332,0.07035175879396985,35.0,1265.0,0.9705882352941176,0.9339622641509434,0.0660377358490566,1.0047430830039525,False,False,,,,,,
ovisocr2,books,histoirenaturell10cuvi_0369_full,7.478570936666681,357.0,False,histoirenaturell10cuvi,fr,0.026923076923076925,0.006187161639597835,0.02727272727272727,8.0,1293.0,0.9827586206896551,0.9827586206896551,0.017241379310344827,0.9984532095901005,False,False,,,,,,
ovisocr2,books,histoirenaturell10cuvi_0425_full,7.478570936666681,449.0,False,histoirenaturell10cuvi,fr,0.02026599113362888,0.0019083969465648854,0.010830324909747292,3.0,1572.0,0.9897959183673469,0.9864406779661017,0.013559322033898305,1.0,False,False,,,,,,
ovisocr2,books,pisciumquerelaee00sche_0012_full,7.478570936666681,611.0,False,pisciumquerelaee00sche,la,0.12388326384752829,0.10488245931283906,0.4279661016949153,174.0,1659.0,0.5402298850574713,0.5949367088607594,0.4050632911392405,1.0313441832429173,False,False,,,,,,
ovisocr2,books,pisciumquerelaee00sche_0013_full,7.478570936666681,603.0,False,pisciumquerelaee00sche,la,0.11012956419316844,0.093935790725327,0.42916666666666664,158.0,1682.0,0.599250936329588,0.6611570247933884,0.33884297520661155,1.0297265160523186,False,False,,,,,,
ovisocr2,books,pisciumquerelaee00sche_0016_full,7.478570936666681,582.0,False,pisciumquerelaee00sche,la,0.09125,0.0740975300823306,0.3700440528634361,117.0,1579.0,0.640495867768595,0.6858407079646017,0.3141592920353982,1.0151994933502217,False,False,,,,,,
ovisocr2,books,pisciumquerelaee00sche_0035_full,7.478570936666681,607.0,False,pisciumquerelaee00sche,la,0.1152439024390244,0.09637814610190301,0.4166666666666667,157.0,1629.0,0.6626016260162602,0.6791666666666667,0.32083333333333336,1.0343769183548188,False,False,,,,,,
ovisocr2,books,pisciumquerelaee00sche_0038_full,7.478570936666681,527.0,False,pisciumquerelaee00sche,la,0.11126564673157163,0.10671378091872792,0.3756345177664975,151.0,1415.0,0.6782178217821783,0.7025641025641025,0.29743589743589743,1.0268551236749117,False,False,,,,,,
ovisocr2,books,pisciumquerelaee00sche_0040_full,7.478570936666681,690.0,False,pisciumquerelaee00sche,la,0.10830527497194165,0.09518413597733712,0.35294117647058826,168.0,1765.0,0.6357615894039735,0.7137546468401487,0.2862453531598513,1.0345609065155807,False,False,,,,,,
ovisocr2,books,pisciumquerelaee00sche_0041_full,7.478570936666681,534.0,False,pisciumquerelaee00sche,la,0.10450563204005006,0.09222994314592546,0.4041666666666667,146.0,1583.0,0.6053639846743295,0.6899563318777293,0.31004366812227074,1.0227416298168035,False,False,,,,,,
ovisocr2,books,pisciumquerelaee00sche_0044_full,7.478570936666681,225.0,False,pisciumquerelaee00sche,la,0.19607843137254902,0.19801980198019803,0.5535714285714286,80.0,404.0,0.5094339622641509,0.47368421052631576,0.5263157894736842,1.0420792079207921,False,False,,,,,,
ovisocr2,books,trudyrusskagoent161881russ_0098_full,7.478570936666681,594.0,False,trudyrusskagoent161881russ,fr+de,0.013736263736263736,0.006882312456985547,0.029411764705882353,10.0,1453.0,0.9849246231155779,0.98,0.02,0.9965588437715073,False,False,,,,,,
ovisocr2,books,trudyrusskagoent161881russ_0121_full,7.478570936666681,491.0,False,trudyrusskagoent161881russ,fr+de,0.022823779193205943,0.007446808510638298,0.03806228373702422,14.0,1880.0,0.986013986013986,0.9825783972125436,0.017421602787456445,0.9962765957446809,False,False,,,,,,
ovisocr2,books,trudyrusskagoent161881russ_0276_full,7.478570936666681,452.0,False,trudyrusskagoent161881russ,fr+de,0.014467592592592593,0.004050925925925926,0.0199203187250996,7.0,1728.0,0.9919028340080972,0.9879032258064516,0.012096774193548387,0.9982638888888888,False,False,,,,,,
ovisocr2,books,trudyrusskagoent161881russ_0329_full,7.478570936666681,568.0,False,trudyrusskagoent161881russ,fr+de,0.017183770883054894,0.005752636625119847,0.023972602739726026,12.0,2086.0,0.9827586206896551,0.9827586206896551,0.017241379310344827,0.9966442953020134,False,False,,,,,,
ovisocr2,books,trudyrusskagoent161881russ_0357_full,7.478570936666681,506.0,False,trudyrusskagoent161881russ,fr+de,0.01787773933102653,0.0075449796865931515,0.03734439834024896,13.0,1723.0,0.9793388429752066,0.9713114754098361,0.028688524590163935,0.9988392338943702,False,False,,,,,,
ovisocr2,books,trudyrusskagoent161881russ_0379_full,7.478570936666681,543.0,False,trudyrusskagoent161881russ,fr+de,0.022477522477522476,0.013547415955845458,0.06918238993710692,27.0,1993.0,0.963963963963964,0.9553571428571429,0.044642857142857144,0.9964877069744105,False,False,,,,,,
ovisocr2,books,trudyrusskagoent161881russ_0388_full,7.478570936666681,561.0,False,trudyrusskagoent161881russ,fr+de,0.03113052976515565,0.02353585112205802,0.03367003367003367,43.0,1827.0,0.9935275080906149,0.9715189873417721,0.028481012658227847,1.0153256704980842,False,False,,,,,,
ovisocr2,books,trudyrusskagoent161881russ_0446_full,7.478570936666681,368.0,False,trudyrusskagoent161881russ,fr+de,0.023234200743494422,0.017757009345794394,0.07853403141361257,19.0,1070.0,0.985,0.9609756097560975,0.03902439024390244,0.9953271028037384,False,False,,,,,,
ovisocr2,docs,headers_footers__0b8de922246569bf96136cd5bb1d9643b2d269fe_page_10_processed,4.441098491343752,370.0,False,,,,,,,,,,,,False,,headers_footers,2.0,1.0,"[{""id"": ""0b8de922246569bf96136cd5bb1d9643b2d269fe_page_10_processed.pdf_manual_00"", ""type"": ""absent"", ""passed"": false, ""category"": ""headers_footers""}, {""id"": ""auto_baseline"", ""type"": ""baseline"", ""passed"": true, ""category"": ""baseline""}]",,
ovisocr2,docs,headers_footers__12e836a20227be4b63f7dcdebb2498e9d189d4da_page_5_processed,4.441098491343752,1063.0,False,,,,,,,,,,,,False,,headers_footers,4.0,0.0,"[{""id"": ""12e836a20227be4b63f7dcdebb2498e9d189d4da_page_5_processed_pg1_header_00"", ""type"": ""absent"", ""passed"": false, ""category"": ""headers_footers""}, {""id"": ""12e836a20227be4b63f7dcdebb2498e9d189d4da_page_5_processed_pg1_header_01"", ""type"": ""absent"", ""passed"": false, ""category"": ""headers_footers""}, {""id"": ""12e836a20227be4b63f7dcdebb2498e9d189d4da_page_5_processed_pg1_header_02"", ""type"": ""absent"", ""passed"": false, ""category"": ""headers_footers""}, {""id"": ""auto_baseline"", ""type"": ""baseline"", ""passed"": false, ""category"": ""baseline""}]",,
ovisocr2,docs,headers_footers__17ce5025be595d7fc2c3a347b6a2fa4e4d06419d_page_1,4.441098491343752,332.0,False,,,,,,,,,,,,False,,headers_footers,2.0,1.0,"[{""id"": ""17ce5025be595d7fc2c3a347b6a2fa4e4d06419d_page_1_header_00"", ""type"": ""absent"", ""passed"": false, ""category"": ""headers_footers""}, {""id"": ""auto_baseline"", ""type"": ""baseline"", ""passed"": true, ""category"": ""baseline""}]",,
ovisocr2,docs,headers_footers__1a3e61746b0965df09bce6cb1051c455807363d5_page_1,4.441098491343752,1216.0,False,,,,,,,,,,,,False,,headers_footers,3.0,2.0,"[{""id"": ""1a3e61746b0965df09bce6cb1051c455807363d5_page_1_header_00"", ""type"": ""absent"", ""passed"": false, ""category"": ""headers_footers""}, {""id"": ""1a3e61746b0965df09bce6cb1051c455807363d5_page_1.pdf_manual_00"", ""type"": ""absent"", ""passed"": true, ""category"": ""headers_footers""}, {""id"": ""auto_baseline"", ""type"": ""baseline"", ""passed"": true, ""category"": ""baseline""}]",,
ovisocr2,docs,headers_footers__2cb8b9fbe5aaac3d7f95d110a3b08132ee09d103_page_2,4.441098491343752,859.0,False,,,,,,,,,,,,False,,headers_footers,3.0,1.0,"[{""id"": ""2cb8b9fbe5aaac3d7f95d110a3b08132ee09d103_page_2_header_00"", ""type"": ""absent"", ""passed"": false, ""category"": ""headers_footers""}, {""id"": ""2cb8b9fbe5aaac3d7f95d110a3b08132ee09d103_page_2.pdf_manual_00"", ""type"": ""absent"", ""passed"": false, ""category"": ""headers_footers""}, {""id"": ""auto_baseline"", ""type"": ""baseline"", ""passed"": true, ""category"": ""baseline""}]",,
ovisocr2,docs,headers_footers__363300831b3da664b1bfe972e4f86464fa076da3_page_149,4.441098491343752,876.0,False,,,,,,,,,,,,False,,headers_footers,6.0,2.0,"[{""id"": ""363300831b3da664b1bfe972e4f86464fa076da3_page_149_header_00"", ""type"": ""absent"", ""passed"": false, ""category"": ""headers_footers""}, {""id"": ""363300831b3da664b1bfe972e4f86464fa076da3_page_149_header_01"", ""type"": ""absent"", ""passed"": false, ""category"": ""headers_footers""}, {""id"": ""363300831b3da664b1bfe972e4f86464fa076da3_page_149_header_15"", ""type"": ""absent"", ""passed"": false, ""category"": ""headers_footers""}, {""id"": ""363300831b3da664b1bfe972e4f86464fa076da3_page_149_header_16"", ""type"": ""absent"", ""passed"": false, ""category"": ""headers_footers""}, {""id"": ""363300831b3da664b1bfe972e4f86464fa076da3_page_149.pdf_manual_00"", ""type"": ""absent"", ""passed"": true, ""category"": ""headers_footers""}, {""id"": ""auto_baseline"", ""type"": ""baseline"", ""passed"": true, ""category"": ""baseline""}]",,
ovisocr2,docs,headers_footers__62621cef2b1d5356a063aa7c9c735ac396fb2223_page_33,4.441098491343752,688.0,False,,,,,,,,,,,,False,,headers_footers,4.0,2.0,"[{""id"": ""62621cef2b1d5356a063aa7c9c735ac396fb2223_page_33_header_00"", ""type"": ""absent"", ""passed"": false, ""category"": ""headers_footers""}, {""id"": ""62621cef2b1d5356a063aa7c9c735ac396fb2223_page_33.pdf_manual_00"", ""type"": ""absent"", ""passed"": true, ""category"": ""headers_footers""}, {""id"": ""62621cef2b1d5356a063aa7c9c735ac396fb2223_page_33.pdf_manual_01"", ""type"": ""absent"", ""passed"": false, ""category"": ""headers_footers""}, {""id"": ""auto_baseline"", ""type"": ""baseline"", ""passed"": true, ""category"": ""baseline""}]",,
ovisocr2,docs,headers_footers__7901d119ed91a89f8fbabf0eef7174d75a7656e3_page_1,4.441098491343752,511.0,False,,,,,,,,,,,,False,,headers_footers,2.0,1.0,"[{""id"": ""7901d119ed91a89f8fbabf0eef7174d75a7656e3_page_1.pdf_manual_00"", ""type"": ""absent"", ""passed"": false, ""category"": ""headers_footers""}, {""id"": ""auto_baseline"", ""type"": ""baseline"", ""passed"": true, ""category"": ""baseline""}]",,
ovisocr2,docs,headers_footers__ba10222e40f05d76e2bf1d51c39066a4b1fe82ed_page_11,4.441098491343752,1112.0,False,,,,,,,,,,,,False,,headers_footers,3.0,1.0,"[{""id"": ""ba10222e40f05d76e2bf1d51c39066a4b1fe82ed_page_11_header_00"", ""type"": ""absent"", ""passed"": false, ""category"": ""headers_footers""}, {""id"": ""ba10222e40f05d76e2bf1d51c39066a4b1fe82ed_page_11.pdf_manual_00"", ""type"": ""absent"", ""passed"": false, ""category"": ""headers_footers""}, {""id"": ""auto_baseline"", ""type"": ""baseline"", ""passed"": true, ""category"": ""baseline""}]",,
ovisocr2,docs,headers_footers__d8b9c4cd0ba9b036e09168c8dccccd1d43315ef4_page_1,4.441098491343752,936.0,False,,,,,,,,,,,,False,,headers_footers,3.0,1.0,"[{""id"": ""d8b9c4cd0ba9b036e09168c8dccccd1d43315ef4_page_1_header_00"", ""type"": ""absent"", ""passed"": false, ""category"": ""headers_footers""}, {""id"": ""d8b9c4cd0ba9b036e09168c8dccccd1d43315ef4_page_1.pdf_manual_00"", ""type"": ""absent"", ""passed"": false, ""category"": ""headers_footers""}, {""id"": ""auto_baseline"", ""type"": ""baseline"", ""passed"": true, ""category"": ""baseline""}]",,
ovisocr2,docs,long_tiny_text__11_pg161_pg1,4.441098491343752,1584.0,False,,,,,,,,,,,,False,,long_tiny_text,9.0,9.0,"[{""id"": ""11_pg161_pg1_text_00"", ""type"": ""present"", ""passed"": true, ""category"": ""long_tiny_text""}, {""id"": ""11_pg161_pg1_text_01"", ""type"": ""present"", ""passed"": true, ""category"": ""long_tiny_text""}, {""id"": ""11_pg161_pg1_text_02"", ""type"": ""present"", ""passed"": true, ""category"": ""long_tiny_text""}, {""id"": ""11_pg161_pg1_text_03"", ""type"": ""present"", ""passed"": true, ""category"": ""long_tiny_text""}, {""id"": ""11_pg161_pg1_text_04"", ""type"": ""present"", ""passed"": true, ""category"": ""long_tiny_text""}, {""id"": ""11_pg161_pg1_text_05"", ""type"": ""present"", ""passed"": true, ""category"": ""long_tiny_text""}, {""id"": ""11_pg161_pg1_text_06"", ""type"": ""present"", ""passed"": true, ""category"": ""long_tiny_text""}, {""id"": ""11_pg161_pg1_text_07"", ""type"": ""present"", ""passed"": true, ""category"": ""long_tiny_text""}, {""id"": ""auto_baseline"", ""type"": ""baseline"", ""passed"": true, ""category"": ""baseline""}]",,
ovisocr2,docs,long_tiny_text__11_pg375_pg1,4.441098491343752,1700.0,False,,,,,,,,,,,,False,,long_tiny_text,4.0,4.0,"[{""id"": ""11_pg375_pg1_text_00"", ""type"": ""present"", ""passed"": true, ""category"": ""long_tiny_text""}, {""id"": ""11_pg375_pg1_text_01"", ""type"": ""present"", ""passed"": true, ""category"": ""long_tiny_text""}, {""id"": ""11_pg375_pg1_text_02"", ""type"": ""present"", ""passed"": true, ""category"": ""long_tiny_text""}, {""id"": ""auto_baseline"", ""type"": ""baseline"", ""passed"": true, ""category"": ""baseline""}]",,
ovisocr2,docs,long_tiny_text__13_pg556_pg1,4.441098491343752,2313.0,False,,,,,,,,,,,,False,,long_tiny_text,5.0,5.0,"[{""id"": ""13_pg556_pg1_text_00"", ""type"": ""present"", ""passed"": true, ""category"": ""long_tiny_text""}, {""id"": ""13_pg556_pg1_text_01"", ""type"": ""present"", ""passed"": true, ""category"": ""long_tiny_text""}, {""id"": ""13_pg556_pg1_text_02"", ""type"": ""present"", ""passed"": true, ""category"": ""long_tiny_text""}, {""id"": ""13_pg556_pg1_text_03"", ""type"": ""present"", ""passed"": true, ""category"": ""long_tiny_text""}, {""id"": ""auto_baseline"", ""type"": ""baseline"", ""passed"": true, ""category"": ""baseline""}]",,
ovisocr2,docs,long_tiny_text__13_pg566_pg1,4.441098491343752,1908.0,False,,,,,,,,,,,,False,,long_tiny_text,6.0,6.0,"[{""id"": ""13_pg566_pg1_text_00"", ""type"": ""present"", ""passed"": true, ""category"": ""long_tiny_text""}, {""id"": ""13_pg566_pg1_text_01"", ""type"": ""present"", ""passed"": true, ""category"": ""long_tiny_text""}, {""id"": ""13_pg566_pg1_text_02"", ""type"": ""present"", ""passed"": true, ""category"": ""long_tiny_text""}, {""id"": ""13_pg566_pg1_text_03"", ""type"": ""present"", ""passed"": true, ""category"": ""long_tiny_text""}, {""id"": ""13_pg566_pg1_text_04"", ""type"": ""present"", ""passed"": true, ""category"": ""long_tiny_text""}, {""id"": ""auto_baseline"", ""type"": ""baseline"", ""passed"": true, ""category"": ""baseline""}]",,
ovisocr2,docs,long_tiny_text__13_pg67_pg1,4.441098491343752,2603.0,False,,,,,,,,,,,,False,,long_tiny_text,6.0,5.0,"[{""id"": ""13_pg67_pg1_text_00"", ""type"": ""present"", ""passed"": true, ""category"": ""long_tiny_text""}, {""id"": ""13_pg67_pg1_text_01"", ""type"": ""present"", ""passed"": true, ""category"": ""long_tiny_text""}, {""id"": ""13_pg67_pg1_text_02"", ""type"": ""present"", ""passed"": false, ""category"": ""long_tiny_text""}, {""id"": ""13_pg67_pg1_text_03"", ""type"": ""present"", ""passed"": true, ""category"": ""long_tiny_text""}, {""id"": ""13_pg67_pg1_text_04"", ""type"": ""present"", ""passed"": true, ""category"": ""long_tiny_text""}, {""id"": ""auto_baseline"", ""type"": ""baseline"", ""passed"": true, ""category"": ""baseline""}]",,
ovisocr2,docs,long_tiny_text__14a_pg1,4.441098491343752,2939.0,False,,,,,,,,,,,,False,,long_tiny_text,6.0,6.0,"[{""id"": ""14a_pg1_text_01"", ""type"": ""present"", ""passed"": true, ""category"": ""long_tiny_text""}, {""id"": ""14a_pg1_text_02"", ""type"": ""present"", ""passed"": true, ""category"": ""long_tiny_text""}, {""id"": ""14a_pg1_text_04"", ""type"": ""present"", ""passed"": true, ""category"": ""long_tiny_text""}, {""id"": ""14a_pg1_text_05"", ""type"": ""present"", ""passed"": true, ""category"": ""long_tiny_text""}, {""id"": ""14a_pg1_text_06"", ""type"": ""present"", ""passed"": true, ""category"": ""long_tiny_text""}, {""id"": ""auto_baseline"", ""type"": ""baseline"", ""passed"": true, ""category"": ""baseline""}]",,
ovisocr2,docs,long_tiny_text__15c_pg1,4.441098491343752,1813.0,False,,,,,,,,,,,,False,,long_tiny_text,5.0,5.0,"[{""id"": ""15c_pg1_text_00"", ""type"": ""present"", ""passed"": true, ""category"": ""long_tiny_text""}, {""id"": ""15c_pg1_text_01"", ""type"": ""present"", ""passed"": true, ""category"": ""long_tiny_text""}, {""id"": ""15c_pg1_text_02"", ""type"": ""present"", ""passed"": true, ""category"": ""long_tiny_text""}, {""id"": ""15c_pg1_text_03"", ""type"": ""present"", ""passed"": true, ""category"": ""long_tiny_text""}, {""id"": ""auto_baseline"", ""type"": ""baseline"", ""passed"": true, ""category"": ""baseline""}]",,
ovisocr2,docs,long_tiny_text__17_pg2_pg1,4.441098491343752,1278.0,False,,,,,,,,,,,,False,,long_tiny_text,40.0,39.0,"[{""id"": ""17_pg2_pg1_text_00"", ""type"": ""present"", ""passed"": true, ""category"": ""long_tiny_text""}, {""id"": ""17_pg2_pg1_text_01"", ""type"": ""present"", ""passed"": true, ""category"": ""long_tiny_text""}, {""id"": ""17_pg2_pg1_text_02"", ""type"": ""present"", ""passed"": true, ""category"": ""long_tiny_text""}, {""id"": ""17_pg2_pg1_text_03"", ""type"": ""present"", ""passed"": true, ""category"": ""long_tiny_text""}, {""id"": ""17_pg2_pg1_text_04"", ""type"": ""present"", ""passed"": true, ""category"": ""long_tiny_text""}, {""id"": ""17_pg2_pg1_text_06"", ""type"": ""present"", ""passed"": true, ""category"": ""long_tiny_text""}, {""id"": ""17_pg2_pg1_text_07"", ""type"": ""present"", ""passed"": true, ""category"": ""long_tiny_text""}, {""id"": ""17_pg2_pg1_text_09"", ""type"": ""present"", ""passed"": true, ""category"": ""long_tiny_text""}, {""id"": ""17_pg2_pg1_text_10"", ""type"": ""present"", ""passed"": true, ""category"": ""long_tiny_text""}, {""id"": ""17_pg2_pg1_text_12"", ""type"": ""present"", ""passed"": true, ""category"": ""long_tiny_text""}, {""id"": ""17_pg2_pg1_text_13"", ""type"": ""present"", ""passed"": true, ""category"": ""long_tiny_text""}, {""id"": ""17_pg2_pg1_text_16"", ""type"": ""present"", ""passed"": true, ""category"": ""long_tiny_text""}, {""id"": ""17_pg2_pg1_text_17"", ""type"": ""present"", ""passed"": false, ""category"": ""long_tiny_text""}, {""id"": ""17_pg2_pg1_text_20"", ""type"": ""present"", ""passed"": true, ""category"": ""long_tiny_text""}, {""id"": ""17_pg2_pg1_text_23"", ""type"": ""present"", ""passed"": true, ""category"": ""long_tiny_text""}, {""id"": ""17_pg2_pg1_text_24"", ""type"": ""present"", ""passed"": true, ""category"": ""long_tiny_text""}, {""id"": ""17_pg2_pg1_text_25"", ""type"": ""present"", ""passed"": true, ""category"": ""long_tiny_text""}, {""id"": ""17_pg2_pg1_text_27"", ""type"": ""present"", ""passed"": true, ""category"": ""long_tiny_text""}, {""id"": ""17_pg2_pg1_text_28"", ""type"": ""present"", ""passed"": true, ""category"": ""long_tiny_text""}, {""id"": ""17_pg2_pg1_text_30"", ""type"": ""present"", ""passed"": true, ""category"": ""long_tiny_text""}, {""id"": ""17_pg2_pg1_text_31"", ""type"": ""present"", ""passed"": true, ""category"": ""long_tiny_text""}, {""id"": ""17_pg2_pg1_text_34"", ""type"": ""present"", ""passed"": true, ""category"": ""long_tiny_text""}, {""id"": ""17_pg2_pg1_text_37"", ""type"": ""present"", ""passed"": true, ""category"": ""long_tiny_text""}, {""id"": ""17_pg2_pg1_text_41"", ""type"": ""present"", ""passed"": true, ""category"": ""long_tiny_text""}, {""id"": ""17_pg2_pg1_text_43"", ""type"": ""present"", ""passed"": true, ""category"": ""long_tiny_text""}, {""id"": ""17_pg2_pg1_text_45"", ""type"": ""present"", ""passed"": true, ""category"": ""long_tiny_text""}, {""id"": ""17_pg2_pg1_text_49"", ""type"": ""present"", ""passed"": true, ""category"": ""long_tiny_text""}, {""id"": ""17_pg2_pg1_text_51"", ""type"": ""present"", ""passed"": true, ""category"": ""long_tiny_text""}, {""id"": ""17_pg2_pg1_text_56"", ""type"": ""present"", ""passed"": true, ""category"": ""long_tiny_text""}, {""id"": ""17_pg2_pg1_text_61"", ""type"": ""present"", ""passed"": true, ""category"": ""long_tiny_text""}, {""id"": ""17_pg2_pg1_text_65"", ""type"": ""present"", ""passed"": true, ""category"": ""long_tiny_text""}, {""id"": ""17_pg2_pg1_text_69"", ""type"": ""present"", ""passed"": true, ""category"": ""long_tiny_text""}, {""id"": ""17_pg2_pg1_text_74"", ""type"": ""present"", ""passed"": true, ""category"": ""long_tiny_text""}, {""id"": ""17_pg2_pg1_text_80"", ""type"": ""present"", ""passed"": true, ""category"": ""long_tiny_text""}, {""id"": ""17_pg2_pg1_text_83"", ""type"": ""present"", ""passed"": true, ""category"": ""long_tiny_text""}, {""id"": ""17_pg2_pg1_text_86"", ""type"": ""present"", ""passed"": true, ""category"": ""long_tiny_text""}, {""id"": ""17_pg2_pg1_text_88"", ""type"": ""present"", ""passed"": true, ""category"": ""long_tiny_text""}, {""id"": ""17_pg2_pg1_text_95"", ""type"": ""present"", ""passed"": true, ""category"": ""long_tiny_text""}, {""id"": ""17_pg2_pg1_text_97"", ""type"": ""present"", ""passed"": true, ""category"": ""long_tiny_text""}, {""id"": ""auto_baseline"", ""type"": ""baseline"", ""passed"": true, ""category"": ""baseline""}]",,
ovisocr2,docs,long_tiny_text__20_pg40_pg1,4.441098491343752,1928.0,False,,,,,,,,,,,,False,,long_tiny_text,6.0,5.0,"[{""id"": ""20_pg40_pg1_text_00"", ""type"": ""present"", ""passed"": true, ""category"": ""long_tiny_text""}, {""id"": ""20_pg40_pg1_text_01"", ""type"": ""present"", ""passed"": true, ""category"": ""long_tiny_text""}, {""id"": ""20_pg40_pg1_text_02"", ""type"": ""present"", ""passed"": true, ""category"": ""long_tiny_text""}, {""id"": ""20_pg40_pg1_text_03"", ""type"": ""present"", ""passed"": true, ""category"": ""long_tiny_text""}, {""id"": ""20_pg40_pg1_text_04"", ""type"": ""present"", ""passed"": false, ""category"": ""long_tiny_text""}, {""id"": ""auto_baseline"", ""type"": ""baseline"", ""passed"": true, ""category"": ""baseline""}]",,
ovisocr2,docs,long_tiny_text__20_pg46_pg1,4.441098491343752,1605.0,False,,,,,,,,,,,,False,,long_tiny_text,10.0,10.0,"[{""id"": ""20_pg46_pg1_text_00"", ""type"": ""present"", ""passed"": true, ""category"": ""long_tiny_text""}, {""id"": ""20_pg46_pg1_text_01"", ""type"": ""present"", ""passed"": true, ""category"": ""long_tiny_text""}, {""id"": ""20_pg46_pg1_text_02"", ""type"": ""present"", ""passed"": true, ""category"": ""long_tiny_text""}, {""id"": ""20_pg46_pg1_text_03"", ""type"": ""present"", ""passed"": true, ""category"": ""long_tiny_text""}, {""id"": ""20_pg46_pg1_text_04"", ""type"": ""present"", ""passed"": true, ""category"": ""long_tiny_text""}, {""id"": ""20_pg46_pg1_text_05"", ""type"": ""present"", ""passed"": true, ""category"": ""long_tiny_text""}, {""id"": ""20_pg46_pg1_text_06"", ""type"": ""present"", ""passed"": true, ""category"": ""long_tiny_text""}, {""id"": ""20_pg46_pg1_text_08"", ""type"": ""present"", ""passed"": true, ""category"": ""long_tiny_text""}, {""id"": ""20_pg46_pg1_text_09"", ""type"": ""present"", ""passed"": true, ""category"": ""long_tiny_text""}, {""id"": ""auto_baseline"", ""type"": ""baseline"", ""passed"": true, ""category"": ""baseline""}]",,
ovisocr2,docs,multi_column__00945e98ea0970dcffb8f548336df3a0137f_page_4_pg1,4.441098491343752,1001.0,False,,,,,,,,,,,,False,,multi_column,4.0,4.0,"[{""id"": ""00945e98ea0970dcffb8f548336df3a0137f_page_4.pdf_order_0a8f368a"", ""type"": ""order"", ""passed"": true, ""category"": ""multi_column""}, {""id"": ""00945e98ea0970dcffb8f548336df3a0137f_page_4.pdf_order_3d4bbd69"", ""type"": ""order"", ""passed"": true, ""category"": ""multi_column""}, {""id"": ""00945e98ea0970dcffb8f548336df3a0137f_page_4.pdf_order_4cbab131"", ""type"": ""order"", ""passed"": true, ""category"": ""multi_column""}, {""id"": ""auto_baseline"", ""type"": ""baseline"", ""passed"": true, ""category"": ""baseline""}]",,
ovisocr2,docs,multi_column__00e2c7719d58bb49fd4031cce9dcccdddec2_page_1_pg1,4.441098491343752,780.0,False,,,,,,,,,,,,False,,multi_column,3.0,3.0,"[{""id"": ""00e2c7719d58bb49fd4031cce9dcccdddec2_page_1.pdf_order_85be1097"", ""type"": ""order"", ""passed"": true, ""category"": ""multi_column""}, {""id"": ""00e2c7719d58bb49fd4031cce9dcccdddec2_page_1.pdf_order_b903400b"", ""type"": ""order"", ""passed"": true, ""category"": ""multi_column""}, {""id"": ""auto_baseline"", ""type"": ""baseline"", ""passed"": true, ""category"": ""baseline""}]",,
ovisocr2,docs,multi_column__0114396ecb251aa3ebaeaeaed6bd4fe50bd2_page_2_pg1,4.441098491343752,1108.0,False,,,,,,,,,,,,False,,multi_column,6.0,6.0,"[{""id"": ""0114396ecb251aa3ebaeaeaed6bd4fe50bd2_page_2.pdf_order_e5d2d945"", ""type"": ""order"", ""passed"": true, ""category"": ""multi_column""}, {""id"": ""0114396ecb251aa3ebaeaeaed6bd4fe50bd2_page_2.pdf_order_6b2daa2b"", ""type"": ""order"", ""passed"": true, ""category"": ""multi_column""}, {""id"": ""0114396ecb251aa3ebaeaeaed6bd4fe50bd2_page_2.pdf_order_f61eafae"", ""type"": ""order"", ""passed"": true, ""category"": ""multi_column""}, {""id"": ""0114396ecb251aa3ebaeaeaed6bd4fe50bd2_page_2.pdf_order_40a2536e"", ""type"": ""order"", ""passed"": true, ""category"": ""multi_column""}, {""id"": ""0114396ecb251aa3ebaeaeaed6bd4fe50bd2_page_2.pdf_order_b8d41298"", ""type"": ""order"", ""passed"": true, ""category"": ""multi_column""}, {""id"": ""auto_baseline"", ""type"": ""baseline"", ""passed"": true, ""category"": ""baseline""}]",,
ovisocr2,docs,multi_column__019a8841dddeb304774ba62a9f5d8dccb43d_page_2_pg1,4.441098491343752,2088.0,False,,,,,,,,,,,,False,,multi_column,5.0,4.0,"[{""id"": ""019a8841dddeb304774ba62a9f5d8dccb43d_page_2.pdf_order_00d331ca"", ""type"": ""order"", ""passed"": true, ""category"": ""multi_column""}, {""id"": ""019a8841dddeb304774ba62a9f5d8dccb43d_page_2.pdf_order_2410e748"", ""type"": ""order"", ""passed"": true, ""category"": ""multi_column""}, {""id"": ""019a8841dddeb304774ba62a9f5d8dccb43d_page_2.pdf_order_5a8cba0a"", ""type"": ""order"", ""passed"": false, ""category"": ""multi_column""}, {""id"": ""019a8841dddeb304774ba62a9f5d8dccb43d_page_2.pdf_order_6a2477bc"", ""type"": ""order"", ""passed"": true, ""category"": ""multi_column""}, {""id"": ""auto_baseline"", ""type"": ""baseline"", ""passed"": true, ""category"": ""baseline""}]",,
ovisocr2,docs,multi_column__0208fbb5d6b646f972f4702428ad2cede5c5_page_6_pg1,4.441098491343752,1156.0,False,,,,,,,,,,,,False,,multi_column,2.0,2.0,"[{""id"": ""0208fbb5d6b646f972f4702428ad2cede5c5_page_6.pdf_order_71ab8004"", ""type"": ""order"", ""passed"": true, ""category"": ""multi_column""}, {""id"": ""auto_baseline"", ""type"": ""baseline"", ""passed"": true, ""category"": ""baseline""}]",,
ovisocr2,docs,multi_column__027c390510b2fd3364f5a382f2bc304af018_page_4_pg1,4.441098491343752,2197.0,False,,,,,,,,,,,,False,,multi_column,5.0,4.0,"[{""id"": ""027c390510b2fd3364f5a382f2bc304af018_page_4.pdf_order_ea693a98"", ""type"": ""order"", ""passed"": true, ""category"": ""multi_column""}, {""id"": ""027c390510b2fd3364f5a382f2bc304af018_page_4.pdf_order_053bda58"", ""type"": ""order"", ""passed"": true, ""category"": ""multi_column""}, {""id"": ""027c390510b2fd3364f5a382f2bc304af018_page_4.pdf_order_9e06820d"", ""type"": ""order"", ""passed"": true, ""category"": ""multi_column""}, {""id"": ""027c390510b2fd3364f5a382f2bc304af018_page_4.pdf_order_97e749bf"", ""type"": ""order"", ""passed"": false, ""category"": ""multi_column""}, {""id"": ""auto_baseline"", ""type"": ""baseline"", ""passed"": true, ""category"": ""baseline""}]",,
ovisocr2,docs,multi_column__02943986dff2d4a84b7c2dd81abfc51fceea_page_5_pg1,4.441098491343752,872.0,False,,,,,,,,,,,,False,,multi_column,5.0,5.0,"[{""id"": ""02943986dff2d4a84b7c2dd81abfc51fceea_page_5.pdf_order_3f1adc6b"", ""type"": ""order"", ""passed"": true, ""category"": ""multi_column""}, {""id"": ""02943986dff2d4a84b7c2dd81abfc51fceea_page_5.pdf_order_00ce4e6f"", ""type"": ""order"", ""passed"": true, ""category"": ""multi_column""}, {""id"": ""02943986dff2d4a84b7c2dd81abfc51fceea_page_5.pdf_order_46755e50"", ""type"": ""order"", ""passed"": true, ""category"": ""multi_column""}, {""id"": ""02943986dff2d4a84b7c2dd81abfc51fceea_page_5.pdf_order_13f6999c"", ""type"": ""order"", ""passed"": true, ""category"": ""multi_column""}, {""id"": ""auto_baseline"", ""type"": ""baseline"", ""passed"": true, ""category"": ""baseline""}]",,
ovisocr2,docs,multi_column__02943986dff2d4a84b7c2dd81abfc51fceea_page_9_pg1,4.441098491343752,953.0,False,,,,,,,,,,,,False,,multi_column,5.0,5.0,"[{""id"": ""02943986dff2d4a84b7c2dd81abfc51fceea_page_9.pdf_order_babd8e0e"", ""type"": ""order"", ""passed"": true, ""category"": ""multi_column""}, {""id"": ""02943986dff2d4a84b7c2dd81abfc51fceea_page_9.pdf_order_2e6f0ead"", ""type"": ""order"", ""passed"": true, ""category"": ""multi_column""}, {""id"": ""02943986dff2d4a84b7c2dd81abfc51fceea_page_9.pdf_order_7e60c895"", ""type"": ""order"", ""passed"": true, ""category"": ""multi_column""}, {""id"": ""02943986dff2d4a84b7c2dd81abfc51fceea_page_9.pdf_order_81a40b7f"", ""type"": ""order"", ""passed"": true, ""category"": ""multi_column""}, {""id"": ""auto_baseline"", ""type"": ""baseline"", ""passed"": true, ""category"": ""baseline""}]",,
ovisocr2,docs,multi_column__038650c9dfd95e7495d0c4d301d9dcca735a_page_1_pg1,4.441098491343752,1269.0,False,,,,,,,,,,,,False,,multi_column,5.0,5.0,"[{""id"": ""038650c9dfd95e7495d0c4d301d9dcca735a_page_1.pdf_order_eb32d864"", ""type"": ""order"", ""passed"": true, ""category"": ""multi_column""}, {""id"": ""038650c9dfd95e7495d0c4d301d9dcca735a_page_1.pdf_order_517c20f9"", ""type"": ""order"", ""passed"": true, ""category"": ""multi_column""}, {""id"": ""038650c9dfd95e7495d0c4d301d9dcca735a_page_1.pdf_order_12a7fa3e"", ""type"": ""order"", ""passed"": true, ""category"": ""multi_column""}, {""id"": ""038650c9dfd95e7495d0c4d301d9dcca735a_page_1.pdf_order_cf779f79"", ""type"": ""order"", ""passed"": true, ""category"": ""multi_column""}, {""id"": ""auto_baseline"", ""type"": ""baseline"", ""passed"": true, ""category"": ""baseline""}]",,
ovisocr2,docs,multi_column__0845863d27c84b14011e17a388821525e783_page_16_pg1,4.441098491343752,4017.0,False,,,,,,,,,,,,False,,multi_column,4.0,3.0,"[{""id"": ""0845863d27c84b14011e17a388821525e783_page_16.pdf_order_dffceb1b"", ""type"": ""order"", ""passed"": true, ""category"": ""multi_column""}, {""id"": ""0845863d27c84b14011e17a388821525e783_page_16.pdf_order_ac24f586"", ""type"": ""order"", ""passed"": true, ""category"": ""multi_column""}, {""id"": ""0845863d27c84b14011e17a388821525e783_page_16.pdf_order_4bda9b61"", ""type"": ""order"", ""passed"": false, ""category"": ""multi_column""}, {""id"": ""auto_baseline"", ""type"": ""baseline"", ""passed"": true, ""category"": ""baseline""}]",,
ovisocr2,docs,old_scans__1,4.441098491343752,228.0,False,,,,,,,,,,,,False,,old_scans,6.0,2.0,"[{""id"": ""1_680487"", ""type"": ""present"", ""passed"": false, ""category"": ""old_scans""}, {""id"": ""1_126739"", ""type"": ""absent"", ""passed"": true, ""category"": ""old_scans""}, {""id"": ""1_36225"", ""type"": ""present"", ""passed"": false, ""category"": ""old_scans""}, {""id"": ""1_787572"", ""type"": ""order"", ""passed"": false, ""category"": ""old_scans""}, {""id"": ""1_298389"", ""type"": ""order"", ""passed"": false, ""category"": ""old_scans""}, {""id"": ""auto_baseline"", ""type"": ""baseline"", ""passed"": true, ""category"": ""baseline""}]",,
ovisocr2,docs,old_scans__21,4.441098491343752,144.0,False,,,,,,,,,,,,False,,old_scans,8.0,2.0,"[{""id"": ""21_398162"", ""type"": ""present"", ""passed"": false, ""category"": ""old_scans""}, {""id"": ""21_382528"", ""type"": ""order"", ""passed"": false, ""category"": ""old_scans""}, {""id"": ""21_229684"", ""type"": ""absent"", ""passed"": true, ""category"": ""old_scans""}, {""id"": ""21_712729"", ""type"": ""present"", ""passed"": false, ""category"": ""old_scans""}, {""id"": ""21_289946"", ""type"": ""present"", ""passed"": false, ""category"": ""old_scans""}, {""id"": ""21_745911"", ""type"": ""present"", ""passed"": false, ""category"": ""old_scans""}, {""id"": ""21_992153"", ""type"": ""order"", ""passed"": false, ""category"": ""old_scans""}, {""id"": ""auto_baseline"", ""type"": ""baseline"", ""passed"": true, ""category"": ""baseline""}]",,
ovisocr2,docs,old_scans__23,7.98913531833336,140.0,False,,,,,,,,,,,,False,,old_scans,6.0,3.0,"[{""id"": ""23_675822"", ""type"": ""present"", ""passed"": false, ""category"": ""old_scans""}, {""id"": ""23_189451"", ""type"": ""order"", ""passed"": false, ""category"": ""old_scans""}, {""id"": ""23_570086"", ""type"": ""absent"", ""passed"": true, ""category"": ""old_scans""}, {""id"": ""23_774544"", ""type"": ""present"", ""passed"": false, ""category"": ""old_scans""}, {""id"": ""23_266702"", ""type"": ""present"", ""passed"": true, ""category"": ""old_scans""}, {""id"": ""auto_baseline"", ""type"": ""baseline"", ""passed"": true, ""category"": ""baseline""}]",,
ovisocr2,docs,old_scans__26,7.98913531833336,223.0,False,,,,,,,,,,,,False,,old_scans,5.0,2.0,"[{""id"": ""26_727870"", ""type"": ""present"", ""passed"": false, ""category"": ""old_scans""}, {""id"": ""26_350035"", ""type"": ""order"", ""passed"": false, ""category"": ""old_scans""}, {""id"": ""26_893794"", ""type"": ""absent"", ""passed"": true, ""category"": ""old_scans""}, {""id"": ""26_815635"", ""type"": ""present"", ""passed"": false, ""category"": ""old_scans""}, {""id"": ""auto_baseline"", ""type"": ""baseline"", ""passed"": true, ""category"": ""baseline""}]",,
ovisocr2,docs,old_scans__52,7.98913531833336,128.0,False,,,,,,,,,,,,False,,old_scans,4.0,1.0,"[{""id"": ""52_591542"", ""type"": ""present"", ""passed"": false, ""category"": ""old_scans""}, {""id"": ""52_323921"", ""type"": ""present"", ""passed"": false, ""category"": ""old_scans""}, {""id"": ""52_987017"", ""type"": ""present"", ""passed"": false, ""category"": ""old_scans""}, {""id"": ""auto_baseline"", ""type"": ""baseline"", ""passed"": true, ""category"": ""baseline""}]",,
ovisocr2,docs,old_scans__55,7.98913531833336,221.0,False,,,,,,,,,,,,False,,old_scans,4.0,1.0,"[{""id"": ""55_930782"", ""type"": ""present"", ""passed"": false, ""category"": ""old_scans""}, {""id"": ""55_150814"", ""type"": ""present"", ""passed"": false, ""category"": ""old_scans""}, {""id"": ""55_287312"", ""type"": ""present"", ""passed"": false, ""category"": ""old_scans""}, {""id"": ""auto_baseline"", ""type"": ""baseline"", ""passed"": true, ""category"": ""baseline""}]",,
ovisocr2,docs,old_scans__58,7.98913531833336,901.0,False,,,,,,,,,,,,False,,old_scans,7.0,7.0,"[{""id"": ""58_984036"", ""type"": ""present"", ""passed"": true, ""category"": ""old_scans""}, {""id"": ""58_575492"", ""type"": ""order"", ""passed"": true, ""category"": ""old_scans""}, {""id"": ""58_801952"", ""type"": ""absent"", ""passed"": true, ""category"": ""old_scans""}, {""id"": ""58_775388"", ""type"": ""present"", ""passed"": true, ""category"": ""old_scans""}, {""id"": ""58_733378"", ""type"": ""present"", ""passed"": true, ""category"": ""old_scans""}, {""id"": ""58_220922"", ""type"": ""order"", ""passed"": true, ""category"": ""old_scans""}, {""id"": ""auto_baseline"", ""type"": ""baseline"", ""passed"": true, ""category"": ""baseline""}]",,
ovisocr2,docs,old_scans__82,7.98913531833336,8192.0,False,,,,,,,,,,,,False,,old_scans,7.0,0.0,"[{""id"": ""82_617314"", ""type"": ""present"", ""passed"": false, ""category"": ""old_scans""}, {""id"": ""82_781476"", ""type"": ""order"", ""passed"": false, ""category"": ""old_scans""}, {""id"": ""82_578532"", ""type"": ""present"", ""passed"": false, ""category"": ""old_scans""}, {""id"": ""82_73918"", ""type"": ""present"", ""passed"": false, ""category"": ""old_scans""}, {""id"": ""82_794309"", ""type"": ""present"", ""passed"": false, ""category"": ""old_scans""}, {""id"": ""82_338838"", ""type"": ""order"", ""passed"": false, ""category"": ""old_scans""}, {""id"": ""auto_baseline"", ""type"": ""baseline"", ""passed"": false, ""category"": ""baseline""}]",,
ovisocr2,docs,old_scans__85,7.98913531833336,410.0,False,,,,,,,,,,,,False,,old_scans,7.0,0.0,"[{""id"": ""85_204851"", ""type"": ""present"", ""passed"": false, ""category"": ""old_scans""}, {""id"": ""85_81849"", ""type"": ""order"", ""passed"": false, ""category"": ""old_scans""}, {""id"": ""85_633939"", ""type"": ""present"", ""passed"": false, ""category"": ""old_scans""}, {""id"": ""85_81262"", ""type"": ""present"", ""passed"": false, ""category"": ""old_scans""}, {""id"": ""85_718011"", ""type"": ""present"", ""passed"": false, ""category"": ""old_scans""}, {""id"": ""85_913682"", ""type"": ""order"", ""passed"": false, ""category"": ""old_scans""}, {""id"": ""auto_baseline"", ""type"": ""baseline"", ""passed"": false, ""category"": ""baseline""}]",,
ovisocr2,docs,old_scans__96,7.98913531833336,210.0,False,,,,,,,,,,,,False,,old_scans,8.0,2.0,"[{""id"": ""96_686856"", ""type"": ""present"", ""passed"": false, ""category"": ""old_scans""}, {""id"": ""96_324569"", ""type"": ""order"", ""passed"": false, ""category"": ""old_scans""}, {""id"": ""96_489434"", ""type"": ""present"", ""passed"": false, ""category"": ""old_scans""}, {""id"": ""96_341535"", ""type"": ""present"", ""passed"": true, ""category"": ""old_scans""}, {""id"": ""96_984146"", ""type"": ""present"", ""passed"": false, ""category"": ""old_scans""}, {""id"": ""96_798387"", ""type"": ""order"", ""passed"": false, ""category"": ""old_scans""}, {""id"": ""96_991188"", ""type"": ""order"", ""passed"": false, ""category"": ""old_scans""}, {""id"": ""auto_baseline"", ""type"": ""baseline"", ""passed"": true, ""category"": ""baseline""}]",,
ovisocr2,docs,tables__2d54e996d1247bd36695d872863eefebd8f8_pg4,7.98913531833336,1872.0,False,,,,,,,,,,,,False,,table_tests,5.0,5.0,"[{""id"": ""2d54e996d1247bd36695d872863eefebd8f8_pg4_table_00"", ""type"": ""table"", ""passed"": true, ""category"": ""table_tests""}, {""id"": ""2d54e996d1247bd36695d872863eefebd8f8_pg4_table_01"", ""type"": ""table"", ""passed"": true, ""category"": ""table_tests""}, {""id"": ""2d54e996d1247bd36695d872863eefebd8f8_pg4_table_02"", ""type"": ""table"", ""passed"": true, ""category"": ""table_tests""}, {""id"": ""2d54e996d1247bd36695d872863eefebd8f8_pg4_table_03"", ""type"": ""table"", ""passed"": true, ""category"": ""table_tests""}, {""id"": ""auto_baseline"", ""type"": ""baseline"", ""passed"": true, ""category"": ""baseline""}]",,
ovisocr2,docs,tables__2d932ac96ad0d8ccf81a56bd105fa18fdcbb_pg7,7.98913531833336,536.0,False,,,,,,,,,,,,False,,table_tests,2.0,2.0,"[{""id"": ""2d932ac96ad0d8ccf81a56bd105fa18fdcbb_pg7_table_00"", ""type"": ""table"", ""passed"": true, ""category"": ""table_tests""}, {""id"": ""auto_baseline"", ""type"": ""baseline"", ""passed"": true, ""category"": ""baseline""}]",,
ovisocr2,docs,tables__4fafd7de9caa1cf3c0fad313d7bb24b2e685_pg9,7.98913531833336,923.0,False,,,,,,,,,,,,False,,table_tests,5.0,5.0,"[{""id"": ""4fafd7de9caa1cf3c0fad313d7bb24b2e685_pg9_table_00"", ""type"": ""table"", ""passed"": true, ""category"": ""table_tests""}, {""id"": ""4fafd7de9caa1cf3c0fad313d7bb24b2e685_pg9_table_01"", ""type"": ""table"", ""passed"": true, ""category"": ""table_tests""}, {""id"": ""4fafd7de9caa1cf3c0fad313d7bb24b2e685_pg9_table_02"", ""type"": ""table"", ""passed"": true, ""category"": ""table_tests""}, {""id"": ""4fafd7de9caa1cf3c0fad313d7bb24b2e685_pg9_table_03"", ""type"": ""table"", ""passed"": true, ""category"": ""table_tests""}, {""id"": ""auto_baseline"", ""type"": ""baseline"", ""passed"": true, ""category"": ""baseline""}]",,
ovisocr2,docs,tables__529eeb84602e4fba7df7a4b127af6c830f97_pg12,7.98913531833336,513.0,False,,,,,,,,,,,,False,,table_tests,4.0,3.0,"[{""id"": ""529eeb84602e4fba7df7a4b127af6c830f97_pg12_table_00"", ""type"": ""table"", ""passed"": true, ""category"": ""table_tests""}, {""id"": ""529eeb84602e4fba7df7a4b127af6c830f97_pg12_table_01"", ""type"": ""table"", ""passed"": false, ""category"": ""table_tests""}, {""id"": ""529eeb84602e4fba7df7a4b127af6c830f97_pg12_table_04"", ""type"": ""table"", ""passed"": true, ""category"": ""table_tests""}, {""id"": ""auto_baseline"", ""type"": ""baseline"", ""passed"": true, ""category"": ""baseline""}]",,
ovisocr2,docs,tables__a70c1fc81feccfd878dabffd3dc5617b584c_pg5,7.98913531833336,1117.0,False,,,,,,,,,,,,False,,table_tests,6.0,6.0,"[{""id"": ""a70c1fc81feccfd878dabffd3dc5617b584c_pg5_table_00"", ""type"": ""table"", ""passed"": true, ""category"": ""table_tests""}, {""id"": ""a70c1fc81feccfd878dabffd3dc5617b584c_pg5_table_01"", ""type"": ""table"", ""passed"": true, ""category"": ""table_tests""}, {""id"": ""a70c1fc81feccfd878dabffd3dc5617b584c_pg5_table_02"", ""type"": ""table"", ""passed"": true, ""category"": ""table_tests""}, {""id"": ""a70c1fc81feccfd878dabffd3dc5617b584c_pg5_table_03"", ""type"": ""table"", ""passed"": true, ""category"": ""table_tests""}, {""id"": ""a70c1fc81feccfd878dabffd3dc5617b584c_pg5_table_04"", ""type"": ""table"", ""passed"": true, ""category"": ""table_tests""}, {""id"": ""auto_baseline"", ""type"": ""baseline"", ""passed"": true, ""category"": ""baseline""}]",,
ovisocr2,docs,tables__b2a4c508f7839c1fbd2bb29a0d56c46bc00e_pg13_pg1,7.98913531833336,1959.0,False,,,,,,,,,,,,False,,table_tests,11.0,11.0,"[{""id"": ""b2a4c508f7839c1fbd2bb29a0d56c46bc00e_pg13_table_00"", ""type"": ""table"", ""passed"": true, ""category"": ""table_tests""}, {""id"": ""b2a4c508f7839c1fbd2bb29a0d56c46bc00e_pg13_table_01"", ""type"": ""table"", ""passed"": true, ""category"": ""table_tests""}, {""id"": ""b2a4c508f7839c1fbd2bb29a0d56c46bc00e_pg13_table_02"", ""type"": ""table"", ""passed"": true, ""category"": ""table_tests""}, {""id"": ""b2a4c508f7839c1fbd2bb29a0d56c46bc00e_pg13_table_03"", ""type"": ""table"", ""passed"": true, ""category"": ""table_tests""}, {""id"": ""b2a4c508f7839c1fbd2bb29a0d56c46bc00e_pg13_table_04"", ""type"": ""table"", ""passed"": true, ""category"": ""table_tests""}, {""id"": ""b2a4c508f7839c1fbd2bb29a0d56c46bc00e_pg13_table_05"", ""type"": ""table"", ""passed"": true, ""category"": ""table_tests""}, {""id"": ""b2a4c508f7839c1fbd2bb29a0d56c46bc00e_pg13_table_06"", ""type"": ""table"", ""passed"": true, ""category"": ""table_tests""}, {""id"": ""b2a4c508f7839c1fbd2bb29a0d56c46bc00e_pg13_table_07"", ""type"": ""table"", ""passed"": true, ""category"": ""table_tests""}, {""id"": ""b2a4c508f7839c1fbd2bb29a0d56c46bc00e_pg13_table_08"", ""type"": ""table"", ""passed"": true, ""category"": ""table_tests""}, {""id"": ""b2a4c508f7839c1fbd2bb29a0d56c46bc00e_pg13_table_09"", ""type"": ""table"", ""passed"": true, ""category"": ""table_tests""}, {""id"": ""auto_baseline"", ""type"": ""baseline"", ""passed"": true, ""category"": ""baseline""}]",,
ovisocr2,docs,tables__b45c138c634308a84b8b2e67997bef8aa70b_pg15,7.98913531833336,1755.0,False,,,,,,,,,,,,False,,table_tests,6.0,6.0,"[{""id"": ""b45c138c634308a84b8b2e67997bef8aa70b_pg15_table_00"", ""type"": ""table"", ""passed"": true, ""category"": ""table_tests""}, {""id"": ""b45c138c634308a84b8b2e67997bef8aa70b_pg15_table_01"", ""type"": ""table"", ""passed"": true, ""category"": ""table_tests""}, {""id"": ""b45c138c634308a84b8b2e67997bef8aa70b_pg15_table_02"", ""type"": ""table"", ""passed"": true, ""category"": ""table_tests""}, {""id"": ""b45c138c634308a84b8b2e67997bef8aa70b_pg15_table_03"", ""type"": ""table"", ""passed"": true, ""category"": ""table_tests""}, {""id"": ""b45c138c634308a84b8b2e67997bef8aa70b_pg15_table_04"", ""type"": ""table"", ""passed"": true, ""category"": ""table_tests""}, {""id"": ""auto_baseline"", ""type"": ""baseline"", ""passed"": true, ""category"": ""baseline""}]",,
ovisocr2,docs,tables__b5d9db350b31304da912832bcbafc47b64d8_pg2_pg1,7.98913531833336,1680.0,False,,,,,,,,,,,,False,,table_tests,6.0,1.0,"[{""id"": ""b5d9db350b31304da912832bcbafc47b64d8_pg2_table_00"", ""type"": ""table"", ""passed"": false, ""category"": ""table_tests""}, {""id"": ""b5d9db350b31304da912832bcbafc47b64d8_pg2_table_01"", ""type"": ""table"", ""passed"": false, ""category"": ""table_tests""}, {""id"": ""b5d9db350b31304da912832bcbafc47b64d8_pg2_table_02"", ""type"": ""table"", ""passed"": false, ""category"": ""table_tests""}, {""id"": ""b5d9db350b31304da912832bcbafc47b64d8_pg2_table_03"", ""type"": ""table"", ""passed"": false, ""category"": ""table_tests""}, {""id"": ""b5d9db350b31304da912832bcbafc47b64d8_pg2_table_04"", ""type"": ""table"", ""passed"": false, ""category"": ""table_tests""}, {""id"": ""auto_baseline"", ""type"": ""baseline"", ""passed"": true, ""category"": ""baseline""}]",,
ovisocr2,docs,tables__b773892dc3e755672b9e085e9eeb8ad18690_pg1_pg1,7.98913531833336,596.0,False,,,,,,,,,,,,False,,table_tests,6.0,6.0,"[{""id"": ""b773892dc3e755672b9e085e9eeb8ad18690_pg1_table_00"", ""type"": ""table"", ""passed"": true, ""category"": ""table_tests""}, {""id"": ""b773892dc3e755672b9e085e9eeb8ad18690_pg1_table_01"", ""type"": ""table"", ""passed"": true, ""category"": ""table_tests""}, {""id"": ""b773892dc3e755672b9e085e9eeb8ad18690_pg1_table_02"", ""type"": ""table"", ""passed"": true, ""category"": ""table_tests""}, {""id"": ""b773892dc3e755672b9e085e9eeb8ad18690_pg1_table_03"", ""type"": ""table"", ""passed"": true, ""category"": ""table_tests""}, {""id"": ""b773892dc3e755672b9e085e9eeb8ad18690_pg1_table_04"", ""type"": ""table"", ""passed"": true, ""category"": ""table_tests""}, {""id"": ""auto_baseline"", ""type"": ""baseline"", ""passed"": true, ""category"": ""baseline""}]",,
ovisocr2,docs,tables__fd6cb6dfe3a918390855052669d9a194231a_pg3,7.98913531833336,1706.0,False,,,,,,,,,,,,False,,table_tests,6.0,6.0,"[{""id"": ""fd6cb6dfe3a918390855052669d9a194231a_pg3_table_00"", ""type"": ""table"", ""passed"": true, ""category"": ""table_tests""}, {""id"": ""fd6cb6dfe3a918390855052669d9a194231a_pg3_table_01"", ""type"": ""table"", ""passed"": true, ""category"": ""table_tests""}, {""id"": ""fd6cb6dfe3a918390855052669d9a194231a_pg3_table_02"", ""type"": ""table"", ""passed"": true, ""category"": ""table_tests""}, {""id"": ""fd6cb6dfe3a918390855052669d9a194231a_pg3_table_03"", ""type"": ""table"", ""passed"": true, ""category"": ""table_tests""}, {""id"": ""fd6cb6dfe3a918390855052669d9a194231a_pg3_table_04"", ""type"": ""table"", ""passed"": true, ""category"": ""table_tests""}, {""id"": ""auto_baseline"", ""type"": ""baseline"", ""passed"": true, ""category"": ""baseline""}]",,
ovisocr2,handwriting,iam_00023,0.1116832063437414,10.0,False,,,0.05,0.05,0.125,2.0,40.0,0.875,0.875,0.125,1.0,False,False,,,,,,
ovisocr2,handwriting,iam_00030,0.1116832063437414,17.0,False,,,0.12727272727272726,0.12727272727272726,0.25,7.0,55.0,0.75,0.75,0.25,1.0,False,False,,,,,,
ovisocr2,handwriting,iam_00059,0.1116832063437414,9.0,False,,,0.0,0.0,0.0,0.0,43.0,1.0,1.0,0.0,1.0,False,False,,,,,,
ovisocr2,handwriting,iam_00064,0.1116832063437414,13.0,False,,,0.04225352112676056,0.04225352112676056,0.16666666666666666,3.0,71.0,0.8333333333333334,0.8333333333333334,0.16666666666666666,0.9859154929577465,False,False,,,,,,
ovisocr2,handwriting,iam_00071,0.1116832063437414,10.0,False,,,0.0,0.0,0.0,0.0,39.0,1.0,1.0,0.0,1.0,False,False,,,,,,
ovisocr2,handwriting,iam_00079,0.1116832063437414,9.0,False,,,0.0,0.0,0.0,0.0,43.0,1.0,1.0,0.0,1.0,False,False,,,,,,
ovisocr2,handwriting,iam_00126,0.1116832063437414,13.0,False,,,0.02040816326530612,0.02040816326530612,0.09090909090909091,1.0,49.0,0.9090909090909091,0.9090909090909091,0.09090909090909091,1.0,False,False,,,,,,
ovisocr2,handwriting,iam_00143,0.1116832063437414,12.0,False,,,0.23076923076923078,0.23076923076923078,0.42857142857142855,9.0,39.0,0.5714285714285714,0.5714285714285714,0.42857142857142855,1.0256410256410255,False,False,,,,,,
ovisocr2,handwriting,iam_00188,0.1116832063437414,15.0,False,,,0.044444444444444446,0.044444444444444446,0.14285714285714285,2.0,45.0,0.875,0.875,0.125,1.0222222222222221,False,False,,,,,,
ovisocr2,handwriting,iam_00258,0.1116832063437414,15.0,False,,,0.0,0.0,0.0,0.0,52.0,1.0,1.0,0.0,1.0,False,False,,,,,,
ovisocr2,handwriting,iam_00264,0.1116832063437414,19.0,False,,,0.0847457627118644,0.0847457627118644,0.36363636363636365,5.0,59.0,0.8,0.8,0.2,0.9830508474576272,False,False,,,,,,
ovisocr2,handwriting,iam_00280,0.1116832063437414,19.0,False,,,0.3023255813953488,0.3023255813953488,0.8,13.0,43.0,0.16666666666666666,0.2,0.8,0.8604651162790697,False,False,,,,,,
ovisocr2,handwriting,iam_00289,0.1116832063437414,16.0,False,,,0.03333333333333333,0.03333333333333333,0.08333333333333333,2.0,60.0,0.9166666666666666,0.9166666666666666,0.08333333333333333,1.0,False,False,,,,,,
ovisocr2,handwriting,iam_00343,0.1116832063437414,10.0,False,,,0.0392156862745098,0.0392156862745098,0.2857142857142857,2.0,51.0,0.8571428571428571,0.8571428571428571,0.14285714285714285,1.0,False,False,,,,,,
ovisocr2,handwriting,iam_00364,0.1116832063437414,8.0,False,,,0.0,0.0,0.0,0.0,36.0,1.0,1.0,0.0,1.0,False,False,,,,,,
ovisocr2,handwriting,iam_00371,0.1116832063437414,10.0,False,,,0.0,0.0,0.0,0.0,44.0,1.0,1.0,0.0,1.0,False,False,,,,,,
ovisocr2,handwriting,iam_00373,0.1116832063437414,6.0,False,,,0.0,0.0,0.0,0.0,32.0,1.0,1.0,0.0,1.0,False,False,,,,,,
ovisocr2,handwriting,iam_00403,0.1116832063437414,9.0,False,,,0.05555555555555555,0.05555555555555555,0.16666666666666666,2.0,36.0,0.8333333333333334,0.8333333333333334,0.16666666666666666,1.0,False,False,,,,,,
ovisocr2,handwriting,iam_00468,0.1116832063437414,8.0,False,,,0.0,0.0,0.0,0.0,37.0,1.0,1.0,0.0,1.0,False,False,,,,,,
ovisocr2,handwriting,iam_00478,0.1116832063437414,8.0,False,,,0.0,0.0,0.0,0.0,29.0,1.0,1.0,0.0,1.0,False,False,,,,,,
ovisocr2,handwriting,iam_00588,0.1116832063437414,9.0,False,,,0.0,0.0,0.0,0.0,47.0,1.0,1.0,0.0,1.0,False,False,,,,,,
ovisocr2,handwriting,iam_00608,0.1116832063437414,10.0,False,,,0.038461538461538464,0.038461538461538464,0.1111111111111111,2.0,52.0,1.0,1.0,0.0,0.9615384615384616,False,False,,,,,,
ovisocr2,handwriting,iam_00749,0.1116832063437414,5.0,False,,,0.0,0.0,0.0,0.0,12.0,1.0,1.0,0.0,1.0,False,False,,,,,,
ovisocr2,handwriting,iam_00819,0.1116832063437414,8.0,False,,,0.023255813953488372,0.023255813953488372,0.14285714285714285,1.0,43.0,0.8571428571428571,0.8571428571428571,0.14285714285714285,1.0,False,False,,,,,,
ovisocr2,handwriting,iam_00969,0.1116832063437414,10.0,False,,,0.025,0.025,0.14285714285714285,1.0,40.0,0.8571428571428571,0.8571428571428571,0.14285714285714285,1.025,False,False,,,,,,
ovisocr2,handwriting,iam_01020,0.1116832063437414,10.0,False,,,0.0,0.0,0.0,0.0,35.0,1.0,1.0,0.0,1.0,False,False,,,,,,
ovisocr2,handwriting,iam_01023,0.1116832063437414,10.0,False,,,0.0425531914893617,0.0425531914893617,0.14285714285714285,2.0,47.0,0.8571428571428571,0.8571428571428571,0.14285714285714285,1.0212765957446808,False,False,,,,,,
ovisocr2,handwriting,iam_01091,0.1116832063437414,14.0,False,,,0.0,0.0,0.0,0.0,51.0,1.0,1.0,0.0,1.0,False,False,,,,,,
ovisocr2,handwriting,iam_01104,0.1116832063437414,7.0,False,,,0.0,0.0,0.0,0.0,31.0,1.0,1.0,0.0,1.0,False,False,,,,,,
ovisocr2,handwriting,iam_01238,0.1116832063437414,10.0,False,,,0.075,0.075,0.16666666666666666,3.0,40.0,0.8333333333333334,0.8333333333333334,0.16666666666666666,1.0,False,False,,,,,,
ovisocr2,handwriting,iam_01366,0.1116832063437414,11.0,False,,,0.0,0.0,0.0,0.0,47.0,1.0,1.0,0.0,1.0,False,False,,,,,,
ovisocr2,handwriting,iam_01417,0.1116832063437414,14.0,False,,,0.0,0.0,0.0,0.0,53.0,1.0,1.0,0.0,1.0,False,False,,,,,,
ovisocr2,handwriting,iam_01452,0.09995849328567731,12.0,False,,,0.0196078431372549,0.0196078431372549,0.125,1.0,51.0,0.875,0.875,0.125,1.0,False,False,,,,,,
ovisocr2,handwriting,iam_01455,0.09995849328567731,4.0,False,,,0.2,0.2,1.0,1.0,5.0,1.0,1.0,0.0,1.0,False,False,,,,,,
ovisocr2,handwriting,iam_01805,0.09995849328567731,9.0,False,,,0.0,0.0,0.0,0.0,38.0,1.0,1.0,0.0,1.0,False,False,,,,,,
ovisocr2,handwriting,iam_01857,0.09995849328567731,11.0,False,,,0.02702702702702703,0.02702702702702703,0.14285714285714285,1.0,37.0,0.8571428571428571,0.8571428571428571,0.14285714285714285,1.0,False,False,,,,,,
ovisocr2,handwriting,iam_01898,0.09995849328567731,13.0,False,,,0.08,0.08,0.2,4.0,50.0,0.9,0.9,0.1,0.94,False,False,,,,,,
ovisocr2,handwriting,iam_01908,0.09995849328567731,14.0,False,,,0.0,0.0,0.0,0.0,53.0,1.0,1.0,0.0,1.0,False,False,,,,,,
ovisocr2,handwriting,iam_01970,0.09995849328567731,10.0,False,,,0.0,0.0,0.0,0.0,40.0,1.0,1.0,0.0,1.0,False,False,,,,,,
ovisocr2,handwriting,iam_01983,0.09995849328567731,12.0,False,,,0.08695652173913043,0.08695652173913043,0.4,4.0,46.0,0.8888888888888888,0.8888888888888888,0.1111111111111111,0.9565217391304348,False,False,,,,,,
ovisocr2,handwriting,iam_01993,0.09995849328567731,10.0,False,,,0.021739130434782608,0.021739130434782608,0.1111111111111111,1.0,46.0,0.8888888888888888,0.8888888888888888,0.1111111111111111,1.0,False,False,,,,,,
ovisocr2,handwriting,iam_02060,0.09995849328567731,12.0,False,,,0.16326530612244897,0.16326530612244897,0.3333333333333333,8.0,49.0,0.6666666666666666,0.6666666666666666,0.3333333333333333,0.9795918367346939,False,False,,,,,,
ovisocr2,handwriting,iam_02081,0.09995849328567731,14.0,False,,,0.022222222222222223,0.022222222222222223,0.2,1.0,45.0,1.0,1.0,0.0,0.9777777777777777,False,False,,,,,,
ovisocr2,handwriting,iam_02109,0.09995849328567731,12.0,False,,,0.0,0.0,0.0,0.0,43.0,1.0,1.0,0.0,1.0,False,False,,,,,,
ovisocr2,handwriting,iam_02171,0.09995849328567731,9.0,False,,,0.0,0.0,0.0,0.0,40.0,1.0,1.0,0.0,1.0,False,False,,,,,,
ovisocr2,handwriting,iam_02216,0.09995849328567731,13.0,False,,,0.0975609756097561,0.0975609756097561,0.42857142857142855,4.0,41.0,0.5714285714285714,0.5714285714285714,0.42857142857142855,0.975609756097561,False,False,,,,,,
ovisocr2,handwriting,iam_02279,0.09995849328567731,15.0,False,,,0.20408163265306123,0.20408163265306123,0.5,10.0,49.0,0.5454545454545454,0.5454545454545454,0.45454545454545453,1.0612244897959184,False,False,,,,,,
ovisocr2,handwriting,iam_02371,0.09995849328567731,6.0,False,,,0.13636363636363635,0.13636363636363635,0.4,3.0,22.0,1.0,1.0,0.0,0.9090909090909091,False,False,,,,,,
ovisocr2,handwriting,iam_02384,0.09995849328567731,12.0,False,,,0.1282051282051282,0.1282051282051282,0.2,5.0,39.0,0.9,0.9,0.1,0.9743589743589743,False,False,,,,,,
ovisocr2,handwriting,iam_02463,0.09995849328567731,11.0,False,,,0.0,0.0,0.0,0.0,40.0,1.0,1.0,0.0,1.0,False,False,,,,,,
ovisocr2,handwriting,iam_02522,0.09995849328567731,13.0,False,,,0.08163265306122448,0.08163265306122448,0.5714285714285714,4.0,49.0,1.0,1.0,0.0,1.0,False,False,,,,,,
ovisocr2,handwriting,iam_02552,0.09995849328567731,13.0,False,,,0.0,0.0,0.0,0.0,41.0,1.0,1.0,0.0,1.0,False,False,,,,,,
ovisocr2,handwriting,iam_02640,0.09995849328567731,14.0,False,,,0.02040816326530612,0.02040816326530612,0.1111111111111111,1.0,49.0,0.8888888888888888,0.8888888888888888,0.1111111111111111,1.0,False,False,,,,,,
ovisocr2,handwriting,iam_02655,0.09995849328567731,17.0,False,,,0.0196078431372549,0.0196078431372549,0.2,1.0,51.0,1.0,1.0,0.0,0.9803921568627451,False,False,,,,,,
ovisocr2,handwriting,iam_02684,0.09995849328567731,16.0,False,,,0.0,0.0,0.0,0.0,57.0,1.0,1.0,0.0,1.0,False,False,,,,,,
ovisocr2,handwriting,iam_02725,0.09995849328567731,13.0,False,,,0.05263157894736842,0.05263157894736842,0.1,3.0,57.0,0.9090909090909091,0.8333333333333334,0.16666666666666666,1.0175438596491229,False,False,,,,,,
ovisocr2,handwriting,iam_02733,0.09995849328567731,8.0,False,,,0.0,0.0,0.0,0.0,39.0,1.0,1.0,0.0,1.0,False,False,,,,,,
ovisocr2,handwriting,iam_02750,0.09995849328567731,10.0,False,,,0.0,0.0,0.0,0.0,40.0,1.0,1.0,0.0,1.0,False,False,,,,,,
ovisocr2,handwriting,iam_02765,0.09995849328567731,16.0,False,,,0.13157894736842105,0.13157894736842105,0.25,5.0,38.0,0.875,0.875,0.125,1.0,False,False,,,,,,
ovisocr2,handwriting,iam_02838,0.09995849328567731,8.0,False,,,0.07407407407407407,0.07407407407407407,0.3333333333333333,2.0,27.0,0.6666666666666666,0.6666666666666666,0.3333333333333333,1.0,False,False,,,,,,
ovisocr2,stress,syn000_prose__clean,5.449969833875002,508.0,False,,,0.0,0.0,0.0,0.0,2182.0,1.0,1.0,0.0,1.0,False,False,,,,,prose,clean
ovisocr2,stress,syn000_prose__dpi150,5.449969833875002,507.0,False,,,0.0004576659038901602,0.00045829514207149406,0.002570694087403599,1.0,2182.0,0.9974811083123426,0.9974811083123426,0.0025188916876574307,0.9995417048579285,False,False,,,,,prose,dpi150
ovisocr2,stress,syn000_prose__dpi75,5.449969833875002,508.0,False,,,0.0,0.0,0.0,0.0,2182.0,1.0,1.0,0.0,1.0,False,False,,,,,prose,dpi75
ovisocr2,stress,syn000_prose__blur,5.449969833875002,508.0,False,,,0.0,0.0,0.0,0.0,2182.0,1.0,1.0,0.0,1.0,False,False,,,,,prose,blur
ovisocr2,stress,syn000_prose__noise,5.449969833875002,507.0,False,,,0.0004576659038901602,0.00045829514207149406,0.002570694087403599,1.0,2182.0,0.9974811083123426,0.9974811083123426,0.0025188916876574307,0.9995417048579285,False,False,,,,,prose,noise
ovisocr2,stress,syn000_prose__rotate3,5.449969833875002,507.0,False,,,0.0004576659038901602,0.00045829514207149406,0.002570694087403599,1.0,2182.0,0.9974811083123426,0.9974811083123426,0.0025188916876574307,0.9995417048579285,False,False,,,,,prose,rotate3
ovisocr2,stress,syn000_prose__rotate8,5.449969833875002,506.0,False,,,0.0013729977116704805,0.001374885426214482,0.005141388174807198,3.0,2182.0,0.9949622166246851,0.9949622166246851,0.005037783375314861,0.999083409715857,False,False,,,,,prose,rotate8
ovisocr2,stress,syn000_prose__jpeg_q10,5.449969833875002,507.0,False,,,0.0004576659038901602,0.00045829514207149406,0.002570694087403599,1.0,2182.0,0.9974811083123426,0.9974811083123426,0.0025188916876574307,0.9995417048579285,False,False,,,,,prose,jpeg_q10
ovisocr2,stress,syn000_prose__low_contrast,5.449969833875002,507.0,False,,,0.0004576659038901602,0.00045829514207149406,0.002570694087403599,1.0,2182.0,0.9974811083123426,0.9974811083123426,0.0025188916876574307,0.9995417048579285,False,False,,,,,prose,low_contrast
ovisocr2,stress,syn000_prose__photocopy,5.449969833875002,508.0,False,,,0.0,0.0,0.0,0.0,2182.0,1.0,1.0,0.0,1.0,False,False,,,,,prose,photocopy
ovisocr2,stress,syn000_prose__phone_photo,5.449969833875002,507.0,False,,,0.0004576659038901602,0.00045829514207149406,0.002570694087403599,1.0,2182.0,0.9974811083123426,0.9974811083123426,0.0025188916876574307,0.9995417048579285,False,False,,,,,prose,phone_photo
ovisocr2,stress,syn001_two_column__clean,5.449969833875002,442.0,False,,,0.0,0.0,0.0,0.0,2056.0,1.0,1.0,0.0,1.0,False,False,,,,,two_column,clean
ovisocr2,stress,syn001_two_column__dpi150,5.449969833875002,442.0,False,,,0.0,0.0,0.0,0.0,2056.0,1.0,1.0,0.0,1.0,False,False,,,,,two_column,dpi150
ovisocr2,stress,syn001_two_column__dpi75,5.449969833875002,442.0,False,,,0.0,0.0,0.0,0.0,2056.0,1.0,1.0,0.0,1.0,False,False,,,,,two_column,dpi75
ovisocr2,stress,syn001_two_column__blur,5.449969833875002,442.0,False,,,0.0,0.0,0.0,0.0,2056.0,1.0,1.0,0.0,1.0,False,False,,,,,two_column,blur
ovisocr2,stress,syn001_two_column__noise,5.449969833875002,442.0,False,,,0.0,0.0,0.0,0.0,2056.0,1.0,1.0,0.0,1.0,False,False,,,,,two_column,noise
ovisocr2,stress,syn001_two_column__rotate3,5.449969833875002,442.0,False,,,0.0,0.0,0.0,0.0,2056.0,1.0,1.0,0.0,1.0,False,False,,,,,two_column,rotate3
ovisocr2,stress,syn001_two_column__rotate8,5.449969833875002,442.0,False,,,0.0,0.0,0.0,0.0,2056.0,1.0,1.0,0.0,1.0,False,False,,,,,two_column,rotate8
ovisocr2,stress,syn001_two_column__jpeg_q10,5.449969833875002,442.0,False,,,0.0,0.0,0.0,0.0,2056.0,1.0,1.0,0.0,1.0,False,False,,,,,two_column,jpeg_q10
ovisocr2,stress,syn001_two_column__low_contrast,5.449969833875002,442.0,False,,,0.0,0.0,0.0,0.0,2056.0,1.0,1.0,0.0,1.0,False,False,,,,,two_column,low_contrast
ovisocr2,stress,syn001_two_column__photocopy,5.449969833875002,442.0,False,,,0.0,0.0,0.0,0.0,2056.0,1.0,1.0,0.0,1.0,False,False,,,,,two_column,photocopy
ovisocr2,stress,syn001_two_column__phone_photo,5.449969833875002,442.0,False,,,0.0,0.0,0.0,0.0,2056.0,1.0,1.0,0.0,1.0,False,False,,,,,two_column,phone_photo
ovisocr2,stress,syn002_table__clean,5.449969833875002,436.0,False,,,0.0,0.0,0.0,0.0,426.0,1.0,1.0,0.0,1.0,False,False,,,,,table,clean
ovisocr2,stress,syn002_table__dpi150,5.449969833875002,436.0,False,,,0.0,0.0,0.0,0.0,426.0,1.0,1.0,0.0,1.0,False,False,,,,,table,dpi150
ovisocr2,stress,syn002_table__dpi75,5.449969833875002,436.0,False,,,0.0,0.0,0.0,0.0,426.0,1.0,1.0,0.0,1.0,False,False,,,,,table,dpi75
ovisocr2,stress,syn002_table__blur,5.449969833875002,436.0,False,,,0.0,0.0,0.0,0.0,426.0,1.0,1.0,0.0,1.0,False,False,,,,,table,blur
ovisocr2,stress,syn002_table__noise,5.449969833875002,436.0,False,,,0.0,0.0,0.0,0.0,426.0,1.0,1.0,0.0,1.0,False,False,,,,,table,noise
ovisocr2,stress,syn002_table__rotate3,5.449969833875002,436.0,False,,,0.0,0.0,0.0,0.0,426.0,1.0,1.0,0.0,1.0,False,False,,,,,table,rotate3
ovisocr2,stress,syn002_table__rotate8,5.449969833875002,456.0,False,,,0.26291079812206575,0.26291079812206575,0.4,112.0,426.0,1.0,1.0,0.0,1.0,False,False,,,,,table,rotate8
ovisocr2,stress,syn002_table__jpeg_q10,5.449969833875002,436.0,False,,,0.0,0.0,0.0,0.0,426.0,1.0,1.0,0.0,1.0,False,False,,,,,table,jpeg_q10
ovisocr2,stress,syn002_table__low_contrast,5.449969833875002,436.0,False,,,0.0,0.0,0.0,0.0,426.0,1.0,1.0,0.0,1.0,False,False,,,,,table,low_contrast
ovisocr2,stress,syn002_table__photocopy,5.449969833875002,436.0,False,,,0.0,0.0,0.0,0.0,426.0,1.0,1.0,0.0,1.0,False,False,,,,,table,photocopy
ovisocr2,stress,syn002_table__phone_photo,6.39547308991306,436.0,False,,,0.0,0.0,0.0,0.0,426.0,1.0,1.0,0.0,1.0,False,False,,,,,table,phone_photo
ovisocr2,stress,syn003_invoice__clean,6.39547308991306,378.0,False,,,0.0,0.0,0.0,0.0,463.0,1.0,1.0,0.0,1.0,False,False,,,,,invoice,clean
ovisocr2,stress,syn003_invoice__dpi150,6.39547308991306,378.0,False,,,0.0,0.0,0.0,0.0,463.0,1.0,1.0,0.0,1.0,False,False,,,,,invoice,dpi150
ovisocr2,stress,syn003_invoice__dpi75,6.39547308991306,378.0,False,,,0.0,0.0,0.0,0.0,463.0,1.0,1.0,0.0,1.0,False,False,,,,,invoice,dpi75
ovisocr2,stress,syn003_invoice__blur,6.39547308991306,378.0,False,,,0.0,0.0,0.0,0.0,463.0,1.0,1.0,0.0,1.0,False,False,,,,,invoice,blur
ovisocr2,stress,syn003_invoice__noise,6.39547308991306,378.0,False,,,0.0,0.0,0.0,0.0,463.0,1.0,1.0,0.0,1.0,False,False,,,,,invoice,noise
ovisocr2,stress,syn003_invoice__rotate3,6.39547308991306,378.0,False,,,0.0,0.0,0.0,0.0,463.0,1.0,1.0,0.0,1.0,False,False,,,,,invoice,rotate3
ovisocr2,stress,syn003_invoice__rotate8,6.39547308991306,378.0,False,,,0.0,0.0,0.0,0.0,463.0,1.0,1.0,0.0,1.0,False,False,,,,,invoice,rotate8
ovisocr2,stress,syn003_invoice__jpeg_q10,6.39547308991306,378.0,False,,,0.0,0.0,0.0,0.0,463.0,1.0,1.0,0.0,1.0,False,False,,,,,invoice,jpeg_q10
ovisocr2,stress,syn003_invoice__low_contrast,6.39547308991306,378.0,False,,,0.0,0.0,0.0,0.0,463.0,1.0,1.0,0.0,1.0,False,False,,,,,invoice,low_contrast
ovisocr2,stress,syn003_invoice__photocopy,6.39547308991306,378.0,False,,,0.0,0.0,0.0,0.0,463.0,1.0,1.0,0.0,1.0,False,False,,,,,invoice,photocopy
ovisocr2,stress,syn003_invoice__phone_photo,6.39547308991306,378.0,False,,,0.0,0.0,0.0,0.0,463.0,1.0,1.0,0.0,1.0,False,False,,,,,invoice,phone_photo
ovisocr2,stress,syn004_prose__clean,6.39547308991306,502.0,False,,,0.0,0.0,0.0,0.0,2242.0,1.0,1.0,0.0,1.0,False,False,,,,,prose,clean
ovisocr2,stress,syn004_prose__dpi150,6.39547308991306,502.0,False,,,0.0,0.0,0.0,0.0,2242.0,1.0,1.0,0.0,1.0,False,False,,,,,prose,dpi150
ovisocr2,stress,syn004_prose__dpi75,6.39547308991306,503.0,False,,,0.00044603033006244426,0.00044603033006244426,0.0025575447570332483,1.0,2242.0,0.9974619289340102,0.9974619289340102,0.0025380710659898475,0.9995539696699376,False,False,,,,,prose,dpi75
ovisocr2,stress,syn004_prose__blur,6.39547308991306,503.0,False,,,0.0,0.0,0.0,0.0,2242.0,1.0,1.0,0.0,1.0,False,False,,,,,prose,blur
ovisocr2,stress,syn004_prose__noise,6.39547308991306,502.0,False,,,0.0,0.0,0.0,0.0,2242.0,1.0,1.0,0.0,1.0,False,False,,,,,prose,noise
ovisocr2,stress,syn004_prose__rotate3,6.39547308991306,502.0,False,,,0.0,0.0,0.0,0.0,2242.0,1.0,1.0,0.0,1.0,False,False,,,,,prose,rotate3
ovisocr2,stress,syn004_prose__rotate8,6.39547308991306,502.0,False,,,0.0,0.0,0.0,0.0,2242.0,1.0,1.0,0.0,1.0,False,False,,,,,prose,rotate8
ovisocr2,stress,syn004_prose__jpeg_q10,6.39547308991306,502.0,False,,,0.0,0.0,0.0,0.0,2242.0,1.0,1.0,0.0,1.0,False,False,,,,,prose,jpeg_q10
ovisocr2,stress,syn004_prose__low_contrast,6.39547308991306,502.0,False,,,0.0,0.0,0.0,0.0,2242.0,1.0,1.0,0.0,1.0,False,False,,,,,prose,low_contrast
ovisocr2,stress,syn004_prose__photocopy,6.39547308991306,502.0,False,,,0.0,0.0,0.0,0.0,2242.0,1.0,1.0,0.0,1.0,False,False,,,,,prose,photocopy
ovisocr2,stress,syn004_prose__phone_photo,6.39547308991306,502.0,False,,,0.0,0.0,0.0,0.0,2242.0,1.0,1.0,0.0,1.0,False,False,,,,,prose,phone_photo
paddleocr,books,birdsofgreatbrit02butl_0093_full,1.967000882875027,,False,birdsofgreatbrit02butl,en,0.010926573426573426,0.003051438535309503,0.016172506738544475,7.0,2294.0,0.9870466321243523,0.9844961240310077,0.015503875968992248,1.0013077593722755,False,False,,,,,,
paddleocr,books,birdsofgreatbrit02butl_0126_full,1.967000882875027,,False,birdsofgreatbrit02butl,en,0.0102184637068358,0.00035211267605633805,0.0021691973969631237,1.0,2840.0,0.9979838709677419,0.9979838709677419,0.0020161290322580645,1.0,False,False,,,,,,
paddleocr,books,birdsofgreatbrit02butl_0156_full,1.967000882875027,,False,birdsofgreatbrit02butl,en,0.017204301075268817,0.006417112299465241,0.039473684210526314,12.0,1870.0,0.967948717948718,0.967948717948718,0.03205128205128205,1.0016042780748664,False,False,,,,,,
paddleocr,books,birdsofgreatbrit02butl_0159_full,1.967000882875027,,False,birdsofgreatbrit02butl,en,0.008307372793354102,0.0006903693476009665,0.005791505791505791,2.0,2897.0,1.0,1.0,0.0,0.9993096306523991,False,False,,,,,,
paddleocr,books,birdsofgreatbrit02butl_0172_full,1.967000882875027,,False,birdsofgreatbrit02butl,en,0.02026599113362888,0.0043997485857950975,0.015517241379310345,14.0,3182.0,0.9949152542372881,0.9949152542372881,0.005084745762711864,1.0,False,False,,,,,,
paddleocr,books,birdsofgreatbrit02butl_0308_full,1.967000882875027,,False,birdsofgreatbrit02butl,en,0.009315068493150684,0.0038335158817086527,0.018292682926829267,7.0,1826.0,0.9851632047477745,0.9793510324483776,0.02064896755162242,1.0010952902519168,False,False,,,,,,
paddleocr,books,birdsofgreatbrit02butl_0312_full,1.967000882875027,,False,birdsofgreatbrit02butl,en,0.0065298507462686565,0.003727865796831314,0.028089887640449437,4.0,1073.0,0.9835164835164835,0.9781420765027322,0.02185792349726776,1.0009319664492078,False,False,,,,,,
paddleocr,books,birdsofgreatbrit02butl_0320_full,1.967000882875027,,False,birdsofgreatbrit02butl,en,0.004551661356395084,0.0018198362147406734,0.0136986301369863,4.0,2198.0,0.9895833333333334,0.987012987012987,0.012987012987012988,1.000454959053685,False,False,,,,,,
paddleocr,books,birdsofgreatbrit02butl_0328_full,2.233626694999998,,False,birdsofgreatbrit02butl,en,0.03389830508474576,0.032357473035439135,0.18947368421052632,21.0,649.0,0.8962264150943396,0.8715596330275229,0.12844036697247707,1.0169491525423728,False,False,,,,,,
paddleocr,books,conchologiaiconi05reev_0039_full,2.233626694999998,,False,conchologiaiconi05reev,en,0.7620865139949109,0.7576374745417516,0.9369527145359019,2976.0,3928.0,0.9230769230769231,0.9230769230769231,0.07692307692307693,0.9997454175152749,False,False,,,,,,
paddleocr,books,conchologiaiconi05reev_0127_full,2.233626694999998,,False,conchologiaiconi05reev,en,0.7460161804363815,0.7442776273689392,0.9420849420849421,3024.0,4063.0,0.8736059479553904,0.8736059479553904,0.12639405204460966,0.9997538764459759,False,False,,,,,,
paddleocr,books,conchologiaiconi05reev_0200_full,2.233626694999998,,False,conchologiaiconi05reev,en,0.7528060558600888,0.749079431877959,0.904572564612326,2848.0,3802.0,0.8735632183908046,0.8735632183908046,0.12643678160919541,0.9989479221462388,False,False,,,,,,
paddleocr,books,conchologiaiconi05reev_0235_full,2.233626694999998,,False,conchologiaiconi05reev,en,0.742310889443059,0.7387562465297057,0.9282608695652174,2661.0,3602.0,0.8661087866108786,0.8661087866108786,0.13389121338912133,0.9997223764575236,False,False,,,,,,
paddleocr,books,conchologiaiconi05reev_0271_full,2.233626694999998,,False,conchologiaiconi05reev,en,0.7355305466237942,0.7297080096437182,0.9537815126050421,2724.0,3733.0,0.8539553752535497,0.8539553752535497,0.1460446247464503,0.998928475756764,False,False,,,,,,
paddleocr,books,conchologiaiconi05reev_0276_full,2.233626694999998,,False,conchologiaiconi05reev,en,0.7586885245901639,0.7541091387245233,0.9425087108013938,3441.0,4563.0,0.8777219430485762,0.8791946308724832,0.12080536912751678,0.9964935349550734,False,False,,,,,,
paddleocr,books,conchologiaiconi05reev_0350_full,2.233626694999998,,False,conchologiaiconi05reev,en,0.7199084668192219,0.7133670188332568,0.8813559322033898,1553.0,2177.0,0.8576158940397351,0.8547854785478548,0.14521452145214522,1.0009186954524576,False,False,,,,,,
paddleocr,books,conchologiaiconi05reev_0354_full,2.721945081874992,,False,conchologiaiconi05reev,en,0.738824852403711,0.7346824058459809,0.9008438818565401,2614.0,3558.0,0.8843813387423936,0.8843813387423936,0.11561866125760649,0.9985947161326588,False,False,,,,,,
paddleocr,books,conchologiaiconi05reev_0433_full,2.721945081874992,,False,conchologiaiconi05reev,en,0.7210939615488763,0.71875,0.9021739130434783,2645.0,3680.0,0.8706365503080082,0.8706365503080082,0.1293634496919918,0.9991847826086957,False,False,,,,,,
paddleocr,books,daschitinskelett00prel_0011_full,2.721945081874992,,False,daschitinskelett00prel,de,0.01589319771137953,0.01595405232929164,0.1336405529953917,50.0,3134.0,0.9721577726218097,0.8821052631578947,0.11789473684210526,1.0140395660497767,False,False,,,,,,
paddleocr,books,daschitinskelett00prel_0021_full,2.721945081874992,,False,daschitinskelett00prel,de,0.013468013468013467,0.012983640612827837,0.10283687943262411,50.0,3851.0,0.9857651245551602,0.9111842105263158,0.08881578947368421,1.0109062581147754,False,False,,,,,,
paddleocr,books,daschitinskelett00prel_0034_full,2.721945081874992,,False,daschitinskelett00prel,de,0.011051574012056262,0.011066398390342052,0.08215962441314555,33.0,2982.0,0.9905882352941177,0.9334811529933481,0.06651884700665188,1.0070422535211268,False,False,,,,,,
paddleocr,books,daschitinskelett00prel_0037_full,2.721945081874992,,False,daschitinskelett00prel,de,0.013723937714436528,0.01192368839427663,0.0965391621129326,45.0,3774.0,0.9781021897810219,0.9146757679180887,0.08532423208191127,1.0095389507154213,False,False,,,,,,
paddleocr,books,daschitinskelett00prel_0038_full,2.721945081874992,,False,daschitinskelett00prel,de,0.009592947886958776,0.008331163759437647,0.07169811320754717,32.0,3841.0,0.9792452830188679,0.9368231046931408,0.0631768953068592,1.0057276750846134,False,False,,,,,,
paddleocr,books,daschitinskelett00prel_0051_full,2.721945081874992,,False,daschitinskelett00prel,de,0.02898916057474162,0.029329962073324906,0.24821428571428572,116.0,3955.0,0.9516129032258065,0.7961019490254873,0.20389805097451275,1.0268015170670037,False,False,,,,,,
paddleocr,books,daschitinskelett00prel_0057_full,1.5247205518750206,,False,daschitinskelett00prel,de,0.01548165137614679,0.015499425947187142,0.12394957983193278,54.0,3484.0,0.976890756302521,0.8942307692307693,0.10576923076923077,1.0114810562571757,False,False,,,,,,
paddleocr,books,daschitinskelett00prel_0060_full,1.5247205518750206,,False,daschitinskelett00prel,de,0.03547671840354767,0.03571428571428571,0.256198347107438,32.0,896.0,0.957983193277311,0.7972027972027972,0.20279720279720279,1.0200892857142858,False,False,,,,,,
paddleocr,books,histoirenaturell10cuvi_0014_full,1.5247205518750206,,False,histoirenaturell10cuvi,fr,0.0033613445378151263,0.0,0.0,0.0,1180.0,1.0,1.0,0.0,1.0,False,False,,,,,,
paddleocr,books,histoirenaturell10cuvi_0070_full,1.5247205518750206,,False,histoirenaturell10cuvi,fr,0.06764466177669112,0.044444444444444446,0.06796116504854369,54.0,1215.0,0.9865470852017937,0.9821428571428571,0.017857142857142856,1.0,False,False,,,,,,
paddleocr,books,histoirenaturell10cuvi_0172_full,1.5247205518750206,,False,histoirenaturell10cuvi,fr,0.013876843018213356,0.0008695652173913044,0.01015228426395939,1.0,1150.0,1.0,1.0,0.0,1.0008695652173913,False,False,,,,,,
paddleocr,books,histoirenaturell10cuvi_0188_full,1.5247205518750206,,False,histoirenaturell10cuvi,fr,0.023166023166023165,0.005798969072164949,0.026415094339622643,9.0,1552.0,0.976271186440678,0.976271186440678,0.023728813559322035,1.0012886597938144,False,False,,,,,,
paddleocr,books,histoirenaturell10cuvi_0251_full,1.5247205518750206,,False,histoirenaturell10cuvi,fr,0.024744027303754267,0.010353753235547885,0.03482587064676617,12.0,1159.0,0.9719626168224299,0.9765258215962441,0.023474178403755867,0.999137187230371,False,False,,,,,,
paddleocr,books,histoirenaturell10cuvi_0343_full,1.5247205518750206,,False,histoirenaturell10cuvi,fr,0.035183737294761534,0.025296442687747035,0.035175879396984924,32.0,1265.0,0.9950980392156863,0.9759615384615384,0.02403846153846154,1.000790513833992,False,False,,,,,,
paddleocr,books,histoirenaturell10cuvi_0369_full,1.5610748311249836,,False,histoirenaturell10cuvi,fr,0.027692307692307693,0.01160092807424594,0.05454545454545454,15.0,1293.0,0.9612068965517241,0.9823788546255506,0.01762114537444934,0.9953596287703016,False,False,,,,,,
paddleocr,books,histoirenaturell10cuvi_0425_full,1.5610748311249836,,False,histoirenaturell10cuvi,fr,0.021532615579480684,0.0057251908396946565,0.010830324909747292,9.0,1572.0,0.9931972789115646,0.9931972789115646,0.006802721088435374,1.0,False,False,,,,,,
paddleocr,books,pisciumquerelaee00sche_0012_full,1.5610748311249836,,False,pisciumquerelaee00sche,la,0.10661107802263252,0.10066305003013863,0.4194915254237288,167.0,1659.0,0.5632183908045977,0.6336206896551724,0.36637931034482757,1.025919228450874,False,False,,,,,,
paddleocr,books,pisciumquerelaee00sche_0013_full,1.5610748311249836,,False,pisciumquerelaee00sche,la,0.09540636042402827,0.09096313912009513,0.4125,153.0,1682.0,0.5767790262172284,0.6695652173913044,0.33043478260869563,1.0136741973840666,False,False,,,,,,
paddleocr,books,pisciumquerelaee00sche_0016_full,1.5610748311249836,,False,pisciumquerelaee00sche,la,0.076875,0.07219759341355288,0.31277533039647576,114.0,1579.0,0.6652892561983471,0.7030567685589519,0.29694323144104806,1.0170994300189993,False,False,,,,,,
paddleocr,books,pisciumquerelaee00sche_0035_full,1.5610748311249836,,False,pisciumquerelaee00sche,la,0.10426829268292682,0.09146715776550031,0.3815789473684211,149.0,1629.0,0.6666666666666666,0.7288888888888889,0.27111111111111114,1.0104358502148558,False,False,,,,,,
paddleocr,books,pisciumquerelaee00sche_0038_full,1.5610748311249836,,False,pisciumquerelaee00sche,la,0.10152990264255911,0.10318021201413427,0.38578680203045684,146.0,1415.0,0.6435643564356436,0.7065217391304348,0.29347826086956524,1.012720848056537,False,False,,,,,,
paddleocr,books,pisciumquerelaee00sche_0040_full,1.5610748311249836,,False,pisciumquerelaee00sche,la,0.12345679012345678,0.12181303116147309,0.5661764705882353,215.0,1765.0,0.5860927152317881,0.6996047430830039,0.30039525691699603,1.0005665722379604,False,False,,,,,,
paddleocr,books,pisciumquerelaee00sche_0041_full,1.6804564192500493,,False,pisciumquerelaee00sche,la,0.0969962453066333,0.09286165508528112,0.4166666666666667,147.0,1583.0,0.6130268199233716,0.7017543859649122,0.2982456140350877,1.022109917877448,False,False,,,,,,
paddleocr,books,pisciumquerelaee00sche_0044_full,1.6804564192500493,,False,pisciumquerelaee00sche,la,0.16176470588235295,0.16336633663366337,0.42857142857142855,66.0,404.0,0.5849056603773585,0.5636363636363636,0.43636363636363634,1.0247524752475248,False,False,,,,,,
paddleocr,books,trudyrusskagoent161881russ_0098_full,1.6804564192500493,,False,trudyrusskagoent161881russ,fr+de,0.018543956043956044,0.015829318651066758,0.14215686274509803,23.0,1453.0,0.9447236180904522,0.8909952606635071,0.10900473933649289,1.0048176187198898,False,False,,,,,,
paddleocr,books,trudyrusskagoent161881russ_0121_full,1.6804564192500493,,False,trudyrusskagoent161881russ,fr+de,0.028662420382165606,0.01702127659574468,0.04498269896193772,32.0,1880.0,0.986013986013986,0.9929577464788732,0.007042253521126761,0.9952127659574468,False,False,,,,,,
paddleocr,books,trudyrusskagoent161881russ_0276_full,1.6804564192500493,,False,trudyrusskagoent161881russ,fr+de,0.015046296296296295,0.010416666666666666,0.0796812749003984,18.0,1728.0,0.9757085020242915,0.9377431906614786,0.0622568093385214,1.0040509259259258,False,False,,,,,,
paddleocr,books,trudyrusskagoent161881russ_0329_full,1.6804564192500493,,False,trudyrusskagoent161881russ,fr+de,0.006682577565632458,0.0019175455417066154,0.0136986301369863,4.0,2086.0,0.996551724137931,0.996551724137931,0.0034482758620689655,0.99856184084372,False,False,,,,,,
paddleocr,books,trudyrusskagoent161881russ_0357_full,1.6804564192500493,,False,trudyrusskagoent161881russ,fr+de,0.012687427912341407,0.009866511897852582,0.04564315352697095,17.0,1723.0,0.9834710743801653,0.9875518672199171,0.012448132780082987,0.9947765525246662,False,False,,,,,,
paddleocr,books,trudyrusskagoent161881russ_0379_full,1.6804564192500493,,False,trudyrusskagoent161881russ,fr+de,0.011488511488511488,0.009031610637230306,0.05660377358490566,18.0,1993.0,0.9819819819819819,0.9819819819819819,0.018018018018018018,0.9969894631209232,False,False,,,,,,
paddleocr,books,trudyrusskagoent161881russ_0388_full,1.606439460999809,,False,trudyrusskagoent161881russ,fr+de,0.008192244675040962,0.0038314176245210726,0.020202020202020204,7.0,1827.0,0.9935275080906149,0.9967532467532467,0.003246753246753247,0.9967159277504105,False,False,,,,,,
paddleocr,books,trudyrusskagoent161881russ_0446_full,1.606439460999809,,False,trudyrusskagoent161881russ,fr+de,0.02137546468401487,0.018691588785046728,0.07329842931937172,20.0,1070.0,0.99,0.9949748743718593,0.005025125628140704,0.9841121495327103,False,False,,,,,,
paddleocr,docs,headers_footers__0b8de922246569bf96136cd5bb1d9643b2d269fe_page_10_processed,1.67348443412493,,False,,,,,,,,,,,,False,,headers_footers,2.0,1.0,"[{""id"": ""0b8de922246569bf96136cd5bb1d9643b2d269fe_page_10_processed.pdf_manual_00"", ""type"": ""absent"", ""passed"": false, ""category"": ""headers_footers""}, {""id"": ""auto_baseline"", ""type"": ""baseline"", ""passed"": true, ""category"": ""baseline""}]",,
paddleocr,docs,headers_footers__12e836a20227be4b63f7dcdebb2498e9d189d4da_page_5_processed,1.67348443412493,,False,,,,,,,,,,,,False,,headers_footers,4.0,4.0,"[{""id"": ""12e836a20227be4b63f7dcdebb2498e9d189d4da_page_5_processed_pg1_header_00"", ""type"": ""absent"", ""passed"": true, ""category"": ""headers_footers""}, {""id"": ""12e836a20227be4b63f7dcdebb2498e9d189d4da_page_5_processed_pg1_header_01"", ""type"": ""absent"", ""passed"": true, ""category"": ""headers_footers""}, {""id"": ""12e836a20227be4b63f7dcdebb2498e9d189d4da_page_5_processed_pg1_header_02"", ""type"": ""absent"", ""passed"": true, ""category"": ""headers_footers""}, {""id"": ""auto_baseline"", ""type"": ""baseline"", ""passed"": true, ""category"": ""baseline""}]",,
paddleocr,docs,headers_footers__17ce5025be595d7fc2c3a347b6a2fa4e4d06419d_page_1,1.67348443412493,,False,,,,,,,,,,,,False,,headers_footers,2.0,1.0,"[{""id"": ""17ce5025be595d7fc2c3a347b6a2fa4e4d06419d_page_1_header_00"", ""type"": ""absent"", ""passed"": false, ""category"": ""headers_footers""}, {""id"": ""auto_baseline"", ""type"": ""baseline"", ""passed"": true, ""category"": ""baseline""}]",,
paddleocr,docs,headers_footers__1a3e61746b0965df09bce6cb1051c455807363d5_page_1,1.67348443412493,,False,,,,,,,,,,,,False,,headers_footers,3.0,2.0,"[{""id"": ""1a3e61746b0965df09bce6cb1051c455807363d5_page_1_header_00"", ""type"": ""absent"", ""passed"": false, ""category"": ""headers_footers""}, {""id"": ""1a3e61746b0965df09bce6cb1051c455807363d5_page_1.pdf_manual_00"", ""type"": ""absent"", ""passed"": true, ""category"": ""headers_footers""}, {""id"": ""auto_baseline"", ""type"": ""baseline"", ""passed"": true, ""category"": ""baseline""}]",,
paddleocr,docs,headers_footers__2cb8b9fbe5aaac3d7f95d110a3b08132ee09d103_page_2,1.67348443412493,,False,,,,,,,,,,,,False,,headers_footers,3.0,1.0,"[{""id"": ""2cb8b9fbe5aaac3d7f95d110a3b08132ee09d103_page_2_header_00"", ""type"": ""absent"", ""passed"": false, ""category"": ""headers_footers""}, {""id"": ""2cb8b9fbe5aaac3d7f95d110a3b08132ee09d103_page_2.pdf_manual_00"", ""type"": ""absent"", ""passed"": false, ""category"": ""headers_footers""}, {""id"": ""auto_baseline"", ""type"": ""baseline"", ""passed"": true, ""category"": ""baseline""}]",,
paddleocr,docs,headers_footers__363300831b3da664b1bfe972e4f86464fa076da3_page_149,1.67348443412493,,False,,,,,,,,,,,,False,,headers_footers,6.0,2.0,"[{""id"": ""363300831b3da664b1bfe972e4f86464fa076da3_page_149_header_00"", ""type"": ""absent"", ""passed"": false, ""category"": ""headers_footers""}, {""id"": ""363300831b3da664b1bfe972e4f86464fa076da3_page_149_header_01"", ""type"": ""absent"", ""passed"": false, ""category"": ""headers_footers""}, {""id"": ""363300831b3da664b1bfe972e4f86464fa076da3_page_149_header_15"", ""type"": ""absent"", ""passed"": false, ""category"": ""headers_footers""}, {""id"": ""363300831b3da664b1bfe972e4f86464fa076da3_page_149_header_16"", ""type"": ""absent"", ""passed"": false, ""category"": ""headers_footers""}, {""id"": ""363300831b3da664b1bfe972e4f86464fa076da3_page_149.pdf_manual_00"", ""type"": ""absent"", ""passed"": true, ""category"": ""headers_footers""}, {""id"": ""auto_baseline"", ""type"": ""baseline"", ""passed"": true, ""category"": ""baseline""}]",,
paddleocr,docs,headers_footers__62621cef2b1d5356a063aa7c9c735ac396fb2223_page_33,1.67348443412493,,False,,,,,,,,,,,,False,,headers_footers,4.0,1.0,"[{""id"": ""62621cef2b1d5356a063aa7c9c735ac396fb2223_page_33_header_00"", ""type"": ""absent"", ""passed"": false, ""category"": ""headers_footers""}, {""id"": ""62621cef2b1d5356a063aa7c9c735ac396fb2223_page_33.pdf_manual_00"", ""type"": ""absent"", ""passed"": false, ""category"": ""headers_footers""}, {""id"": ""62621cef2b1d5356a063aa7c9c735ac396fb2223_page_33.pdf_manual_01"", ""type"": ""absent"", ""passed"": false, ""category"": ""headers_footers""}, {""id"": ""auto_baseline"", ""type"": ""baseline"", ""passed"": true, ""category"": ""baseline""}]",,
paddleocr,docs,headers_footers__7901d119ed91a89f8fbabf0eef7174d75a7656e3_page_1,1.67348443412493,,False,,,,,,,,,,,,False,,headers_footers,2.0,1.0,"[{""id"": ""7901d119ed91a89f8fbabf0eef7174d75a7656e3_page_1.pdf_manual_00"", ""type"": ""absent"", ""passed"": false, ""category"": ""headers_footers""}, {""id"": ""auto_baseline"", ""type"": ""baseline"", ""passed"": true, ""category"": ""baseline""}]",,
paddleocr,docs,headers_footers__ba10222e40f05d76e2bf1d51c39066a4b1fe82ed_page_11,3.71480558962503,,False,,,,,,,,,,,,False,,headers_footers,3.0,1.0,"[{""id"": ""ba10222e40f05d76e2bf1d51c39066a4b1fe82ed_page_11_header_00"", ""type"": ""absent"", ""passed"": false, ""category"": ""headers_footers""}, {""id"": ""ba10222e40f05d76e2bf1d51c39066a4b1fe82ed_page_11.pdf_manual_00"", ""type"": ""absent"", ""passed"": false, ""category"": ""headers_footers""}, {""id"": ""auto_baseline"", ""type"": ""baseline"", ""passed"": true, ""category"": ""baseline""}]",,
paddleocr,docs,headers_footers__d8b9c4cd0ba9b036e09168c8dccccd1d43315ef4_page_1,3.71480558962503,,False,,,,,,,,,,,,False,,headers_footers,3.0,2.0,"[{""id"": ""d8b9c4cd0ba9b036e09168c8dccccd1d43315ef4_page_1_header_00"", ""type"": ""absent"", ""passed"": false, ""category"": ""headers_footers""}, {""id"": ""d8b9c4cd0ba9b036e09168c8dccccd1d43315ef4_page_1.pdf_manual_00"", ""type"": ""absent"", ""passed"": true, ""category"": ""headers_footers""}, {""id"": ""auto_baseline"", ""type"": ""baseline"", ""passed"": true, ""category"": ""baseline""}]",,
paddleocr,docs,long_tiny_text__11_pg161_pg1,3.71480558962503,,False,,,,,,,,,,,,False,,long_tiny_text,9.0,9.0,"[{""id"": ""11_pg161_pg1_text_00"", ""type"": ""present"", ""passed"": true, ""category"": ""long_tiny_text""}, {""id"": ""11_pg161_pg1_text_01"", ""type"": ""present"", ""passed"": true, ""category"": ""long_tiny_text""}, {""id"": ""11_pg161_pg1_text_02"", ""type"": ""present"", ""passed"": true, ""category"": ""long_tiny_text""}, {""id"": ""11_pg161_pg1_text_03"", ""type"": ""present"", ""passed"": true, ""category"": ""long_tiny_text""}, {""id"": ""11_pg161_pg1_text_04"", ""type"": ""present"", ""passed"": true, ""category"": ""long_tiny_text""}, {""id"": ""11_pg161_pg1_text_05"", ""type"": ""present"", ""passed"": true, ""category"": ""long_tiny_text""}, {""id"": ""11_pg161_pg1_text_06"", ""type"": ""present"", ""passed"": true, ""category"": ""long_tiny_text""}, {""id"": ""11_pg161_pg1_text_07"", ""type"": ""present"", ""passed"": true, ""category"": ""long_tiny_text""}, {""id"": ""auto_baseline"", ""type"": ""baseline"", ""passed"": true, ""category"": ""baseline""}]",,
paddleocr,docs,long_tiny_text__11_pg375_pg1,3.71480558962503,,False,,,,,,,,,,,,False,,long_tiny_text,4.0,1.0,"[{""id"": ""11_pg375_pg1_text_00"", ""type"": ""present"", ""passed"": false, ""category"": ""long_tiny_text""}, {""id"": ""11_pg375_pg1_text_01"", ""type"": ""present"", ""passed"": false, ""category"": ""long_tiny_text""}, {""id"": ""11_pg375_pg1_text_02"", ""type"": ""present"", ""passed"": false, ""category"": ""long_tiny_text""}, {""id"": ""auto_baseline"", ""type"": ""baseline"", ""passed"": true, ""category"": ""baseline""}]",,
paddleocr,docs,long_tiny_text__13_pg556_pg1,3.71480558962503,,False,,,,,,,,,,,,False,,long_tiny_text,5.0,1.0,"[{""id"": ""13_pg556_pg1_text_00"", ""type"": ""present"", ""passed"": false, ""category"": ""long_tiny_text""}, {""id"": ""13_pg556_pg1_text_01"", ""type"": ""present"", ""passed"": false, ""category"": ""long_tiny_text""}, {""id"": ""13_pg556_pg1_text_02"", ""type"": ""present"", ""passed"": false, ""category"": ""long_tiny_text""}, {""id"": ""13_pg556_pg1_text_03"", ""type"": ""present"", ""passed"": false, ""category"": ""long_tiny_text""}, {""id"": ""auto_baseline"", ""type"": ""baseline"", ""passed"": true, ""category"": ""baseline""}]",,
paddleocr,docs,long_tiny_text__13_pg566_pg1,3.71480558962503,,False,,,,,,,,,,,,False,,long_tiny_text,6.0,1.0,"[{""id"": ""13_pg566_pg1_text_00"", ""type"": ""present"", ""passed"": false, ""category"": ""long_tiny_text""}, {""id"": ""13_pg566_pg1_text_01"", ""type"": ""present"", ""passed"": false, ""category"": ""long_tiny_text""}, {""id"": ""13_pg566_pg1_text_02"", ""type"": ""present"", ""passed"": false, ""category"": ""long_tiny_text""}, {""id"": ""13_pg566_pg1_text_03"", ""type"": ""present"", ""passed"": false, ""category"": ""long_tiny_text""}, {""id"": ""13_pg566_pg1_text_04"", ""type"": ""present"", ""passed"": false, ""category"": ""long_tiny_text""}, {""id"": ""auto_baseline"", ""type"": ""baseline"", ""passed"": true, ""category"": ""baseline""}]",,
paddleocr,docs,long_tiny_text__13_pg67_pg1,3.71480558962503,,False,,,,,,,,,,,,False,,long_tiny_text,6.0,6.0,"[{""id"": ""13_pg67_pg1_text_00"", ""type"": ""present"", ""passed"": true, ""category"": ""long_tiny_text""}, {""id"": ""13_pg67_pg1_text_01"", ""type"": ""present"", ""passed"": true, ""category"": ""long_tiny_text""}, {""id"": ""13_pg67_pg1_text_02"", ""type"": ""present"", ""passed"": true, ""category"": ""long_tiny_text""}, {""id"": ""13_pg67_pg1_text_03"", ""type"": ""present"", ""passed"": true, ""category"": ""long_tiny_text""}, {""id"": ""13_pg67_pg1_text_04"", ""type"": ""present"", ""passed"": true, ""category"": ""long_tiny_text""}, {""id"": ""auto_baseline"", ""type"": ""baseline"", ""passed"": true, ""category"": ""baseline""}]",,
paddleocr,docs,long_tiny_text__14a_pg1,3.71480558962503,,False,,,,,,,,,,,,False,,long_tiny_text,6.0,1.0,"[{""id"": ""14a_pg1_text_01"", ""type"": ""present"", ""passed"": false, ""category"": ""long_tiny_text""}, {""id"": ""14a_pg1_text_02"", ""type"": ""present"", ""passed"": false, ""category"": ""long_tiny_text""}, {""id"": ""14a_pg1_text_04"", ""type"": ""present"", ""passed"": false, ""category"": ""long_tiny_text""}, {""id"": ""14a_pg1_text_05"", ""type"": ""present"", ""passed"": false, ""category"": ""long_tiny_text""}, {""id"": ""14a_pg1_text_06"", ""type"": ""present"", ""passed"": false, ""category"": ""long_tiny_text""}, {""id"": ""auto_baseline"", ""type"": ""baseline"", ""passed"": true, ""category"": ""baseline""}]",,
paddleocr,docs,long_tiny_text__15c_pg1,3.207363319374963,,False,,,,,,,,,,,,False,,long_tiny_text,5.0,1.0,"[{""id"": ""15c_pg1_text_00"", ""type"": ""present"", ""passed"": false, ""category"": ""long_tiny_text""}, {""id"": ""15c_pg1_text_01"", ""type"": ""present"", ""passed"": false, ""category"": ""long_tiny_text""}, {""id"": ""15c_pg1_text_02"", ""type"": ""present"", ""passed"": false, ""category"": ""long_tiny_text""}, {""id"": ""15c_pg1_text_03"", ""type"": ""present"", ""passed"": false, ""category"": ""long_tiny_text""}, {""id"": ""auto_baseline"", ""type"": ""baseline"", ""passed"": true, ""category"": ""baseline""}]",,
paddleocr,docs,long_tiny_text__17_pg2_pg1,3.207363319374963,,False,,,,,,,,,,,,False,,long_tiny_text,40.0,38.0,"[{""id"": ""17_pg2_pg1_text_00"", ""type"": ""present"", ""passed"": true, ""category"": ""long_tiny_text""}, {""id"": ""17_pg2_pg1_text_01"", ""type"": ""present"", ""passed"": true, ""category"": ""long_tiny_text""}, {""id"": ""17_pg2_pg1_text_02"", ""type"": ""present"", ""passed"": false, ""category"": ""long_tiny_text""}, {""id"": ""17_pg2_pg1_text_03"", ""type"": ""present"", ""passed"": true, ""category"": ""long_tiny_text""}, {""id"": ""17_pg2_pg1_text_04"", ""type"": ""present"", ""passed"": true, ""category"": ""long_tiny_text""}, {""id"": ""17_pg2_pg1_text_06"", ""type"": ""present"", ""passed"": true, ""category"": ""long_tiny_text""}, {""id"": ""17_pg2_pg1_text_07"", ""type"": ""present"", ""passed"": true, ""category"": ""long_tiny_text""}, {""id"": ""17_pg2_pg1_text_09"", ""type"": ""present"", ""passed"": true, ""category"": ""long_tiny_text""}, {""id"": ""17_pg2_pg1_text_10"", ""type"": ""present"", ""passed"": true, ""category"": ""long_tiny_text""}, {""id"": ""17_pg2_pg1_text_12"", ""type"": ""present"", ""passed"": true, ""category"": ""long_tiny_text""}, {""id"": ""17_pg2_pg1_text_13"", ""type"": ""present"", ""passed"": true, ""category"": ""long_tiny_text""}, {""id"": ""17_pg2_pg1_text_16"", ""type"": ""present"", ""passed"": true, ""category"": ""long_tiny_text""}, {""id"": ""17_pg2_pg1_text_17"", ""type"": ""present"", ""passed"": false, ""category"": ""long_tiny_text""}, {""id"": ""17_pg2_pg1_text_20"", ""type"": ""present"", ""passed"": true, ""category"": ""long_tiny_text""}, {""id"": ""17_pg2_pg1_text_23"", ""type"": ""present"", ""passed"": true, ""category"": ""long_tiny_text""}, {""id"": ""17_pg2_pg1_text_24"", ""type"": ""present"", ""passed"": true, ""category"": ""long_tiny_text""}, {""id"": ""17_pg2_pg1_text_25"", ""type"": ""present"", ""passed"": true, ""category"": ""long_tiny_text""}, {""id"": ""17_pg2_pg1_text_27"", ""type"": ""present"", ""passed"": true, ""category"": ""long_tiny_text""}, {""id"": ""17_pg2_pg1_text_28"", ""type"": ""present"", ""passed"": true, ""category"": ""long_tiny_text""}, {""id"": ""17_pg2_pg1_text_30"", ""type"": ""present"", ""passed"": true, ""category"": ""long_tiny_text""}, {""id"": ""17_pg2_pg1_text_31"", ""type"": ""present"", ""passed"": true, ""category"": ""long_tiny_text""}, {""id"": ""17_pg2_pg1_text_34"", ""type"": ""present"", ""passed"": true, ""category"": ""long_tiny_text""}, {""id"": ""17_pg2_pg1_text_37"", ""type"": ""present"", ""passed"": true, ""category"": ""long_tiny_text""}, {""id"": ""17_pg2_pg1_text_41"", ""type"": ""present"", ""passed"": true, ""category"": ""long_tiny_text""}, {""id"": ""17_pg2_pg1_text_43"", ""type"": ""present"", ""passed"": true, ""category"": ""long_tiny_text""}, {""id"": ""17_pg2_pg1_text_45"", ""type"": ""present"", ""passed"": true, ""category"": ""long_tiny_text""}, {""id"": ""17_pg2_pg1_text_49"", ""type"": ""present"", ""passed"": true, ""category"": ""long_tiny_text""}, {""id"": ""17_pg2_pg1_text_51"", ""type"": ""present"", ""passed"": true, ""category"": ""long_tiny_text""}, {""id"": ""17_pg2_pg1_text_56"", ""type"": ""present"", ""passed"": true, ""category"": ""long_tiny_text""}, {""id"": ""17_pg2_pg1_text_61"", ""type"": ""present"", ""passed"": true, ""category"": ""long_tiny_text""}, {""id"": ""17_pg2_pg1_text_65"", ""type"": ""present"", ""passed"": true, ""category"": ""long_tiny_text""}, {""id"": ""17_pg2_pg1_text_69"", ""type"": ""present"", ""passed"": true, ""category"": ""long_tiny_text""}, {""id"": ""17_pg2_pg1_text_74"", ""type"": ""present"", ""passed"": true, ""category"": ""long_tiny_text""}, {""id"": ""17_pg2_pg1_text_80"", ""type"": ""present"", ""passed"": true, ""category"": ""long_tiny_text""}, {""id"": ""17_pg2_pg1_text_83"", ""type"": ""present"", ""passed"": true, ""category"": ""long_tiny_text""}, {""id"": ""17_pg2_pg1_text_86"", ""type"": ""present"", ""passed"": true, ""category"": ""long_tiny_text""}, {""id"": ""17_pg2_pg1_text_88"", ""type"": ""present"", ""passed"": true, ""category"": ""long_tiny_text""}, {""id"": ""17_pg2_pg1_text_95"", ""type"": ""present"", ""passed"": true, ""category"": ""long_tiny_text""}, {""id"": ""17_pg2_pg1_text_97"", ""type"": ""present"", ""passed"": true, ""category"": ""long_tiny_text""}, {""id"": ""auto_baseline"", ""type"": ""baseline"", ""passed"": true, ""category"": ""baseline""}]",,
paddleocr,docs,long_tiny_text__20_pg40_pg1,3.207363319374963,,False,,,,,,,,,,,,False,,long_tiny_text,6.0,2.0,"[{""id"": ""20_pg40_pg1_text_00"", ""type"": ""present"", ""passed"": false, ""category"": ""long_tiny_text""}, {""id"": ""20_pg40_pg1_text_01"", ""type"": ""present"", ""passed"": false, ""category"": ""long_tiny_text""}, {""id"": ""20_pg40_pg1_text_02"", ""type"": ""present"", ""passed"": false, ""category"": ""long_tiny_text""}, {""id"": ""20_pg40_pg1_text_03"", ""type"": ""present"", ""passed"": true, ""category"": ""long_tiny_text""}, {""id"": ""20_pg40_pg1_text_04"", ""type"": ""present"", ""passed"": false, ""category"": ""long_tiny_text""}, {""id"": ""auto_baseline"", ""type"": ""baseline"", ""passed"": true, ""category"": ""baseline""}]",,
paddleocr,docs,long_tiny_text__20_pg46_pg1,3.207363319374963,,False,,,,,,,,,,,,False,,long_tiny_text,10.0,4.0,"[{""id"": ""20_pg46_pg1_text_00"", ""type"": ""present"", ""passed"": true, ""category"": ""long_tiny_text""}, {""id"": ""20_pg46_pg1_text_01"", ""type"": ""present"", ""passed"": false, ""category"": ""long_tiny_text""}, {""id"": ""20_pg46_pg1_text_02"", ""type"": ""present"", ""passed"": false, ""category"": ""long_tiny_text""}, {""id"": ""20_pg46_pg1_text_03"", ""type"": ""present"", ""passed"": false, ""category"": ""long_tiny_text""}, {""id"": ""20_pg46_pg1_text_04"", ""type"": ""present"", ""passed"": false, ""category"": ""long_tiny_text""}, {""id"": ""20_pg46_pg1_text_05"", ""type"": ""present"", ""passed"": true, ""category"": ""long_tiny_text""}, {""id"": ""20_pg46_pg1_text_06"", ""type"": ""present"", ""passed"": false, ""category"": ""long_tiny_text""}, {""id"": ""20_pg46_pg1_text_08"", ""type"": ""present"", ""passed"": false, ""category"": ""long_tiny_text""}, {""id"": ""20_pg46_pg1_text_09"", ""type"": ""present"", ""passed"": true, ""category"": ""long_tiny_text""}, {""id"": ""auto_baseline"", ""type"": ""baseline"", ""passed"": true, ""category"": ""baseline""}]",,
paddleocr,docs,multi_column__00945e98ea0970dcffb8f548336df3a0137f_page_4_pg1,3.207363319374963,,False,,,,,,,,,,,,False,,multi_column,4.0,1.0,"[{""id"": ""00945e98ea0970dcffb8f548336df3a0137f_page_4.pdf_order_0a8f368a"", ""type"": ""order"", ""passed"": false, ""category"": ""multi_column""}, {""id"": ""00945e98ea0970dcffb8f548336df3a0137f_page_4.pdf_order_3d4bbd69"", ""type"": ""order"", ""passed"": false, ""category"": ""multi_column""}, {""id"": ""00945e98ea0970dcffb8f548336df3a0137f_page_4.pdf_order_4cbab131"", ""type"": ""order"", ""passed"": false, ""category"": ""multi_column""}, {""id"": ""auto_baseline"", ""type"": ""baseline"", ""passed"": true, ""category"": ""baseline""}]",,
paddleocr,docs,multi_column__00e2c7719d58bb49fd4031cce9dcccdddec2_page_1_pg1,3.207363319374963,,False,,,,,,,,,,,,False,,multi_column,3.0,1.0,"[{""id"": ""00e2c7719d58bb49fd4031cce9dcccdddec2_page_1.pdf_order_85be1097"", ""type"": ""order"", ""passed"": false, ""category"": ""multi_column""}, {""id"": ""00e2c7719d58bb49fd4031cce9dcccdddec2_page_1.pdf_order_b903400b"", ""type"": ""order"", ""passed"": true, ""category"": ""multi_column""}, {""id"": ""auto_baseline"", ""type"": ""baseline"", ""passed"": false, ""category"": ""baseline""}]",,
paddleocr,docs,multi_column__0114396ecb251aa3ebaeaeaed6bd4fe50bd2_page_2_pg1,3.207363319374963,,False,,,,,,,,,,,,False,,multi_column,6.0,1.0,"[{""id"": ""0114396ecb251aa3ebaeaeaed6bd4fe50bd2_page_2.pdf_order_e5d2d945"", ""type"": ""order"", ""passed"": false, ""category"": ""multi_column""}, {""id"": ""0114396ecb251aa3ebaeaeaed6bd4fe50bd2_page_2.pdf_order_6b2daa2b"", ""type"": ""order"", ""passed"": false, ""category"": ""multi_column""}, {""id"": ""0114396ecb251aa3ebaeaeaed6bd4fe50bd2_page_2.pdf_order_f61eafae"", ""type"": ""order"", ""passed"": false, ""category"": ""multi_column""}, {""id"": ""0114396ecb251aa3ebaeaeaed6bd4fe50bd2_page_2.pdf_order_40a2536e"", ""type"": ""order"", ""passed"": false, ""category"": ""multi_column""}, {""id"": ""0114396ecb251aa3ebaeaeaed6bd4fe50bd2_page_2.pdf_order_b8d41298"", ""type"": ""order"", ""passed"": false, ""category"": ""multi_column""}, {""id"": ""auto_baseline"", ""type"": ""baseline"", ""passed"": true, ""category"": ""baseline""}]",,
paddleocr,docs,multi_column__019a8841dddeb304774ba62a9f5d8dccb43d_page_2_pg1,3.207363319374963,,False,,,,,,,,,,,,False,,multi_column,5.0,2.0,"[{""id"": ""019a8841dddeb304774ba62a9f5d8dccb43d_page_2.pdf_order_00d331ca"", ""type"": ""order"", ""passed"": true, ""category"": ""multi_column""}, {""id"": ""019a8841dddeb304774ba62a9f5d8dccb43d_page_2.pdf_order_2410e748"", ""type"": ""order"", ""passed"": false, ""category"": ""multi_column""}, {""id"": ""019a8841dddeb304774ba62a9f5d8dccb43d_page_2.pdf_order_5a8cba0a"", ""type"": ""order"", ""passed"": false, ""category"": ""multi_column""}, {""id"": ""019a8841dddeb304774ba62a9f5d8dccb43d_page_2.pdf_order_6a2477bc"", ""type"": ""order"", ""passed"": false, ""category"": ""multi_column""}, {""id"": ""auto_baseline"", ""type"": ""baseline"", ""passed"": true, ""category"": ""baseline""}]",,
paddleocr,docs,multi_column__0208fbb5d6b646f972f4702428ad2cede5c5_page_6_pg1,2.633407227625071,,False,,,,,,,,,,,,False,,multi_column,2.0,1.0,"[{""id"": ""0208fbb5d6b646f972f4702428ad2cede5c5_page_6.pdf_order_71ab8004"", ""type"": ""order"", ""passed"": false, ""category"": ""multi_column""}, {""id"": ""auto_baseline"", ""type"": ""baseline"", ""passed"": true, ""category"": ""baseline""}]",,
paddleocr,docs,multi_column__027c390510b2fd3364f5a382f2bc304af018_page_4_pg1,2.633407227625071,,False,,,,,,,,,,,,False,,multi_column,5.0,1.0,"[{""id"": ""027c390510b2fd3364f5a382f2bc304af018_page_4.pdf_order_ea693a98"", ""type"": ""order"", ""passed"": false, ""category"": ""multi_column""}, {""id"": ""027c390510b2fd3364f5a382f2bc304af018_page_4.pdf_order_053bda58"", ""type"": ""order"", ""passed"": false, ""category"": ""multi_column""}, {""id"": ""027c390510b2fd3364f5a382f2bc304af018_page_4.pdf_order_9e06820d"", ""type"": ""order"", ""passed"": false, ""category"": ""multi_column""}, {""id"": ""027c390510b2fd3364f5a382f2bc304af018_page_4.pdf_order_97e749bf"", ""type"": ""order"", ""passed"": false, ""category"": ""multi_column""}, {""id"": ""auto_baseline"", ""type"": ""baseline"", ""passed"": true, ""category"": ""baseline""}]",,
paddleocr,docs,multi_column__02943986dff2d4a84b7c2dd81abfc51fceea_page_5_pg1,2.633407227625071,,False,,,,,,,,,,,,False,,multi_column,5.0,1.0,"[{""id"": ""02943986dff2d4a84b7c2dd81abfc51fceea_page_5.pdf_order_3f1adc6b"", ""type"": ""order"", ""passed"": false, ""category"": ""multi_column""}, {""id"": ""02943986dff2d4a84b7c2dd81abfc51fceea_page_5.pdf_order_00ce4e6f"", ""type"": ""order"", ""passed"": false, ""category"": ""multi_column""}, {""id"": ""02943986dff2d4a84b7c2dd81abfc51fceea_page_5.pdf_order_46755e50"", ""type"": ""order"", ""passed"": false, ""category"": ""multi_column""}, {""id"": ""02943986dff2d4a84b7c2dd81abfc51fceea_page_5.pdf_order_13f6999c"", ""type"": ""order"", ""passed"": false, ""category"": ""multi_column""}, {""id"": ""auto_baseline"", ""type"": ""baseline"", ""passed"": true, ""category"": ""baseline""}]",,
paddleocr,docs,multi_column__02943986dff2d4a84b7c2dd81abfc51fceea_page_9_pg1,2.633407227625071,,False,,,,,,,,,,,,False,,multi_column,5.0,1.0,"[{""id"": ""02943986dff2d4a84b7c2dd81abfc51fceea_page_9.pdf_order_babd8e0e"", ""type"": ""order"", ""passed"": false, ""category"": ""multi_column""}, {""id"": ""02943986dff2d4a84b7c2dd81abfc51fceea_page_9.pdf_order_2e6f0ead"", ""type"": ""order"", ""passed"": false, ""category"": ""multi_column""}, {""id"": ""02943986dff2d4a84b7c2dd81abfc51fceea_page_9.pdf_order_7e60c895"", ""type"": ""order"", ""passed"": false, ""category"": ""multi_column""}, {""id"": ""02943986dff2d4a84b7c2dd81abfc51fceea_page_9.pdf_order_81a40b7f"", ""type"": ""order"", ""passed"": false, ""category"": ""multi_column""}, {""id"": ""auto_baseline"", ""type"": ""baseline"", ""passed"": true, ""category"": ""baseline""}]",,
paddleocr,docs,multi_column__038650c9dfd95e7495d0c4d301d9dcca735a_page_1_pg1,2.633407227625071,,False,,,,,,,,,,,,False,,multi_column,5.0,1.0,"[{""id"": ""038650c9dfd95e7495d0c4d301d9dcca735a_page_1.pdf_order_eb32d864"", ""type"": ""order"", ""passed"": false, ""category"": ""multi_column""}, {""id"": ""038650c9dfd95e7495d0c4d301d9dcca735a_page_1.pdf_order_517c20f9"", ""type"": ""order"", ""passed"": false, ""category"": ""multi_column""}, {""id"": ""038650c9dfd95e7495d0c4d301d9dcca735a_page_1.pdf_order_12a7fa3e"", ""type"": ""order"", ""passed"": false, ""category"": ""multi_column""}, {""id"": ""038650c9dfd95e7495d0c4d301d9dcca735a_page_1.pdf_order_cf779f79"", ""type"": ""order"", ""passed"": false, ""category"": ""multi_column""}, {""id"": ""auto_baseline"", ""type"": ""baseline"", ""passed"": true, ""category"": ""baseline""}]",,
paddleocr,docs,multi_column__0845863d27c84b14011e17a388821525e783_page_16_pg1,2.633407227625071,,False,,,,,,,,,,,,False,,multi_column,4.0,1.0,"[{""id"": ""0845863d27c84b14011e17a388821525e783_page_16.pdf_order_dffceb1b"", ""type"": ""order"", ""passed"": false, ""category"": ""multi_column""}, {""id"": ""0845863d27c84b14011e17a388821525e783_page_16.pdf_order_ac24f586"", ""type"": ""order"", ""passed"": false, ""category"": ""multi_column""}, {""id"": ""0845863d27c84b14011e17a388821525e783_page_16.pdf_order_4bda9b61"", ""type"": ""order"", ""passed"": false, ""category"": ""multi_column""}, {""id"": ""auto_baseline"", ""type"": ""baseline"", ""passed"": true, ""category"": ""baseline""}]",,
paddleocr,docs,old_scans__1,2.633407227625071,,False,,,,,,,,,,,,False,,old_scans,6.0,2.0,"[{""id"": ""1_680487"", ""type"": ""present"", ""passed"": false, ""category"": ""old_scans""}, {""id"": ""1_126739"", ""type"": ""absent"", ""passed"": true, ""category"": ""old_scans""}, {""id"": ""1_36225"", ""type"": ""present"", ""passed"": false, ""category"": ""old_scans""}, {""id"": ""1_787572"", ""type"": ""order"", ""passed"": false, ""category"": ""old_scans""}, {""id"": ""1_298389"", ""type"": ""order"", ""passed"": false, ""category"": ""old_scans""}, {""id"": ""auto_baseline"", ""type"": ""baseline"", ""passed"": true, ""category"": ""baseline""}]",,
paddleocr,docs,old_scans__21,2.633407227625071,,False,,,,,,,,,,,,False,,old_scans,8.0,2.0,"[{""id"": ""21_398162"", ""type"": ""present"", ""passed"": false, ""category"": ""old_scans""}, {""id"": ""21_382528"", ""type"": ""order"", ""passed"": false, ""category"": ""old_scans""}, {""id"": ""21_229684"", ""type"": ""absent"", ""passed"": true, ""category"": ""old_scans""}, {""id"": ""21_712729"", ""type"": ""present"", ""passed"": false, ""category"": ""old_scans""}, {""id"": ""21_289946"", ""type"": ""present"", ""passed"": false, ""category"": ""old_scans""}, {""id"": ""21_745911"", ""type"": ""present"", ""passed"": false, ""category"": ""old_scans""}, {""id"": ""21_992153"", ""type"": ""order"", ""passed"": false, ""category"": ""old_scans""}, {""id"": ""auto_baseline"", ""type"": ""baseline"", ""passed"": true, ""category"": ""baseline""}]",,
paddleocr,docs,old_scans__23,1.0706561693749563,,False,,,,,,,,,,,,False,,old_scans,6.0,4.0,"[{""id"": ""23_675822"", ""type"": ""present"", ""passed"": false, ""category"": ""old_scans""}, {""id"": ""23_189451"", ""type"": ""order"", ""passed"": false, ""category"": ""old_scans""}, {""id"": ""23_570086"", ""type"": ""absent"", ""passed"": true, ""category"": ""old_scans""}, {""id"": ""23_774544"", ""type"": ""present"", ""passed"": true, ""category"": ""old_scans""}, {""id"": ""23_266702"", ""type"": ""present"", ""passed"": true, ""category"": ""old_scans""}, {""id"": ""auto_baseline"", ""type"": ""baseline"", ""passed"": true, ""category"": ""baseline""}]",,
paddleocr,docs,old_scans__26,1.0706561693749563,,False,,,,,,,,,,,,False,,old_scans,5.0,1.0,"[{""id"": ""26_727870"", ""type"": ""present"", ""passed"": false, ""category"": ""old_scans""}, {""id"": ""26_350035"", ""type"": ""order"", ""passed"": false, ""category"": ""old_scans""}, {""id"": ""26_893794"", ""type"": ""absent"", ""passed"": false, ""category"": ""old_scans""}, {""id"": ""26_815635"", ""type"": ""present"", ""passed"": false, ""category"": ""old_scans""}, {""id"": ""auto_baseline"", ""type"": ""baseline"", ""passed"": true, ""category"": ""baseline""}]",,
paddleocr,docs,old_scans__52,1.0706561693749563,,False,,,,,,,,,,,,False,,old_scans,4.0,1.0,"[{""id"": ""52_591542"", ""type"": ""present"", ""passed"": false, ""category"": ""old_scans""}, {""id"": ""52_323921"", ""type"": ""present"", ""passed"": false, ""category"": ""old_scans""}, {""id"": ""52_987017"", ""type"": ""present"", ""passed"": false, ""category"": ""old_scans""}, {""id"": ""auto_baseline"", ""type"": ""baseline"", ""passed"": true, ""category"": ""baseline""}]",,
paddleocr,docs,old_scans__55,1.0706561693749563,,False,,,,,,,,,,,,False,,old_scans,4.0,1.0,"[{""id"": ""55_930782"", ""type"": ""present"", ""passed"": false, ""category"": ""old_scans""}, {""id"": ""55_150814"", ""type"": ""present"", ""passed"": false, ""category"": ""old_scans""}, {""id"": ""55_287312"", ""type"": ""present"", ""passed"": false, ""category"": ""old_scans""}, {""id"": ""auto_baseline"", ""type"": ""baseline"", ""passed"": true, ""category"": ""baseline""}]",,
paddleocr,docs,old_scans__58,1.0706561693749563,,False,,,,,,,,,,,,False,,old_scans,7.0,2.0,"[{""id"": ""58_984036"", ""type"": ""present"", ""passed"": false, ""category"": ""old_scans""}, {""id"": ""58_575492"", ""type"": ""order"", ""passed"": false, ""category"": ""old_scans""}, {""id"": ""58_801952"", ""type"": ""absent"", ""passed"": true, ""category"": ""old_scans""}, {""id"": ""58_775388"", ""type"": ""present"", ""passed"": false, ""category"": ""old_scans""}, {""id"": ""58_733378"", ""type"": ""present"", ""passed"": false, ""category"": ""old_scans""}, {""id"": ""58_220922"", ""type"": ""order"", ""passed"": false, ""category"": ""old_scans""}, {""id"": ""auto_baseline"", ""type"": ""baseline"", ""passed"": true, ""category"": ""baseline""}]",,
paddleocr,docs,old_scans__82,1.0706561693749563,,False,,,,,,,,,,,,False,,old_scans,7.0,1.0,"[{""id"": ""82_617314"", ""type"": ""present"", ""passed"": false, ""category"": ""old_scans""}, {""id"": ""82_781476"", ""type"": ""order"", ""passed"": false, ""category"": ""old_scans""}, {""id"": ""82_578532"", ""type"": ""present"", ""passed"": false, ""category"": ""old_scans""}, {""id"": ""82_73918"", ""type"": ""present"", ""passed"": false, ""category"": ""old_scans""}, {""id"": ""82_794309"", ""type"": ""present"", ""passed"": false, ""category"": ""old_scans""}, {""id"": ""82_338838"", ""type"": ""order"", ""passed"": false, ""category"": ""old_scans""}, {""id"": ""auto_baseline"", ""type"": ""baseline"", ""passed"": true, ""category"": ""baseline""}]",,
paddleocr,docs,old_scans__85,1.0706561693749563,,False,,,,,,,,,,,,False,,old_scans,7.0,1.0,"[{""id"": ""85_204851"", ""type"": ""present"", ""passed"": false, ""category"": ""old_scans""}, {""id"": ""85_81849"", ""type"": ""order"", ""passed"": false, ""category"": ""old_scans""}, {""id"": ""85_633939"", ""type"": ""present"", ""passed"": false, ""category"": ""old_scans""}, {""id"": ""85_81262"", ""type"": ""present"", ""passed"": false, ""category"": ""old_scans""}, {""id"": ""85_718011"", ""type"": ""present"", ""passed"": false, ""category"": ""old_scans""}, {""id"": ""85_913682"", ""type"": ""order"", ""passed"": false, ""category"": ""old_scans""}, {""id"": ""auto_baseline"", ""type"": ""baseline"", ""passed"": true, ""category"": ""baseline""}]",,
paddleocr,docs,old_scans__96,1.0706561693749563,,False,,,,,,,,,,,,False,,old_scans,8.0,1.0,"[{""id"": ""96_686856"", ""type"": ""present"", ""passed"": false, ""category"": ""old_scans""}, {""id"": ""96_324569"", ""type"": ""order"", ""passed"": false, ""category"": ""old_scans""}, {""id"": ""96_489434"", ""type"": ""present"", ""passed"": false, ""category"": ""old_scans""}, {""id"": ""96_341535"", ""type"": ""present"", ""passed"": false, ""category"": ""old_scans""}, {""id"": ""96_984146"", ""type"": ""present"", ""passed"": false, ""category"": ""old_scans""}, {""id"": ""96_798387"", ""type"": ""order"", ""passed"": false, ""category"": ""old_scans""}, {""id"": ""96_991188"", ""type"": ""order"", ""passed"": false, ""category"": ""old_scans""}, {""id"": ""auto_baseline"", ""type"": ""baseline"", ""passed"": true, ""category"": ""baseline""}]",,
paddleocr,docs,tables__2d54e996d1247bd36695d872863eefebd8f8_pg4,2.1085332662499923,,False,,,,,,,,,,,,False,,table_tests,5.0,1.0,"[{""id"": ""2d54e996d1247bd36695d872863eefebd8f8_pg4_table_00"", ""type"": ""table"", ""passed"": false, ""category"": ""table_tests""}, {""id"": ""2d54e996d1247bd36695d872863eefebd8f8_pg4_table_01"", ""type"": ""table"", ""passed"": false, ""category"": ""table_tests""}, {""id"": ""2d54e996d1247bd36695d872863eefebd8f8_pg4_table_02"", ""type"": ""table"", ""passed"": false, ""category"": ""table_tests""}, {""id"": ""2d54e996d1247bd36695d872863eefebd8f8_pg4_table_03"", ""type"": ""table"", ""passed"": false, ""category"": ""table_tests""}, {""id"": ""auto_baseline"", ""type"": ""baseline"", ""passed"": true, ""category"": ""baseline""}]",,
paddleocr,docs,tables__2d932ac96ad0d8ccf81a56bd105fa18fdcbb_pg7,2.1085332662499923,,False,,,,,,,,,,,,False,,table_tests,2.0,1.0,"[{""id"": ""2d932ac96ad0d8ccf81a56bd105fa18fdcbb_pg7_table_00"", ""type"": ""table"", ""passed"": false, ""category"": ""table_tests""}, {""id"": ""auto_baseline"", ""type"": ""baseline"", ""passed"": true, ""category"": ""baseline""}]",,
paddleocr,docs,tables__4fafd7de9caa1cf3c0fad313d7bb24b2e685_pg9,2.1085332662499923,,False,,,,,,,,,,,,False,,table_tests,5.0,1.0,"[{""id"": ""4fafd7de9caa1cf3c0fad313d7bb24b2e685_pg9_table_00"", ""type"": ""table"", ""passed"": false, ""category"": ""table_tests""}, {""id"": ""4fafd7de9caa1cf3c0fad313d7bb24b2e685_pg9_table_01"", ""type"": ""table"", ""passed"": false, ""category"": ""table_tests""}, {""id"": ""4fafd7de9caa1cf3c0fad313d7bb24b2e685_pg9_table_02"", ""type"": ""table"", ""passed"": false, ""category"": ""table_tests""}, {""id"": ""4fafd7de9caa1cf3c0fad313d7bb24b2e685_pg9_table_03"", ""type"": ""table"", ""passed"": false, ""category"": ""table_tests""}, {""id"": ""auto_baseline"", ""type"": ""baseline"", ""passed"": true, ""category"": ""baseline""}]",,
paddleocr,docs,tables__529eeb84602e4fba7df7a4b127af6c830f97_pg12,2.1085332662499923,,False,,,,,,,,,,,,False,,table_tests,4.0,1.0,"[{""id"": ""529eeb84602e4fba7df7a4b127af6c830f97_pg12_table_00"", ""type"": ""table"", ""passed"": false, ""category"": ""table_tests""}, {""id"": ""529eeb84602e4fba7df7a4b127af6c830f97_pg12_table_01"", ""type"": ""table"", ""passed"": false, ""category"": ""table_tests""}, {""id"": ""529eeb84602e4fba7df7a4b127af6c830f97_pg12_table_04"", ""type"": ""table"", ""passed"": false, ""category"": ""table_tests""}, {""id"": ""auto_baseline"", ""type"": ""baseline"", ""passed"": true, ""category"": ""baseline""}]",,
paddleocr,docs,tables__a70c1fc81feccfd878dabffd3dc5617b584c_pg5,2.1085332662499923,,False,,,,,,,,,,,,False,,table_tests,6.0,1.0,"[{""id"": ""a70c1fc81feccfd878dabffd3dc5617b584c_pg5_table_00"", ""type"": ""table"", ""passed"": false, ""category"": ""table_tests""}, {""id"": ""a70c1fc81feccfd878dabffd3dc5617b584c_pg5_table_01"", ""type"": ""table"", ""passed"": false, ""category"": ""table_tests""}, {""id"": ""a70c1fc81feccfd878dabffd3dc5617b584c_pg5_table_02"", ""type"": ""table"", ""passed"": false, ""category"": ""table_tests""}, {""id"": ""a70c1fc81feccfd878dabffd3dc5617b584c_pg5_table_03"", ""type"": ""table"", ""passed"": false, ""category"": ""table_tests""}, {""id"": ""a70c1fc81feccfd878dabffd3dc5617b584c_pg5_table_04"", ""type"": ""table"", ""passed"": false, ""category"": ""table_tests""}, {""id"": ""auto_baseline"", ""type"": ""baseline"", ""passed"": true, ""category"": ""baseline""}]",,
paddleocr,docs,tables__b2a4c508f7839c1fbd2bb29a0d56c46bc00e_pg13_pg1,2.1085332662499923,,False,,,,,,,,,,,,False,,table_tests,11.0,1.0,"[{""id"": ""b2a4c508f7839c1fbd2bb29a0d56c46bc00e_pg13_table_00"", ""type"": ""table"", ""passed"": false, ""category"": ""table_tests""}, {""id"": ""b2a4c508f7839c1fbd2bb29a0d56c46bc00e_pg13_table_01"", ""type"": ""table"", ""passed"": false, ""category"": ""table_tests""}, {""id"": ""b2a4c508f7839c1fbd2bb29a0d56c46bc00e_pg13_table_02"", ""type"": ""table"", ""passed"": false, ""category"": ""table_tests""}, {""id"": ""b2a4c508f7839c1fbd2bb29a0d56c46bc00e_pg13_table_03"", ""type"": ""table"", ""passed"": false, ""category"": ""table_tests""}, {""id"": ""b2a4c508f7839c1fbd2bb29a0d56c46bc00e_pg13_table_04"", ""type"": ""table"", ""passed"": false, ""category"": ""table_tests""}, {""id"": ""b2a4c508f7839c1fbd2bb29a0d56c46bc00e_pg13_table_05"", ""type"": ""table"", ""passed"": false, ""category"": ""table_tests""}, {""id"": ""b2a4c508f7839c1fbd2bb29a0d56c46bc00e_pg13_table_06"", ""type"": ""table"", ""passed"": false, ""category"": ""table_tests""}, {""id"": ""b2a4c508f7839c1fbd2bb29a0d56c46bc00e_pg13_table_07"", ""type"": ""table"", ""passed"": false, ""category"": ""table_tests""}, {""id"": ""b2a4c508f7839c1fbd2bb29a0d56c46bc00e_pg13_table_08"", ""type"": ""table"", ""passed"": false, ""category"": ""table_tests""}, {""id"": ""b2a4c508f7839c1fbd2bb29a0d56c46bc00e_pg13_table_09"", ""type"": ""table"", ""passed"": false, ""category"": ""table_tests""}, {""id"": ""auto_baseline"", ""type"": ""baseline"", ""passed"": true, ""category"": ""baseline""}]",,
paddleocr,docs,tables__b45c138c634308a84b8b2e67997bef8aa70b_pg15,2.1085332662499923,,False,,,,,,,,,,,,False,,table_tests,6.0,1.0,"[{""id"": ""b45c138c634308a84b8b2e67997bef8aa70b_pg15_table_00"", ""type"": ""table"", ""passed"": false, ""category"": ""table_tests""}, {""id"": ""b45c138c634308a84b8b2e67997bef8aa70b_pg15_table_01"", ""type"": ""table"", ""passed"": false, ""category"": ""table_tests""}, {""id"": ""b45c138c634308a84b8b2e67997bef8aa70b_pg15_table_02"", ""type"": ""table"", ""passed"": false, ""category"": ""table_tests""}, {""id"": ""b45c138c634308a84b8b2e67997bef8aa70b_pg15_table_03"", ""type"": ""table"", ""passed"": false, ""category"": ""table_tests""}, {""id"": ""b45c138c634308a84b8b2e67997bef8aa70b_pg15_table_04"", ""type"": ""table"", ""passed"": false, ""category"": ""table_tests""}, {""id"": ""auto_baseline"", ""type"": ""baseline"", ""passed"": true, ""category"": ""baseline""}]",,
paddleocr,docs,tables__b5d9db350b31304da912832bcbafc47b64d8_pg2_pg1,2.1085332662499923,,False,,,,,,,,,,,,False,,table_tests,6.0,1.0,"[{""id"": ""b5d9db350b31304da912832bcbafc47b64d8_pg2_table_00"", ""type"": ""table"", ""passed"": false, ""category"": ""table_tests""}, {""id"": ""b5d9db350b31304da912832bcbafc47b64d8_pg2_table_01"", ""type"": ""table"", ""passed"": false, ""category"": ""table_tests""}, {""id"": ""b5d9db350b31304da912832bcbafc47b64d8_pg2_table_02"", ""type"": ""table"", ""passed"": false, ""category"": ""table_tests""}, {""id"": ""b5d9db350b31304da912832bcbafc47b64d8_pg2_table_03"", ""type"": ""table"", ""passed"": false, ""category"": ""table_tests""}, {""id"": ""b5d9db350b31304da912832bcbafc47b64d8_pg2_table_04"", ""type"": ""table"", ""passed"": false, ""category"": ""table_tests""}, {""id"": ""auto_baseline"", ""type"": ""baseline"", ""passed"": true, ""category"": ""baseline""}]",,
paddleocr,docs,tables__b773892dc3e755672b9e085e9eeb8ad18690_pg1_pg1,1.771418034999897,,False,,,,,,,,,,,,False,,table_tests,6.0,1.0,"[{""id"": ""b773892dc3e755672b9e085e9eeb8ad18690_pg1_table_00"", ""type"": ""table"", ""passed"": false, ""category"": ""table_tests""}, {""id"": ""b773892dc3e755672b9e085e9eeb8ad18690_pg1_table_01"", ""type"": ""table"", ""passed"": false, ""category"": ""table_tests""}, {""id"": ""b773892dc3e755672b9e085e9eeb8ad18690_pg1_table_02"", ""type"": ""table"", ""passed"": false, ""category"": ""table_tests""}, {""id"": ""b773892dc3e755672b9e085e9eeb8ad18690_pg1_table_03"", ""type"": ""table"", ""passed"": false, ""category"": ""table_tests""}, {""id"": ""b773892dc3e755672b9e085e9eeb8ad18690_pg1_table_04"", ""type"": ""table"", ""passed"": false, ""category"": ""table_tests""}, {""id"": ""auto_baseline"", ""type"": ""baseline"", ""passed"": true, ""category"": ""baseline""}]",,
paddleocr,docs,tables__fd6cb6dfe3a918390855052669d9a194231a_pg3,1.771418034999897,,False,,,,,,,,,,,,False,,table_tests,6.0,1.0,"[{""id"": ""fd6cb6dfe3a918390855052669d9a194231a_pg3_table_00"", ""type"": ""table"", ""passed"": false, ""category"": ""table_tests""}, {""id"": ""fd6cb6dfe3a918390855052669d9a194231a_pg3_table_01"", ""type"": ""table"", ""passed"": false, ""category"": ""table_tests""}, {""id"": ""fd6cb6dfe3a918390855052669d9a194231a_pg3_table_02"", ""type"": ""table"", ""passed"": false, ""category"": ""table_tests""}, {""id"": ""fd6cb6dfe3a918390855052669d9a194231a_pg3_table_03"", ""type"": ""table"", ""passed"": false, ""category"": ""table_tests""}, {""id"": ""fd6cb6dfe3a918390855052669d9a194231a_pg3_table_04"", ""type"": ""table"", ""passed"": false, ""category"": ""table_tests""}, {""id"": ""auto_baseline"", ""type"": ""baseline"", ""passed"": true, ""category"": ""baseline""}]",,
paddleocr,handwriting,iam_00023,0.067489691999981,,False,,,0.2,0.2,0.5,8.0,40.0,0.5,0.5714285714285714,0.42857142857142855,0.975,False,False,,,,,,
paddleocr,handwriting,iam_00030,0.067489691999981,,False,,,0.18181818181818182,0.18181818181818182,0.625,10.0,55.0,0.375,0.42857142857142855,0.5714285714285714,0.8727272727272727,False,False,,,,,,
paddleocr,handwriting,iam_00059,0.067489691999981,,False,,,0.023255813953488372,0.023255813953488372,0.14285714285714285,1.0,43.0,0.8571428571428571,0.8571428571428571,0.14285714285714285,0.9767441860465116,False,False,,,,,,
paddleocr,handwriting,iam_00064,0.067489691999981,,False,,,0.5352112676056338,0.5352112676056338,1.0,38.0,71.0,0.0,0.0,1.0,0.4647887323943662,False,False,,,,,,
paddleocr,handwriting,iam_00071,0.067489691999981,,False,,,0.0,0.0,0.0,0.0,39.0,1.0,1.0,0.0,1.0,False,False,,,,,,
paddleocr,handwriting,iam_00079,0.067489691999981,,False,,,0.023255813953488372,0.023255813953488372,0.14285714285714285,1.0,43.0,0.8571428571428571,0.8571428571428571,0.14285714285714285,1.0,False,False,,,,,,
paddleocr,handwriting,iam_00126,0.067489691999981,,False,,,0.0,0.0,0.0,0.0,49.0,1.0,1.0,0.0,1.0,False,False,,,,,,
paddleocr,handwriting,iam_00143,0.067489691999981,,False,,,0.28205128205128205,0.28205128205128205,0.5714285714285714,11.0,39.0,0.42857142857142855,0.42857142857142855,0.5714285714285714,1.0512820512820513,False,False,,,,,,
paddleocr,handwriting,iam_00188,0.09075696574996073,,False,,,0.1111111111111111,0.1111111111111111,0.8571428571428571,5.0,45.0,0.375,0.5,0.5,0.9333333333333333,False,False,,,,,,
paddleocr,handwriting,iam_00258,0.09075696574996073,,False,,,0.019230769230769232,0.019230769230769232,0.125,1.0,52.0,0.875,0.875,0.125,1.0,False,False,,,,,,
paddleocr,handwriting,iam_00264,0.09075696574996073,,False,,,0.0847457627118644,0.0847457627118644,0.36363636363636365,5.0,59.0,0.9,0.9,0.1,0.9830508474576272,False,False,,,,,,
paddleocr,handwriting,iam_00280,0.09075696574996073,,False,,,0.27906976744186046,0.27906976744186046,0.8,12.0,43.0,0.16666666666666666,0.2,0.8,0.8604651162790697,False,False,,,,,,
paddleocr,handwriting,iam_00289,0.09075696574996073,,False,,,0.03333333333333333,0.03333333333333333,0.16666666666666666,2.0,60.0,0.8333333333333334,0.8333333333333334,0.16666666666666666,1.0,False,False,,,,,,
paddleocr,handwriting,iam_00343,0.09075696574996073,,False,,,0.0196078431372549,0.0196078431372549,0.14285714285714285,1.0,51.0,0.8571428571428571,0.8571428571428571,0.14285714285714285,1.0,False,False,,,,,,
paddleocr,handwriting,iam_00364,0.09075696574996073,,False,,,0.1388888888888889,0.1388888888888889,0.5,5.0,36.0,0.5,0.5,0.5,1.0277777777777777,False,False,,,,,,
paddleocr,handwriting,iam_00371,0.09075696574996073,,False,,,0.25,0.25,0.5,11.0,44.0,0.5,0.5,0.5,0.9772727272727273,False,False,,,,,,
paddleocr,handwriting,iam_00373,0.0836509996249788,,False,,,0.15625,0.15625,0.4,5.0,32.0,0.6,0.6,0.4,0.9375,False,False,,,,,,
paddleocr,handwriting,iam_00403,0.0836509996249788,,False,,,0.16666666666666666,0.16666666666666666,0.5,6.0,36.0,0.5,0.5,0.5,0.9444444444444444,False,False,,,,,,
paddleocr,handwriting,iam_00468,0.0836509996249788,,False,,,0.0,0.0,0.0,0.0,37.0,1.0,1.0,0.0,1.0,False,False,,,,,,
paddleocr,handwriting,iam_00478,0.0836509996249788,,False,,,0.0,0.0,0.0,0.0,29.0,1.0,1.0,0.0,1.0,False,False,,,,,,
paddleocr,handwriting,iam_00588,0.0836509996249788,,False,,,0.06382978723404255,0.06382978723404255,0.25,3.0,47.0,0.75,0.75,0.25,1.0,False,False,,,,,,
paddleocr,handwriting,iam_00608,0.0836509996249788,,False,,,0.038461538461538464,0.038461538461538464,0.1111111111111111,2.0,52.0,1.0,1.0,0.0,0.9615384615384616,False,False,,,,,,
paddleocr,handwriting,iam_00749,0.0836509996249788,,False,,,0.08333333333333333,0.08333333333333333,0.5,1.0,12.0,0.5,0.5,0.5,1.0,False,False,,,,,,
paddleocr,handwriting,iam_00819,0.0836509996249788,,False,,,0.023255813953488372,0.023255813953488372,0.14285714285714285,1.0,43.0,0.8571428571428571,0.8571428571428571,0.14285714285714285,1.0,False,False,,,,,,
paddleocr,handwriting,iam_00969,0.08456660262504556,,False,,,0.0,0.0,0.0,0.0,40.0,1.0,1.0,0.0,1.0,False,False,,,,,,
paddleocr,handwriting,iam_01020,0.08456660262504556,,False,,,0.0,0.0,0.0,0.0,35.0,1.0,1.0,0.0,1.0,False,False,,,,,,
paddleocr,handwriting,iam_01023,0.08456660262504556,,False,,,0.14893617021276595,0.14893617021276595,1.0,7.0,47.0,0.0,0.0,1.0,0.9361702127659575,False,False,,,,,,
paddleocr,handwriting,iam_01091,0.08456660262504556,,False,,,0.0,0.0,0.0,0.0,51.0,1.0,1.0,0.0,1.0,False,False,,,,,,
paddleocr,handwriting,iam_01104,0.08456660262504556,,False,,,0.03225806451612903,0.03225806451612903,0.16666666666666666,1.0,31.0,0.8333333333333334,0.8333333333333334,0.16666666666666666,1.0,False,False,,,,,,
paddleocr,handwriting,iam_01238,0.08456660262504556,,False,,,0.125,0.125,0.16666666666666666,5.0,40.0,0.8333333333333334,0.8333333333333334,0.16666666666666666,0.975,False,False,,,,,,
paddleocr,handwriting,iam_01366,0.08456660262504556,,False,,,0.10638297872340426,0.10638297872340426,0.5555555555555556,5.0,47.0,0.6666666666666666,0.75,0.25,0.9574468085106383,False,False,,,,,,
paddleocr,handwriting,iam_01417,0.08456660262504556,,False,,,0.0,0.0,0.0,0.0,53.0,1.0,1.0,0.0,1.0,False,False,,,,,,
paddleocr,handwriting,iam_01452,0.07623898312499477,,False,,,0.09803921568627451,0.09803921568627451,0.625,5.0,51.0,0.375,0.5,0.5,0.9411764705882353,False,False,,,,,,
paddleocr,handwriting,iam_01455,0.07623898312499477,,False,,,0.2,0.2,1.0,1.0,5.0,1.0,1.0,0.0,0.8,False,False,,,,,,
paddleocr,handwriting,iam_01805,0.07623898312499477,,False,,,0.0,0.0,0.0,0.0,38.0,1.0,1.0,0.0,1.0,False,False,,,,,,
paddleocr,handwriting,iam_01857,0.07623898312499477,,False,,,0.13513513513513514,0.13513513513513514,0.7142857142857143,5.0,37.0,0.2857142857142857,0.3333333333333333,0.6666666666666666,0.9459459459459459,False,False,,,,,,
paddleocr,handwriting,iam_01898,0.07623898312499477,,False,,,0.04,0.04,0.1,2.0,50.0,1.0,1.0,0.0,0.96,False,False,,,,,,
paddleocr,handwriting,iam_01908,0.07623898312499477,,False,,,0.018867924528301886,0.018867924528301886,0.09090909090909091,1.0,53.0,0.9090909090909091,0.9090909090909091,0.09090909090909091,1.0,False,False,,,,,,
paddleocr,handwriting,iam_01970,0.07623898312499477,,False,,,0.125,0.125,0.375,5.0,40.0,0.7142857142857143,0.7142857142857143,0.2857142857142857,0.975,False,False,,,,,,
paddleocr,handwriting,iam_01983,0.07623898312499477,,False,,,0.17391304347826086,0.17391304347826086,0.6,8.0,46.0,0.5555555555555556,0.5555555555555556,0.4444444444444444,0.9565217391304348,False,False,,,,,,
paddleocr,handwriting,iam_01993,0.07475852275001671,,False,,,0.043478260869565216,0.043478260869565216,0.1111111111111111,2.0,46.0,0.8888888888888888,0.8888888888888888,0.1111111111111111,0.9782608695652174,False,False,,,,,,
paddleocr,handwriting,iam_02060,0.07475852275001671,,False,,,1.0,1.0,1.0,49.0,49.0,0.0,0.0,0.0,0.02040816326530612,False,False,,,,,,
paddleocr,handwriting,iam_02081,0.07475852275001671,,False,,,0.17777777777777778,0.17777777777777778,0.7,8.0,45.0,0.4444444444444444,0.5,0.5,0.9333333333333333,False,False,,,,,,
paddleocr,handwriting,iam_02109,0.07475852275001671,,False,,,0.023255813953488372,0.023255813953488372,0.1111111111111111,1.0,43.0,0.8888888888888888,0.8888888888888888,0.1111111111111111,1.0,False,False,,,,,,
paddleocr,handwriting,iam_02171,0.07475852275001671,,False,,,0.0,0.0,0.0,0.0,40.0,1.0,1.0,0.0,1.0,False,False,,,,,,
paddleocr,handwriting,iam_02216,0.07475852275001671,,False,,,0.0975609756097561,0.0975609756097561,0.42857142857142855,4.0,41.0,0.7142857142857143,0.7142857142857143,0.2857142857142857,0.975609756097561,False,False,,,,,,
paddleocr,handwriting,iam_02279,0.07475852275001671,,False,,,0.16326530612244897,0.16326530612244897,0.6,8.0,49.0,0.45454545454545453,0.45454545454545453,0.5454545454545454,1.0,False,False,,,,,,
paddleocr,handwriting,iam_02371,0.07475852275001671,,False,,,0.09090909090909091,0.09090909090909091,0.2,2.0,22.0,1.0,1.0,0.0,0.9090909090909091,False,False,,,,,,
paddleocr,handwriting,iam_02384,0.07246543475002909,,False,,,0.2564102564102564,0.2564102564102564,0.4,10.0,39.0,0.6,0.6666666666666666,0.3333333333333333,0.8461538461538461,False,False,,,,,,
paddleocr,handwriting,iam_02463,0.07246543475002909,,False,,,0.05,0.05,0.25,2.0,40.0,0.7,0.7777777777777778,0.2222222222222222,0.975,False,False,,,,,,
paddleocr,handwriting,iam_02522,0.07246543475002909,,False,,,0.22448979591836735,0.22448979591836735,0.7142857142857143,11.0,49.0,0.5,0.5,0.5,0.9591836734693877,False,False,,,,,,
paddleocr,handwriting,iam_02552,0.07246543475002909,,False,,,0.024390243902439025,0.024390243902439025,0.1,1.0,41.0,0.9090909090909091,0.9090909090909091,0.09090909090909091,1.0,False,False,,,,,,
paddleocr,handwriting,iam_02640,0.07246543475002909,,False,,,0.04081632653061224,0.04081632653061224,0.2222222222222222,2.0,49.0,0.7777777777777778,0.7777777777777778,0.2222222222222222,0.9795918367346939,False,False,,,,,,
paddleocr,handwriting,iam_02655,0.07246543475002909,,False,,,0.6078431372549019,0.6078431372549019,1.0,31.0,51.0,0.09090909090909091,0.3333333333333333,0.6666666666666666,0.39215686274509803,False,False,,,,,,
paddleocr,handwriting,iam_02684,0.07246543475002909,,False,,,0.543859649122807,0.543859649122807,1.0,31.0,57.0,0.0,0.0,1.0,0.47368421052631576,False,False,,,,,,
paddleocr,handwriting,iam_02725,0.07246543475002909,,False,,,1.0,1.0,1.0,57.0,57.0,0.0,0.0,0.0,0.017543859649122806,False,False,,,,,,
paddleocr,handwriting,iam_02733,0.06849971074984751,,False,,,0.07692307692307693,0.07692307692307693,0.5,3.0,39.0,0.5,0.5,0.5,1.0,False,False,,,,,,
paddleocr,handwriting,iam_02750,0.06849971074984751,,False,,,0.0,0.0,0.0,0.0,40.0,1.0,1.0,0.0,1.0,False,False,,,,,,
paddleocr,handwriting,iam_02765,0.06849971074984751,,False,,,0.07894736842105263,0.07894736842105263,0.375,3.0,38.0,0.875,0.875,0.125,0.9736842105263158,False,False,,,,,,
paddleocr,handwriting,iam_02838,0.06849971074984751,,False,,,0.07407407407407407,0.07407407407407407,0.16666666666666666,2.0,27.0,0.8333333333333334,0.8333333333333334,0.16666666666666666,1.0,False,False,,,,,,
paddleocr,stress,syn000_prose__clean,1.7682163408749147,,False,,,0.0,0.0,0.0,0.0,2182.0,1.0,1.0,0.0,1.0,False,False,,,,,prose,clean
paddleocr,stress,syn000_prose__dpi150,1.7682163408749147,,False,,,0.0,0.0,0.0,0.0,2182.0,1.0,1.0,0.0,1.0,False,False,,,,,prose,dpi150
paddleocr,stress,syn000_prose__dpi75,1.7682163408749147,,False,,,0.0,0.0,0.0,0.0,2182.0,1.0,1.0,0.0,1.0,False,False,,,,,prose,dpi75
paddleocr,stress,syn000_prose__blur,1.7682163408749147,,False,,,0.0,0.0,0.0,0.0,2182.0,1.0,1.0,0.0,1.0,False,False,,,,,prose,blur
paddleocr,stress,syn000_prose__noise,1.7682163408749147,,False,,,0.0,0.0,0.0,0.0,2182.0,1.0,1.0,0.0,1.0,False,False,,,,,prose,noise
paddleocr,stress,syn000_prose__rotate3,1.7682163408749147,,False,,,0.0,0.0,0.0,0.0,2182.0,1.0,1.0,0.0,1.0,False,False,,,,,prose,rotate3
paddleocr,stress,syn000_prose__rotate8,1.7682163408749147,,False,,,0.0,0.0,0.0,0.0,2182.0,1.0,1.0,0.0,1.0,False,False,,,,,prose,rotate8
paddleocr,stress,syn000_prose__jpeg_q10,1.7682163408749147,,False,,,0.0004576659038901602,0.00045829514207149406,0.002570694087403599,1.0,2182.0,1.0,1.0,0.0,0.9995417048579285,False,False,,,,,prose,jpeg_q10
paddleocr,stress,syn000_prose__low_contrast,1.6421372403749501,,False,,,0.0004576659038901602,0.00045829514207149406,0.005141388174807198,1.0,2182.0,1.0,1.0,0.0,0.9995417048579285,False,False,,,,,prose,low_contrast
paddleocr,stress,syn000_prose__photocopy,1.6421372403749501,,False,,,0.0,0.0,0.0,0.0,2182.0,1.0,1.0,0.0,1.0,False,False,,,,,prose,photocopy
paddleocr,stress,syn000_prose__phone_photo,1.6421372403749501,,False,,,0.0,0.0,0.0,0.0,2182.0,1.0,1.0,0.0,1.0,False,False,,,,,prose,phone_photo
paddleocr,stress,syn001_two_column__clean,1.6421372403749501,,False,,,0.6590466926070039,0.6590466926070039,0.8150134048257373,1355.0,2056.0,1.0,1.0,0.0,1.0,False,False,,,,,two_column,clean
paddleocr,stress,syn001_two_column__dpi150,1.6421372403749501,,False,,,0.6600194552529183,0.6600194552529183,0.8150134048257373,1357.0,2056.0,1.0,1.0,0.0,1.0,False,False,,,,,two_column,dpi150
paddleocr,stress,syn001_two_column__dpi75,1.6421372403749501,,False,,,0.6590466926070039,0.6590466926070039,0.8230563002680965,1355.0,2056.0,0.9973333333333333,0.9973333333333333,0.0026666666666666666,0.9985408560311284,False,False,,,,,two_column,dpi75
paddleocr,stress,syn001_two_column__blur,1.6421372403749501,,False,,,0.6590466926070039,0.6590466926070039,0.8150134048257373,1355.0,2056.0,1.0,1.0,0.0,1.0,False,False,,,,,two_column,blur
paddleocr,stress,syn001_two_column__noise,1.6421372403749501,,False,,,0.6590466926070039,0.6590466926070039,0.8150134048257373,1355.0,2056.0,1.0,1.0,0.0,0.9995136186770428,False,False,,,,,two_column,noise
paddleocr,stress,syn001_two_column__rotate3,1.4782552447500166,,False,,,0.6960116731517509,0.6960116731517509,0.8579088471849866,1431.0,2056.0,1.0,1.0,0.0,1.0,False,False,,,,,two_column,rotate3
paddleocr,stress,syn001_two_column__rotate8,1.4782552447500166,,False,,,0.5865758754863813,0.5865758754863813,0.7211796246648794,1206.0,2056.0,1.0,1.0,0.0,1.0,False,False,,,,,two_column,rotate8
paddleocr,stress,syn001_two_column__jpeg_q10,1.4782552447500166,,False,,,0.6590466926070039,0.6590466926070039,0.8150134048257373,1355.0,2056.0,1.0,1.0,0.0,1.0,False,False,,,,,two_column,jpeg_q10
paddleocr,stress,syn001_two_column__low_contrast,1.4782552447500166,,False,,,0.6590466926070039,0.6590466926070039,0.8150134048257373,1355.0,2056.0,1.0,1.0,0.0,1.0,False,False,,,,,two_column,low_contrast
paddleocr,stress,syn001_two_column__photocopy,1.4782552447500166,,False,,,0.6595330739299611,0.6595330739299611,0.8176943699731903,1356.0,2056.0,1.0,1.0,0.0,0.9995136186770428,False,False,,,,,two_column,photocopy
paddleocr,stress,syn001_two_column__phone_photo,1.4782552447500166,,False,,,0.6960116731517509,0.6960116731517509,0.8579088471849866,1431.0,2056.0,1.0,1.0,0.0,1.0,False,False,,,,,two_column,phone_photo
paddleocr,stress,syn002_table__clean,1.4782552447500166,,False,,,0.0,0.0,0.0,0.0,426.0,1.0,1.0,0.0,1.0,False,False,,,,,table,clean
paddleocr,stress,syn002_table__dpi150,1.4782552447500166,,False,,,0.0,0.0,0.0,0.0,426.0,1.0,1.0,0.0,1.0,False,False,,,,,table,dpi150
paddleocr,stress,syn002_table__dpi75,1.088619162875034,,False,,,0.009389671361502348,0.009389671361502348,0.06153846153846154,4.0,426.0,0.9555555555555556,0.9555555555555556,0.044444444444444446,1.0093896713615023,False,False,,,,,table,dpi75
paddleocr,stress,syn002_table__blur,1.088619162875034,,False,,,0.0,0.0,0.0,0.0,426.0,1.0,1.0,0.0,1.0,False,False,,,,,table,blur
paddleocr,stress,syn002_table__noise,1.088619162875034,,False,,,0.0,0.0,0.0,0.0,426.0,1.0,1.0,0.0,1.0,False,False,,,,,table,noise
paddleocr,stress,syn002_table__rotate3,1.088619162875034,,False,,,0.3474178403755869,0.3474178403755869,0.46153846153846156,148.0,426.0,1.0,1.0,0.0,1.0,False,False,,,,,table,rotate3
paddleocr,stress,syn002_table__rotate8,1.088619162875034,,False,,,0.3873239436619718,0.3873239436619718,0.5076923076923077,165.0,426.0,1.0,1.0,0.0,1.0,False,False,,,,,table,rotate8
paddleocr,stress,syn002_table__jpeg_q10,1.088619162875034,,False,,,0.0,0.0,0.0,0.0,426.0,1.0,1.0,0.0,1.0,False,False,,,,,table,jpeg_q10
paddleocr,stress,syn002_table__low_contrast,1.088619162875034,,False,,,0.0,0.0,0.0,0.0,426.0,1.0,1.0,0.0,1.0,False,False,,,,,table,low_contrast
paddleocr,stress,syn002_table__photocopy,1.088619162875034,,False,,,0.009389671361502348,0.009389671361502348,0.03076923076923077,4.0,426.0,0.9777777777777777,1.0,0.0,0.9906103286384976,False,False,,,,,table,photocopy
paddleocr,stress,syn002_table__phone_photo,0.9715841108750283,,False,,,0.2981220657276995,0.2981220657276995,0.46153846153846156,127.0,426.0,1.0,1.0,0.0,1.0,False,False,,,,,table,phone_photo
paddleocr,stress,syn003_invoice__clean,0.9715841108750283,,False,,,0.0,0.0,0.0,0.0,463.0,1.0,1.0,0.0,1.0,False,False,,,,,invoice,clean
paddleocr,stress,syn003_invoice__dpi150,0.9715841108750283,,False,,,0.0,0.0,0.0,0.0,463.0,1.0,1.0,0.0,1.0,False,False,,,,,invoice,dpi150
paddleocr,stress,syn003_invoice__dpi75,0.9715841108750283,,False,,,0.0,0.0,0.0,0.0,463.0,1.0,1.0,0.0,1.0,False,False,,,,,invoice,dpi75
paddleocr,stress,syn003_invoice__blur,0.9715841108750283,,False,,,0.0,0.0,0.0,0.0,463.0,1.0,1.0,0.0,1.0,False,False,,,,,invoice,blur
paddleocr,stress,syn003_invoice__noise,0.9715841108750283,,False,,,0.0,0.0,0.0,0.0,463.0,1.0,1.0,0.0,1.0,False,False,,,,,invoice,noise
paddleocr,stress,syn003_invoice__rotate3,0.9715841108750283,,False,,,0.2570194384449244,0.2570194384449244,0.3333333333333333,119.0,463.0,1.0,1.0,0.0,1.0,False,False,,,,,invoice,rotate3
paddleocr,stress,syn003_invoice__rotate8,0.9715841108750283,,False,,,0.265658747300216,0.265658747300216,0.3333333333333333,123.0,463.0,1.0,1.0,0.0,1.0,False,False,,,,,invoice,rotate8
paddleocr,stress,syn003_invoice__jpeg_q10,1.2463521102499726,,False,,,0.0,0.0,0.0,0.0,463.0,1.0,1.0,0.0,1.0,False,False,,,,,invoice,jpeg_q10
paddleocr,stress,syn003_invoice__low_contrast,1.2463521102499726,,False,,,0.0,0.0,0.0,0.0,463.0,1.0,1.0,0.0,1.0,False,False,,,,,invoice,low_contrast
paddleocr,stress,syn003_invoice__photocopy,1.2463521102499726,,False,,,0.0,0.0,0.0,0.0,463.0,1.0,1.0,0.0,1.0,False,False,,,,,invoice,photocopy
paddleocr,stress,syn003_invoice__phone_photo,1.2463521102499726,,False,,,0.2548596112311015,0.2548596112311015,0.3333333333333333,118.0,463.0,1.0,1.0,0.0,1.0,False,False,,,,,invoice,phone_photo
paddleocr,stress,syn004_prose__clean,1.2463521102499726,,False,,,0.0,0.0,0.0,0.0,2242.0,1.0,1.0,0.0,1.0,False,False,,,,,prose,clean
paddleocr,stress,syn004_prose__dpi150,1.2463521102499726,,False,,,0.0,0.0,0.0,0.0,2242.0,1.0,1.0,0.0,1.0,False,False,,,,,prose,dpi150
paddleocr,stress,syn004_prose__dpi75,1.2463521102499726,,False,,,0.0008920606601248885,0.0008920606601248885,0.005115089514066497,2.0,2242.0,0.9974619289340102,0.9974619289340102,0.0025380710659898475,0.9995539696699376,False,False,,,,,prose,dpi75
paddleocr,stress,syn004_prose__blur,1.2463521102499726,,False,,,0.0,0.0,0.0,0.0,2242.0,1.0,1.0,0.0,1.0,False,False,,,,,prose,blur
paddleocr,stress,syn004_prose__noise,1.853191980857186,,False,,,0.0,0.0,0.0,0.0,2242.0,1.0,1.0,0.0,1.0,False,False,,,,,prose,noise
paddleocr,stress,syn004_prose__rotate3,1.853191980857186,,False,,,0.0,0.0,0.0,0.0,2242.0,1.0,1.0,0.0,1.0,False,False,,,,,prose,rotate3
paddleocr,stress,syn004_prose__rotate8,1.853191980857186,,False,,,0.0,0.0,0.0,0.0,2242.0,1.0,1.0,0.0,1.0,False,False,,,,,prose,rotate8
paddleocr,stress,syn004_prose__jpeg_q10,1.853191980857186,,False,,,0.0,0.0,0.0,0.0,2242.0,1.0,1.0,0.0,1.0,False,False,,,,,prose,jpeg_q10
paddleocr,stress,syn004_prose__low_contrast,1.853191980857186,,False,,,0.0,0.0,0.0,0.0,2242.0,1.0,1.0,0.0,1.0,False,False,,,,,prose,low_contrast
paddleocr,stress,syn004_prose__photocopy,1.853191980857186,,False,,,0.0,0.0,0.0,0.0,2242.0,1.0,1.0,0.0,1.0,False,False,,,,,prose,photocopy
paddleocr,stress,syn004_prose__phone_photo,1.853191980857186,,False,,,0.0,0.0,0.0,0.0,2242.0,1.0,1.0,0.0,1.0,False,False,,,,,prose,phone_photo
paddleocr-vl,books,birdsofgreatbrit02butl_0093_full,1.9272725800312571,625.0,False,birdsofgreatbrit02butl,en,0.01048951048951049,0.003051438535309503,0.013477088948787063,7.0,2294.0,0.9896373056994818,0.9820051413881749,0.017994858611825194,1.0013077593722755,False,False,,,,,,
paddleocr-vl,books,birdsofgreatbrit02butl_0126_full,1.9272725800312571,790.0,False,birdsofgreatbrit02butl,en,0.010923185341789992,0.0014084507042253522,0.008676789587852495,4.0,2840.0,0.9919354838709677,0.9919354838709677,0.008064516129032258,0.9996478873239436,False,False,,,,,,
paddleocr-vl,books,birdsofgreatbrit02butl_0156_full,1.9272725800312571,498.0,False,birdsofgreatbrit02butl,en,0.013978494623655914,0.0032085561497326204,0.013157894736842105,6.0,1870.0,0.9903846153846154,0.9903846153846154,0.009615384615384616,1.0010695187165775,False,False,,,,,,
paddleocr-vl,books,birdsofgreatbrit02butl_0159_full,1.9272725800312571,719.0,False,birdsofgreatbrit02butl,en,0.006230529595015576,0.0006903693476009665,0.005791505791505791,2.0,2897.0,0.99812734082397,0.99812734082397,0.0018726591760299626,0.9996548153261995,False,False,,,,,,
paddleocr-vl,books,birdsofgreatbrit02butl_0172_full,1.9272725800312571,766.0,False,birdsofgreatbrit02butl,en,0.01804939835338822,0.0018856065367693275,0.005172413793103448,6.0,3182.0,0.9949152542372881,0.9949152542372881,0.005084745762711864,1.0003142677561283,False,False,,,,,,
paddleocr-vl,books,birdsofgreatbrit02butl_0308_full,1.9272725800312571,475.0,False,birdsofgreatbrit02butl,en,0.009863013698630137,0.0016429353778751369,0.009146341463414634,3.0,1826.0,0.9940652818991098,0.9882005899705014,0.011799410029498525,1.0010952902519168,False,False,,,,,,
paddleocr-vl,books,birdsofgreatbrit02butl_0312_full,1.9272725800312571,295.0,False,birdsofgreatbrit02butl,en,0.0046641791044776115,0.0027958993476234857,0.016853932584269662,3.0,1073.0,0.989010989010989,0.9782608695652174,0.021739130434782608,1.0018639328984156,False,False,,,,,,
paddleocr-vl,books,birdsofgreatbrit02butl_0320_full,1.9272725800312571,555.0,False,birdsofgreatbrit02butl,en,0.005461993627674101,0.0018198362147406734,0.010958904109589041,4.0,2198.0,0.9921875,0.9870466321243523,0.012953367875647668,1.0009099181073704,False,False,,,,,,
paddleocr-vl,books,birdsofgreatbrit02butl_0328_full,1.9272725800312571,264.0,False,birdsofgreatbrit02butl,en,0.01848998459167951,0.01848998459167951,0.12631578947368421,12.0,649.0,0.9150943396226415,0.8660714285714286,0.13392857142857142,1.0092449922958397,False,False,,,,,,
paddleocr-vl,books,conchologiaiconi05reev_0039_full,1.9272725800312571,1246.0,False,conchologiaiconi05reev,en,0.037659033078880404,0.023167006109979633,0.10507880910683012,91.0,3928.0,0.8940170940170941,0.8970840480274442,0.10291595197255575,0.9987270875763747,False,False,,,,,,
paddleocr-vl,books,conchologiaiconi05reev_0127_full,1.9272725800312571,1278.0,False,conchologiaiconi05reev,en,0.04608972787447904,0.03150381491508737,0.1640926640926641,128.0,4063.0,0.8401486988847584,0.8354898336414048,0.1645101663585952,1.0036918533103618,False,False,,,,,,
paddleocr-vl,books,conchologiaiconi05reev_0200_full,1.9272725800312571,1247.0,False,conchologiaiconi05reev,en,0.036021926389976505,0.02288269331930563,0.12524850894632206,87.0,3802.0,0.8831417624521073,0.878095238095238,0.1219047619047619,1.0021041557075223,False,False,,,,,,
paddleocr-vl,books,conchologiaiconi05reev_0235_full,1.9272725800312571,1194.0,False,conchologiaiconi05reev,en,0.04516486561374342,0.03053858967240422,0.17608695652173914,110.0,3602.0,0.8284518828451883,0.825,0.175,1.0058300943920044,False,False,,,,,,
paddleocr-vl,books,conchologiaiconi05reev_0271_full,1.9272725800312571,1275.0,False,conchologiaiconi05reev,en,0.04501607717041801,0.028931154567372087,0.17436974789915966,108.0,3733.0,0.8336713995943205,0.8319838056680162,0.1680161943319838,1.00267881060809,False,False,,,,,,
paddleocr-vl,books,conchologiaiconi05reev_0276_full,1.9272725800312571,1589.0,False,conchologiaiconi05reev,en,0.05442622950819672,0.04163927240850318,0.18641114982578397,190.0,4563.0,0.8241206030150754,0.826890756302521,0.173109243697479,1.0004383081306158,False,False,,,,,,
paddleocr-vl,books,conchologiaiconi05reev_0350_full,1.9272725800312571,641.0,False,conchologiaiconi05reev,en,0.034324942791762014,0.017914561322921452,0.09830508474576272,39.0,2177.0,0.9105960264900662,0.9075907590759076,0.0924092409240924,1.0013780431786863,False,False,,,,,,
paddleocr-vl,books,conchologiaiconi05reev_0354_full,1.9272725800312571,1161.0,False,conchologiaiconi05reev,en,0.041326960922125386,0.025295109612141653,0.16244725738396623,90.0,3558.0,0.845841784989858,0.8492871690427699,0.15071283095723015,0.9983136593591906,False,False,,,,,,
paddleocr-vl,books,conchologiaiconi05reev_0433_full,1.9272725800312571,1196.0,False,conchologiaiconi05reev,en,0.03763877606282155,0.028532608695652172,0.16304347826086957,105.0,3680.0,0.8542094455852156,0.8524590163934426,0.14754098360655737,1.0021739130434784,False,False,,,,,,
paddleocr-vl,books,daschitinskelett00prel_0011_full,1.9272725800312571,916.0,False,daschitinskelett00prel,de,0.01080737444373808,0.007019783024888321,0.03917050691244239,22.0,3134.0,0.9767981438515081,0.9745370370370371,0.02546296296296296,1.0031908104658582,False,False,,,,,,
paddleocr-vl,books,daschitinskelett00prel_0021_full,1.9272725800312571,1179.0,False,daschitinskelett00prel,de,0.005957005957005957,0.003116073747078681,0.01773049645390071,12.0,3851.0,0.9822064056939501,0.9804618117229129,0.019538188277087035,0.9987016359387172,False,False,,,,,,
paddleocr-vl,books,daschitinskelett00prel_0034_full,1.9272725800312571,870.0,False,daschitinskelett00prel,de,0.003348961821835231,0.0026827632461435278,0.01643192488262911,8.0,2982.0,0.9882352941176471,0.9813084112149533,0.018691588785046728,1.000670690811536,False,False,,,,,,
paddleocr-vl,books,daschitinskelett00prel_0037_full,1.9272725800312571,1136.0,False,daschitinskelett00prel,de,0.008973343890208499,0.005564387917329093,0.030965391621129327,21.0,3774.0,0.9744525547445255,0.9709090909090909,0.02909090909090909,1.0005299417064122,False,False,,,,,,
paddleocr-vl,books,daschitinskelett00prel_0038_full,1.9272725800312571,1125.0,False,daschitinskelett00prel,de,0.007259528130671506,0.0031241864097891173,0.01509433962264151,12.0,3841.0,0.9886792452830189,0.9868173258003766,0.013182674199623353,0.9997396511325176,False,False,,,,,,
paddleocr-vl,books,daschitinskelett00prel_0051_full,1.9272725800312571,1154.0,False,daschitinskelett00prel,de,0.011847743887068314,0.008849557522123894,0.03214285714285714,35.0,3955.0,0.978494623655914,0.9767441860465116,0.023255813953488372,0.9989886219974715,False,False,,,,,,
paddleocr-vl,books,daschitinskelett00prel_0057_full,1.9272725800312571,1022.0,False,daschitinskelett00prel,de,0.0037270642201834864,0.0025832376578645237,0.012605042016806723,9.0,3484.0,0.9873949579831933,0.9873949579831933,0.012605042016806723,0.9994259471871412,False,False,,,,,,
paddleocr-vl,books,daschitinskelett00prel_0060_full,1.9272725800312571,273.0,False,daschitinskelett00prel,de,0.0066518847006651885,0.0,0.0,0.0,896.0,1.0,1.0,0.0,1.0,False,False,,,,,,
paddleocr-vl,books,histoirenaturell10cuvi_0014_full,1.9272725800312571,344.0,False,histoirenaturell10cuvi,fr,0.01764705882352941,0.005932203389830509,0.017045454545454544,7.0,1180.0,0.9840425531914894,0.9788359788359788,0.021164021164021163,0.9991525423728813,False,False,,,,,,
paddleocr-vl,books,histoirenaturell10cuvi_0070_full,1.9272725800312571,456.0,False,histoirenaturell10cuvi,fr,0.08801955990220049,0.06172839506172839,0.12135922330097088,75.0,1215.0,0.9282511210762332,0.9078947368421053,0.09210526315789473,1.011522633744856,False,False,,,,,,
paddleocr-vl,books,histoirenaturell10cuvi_0172_full,1.9272725800312571,364.0,False,histoirenaturell10cuvi,fr,0.006071118820468344,0.0017391304347826088,0.01015228426395939,2.0,1150.0,0.9906542056074766,0.986046511627907,0.013953488372093023,1.0,False,False,,,,,,
paddleocr-vl,books,histoirenaturell10cuvi_0188_full,1.9272725800312571,509.0,False,histoirenaturell10cuvi,fr,0.030244530244530245,0.011597938144329897,0.03773584905660377,18.0,1552.0,0.9661016949152542,0.9595959595959596,0.04040404040404041,1.005798969072165,False,False,,,,,,
paddleocr-vl,books,histoirenaturell10cuvi_0251_full,1.9272725800312571,402.0,False,histoirenaturell10cuvi,fr,0.021331058020477817,0.007765314926660914,0.03482587064676617,9.0,1159.0,0.9672897196261683,0.9672897196261683,0.03271028037383177,1.001725625539258,False,False,,,,,,
paddleocr-vl,books,histoirenaturell10cuvi_0343_full,1.9272725800312571,404.0,False,histoirenaturell10cuvi,fr,0.03674745895230649,0.025296442687747035,0.06030150753768844,32.0,1265.0,0.9852941176470589,0.9663461538461539,0.03365384615384615,1.0023715415019763,False,False,,,,,,
paddleocr-vl,books,histoirenaturell10cuvi_0369_full,1.6643327218889175,410.0,False,histoirenaturell10cuvi,fr,0.02076923076923077,0.0069605568445475635,0.03636363636363636,9.0,1293.0,0.9741379310344828,0.9741379310344828,0.02586206896551724,0.9992266047950503,False,False,,,,,,
paddleocr-vl,books,histoirenaturell10cuvi_0425_full,1.6643327218889175,509.0,False,histoirenaturell10cuvi,fr,0.02026599113362888,0.0019083969465648854,0.010830324909747292,3.0,1572.0,0.9897959183673469,0.9864406779661017,0.013559322033898305,1.0006361323155217,False,False,,,,,,
paddleocr-vl,books,pisciumquerelaee00sche_0012_full,1.6643327218889175,644.0,False,pisciumquerelaee00sche,la,0.11673615247170935,0.11874623267028331,0.4830508474576271,197.0,1659.0,0.5287356321839081,0.5655737704918032,0.4344262295081967,1.0446051838456902,False,False,,,,,,
paddleocr-vl,books,pisciumquerelaee00sche_0013_full,1.6643327218889175,593.0,False,pisciumquerelaee00sche,la,0.11719670200235571,0.10107015457788347,0.43333333333333335,170.0,1682.0,0.5767790262172284,0.6497890295358649,0.350210970464135,1.0297265160523186,False,False,,,,,,
paddleocr-vl,books,pisciumquerelaee00sche_0016_full,1.6643327218889175,597.0,False,pisciumquerelaee00sche,la,0.09625,0.09056364787840405,0.4185022026431718,143.0,1579.0,0.6239669421487604,0.6317991631799164,0.3682008368200837,1.0297656744775174,False,False,,,,,,
paddleocr-vl,books,pisciumquerelaee00sche_0035_full,1.6643327218889175,618.0,False,pisciumquerelaee00sche,la,0.12439024390243902,0.10313075506445672,0.4342105263157895,168.0,1629.0,0.6544715447154471,0.688034188034188,0.31196581196581197,1.03621853898097,False,False,,,,,,
paddleocr-vl,books,pisciumquerelaee00sche_0038_full,1.6643327218889175,502.0,False,pisciumquerelaee00sche,la,0.13143254520166897,0.12014134275618374,0.4467005076142132,170.0,1415.0,0.599009900990099,0.6269430051813472,0.37305699481865284,1.020494699646643,False,False,,,,,,
paddleocr-vl,books,pisciumquerelaee00sche_0040_full,1.6643327218889175,711.0,False,pisciumquerelaee00sche,la,0.12008978675645342,0.10594900849858357,0.3786764705882353,187.0,1765.0,0.5960264900662252,0.6896551724137931,0.3103448275862069,1.0192634560906515,False,False,,,,,,
paddleocr-vl,books,pisciumquerelaee00sche_0041_full,1.6643327218889175,569.0,False,pisciumquerelaee00sche,la,0.11764705882352941,0.10423246999368288,0.42916666666666664,165.0,1583.0,0.5823754789272031,0.6495726495726496,0.3504273504273504,1.0277953253316487,False,False,,,,,,
paddleocr-vl,books,pisciumquerelaee00sche_0044_full,1.6643327218889175,201.0,False,pisciumquerelaee00sche,la,0.21568627450980393,0.2202970297029703,0.5535714285714286,89.0,404.0,0.49056603773584906,0.4406779661016949,0.559322033898305,1.056930693069307,False,False,,,,,,
paddleocr-vl,books,trudyrusskagoent161881russ_0098_full,1.6643327218889175,618.0,False,trudyrusskagoent161881russ,fr+de,0.016483516483516484,0.009635237439779766,0.05392156862745098,14.0,1453.0,0.9597989949748744,0.9455445544554455,0.054455445544554455,1.0006882312456986,False,False,,,,,,
paddleocr-vl,books,trudyrusskagoent161881russ_0121_full,1.6643327218889175,587.0,False,trudyrusskagoent161881russ,fr+de,0.013800424628450107,0.0031914893617021275,0.02422145328719723,6.0,1880.0,0.9755244755244755,0.9789473684210527,0.021052631578947368,0.9968085106382979,False,False,,,,,,
paddleocr-vl,books,trudyrusskagoent161881russ_0276_full,1.6643327218889175,537.0,False,trudyrusskagoent161881russ,fr+de,0.01099537037037037,0.0005787037037037037,0.00398406374501992,1.0,1728.0,1.0,0.9959677419354839,0.004032258064516129,1.0,False,False,,,,,,
paddleocr-vl,books,trudyrusskagoent161881russ_0329_full,1.6643327218889175,671.0,False,trudyrusskagoent161881russ,fr+de,0.014797136038186158,0.003355704697986577,0.023972602739726026,7.0,2086.0,0.9758620689655172,0.9758620689655172,0.02413793103448276,0.9995206136145733,False,False,,,,,,
paddleocr-vl,books,trudyrusskagoent161881russ_0357_full,1.6643327218889175,590.0,False,trudyrusskagoent161881russ,fr+de,0.015570934256055362,0.006964596633778294,0.03319502074688797,12.0,1723.0,0.9752066115702479,0.9672131147540983,0.03278688524590164,1.0005803830528148,False,False,,,,,,
paddleocr-vl,books,trudyrusskagoent161881russ_0379_full,1.6643327218889175,637.0,False,trudyrusskagoent161881russ,fr+de,0.01998001998001998,0.008028098344204716,0.050314465408805034,16.0,1993.0,0.975975975975976,0.975975975975976,0.024024024024024024,0.997491219267436,False,False,,,,,,
paddleocr-vl,books,trudyrusskagoent161881russ_0388_full,1.6643327218889175,627.0,False,trudyrusskagoent161881russ,fr+de,0.02075368651010377,0.0005473453749315818,0.003367003367003367,1.0,1827.0,0.9967637540453075,0.9935483870967742,0.0064516129032258064,1.0005473453749316,False,False,,,,,,
paddleocr-vl,books,trudyrusskagoent161881russ_0446_full,1.6643327218889175,422.0,False,trudyrusskagoent161881russ,fr+de,0.02695167286245353,0.0065420560747663555,0.03664921465968586,7.0,1070.0,0.985,0.9752475247524752,0.024752475247524754,1.0,False,False,,,,,,
paddleocr-vl,docs,headers_footers__0b8de922246569bf96136cd5bb1d9643b2d269fe_page_10_processed,3.849691670906253,379.0,False,,,,,,,,,,,,False,,headers_footers,2.0,1.0,"[{""id"": ""0b8de922246569bf96136cd5bb1d9643b2d269fe_page_10_processed.pdf_manual_00"", ""type"": ""absent"", ""passed"": false, ""category"": ""headers_footers""}, {""id"": ""auto_baseline"", ""type"": ""baseline"", ""passed"": true, ""category"": ""baseline""}]",,
paddleocr-vl,docs,headers_footers__12e836a20227be4b63f7dcdebb2498e9d189d4da_page_5_processed,3.849691670906253,1253.0,False,,,,,,,,,,,,False,,headers_footers,4.0,2.0,"[{""id"": ""12e836a20227be4b63f7dcdebb2498e9d189d4da_page_5_processed_pg1_header_00"", ""type"": ""absent"", ""passed"": false, ""category"": ""headers_footers""}, {""id"": ""12e836a20227be4b63f7dcdebb2498e9d189d4da_page_5_processed_pg1_header_01"", ""type"": ""absent"", ""passed"": false, ""category"": ""headers_footers""}, {""id"": ""12e836a20227be4b63f7dcdebb2498e9d189d4da_page_5_processed_pg1_header_02"", ""type"": ""absent"", ""passed"": true, ""category"": ""headers_footers""}, {""id"": ""auto_baseline"", ""type"": ""baseline"", ""passed"": true, ""category"": ""baseline""}]",,
paddleocr-vl,docs,headers_footers__17ce5025be595d7fc2c3a347b6a2fa4e4d06419d_page_1,3.849691670906253,216.0,False,,,,,,,,,,,,False,,headers_footers,2.0,1.0,"[{""id"": ""17ce5025be595d7fc2c3a347b6a2fa4e4d06419d_page_1_header_00"", ""type"": ""absent"", ""passed"": false, ""category"": ""headers_footers""}, {""id"": ""auto_baseline"", ""type"": ""baseline"", ""passed"": true, ""category"": ""baseline""}]",,
paddleocr-vl,docs,headers_footers__1a3e61746b0965df09bce6cb1051c455807363d5_page_1,3.849691670906253,913.0,False,,,,,,,,,,,,False,,headers_footers,3.0,2.0,"[{""id"": ""1a3e61746b0965df09bce6cb1051c455807363d5_page_1_header_00"", ""type"": ""absent"", ""passed"": false, ""category"": ""headers_footers""}, {""id"": ""1a3e61746b0965df09bce6cb1051c455807363d5_page_1.pdf_manual_00"", ""type"": ""absent"", ""passed"": true, ""category"": ""headers_footers""}, {""id"": ""auto_baseline"", ""type"": ""baseline"", ""passed"": true, ""category"": ""baseline""}]",,
paddleocr-vl,docs,headers_footers__2cb8b9fbe5aaac3d7f95d110a3b08132ee09d103_page_2,3.849691670906253,705.0,False,,,,,,,,,,,,False,,headers_footers,3.0,1.0,"[{""id"": ""2cb8b9fbe5aaac3d7f95d110a3b08132ee09d103_page_2_header_00"", ""type"": ""absent"", ""passed"": false, ""category"": ""headers_footers""}, {""id"": ""2cb8b9fbe5aaac3d7f95d110a3b08132ee09d103_page_2.pdf_manual_00"", ""type"": ""absent"", ""passed"": false, ""category"": ""headers_footers""}, {""id"": ""auto_baseline"", ""type"": ""baseline"", ""passed"": true, ""category"": ""baseline""}]",,
paddleocr-vl,docs,headers_footers__363300831b3da664b1bfe972e4f86464fa076da3_page_149,3.849691670906253,1191.0,False,,,,,,,,,,,,False,,headers_footers,6.0,3.0,"[{""id"": ""363300831b3da664b1bfe972e4f86464fa076da3_page_149_header_00"", ""type"": ""absent"", ""passed"": true, ""category"": ""headers_footers""}, {""id"": ""363300831b3da664b1bfe972e4f86464fa076da3_page_149_header_01"", ""type"": ""absent"", ""passed"": false, ""category"": ""headers_footers""}, {""id"": ""363300831b3da664b1bfe972e4f86464fa076da3_page_149_header_15"", ""type"": ""absent"", ""passed"": false, ""category"": ""headers_footers""}, {""id"": ""363300831b3da664b1bfe972e4f86464fa076da3_page_149_header_16"", ""type"": ""absent"", ""passed"": false, ""category"": ""headers_footers""}, {""id"": ""363300831b3da664b1bfe972e4f86464fa076da3_page_149.pdf_manual_00"", ""type"": ""absent"", ""passed"": true, ""category"": ""headers_footers""}, {""id"": ""auto_baseline"", ""type"": ""baseline"", ""passed"": true, ""category"": ""baseline""}]",,
paddleocr-vl,docs,headers_footers__62621cef2b1d5356a063aa7c9c735ac396fb2223_page_33,3.849691670906253,747.0,False,,,,,,,,,,,,False,,headers_footers,4.0,2.0,"[{""id"": ""62621cef2b1d5356a063aa7c9c735ac396fb2223_page_33_header_00"", ""type"": ""absent"", ""passed"": false, ""category"": ""headers_footers""}, {""id"": ""62621cef2b1d5356a063aa7c9c735ac396fb2223_page_33.pdf_manual_00"", ""type"": ""absent"", ""passed"": true, ""category"": ""headers_footers""}, {""id"": ""62621cef2b1d5356a063aa7c9c735ac396fb2223_page_33.pdf_manual_01"", ""type"": ""absent"", ""passed"": false, ""category"": ""headers_footers""}, {""id"": ""auto_baseline"", ""type"": ""baseline"", ""passed"": true, ""category"": ""baseline""}]",,
paddleocr-vl,docs,headers_footers__7901d119ed91a89f8fbabf0eef7174d75a7656e3_page_1,3.849691670906253,454.0,False,,,,,,,,,,,,False,,headers_footers,2.0,1.0,"[{""id"": ""7901d119ed91a89f8fbabf0eef7174d75a7656e3_page_1.pdf_manual_00"", ""type"": ""absent"", ""passed"": false, ""category"": ""headers_footers""}, {""id"": ""auto_baseline"", ""type"": ""baseline"", ""passed"": true, ""category"": ""baseline""}]",,
paddleocr-vl,docs,headers_footers__ba10222e40f05d76e2bf1d51c39066a4b1fe82ed_page_11,3.849691670906253,657.0,False,,,,,,,,,,,,False,,headers_footers,3.0,1.0,"[{""id"": ""ba10222e40f05d76e2bf1d51c39066a4b1fe82ed_page_11_header_00"", ""type"": ""absent"", ""passed"": false, ""category"": ""headers_footers""}, {""id"": ""ba10222e40f05d76e2bf1d51c39066a4b1fe82ed_page_11.pdf_manual_00"", ""type"": ""absent"", ""passed"": false, ""category"": ""headers_footers""}, {""id"": ""auto_baseline"", ""type"": ""baseline"", ""passed"": true, ""category"": ""baseline""}]",,
paddleocr-vl,docs,headers_footers__d8b9c4cd0ba9b036e09168c8dccccd1d43315ef4_page_1,3.849691670906253,905.0,False,,,,,,,,,,,,False,,headers_footers,3.0,1.0,"[{""id"": ""d8b9c4cd0ba9b036e09168c8dccccd1d43315ef4_page_1_header_00"", ""type"": ""absent"", ""passed"": false, ""category"": ""headers_footers""}, {""id"": ""d8b9c4cd0ba9b036e09168c8dccccd1d43315ef4_page_1.pdf_manual_00"", ""type"": ""absent"", ""passed"": false, ""category"": ""headers_footers""}, {""id"": ""auto_baseline"", ""type"": ""baseline"", ""passed"": true, ""category"": ""baseline""}]",,
paddleocr-vl,docs,long_tiny_text__11_pg161_pg1,3.849691670906253,1647.0,False,,,,,,,,,,,,False,,long_tiny_text,9.0,9.0,"[{""id"": ""11_pg161_pg1_text_00"", ""type"": ""present"", ""passed"": true, ""category"": ""long_tiny_text""}, {""id"": ""11_pg161_pg1_text_01"", ""type"": ""present"", ""passed"": true, ""category"": ""long_tiny_text""}, {""id"": ""11_pg161_pg1_text_02"", ""type"": ""present"", ""passed"": true, ""category"": ""long_tiny_text""}, {""id"": ""11_pg161_pg1_text_03"", ""type"": ""present"", ""passed"": true, ""category"": ""long_tiny_text""}, {""id"": ""11_pg161_pg1_text_04"", ""type"": ""present"", ""passed"": true, ""category"": ""long_tiny_text""}, {""id"": ""11_pg161_pg1_text_05"", ""type"": ""present"", ""passed"": true, ""category"": ""long_tiny_text""}, {""id"": ""11_pg161_pg1_text_06"", ""type"": ""present"", ""passed"": true, ""category"": ""long_tiny_text""}, {""id"": ""11_pg161_pg1_text_07"", ""type"": ""present"", ""passed"": true, ""category"": ""long_tiny_text""}, {""id"": ""auto_baseline"", ""type"": ""baseline"", ""passed"": true, ""category"": ""baseline""}]",,
paddleocr-vl,docs,long_tiny_text__11_pg375_pg1,3.849691670906253,1759.0,False,,,,,,,,,,,,False,,long_tiny_text,4.0,4.0,"[{""id"": ""11_pg375_pg1_text_00"", ""type"": ""present"", ""passed"": true, ""category"": ""long_tiny_text""}, {""id"": ""11_pg375_pg1_text_01"", ""type"": ""present"", ""passed"": true, ""category"": ""long_tiny_text""}, {""id"": ""11_pg375_pg1_text_02"", ""type"": ""present"", ""passed"": true, ""category"": ""long_tiny_text""}, {""id"": ""auto_baseline"", ""type"": ""baseline"", ""passed"": true, ""category"": ""baseline""}]",,
paddleocr-vl,docs,long_tiny_text__13_pg556_pg1,3.849691670906253,2386.0,False,,,,,,,,,,,,False,,long_tiny_text,5.0,3.0,"[{""id"": ""13_pg556_pg1_text_00"", ""type"": ""present"", ""passed"": true, ""category"": ""long_tiny_text""}, {""id"": ""13_pg556_pg1_text_01"", ""type"": ""present"", ""passed"": true, ""category"": ""long_tiny_text""}, {""id"": ""13_pg556_pg1_text_02"", ""type"": ""present"", ""passed"": false, ""category"": ""long_tiny_text""}, {""id"": ""13_pg556_pg1_text_03"", ""type"": ""present"", ""passed"": true, ""category"": ""long_tiny_text""}, {""id"": ""auto_baseline"", ""type"": ""baseline"", ""passed"": false, ""category"": ""baseline""}]",,
paddleocr-vl,docs,long_tiny_text__13_pg566_pg1,3.849691670906253,1993.0,False,,,,,,,,,,,,False,,long_tiny_text,6.0,5.0,"[{""id"": ""13_pg566_pg1_text_00"", ""type"": ""present"", ""passed"": true, ""category"": ""long_tiny_text""}, {""id"": ""13_pg566_pg1_text_01"", ""type"": ""present"", ""passed"": true, ""category"": ""long_tiny_text""}, {""id"": ""13_pg566_pg1_text_02"", ""type"": ""present"", ""passed"": false, ""category"": ""long_tiny_text""}, {""id"": ""13_pg566_pg1_text_03"", ""type"": ""present"", ""passed"": true, ""category"": ""long_tiny_text""}, {""id"": ""13_pg566_pg1_text_04"", ""type"": ""present"", ""passed"": true, ""category"": ""long_tiny_text""}, {""id"": ""auto_baseline"", ""type"": ""baseline"", ""passed"": true, ""category"": ""baseline""}]",,
paddleocr-vl,docs,long_tiny_text__13_pg67_pg1,3.849691670906253,2739.0,False,,,,,,,,,,,,False,,long_tiny_text,6.0,6.0,"[{""id"": ""13_pg67_pg1_text_00"", ""type"": ""present"", ""passed"": true, ""category"": ""long_tiny_text""}, {""id"": ""13_pg67_pg1_text_01"", ""type"": ""present"", ""passed"": true, ""category"": ""long_tiny_text""}, {""id"": ""13_pg67_pg1_text_02"", ""type"": ""present"", ""passed"": true, ""category"": ""long_tiny_text""}, {""id"": ""13_pg67_pg1_text_03"", ""type"": ""present"", ""passed"": true, ""category"": ""long_tiny_text""}, {""id"": ""13_pg67_pg1_text_04"", ""type"": ""present"", ""passed"": true, ""category"": ""long_tiny_text""}, {""id"": ""auto_baseline"", ""type"": ""baseline"", ""passed"": true, ""category"": ""baseline""}]",,
paddleocr-vl,docs,long_tiny_text__14a_pg1,3.849691670906253,6144.0,False,,,,,,,,,,,,False,,long_tiny_text,6.0,6.0,"[{""id"": ""14a_pg1_text_01"", ""type"": ""present"", ""passed"": true, ""category"": ""long_tiny_text""}, {""id"": ""14a_pg1_text_02"", ""type"": ""present"", ""passed"": true, ""category"": ""long_tiny_text""}, {""id"": ""14a_pg1_text_04"", ""type"": ""present"", ""passed"": true, ""category"": ""long_tiny_text""}, {""id"": ""14a_pg1_text_05"", ""type"": ""present"", ""passed"": true, ""category"": ""long_tiny_text""}, {""id"": ""14a_pg1_text_06"", ""type"": ""present"", ""passed"": true, ""category"": ""long_tiny_text""}, {""id"": ""auto_baseline"", ""type"": ""baseline"", ""passed"": true, ""category"": ""baseline""}]",,
paddleocr-vl,docs,long_tiny_text__15c_pg1,3.849691670906253,1882.0,False,,,,,,,,,,,,False,,long_tiny_text,5.0,3.0,"[{""id"": ""15c_pg1_text_00"", ""type"": ""present"", ""passed"": false, ""category"": ""long_tiny_text""}, {""id"": ""15c_pg1_text_01"", ""type"": ""present"", ""passed"": true, ""category"": ""long_tiny_text""}, {""id"": ""15c_pg1_text_02"", ""type"": ""present"", ""passed"": true, ""category"": ""long_tiny_text""}, {""id"": ""15c_pg1_text_03"", ""type"": ""present"", ""passed"": false, ""category"": ""long_tiny_text""}, {""id"": ""auto_baseline"", ""type"": ""baseline"", ""passed"": true, ""category"": ""baseline""}]",,
paddleocr-vl,docs,long_tiny_text__17_pg2_pg1,3.849691670906253,1333.0,False,,,,,,,,,,,,False,,long_tiny_text,40.0,39.0,"[{""id"": ""17_pg2_pg1_text_00"", ""type"": ""present"", ""passed"": true, ""category"": ""long_tiny_text""}, {""id"": ""17_pg2_pg1_text_01"", ""type"": ""present"", ""passed"": true, ""category"": ""long_tiny_text""}, {""id"": ""17_pg2_pg1_text_02"", ""type"": ""present"", ""passed"": true, ""category"": ""long_tiny_text""}, {""id"": ""17_pg2_pg1_text_03"", ""type"": ""present"", ""passed"": true, ""category"": ""long_tiny_text""}, {""id"": ""17_pg2_pg1_text_04"", ""type"": ""present"", ""passed"": true, ""category"": ""long_tiny_text""}, {""id"": ""17_pg2_pg1_text_06"", ""type"": ""present"", ""passed"": true, ""category"": ""long_tiny_text""}, {""id"": ""17_pg2_pg1_text_07"", ""type"": ""present"", ""passed"": true, ""category"": ""long_tiny_text""}, {""id"": ""17_pg2_pg1_text_09"", ""type"": ""present"", ""passed"": true, ""category"": ""long_tiny_text""}, {""id"": ""17_pg2_pg1_text_10"", ""type"": ""present"", ""passed"": true, ""category"": ""long_tiny_text""}, {""id"": ""17_pg2_pg1_text_12"", ""type"": ""present"", ""passed"": true, ""category"": ""long_tiny_text""}, {""id"": ""17_pg2_pg1_text_13"", ""type"": ""present"", ""passed"": true, ""category"": ""long_tiny_text""}, {""id"": ""17_pg2_pg1_text_16"", ""type"": ""present"", ""passed"": true, ""category"": ""long_tiny_text""}, {""id"": ""17_pg2_pg1_text_17"", ""type"": ""present"", ""passed"": false, ""category"": ""long_tiny_text""}, {""id"": ""17_pg2_pg1_text_20"", ""type"": ""present"", ""passed"": true, ""category"": ""long_tiny_text""}, {""id"": ""17_pg2_pg1_text_23"", ""type"": ""present"", ""passed"": true, ""category"": ""long_tiny_text""}, {""id"": ""17_pg2_pg1_text_24"", ""type"": ""present"", ""passed"": true, ""category"": ""long_tiny_text""}, {""id"": ""17_pg2_pg1_text_25"", ""type"": ""present"", ""passed"": true, ""category"": ""long_tiny_text""}, {""id"": ""17_pg2_pg1_text_27"", ""type"": ""present"", ""passed"": true, ""category"": ""long_tiny_text""}, {""id"": ""17_pg2_pg1_text_28"", ""type"": ""present"", ""passed"": true, ""category"": ""long_tiny_text""}, {""id"": ""17_pg2_pg1_text_30"", ""type"": ""present"", ""passed"": true, ""category"": ""long_tiny_text""}, {""id"": ""17_pg2_pg1_text_31"", ""type"": ""present"", ""passed"": true, ""category"": ""long_tiny_text""}, {""id"": ""17_pg2_pg1_text_34"", ""type"": ""present"", ""passed"": true, ""category"": ""long_tiny_text""}, {""id"": ""17_pg2_pg1_text_37"", ""type"": ""present"", ""passed"": true, ""category"": ""long_tiny_text""}, {""id"": ""17_pg2_pg1_text_41"", ""type"": ""present"", ""passed"": true, ""category"": ""long_tiny_text""}, {""id"": ""17_pg2_pg1_text_43"", ""type"": ""present"", ""passed"": true, ""category"": ""long_tiny_text""}, {""id"": ""17_pg2_pg1_text_45"", ""type"": ""present"", ""passed"": true, ""category"": ""long_tiny_text""}, {""id"": ""17_pg2_pg1_text_49"", ""type"": ""present"", ""passed"": true, ""category"": ""long_tiny_text""}, {""id"": ""17_pg2_pg1_text_51"", ""type"": ""present"", ""passed"": true, ""category"": ""long_tiny_text""}, {""id"": ""17_pg2_pg1_text_56"", ""type"": ""present"", ""passed"": true, ""category"": ""long_tiny_text""}, {""id"": ""17_pg2_pg1_text_61"", ""type"": ""present"", ""passed"": true, ""category"": ""long_tiny_text""}, {""id"": ""17_pg2_pg1_text_65"", ""type"": ""present"", ""passed"": true, ""category"": ""long_tiny_text""}, {""id"": ""17_pg2_pg1_text_69"", ""type"": ""present"", ""passed"": true, ""category"": ""long_tiny_text""}, {""id"": ""17_pg2_pg1_text_74"", ""type"": ""present"", ""passed"": true, ""category"": ""long_tiny_text""}, {""id"": ""17_pg2_pg1_text_80"", ""type"": ""present"", ""passed"": true, ""category"": ""long_tiny_text""}, {""id"": ""17_pg2_pg1_text_83"", ""type"": ""present"", ""passed"": true, ""category"": ""long_tiny_text""}, {""id"": ""17_pg2_pg1_text_86"", ""type"": ""present"", ""passed"": true, ""category"": ""long_tiny_text""}, {""id"": ""17_pg2_pg1_text_88"", ""type"": ""present"", ""passed"": true, ""category"": ""long_tiny_text""}, {""id"": ""17_pg2_pg1_text_95"", ""type"": ""present"", ""passed"": true, ""category"": ""long_tiny_text""}, {""id"": ""17_pg2_pg1_text_97"", ""type"": ""present"", ""passed"": true, ""category"": ""long_tiny_text""}, {""id"": ""auto_baseline"", ""type"": ""baseline"", ""passed"": true, ""category"": ""baseline""}]",,
paddleocr-vl,docs,long_tiny_text__20_pg40_pg1,3.849691670906253,2002.0,False,,,,,,,,,,,,False,,long_tiny_text,6.0,3.0,"[{""id"": ""20_pg40_pg1_text_00"", ""type"": ""present"", ""passed"": false, ""category"": ""long_tiny_text""}, {""id"": ""20_pg40_pg1_text_01"", ""type"": ""present"", ""passed"": true, ""category"": ""long_tiny_text""}, {""id"": ""20_pg40_pg1_text_02"", ""type"": ""present"", ""passed"": false, ""category"": ""long_tiny_text""}, {""id"": ""20_pg40_pg1_text_03"", ""type"": ""present"", ""passed"": true, ""category"": ""long_tiny_text""}, {""id"": ""20_pg40_pg1_text_04"", ""type"": ""present"", ""passed"": true, ""category"": ""long_tiny_text""}, {""id"": ""auto_baseline"", ""type"": ""baseline"", ""passed"": false, ""category"": ""baseline""}]",,
paddleocr-vl,docs,long_tiny_text__20_pg46_pg1,3.849691670906253,1809.0,False,,,,,,,,,,,,False,,long_tiny_text,10.0,7.0,"[{""id"": ""20_pg46_pg1_text_00"", ""type"": ""present"", ""passed"": true, ""category"": ""long_tiny_text""}, {""id"": ""20_pg46_pg1_text_01"", ""type"": ""present"", ""passed"": false, ""category"": ""long_tiny_text""}, {""id"": ""20_pg46_pg1_text_02"", ""type"": ""present"", ""passed"": true, ""category"": ""long_tiny_text""}, {""id"": ""20_pg46_pg1_text_03"", ""type"": ""present"", ""passed"": false, ""category"": ""long_tiny_text""}, {""id"": ""20_pg46_pg1_text_04"", ""type"": ""present"", ""passed"": false, ""category"": ""long_tiny_text""}, {""id"": ""20_pg46_pg1_text_05"", ""type"": ""present"", ""passed"": true, ""category"": ""long_tiny_text""}, {""id"": ""20_pg46_pg1_text_06"", ""type"": ""present"", ""passed"": true, ""category"": ""long_tiny_text""}, {""id"": ""20_pg46_pg1_text_08"", ""type"": ""present"", ""passed"": true, ""category"": ""long_tiny_text""}, {""id"": ""20_pg46_pg1_text_09"", ""type"": ""present"", ""passed"": true, ""category"": ""long_tiny_text""}, {""id"": ""auto_baseline"", ""type"": ""baseline"", ""passed"": true, ""category"": ""baseline""}]",,
paddleocr-vl,docs,multi_column__00945e98ea0970dcffb8f548336df3a0137f_page_4_pg1,3.849691670906253,791.0,False,,,,,,,,,,,,False,,multi_column,4.0,4.0,"[{""id"": ""00945e98ea0970dcffb8f548336df3a0137f_page_4.pdf_order_0a8f368a"", ""type"": ""order"", ""passed"": true, ""category"": ""multi_column""}, {""id"": ""00945e98ea0970dcffb8f548336df3a0137f_page_4.pdf_order_3d4bbd69"", ""type"": ""order"", ""passed"": true, ""category"": ""multi_column""}, {""id"": ""00945e98ea0970dcffb8f548336df3a0137f_page_4.pdf_order_4cbab131"", ""type"": ""order"", ""passed"": true, ""category"": ""multi_column""}, {""id"": ""auto_baseline"", ""type"": ""baseline"", ""passed"": true, ""category"": ""baseline""}]",,
paddleocr-vl,docs,multi_column__00e2c7719d58bb49fd4031cce9dcccdddec2_page_1_pg1,3.849691670906253,820.0,False,,,,,,,,,,,,False,,multi_column,3.0,3.0,"[{""id"": ""00e2c7719d58bb49fd4031cce9dcccdddec2_page_1.pdf_order_85be1097"", ""type"": ""order"", ""passed"": true, ""category"": ""multi_column""}, {""id"": ""00e2c7719d58bb49fd4031cce9dcccdddec2_page_1.pdf_order_b903400b"", ""type"": ""order"", ""passed"": true, ""category"": ""multi_column""}, {""id"": ""auto_baseline"", ""type"": ""baseline"", ""passed"": true, ""category"": ""baseline""}]",,
paddleocr-vl,docs,multi_column__0114396ecb251aa3ebaeaeaed6bd4fe50bd2_page_2_pg1,3.849691670906253,1171.0,False,,,,,,,,,,,,False,,multi_column,6.0,4.0,"[{""id"": ""0114396ecb251aa3ebaeaeaed6bd4fe50bd2_page_2.pdf_order_e5d2d945"", ""type"": ""order"", ""passed"": false, ""category"": ""multi_column""}, {""id"": ""0114396ecb251aa3ebaeaeaed6bd4fe50bd2_page_2.pdf_order_6b2daa2b"", ""type"": ""order"", ""passed"": false, ""category"": ""multi_column""}, {""id"": ""0114396ecb251aa3ebaeaeaed6bd4fe50bd2_page_2.pdf_order_f61eafae"", ""type"": ""order"", ""passed"": true, ""category"": ""multi_column""}, {""id"": ""0114396ecb251aa3ebaeaeaed6bd4fe50bd2_page_2.pdf_order_40a2536e"", ""type"": ""order"", ""passed"": true, ""category"": ""multi_column""}, {""id"": ""0114396ecb251aa3ebaeaeaed6bd4fe50bd2_page_2.pdf_order_b8d41298"", ""type"": ""order"", ""passed"": true, ""category"": ""multi_column""}, {""id"": ""auto_baseline"", ""type"": ""baseline"", ""passed"": true, ""category"": ""baseline""}]",,
paddleocr-vl,docs,multi_column__019a8841dddeb304774ba62a9f5d8dccb43d_page_2_pg1,3.849691670906253,2381.0,False,,,,,,,,,,,,False,,multi_column,5.0,4.0,"[{""id"": ""019a8841dddeb304774ba62a9f5d8dccb43d_page_2.pdf_order_00d331ca"", ""type"": ""order"", ""passed"": true, ""category"": ""multi_column""}, {""id"": ""019a8841dddeb304774ba62a9f5d8dccb43d_page_2.pdf_order_2410e748"", ""type"": ""order"", ""passed"": true, ""category"": ""multi_column""}, {""id"": ""019a8841dddeb304774ba62a9f5d8dccb43d_page_2.pdf_order_5a8cba0a"", ""type"": ""order"", ""passed"": true, ""category"": ""multi_column""}, {""id"": ""019a8841dddeb304774ba62a9f5d8dccb43d_page_2.pdf_order_6a2477bc"", ""type"": ""order"", ""passed"": false, ""category"": ""multi_column""}, {""id"": ""auto_baseline"", ""type"": ""baseline"", ""passed"": true, ""category"": ""baseline""}]",,
paddleocr-vl,docs,multi_column__0208fbb5d6b646f972f4702428ad2cede5c5_page_6_pg1,3.849691670906253,861.0,False,,,,,,,,,,,,False,,multi_column,2.0,1.0,"[{""id"": ""0208fbb5d6b646f972f4702428ad2cede5c5_page_6.pdf_order_71ab8004"", ""type"": ""order"", ""passed"": false, ""category"": ""multi_column""}, {""id"": ""auto_baseline"", ""type"": ""baseline"", ""passed"": true, ""category"": ""baseline""}]",,
paddleocr-vl,docs,multi_column__027c390510b2fd3364f5a382f2bc304af018_page_4_pg1,3.849691670906253,1755.0,False,,,,,,,,,,,,False,,multi_column,5.0,3.0,"[{""id"": ""027c390510b2fd3364f5a382f2bc304af018_page_4.pdf_order_ea693a98"", ""type"": ""order"", ""passed"": false, ""category"": ""multi_column""}, {""id"": ""027c390510b2fd3364f5a382f2bc304af018_page_4.pdf_order_053bda58"", ""type"": ""order"", ""passed"": true, ""category"": ""multi_column""}, {""id"": ""027c390510b2fd3364f5a382f2bc304af018_page_4.pdf_order_9e06820d"", ""type"": ""order"", ""passed"": true, ""category"": ""multi_column""}, {""id"": ""027c390510b2fd3364f5a382f2bc304af018_page_4.pdf_order_97e749bf"", ""type"": ""order"", ""passed"": false, ""category"": ""multi_column""}, {""id"": ""auto_baseline"", ""type"": ""baseline"", ""passed"": true, ""category"": ""baseline""}]",,
paddleocr-vl,docs,multi_column__02943986dff2d4a84b7c2dd81abfc51fceea_page_5_pg1,3.849691670906253,1049.0,False,,,,,,,,,,,,False,,multi_column,5.0,5.0,"[{""id"": ""02943986dff2d4a84b7c2dd81abfc51fceea_page_5.pdf_order_3f1adc6b"", ""type"": ""order"", ""passed"": true, ""category"": ""multi_column""}, {""id"": ""02943986dff2d4a84b7c2dd81abfc51fceea_page_5.pdf_order_00ce4e6f"", ""type"": ""order"", ""passed"": true, ""category"": ""multi_column""}, {""id"": ""02943986dff2d4a84b7c2dd81abfc51fceea_page_5.pdf_order_46755e50"", ""type"": ""order"", ""passed"": true, ""category"": ""multi_column""}, {""id"": ""02943986dff2d4a84b7c2dd81abfc51fceea_page_5.pdf_order_13f6999c"", ""type"": ""order"", ""passed"": true, ""category"": ""multi_column""}, {""id"": ""auto_baseline"", ""type"": ""baseline"", ""passed"": true, ""category"": ""baseline""}]",,
paddleocr-vl,docs,multi_column__02943986dff2d4a84b7c2dd81abfc51fceea_page_9_pg1,3.849691670906253,1144.0,False,,,,,,,,,,,,False,,multi_column,5.0,4.0,"[{""id"": ""02943986dff2d4a84b7c2dd81abfc51fceea_page_9.pdf_order_babd8e0e"", ""type"": ""order"", ""passed"": true, ""category"": ""multi_column""}, {""id"": ""02943986dff2d4a84b7c2dd81abfc51fceea_page_9.pdf_order_2e6f0ead"", ""type"": ""order"", ""passed"": true, ""category"": ""multi_column""}, {""id"": ""02943986dff2d4a84b7c2dd81abfc51fceea_page_9.pdf_order_7e60c895"", ""type"": ""order"", ""passed"": false, ""category"": ""multi_column""}, {""id"": ""02943986dff2d4a84b7c2dd81abfc51fceea_page_9.pdf_order_81a40b7f"", ""type"": ""order"", ""passed"": true, ""category"": ""multi_column""}, {""id"": ""auto_baseline"", ""type"": ""baseline"", ""passed"": true, ""category"": ""baseline""}]",,
paddleocr-vl,docs,multi_column__038650c9dfd95e7495d0c4d301d9dcca735a_page_1_pg1,3.849691670906253,785.0,False,,,,,,,,,,,,False,,multi_column,5.0,2.0,"[{""id"": ""038650c9dfd95e7495d0c4d301d9dcca735a_page_1.pdf_order_eb32d864"", ""type"": ""order"", ""passed"": true, ""category"": ""multi_column""}, {""id"": ""038650c9dfd95e7495d0c4d301d9dcca735a_page_1.pdf_order_517c20f9"", ""type"": ""order"", ""passed"": false, ""category"": ""multi_column""}, {""id"": ""038650c9dfd95e7495d0c4d301d9dcca735a_page_1.pdf_order_12a7fa3e"", ""type"": ""order"", ""passed"": false, ""category"": ""multi_column""}, {""id"": ""038650c9dfd95e7495d0c4d301d9dcca735a_page_1.pdf_order_cf779f79"", ""type"": ""order"", ""passed"": false, ""category"": ""multi_column""}, {""id"": ""auto_baseline"", ""type"": ""baseline"", ""passed"": true, ""category"": ""baseline""}]",,
paddleocr-vl,docs,multi_column__0845863d27c84b14011e17a388821525e783_page_16_pg1,3.849691670906253,6144.0,False,,,,,,,,,,,,False,,multi_column,4.0,1.0,"[{""id"": ""0845863d27c84b14011e17a388821525e783_page_16.pdf_order_dffceb1b"", ""type"": ""order"", ""passed"": false, ""category"": ""multi_column""}, {""id"": ""0845863d27c84b14011e17a388821525e783_page_16.pdf_order_ac24f586"", ""type"": ""order"", ""passed"": false, ""category"": ""multi_column""}, {""id"": ""0845863d27c84b14011e17a388821525e783_page_16.pdf_order_4bda9b61"", ""type"": ""order"", ""passed"": false, ""category"": ""multi_column""}, {""id"": ""auto_baseline"", ""type"": ""baseline"", ""passed"": true, ""category"": ""baseline""}]",,
paddleocr-vl,docs,old_scans__1,3.849691670906253,223.0,False,,,,,,,,,,,,False,,old_scans,6.0,2.0,"[{""id"": ""1_680487"", ""type"": ""present"", ""passed"": false, ""category"": ""old_scans""}, {""id"": ""1_126739"", ""type"": ""absent"", ""passed"": true, ""category"": ""old_scans""}, {""id"": ""1_36225"", ""type"": ""present"", ""passed"": false, ""category"": ""old_scans""}, {""id"": ""1_787572"", ""type"": ""order"", ""passed"": false, ""category"": ""old_scans""}, {""id"": ""1_298389"", ""type"": ""order"", ""passed"": false, ""category"": ""old_scans""}, {""id"": ""auto_baseline"", ""type"": ""baseline"", ""passed"": true, ""category"": ""baseline""}]",,
paddleocr-vl,docs,old_scans__21,3.849691670906253,150.0,False,,,,,,,,,,,,False,,old_scans,8.0,2.0,"[{""id"": ""21_398162"", ""type"": ""present"", ""passed"": false, ""category"": ""old_scans""}, {""id"": ""21_382528"", ""type"": ""order"", ""passed"": false, ""category"": ""old_scans""}, {""id"": ""21_229684"", ""type"": ""absent"", ""passed"": true, ""category"": ""old_scans""}, {""id"": ""21_712729"", ""type"": ""present"", ""passed"": false, ""category"": ""old_scans""}, {""id"": ""21_289946"", ""type"": ""present"", ""passed"": false, ""category"": ""old_scans""}, {""id"": ""21_745911"", ""type"": ""present"", ""passed"": false, ""category"": ""old_scans""}, {""id"": ""21_992153"", ""type"": ""order"", ""passed"": false, ""category"": ""old_scans""}, {""id"": ""auto_baseline"", ""type"": ""baseline"", ""passed"": true, ""category"": ""baseline""}]",,
paddleocr-vl,docs,old_scans__23,3.717227854888885,149.0,False,,,,,,,,,,,,False,,old_scans,6.0,3.0,"[{""id"": ""23_675822"", ""type"": ""present"", ""passed"": false, ""category"": ""old_scans""}, {""id"": ""23_189451"", ""type"": ""order"", ""passed"": false, ""category"": ""old_scans""}, {""id"": ""23_570086"", ""type"": ""absent"", ""passed"": true, ""category"": ""old_scans""}, {""id"": ""23_774544"", ""type"": ""present"", ""passed"": false, ""category"": ""old_scans""}, {""id"": ""23_266702"", ""type"": ""present"", ""passed"": true, ""category"": ""old_scans""}, {""id"": ""auto_baseline"", ""type"": ""baseline"", ""passed"": true, ""category"": ""baseline""}]",,
paddleocr-vl,docs,old_scans__26,3.717227854888885,191.0,False,,,,,,,,,,,,False,,old_scans,5.0,2.0,"[{""id"": ""26_727870"", ""type"": ""present"", ""passed"": false, ""category"": ""old_scans""}, {""id"": ""26_350035"", ""type"": ""order"", ""passed"": false, ""category"": ""old_scans""}, {""id"": ""26_893794"", ""type"": ""absent"", ""passed"": true, ""category"": ""old_scans""}, {""id"": ""26_815635"", ""type"": ""present"", ""passed"": false, ""category"": ""old_scans""}, {""id"": ""auto_baseline"", ""type"": ""baseline"", ""passed"": true, ""category"": ""baseline""}]",,
paddleocr-vl,docs,old_scans__52,3.717227854888885,144.0,False,,,,,,,,,,,,False,,old_scans,4.0,1.0,"[{""id"": ""52_591542"", ""type"": ""present"", ""passed"": false, ""category"": ""old_scans""}, {""id"": ""52_323921"", ""type"": ""present"", ""passed"": false, ""category"": ""old_scans""}, {""id"": ""52_987017"", ""type"": ""present"", ""passed"": false, ""category"": ""old_scans""}, {""id"": ""auto_baseline"", ""type"": ""baseline"", ""passed"": true, ""category"": ""baseline""}]",,
paddleocr-vl,docs,old_scans__55,3.717227854888885,253.0,False,,,,,,,,,,,,False,,old_scans,4.0,1.0,"[{""id"": ""55_930782"", ""type"": ""present"", ""passed"": false, ""category"": ""old_scans""}, {""id"": ""55_150814"", ""type"": ""present"", ""passed"": false, ""category"": ""old_scans""}, {""id"": ""55_287312"", ""type"": ""present"", ""passed"": false, ""category"": ""old_scans""}, {""id"": ""auto_baseline"", ""type"": ""baseline"", ""passed"": true, ""category"": ""baseline""}]",,
paddleocr-vl,docs,old_scans__58,3.717227854888885,980.0,False,,,,,,,,,,,,False,,old_scans,7.0,5.0,"[{""id"": ""58_984036"", ""type"": ""present"", ""passed"": false, ""category"": ""old_scans""}, {""id"": ""58_575492"", ""type"": ""order"", ""passed"": false, ""category"": ""old_scans""}, {""id"": ""58_801952"", ""type"": ""absent"", ""passed"": true, ""category"": ""old_scans""}, {""id"": ""58_775388"", ""type"": ""present"", ""passed"": true, ""category"": ""old_scans""}, {""id"": ""58_733378"", ""type"": ""present"", ""passed"": true, ""category"": ""old_scans""}, {""id"": ""58_220922"", ""type"": ""order"", ""passed"": true, ""category"": ""old_scans""}, {""id"": ""auto_baseline"", ""type"": ""baseline"", ""passed"": true, ""category"": ""baseline""}]",,
paddleocr-vl,docs,old_scans__82,3.717227854888885,495.0,False,,,,,,,,,,,,False,,old_scans,7.0,1.0,"[{""id"": ""82_617314"", ""type"": ""present"", ""passed"": false, ""category"": ""old_scans""}, {""id"": ""82_781476"", ""type"": ""order"", ""passed"": false, ""category"": ""old_scans""}, {""id"": ""82_578532"", ""type"": ""present"", ""passed"": false, ""category"": ""old_scans""}, {""id"": ""82_73918"", ""type"": ""present"", ""passed"": false, ""category"": ""old_scans""}, {""id"": ""82_794309"", ""type"": ""present"", ""passed"": false, ""category"": ""old_scans""}, {""id"": ""82_338838"", ""type"": ""order"", ""passed"": false, ""category"": ""old_scans""}, {""id"": ""auto_baseline"", ""type"": ""baseline"", ""passed"": true, ""category"": ""baseline""}]",,
paddleocr-vl,docs,old_scans__85,3.717227854888885,426.0,False,,,,,,,,,,,,False,,old_scans,7.0,2.0,"[{""id"": ""85_204851"", ""type"": ""present"", ""passed"": false, ""category"": ""old_scans""}, {""id"": ""85_81849"", ""type"": ""order"", ""passed"": false, ""category"": ""old_scans""}, {""id"": ""85_633939"", ""type"": ""present"", ""passed"": true, ""category"": ""old_scans""}, {""id"": ""85_81262"", ""type"": ""present"", ""passed"": false, ""category"": ""old_scans""}, {""id"": ""85_718011"", ""type"": ""present"", ""passed"": false, ""category"": ""old_scans""}, {""id"": ""85_913682"", ""type"": ""order"", ""passed"": false, ""category"": ""old_scans""}, {""id"": ""auto_baseline"", ""type"": ""baseline"", ""passed"": true, ""category"": ""baseline""}]",,
paddleocr-vl,docs,old_scans__96,3.717227854888885,244.0,False,,,,,,,,,,,,False,,old_scans,8.0,2.0,"[{""id"": ""96_686856"", ""type"": ""present"", ""passed"": false, ""category"": ""old_scans""}, {""id"": ""96_324569"", ""type"": ""order"", ""passed"": false, ""category"": ""old_scans""}, {""id"": ""96_489434"", ""type"": ""present"", ""passed"": false, ""category"": ""old_scans""}, {""id"": ""96_341535"", ""type"": ""present"", ""passed"": true, ""category"": ""old_scans""}, {""id"": ""96_984146"", ""type"": ""present"", ""passed"": false, ""category"": ""old_scans""}, {""id"": ""96_798387"", ""type"": ""order"", ""passed"": false, ""category"": ""old_scans""}, {""id"": ""96_991188"", ""type"": ""order"", ""passed"": false, ""category"": ""old_scans""}, {""id"": ""auto_baseline"", ""type"": ""baseline"", ""passed"": true, ""category"": ""baseline""}]",,
paddleocr-vl,docs,tables__2d54e996d1247bd36695d872863eefebd8f8_pg4,3.717227854888885,6144.0,False,,,,,,,,,,,,False,,table_tests,5.0,1.0,"[{""id"": ""2d54e996d1247bd36695d872863eefebd8f8_pg4_table_00"", ""type"": ""table"", ""passed"": false, ""category"": ""table_tests""}, {""id"": ""2d54e996d1247bd36695d872863eefebd8f8_pg4_table_01"", ""type"": ""table"", ""passed"": false, ""category"": ""table_tests""}, {""id"": ""2d54e996d1247bd36695d872863eefebd8f8_pg4_table_02"", ""type"": ""table"", ""passed"": false, ""category"": ""table_tests""}, {""id"": ""2d54e996d1247bd36695d872863eefebd8f8_pg4_table_03"", ""type"": ""table"", ""passed"": false, ""category"": ""table_tests""}, {""id"": ""auto_baseline"", ""type"": ""baseline"", ""passed"": true, ""category"": ""baseline""}]",,
paddleocr-vl,docs,tables__2d932ac96ad0d8ccf81a56bd105fa18fdcbb_pg7,3.717227854888885,535.0,False,,,,,,,,,,,,False,,table_tests,2.0,1.0,"[{""id"": ""2d932ac96ad0d8ccf81a56bd105fa18fdcbb_pg7_table_00"", ""type"": ""table"", ""passed"": false, ""category"": ""table_tests""}, {""id"": ""auto_baseline"", ""type"": ""baseline"", ""passed"": true, ""category"": ""baseline""}]",,
paddleocr-vl,docs,tables__4fafd7de9caa1cf3c0fad313d7bb24b2e685_pg9,3.717227854888885,800.0,False,,,,,,,,,,,,False,,table_tests,5.0,1.0,"[{""id"": ""4fafd7de9caa1cf3c0fad313d7bb24b2e685_pg9_table_00"", ""type"": ""table"", ""passed"": false, ""category"": ""table_tests""}, {""id"": ""4fafd7de9caa1cf3c0fad313d7bb24b2e685_pg9_table_01"", ""type"": ""table"", ""passed"": false, ""category"": ""table_tests""}, {""id"": ""4fafd7de9caa1cf3c0fad313d7bb24b2e685_pg9_table_02"", ""type"": ""table"", ""passed"": false, ""category"": ""table_tests""}, {""id"": ""4fafd7de9caa1cf3c0fad313d7bb24b2e685_pg9_table_03"", ""type"": ""table"", ""passed"": false, ""category"": ""table_tests""}, {""id"": ""auto_baseline"", ""type"": ""baseline"", ""passed"": true, ""category"": ""baseline""}]",,
paddleocr-vl,docs,tables__529eeb84602e4fba7df7a4b127af6c830f97_pg12,3.717227854888885,439.0,False,,,,,,,,,,,,False,,table_tests,4.0,1.0,"[{""id"": ""529eeb84602e4fba7df7a4b127af6c830f97_pg12_table_00"", ""type"": ""table"", ""passed"": false, ""category"": ""table_tests""}, {""id"": ""529eeb84602e4fba7df7a4b127af6c830f97_pg12_table_01"", ""type"": ""table"", ""passed"": false, ""category"": ""table_tests""}, {""id"": ""529eeb84602e4fba7df7a4b127af6c830f97_pg12_table_04"", ""type"": ""table"", ""passed"": false, ""category"": ""table_tests""}, {""id"": ""auto_baseline"", ""type"": ""baseline"", ""passed"": true, ""category"": ""baseline""}]",,
paddleocr-vl,docs,tables__a70c1fc81feccfd878dabffd3dc5617b584c_pg5,3.717227854888885,837.0,False,,,,,,,,,,,,False,,table_tests,6.0,1.0,"[{""id"": ""a70c1fc81feccfd878dabffd3dc5617b584c_pg5_table_00"", ""type"": ""table"", ""passed"": false, ""category"": ""table_tests""}, {""id"": ""a70c1fc81feccfd878dabffd3dc5617b584c_pg5_table_01"", ""type"": ""table"", ""passed"": false, ""category"": ""table_tests""}, {""id"": ""a70c1fc81feccfd878dabffd3dc5617b584c_pg5_table_02"", ""type"": ""table"", ""passed"": false, ""category"": ""table_tests""}, {""id"": ""a70c1fc81feccfd878dabffd3dc5617b584c_pg5_table_03"", ""type"": ""table"", ""passed"": false, ""category"": ""table_tests""}, {""id"": ""a70c1fc81feccfd878dabffd3dc5617b584c_pg5_table_04"", ""type"": ""table"", ""passed"": false, ""category"": ""table_tests""}, {""id"": ""auto_baseline"", ""type"": ""baseline"", ""passed"": true, ""category"": ""baseline""}]",,
paddleocr-vl,docs,tables__b2a4c508f7839c1fbd2bb29a0d56c46bc00e_pg13_pg1,3.717227854888885,1373.0,False,,,,,,,,,,,,False,,table_tests,11.0,1.0,"[{""id"": ""b2a4c508f7839c1fbd2bb29a0d56c46bc00e_pg13_table_00"", ""type"": ""table"", ""passed"": false, ""category"": ""table_tests""}, {""id"": ""b2a4c508f7839c1fbd2bb29a0d56c46bc00e_pg13_table_01"", ""type"": ""table"", ""passed"": false, ""category"": ""table_tests""}, {""id"": ""b2a4c508f7839c1fbd2bb29a0d56c46bc00e_pg13_table_02"", ""type"": ""table"", ""passed"": false, ""category"": ""table_tests""}, {""id"": ""b2a4c508f7839c1fbd2bb29a0d56c46bc00e_pg13_table_03"", ""type"": ""table"", ""passed"": false, ""category"": ""table_tests""}, {""id"": ""b2a4c508f7839c1fbd2bb29a0d56c46bc00e_pg13_table_04"", ""type"": ""table"", ""passed"": false, ""category"": ""table_tests""}, {""id"": ""b2a4c508f7839c1fbd2bb29a0d56c46bc00e_pg13_table_05"", ""type"": ""table"", ""passed"": false, ""category"": ""table_tests""}, {""id"": ""b2a4c508f7839c1fbd2bb29a0d56c46bc00e_pg13_table_06"", ""type"": ""table"", ""passed"": false, ""category"": ""table_tests""}, {""id"": ""b2a4c508f7839c1fbd2bb29a0d56c46bc00e_pg13_table_07"", ""type"": ""table"", ""passed"": false, ""category"": ""table_tests""}, {""id"": ""b2a4c508f7839c1fbd2bb29a0d56c46bc00e_pg13_table_08"", ""type"": ""table"", ""passed"": false, ""category"": ""table_tests""}, {""id"": ""b2a4c508f7839c1fbd2bb29a0d56c46bc00e_pg13_table_09"", ""type"": ""table"", ""passed"": false, ""category"": ""table_tests""}, {""id"": ""auto_baseline"", ""type"": ""baseline"", ""passed"": true, ""category"": ""baseline""}]",,
paddleocr-vl,docs,tables__b45c138c634308a84b8b2e67997bef8aa70b_pg15,3.717227854888885,1094.0,False,,,,,,,,,,,,False,,table_tests,6.0,1.0,"[{""id"": ""b45c138c634308a84b8b2e67997bef8aa70b_pg15_table_00"", ""type"": ""table"", ""passed"": false, ""category"": ""table_tests""}, {""id"": ""b45c138c634308a84b8b2e67997bef8aa70b_pg15_table_01"", ""type"": ""table"", ""passed"": false, ""category"": ""table_tests""}, {""id"": ""b45c138c634308a84b8b2e67997bef8aa70b_pg15_table_02"", ""type"": ""table"", ""passed"": false, ""category"": ""table_tests""}, {""id"": ""b45c138c634308a84b8b2e67997bef8aa70b_pg15_table_03"", ""type"": ""table"", ""passed"": false, ""category"": ""table_tests""}, {""id"": ""b45c138c634308a84b8b2e67997bef8aa70b_pg15_table_04"", ""type"": ""table"", ""passed"": false, ""category"": ""table_tests""}, {""id"": ""auto_baseline"", ""type"": ""baseline"", ""passed"": true, ""category"": ""baseline""}]",,
paddleocr-vl,docs,tables__b5d9db350b31304da912832bcbafc47b64d8_pg2_pg1,3.717227854888885,1749.0,False,,,,,,,,,,,,False,,table_tests,6.0,1.0,"[{""id"": ""b5d9db350b31304da912832bcbafc47b64d8_pg2_table_00"", ""type"": ""table"", ""passed"": false, ""category"": ""table_tests""}, {""id"": ""b5d9db350b31304da912832bcbafc47b64d8_pg2_table_01"", ""type"": ""table"", ""passed"": false, ""category"": ""table_tests""}, {""id"": ""b5d9db350b31304da912832bcbafc47b64d8_pg2_table_02"", ""type"": ""table"", ""passed"": false, ""category"": ""table_tests""}, {""id"": ""b5d9db350b31304da912832bcbafc47b64d8_pg2_table_03"", ""type"": ""table"", ""passed"": false, ""category"": ""table_tests""}, {""id"": ""b5d9db350b31304da912832bcbafc47b64d8_pg2_table_04"", ""type"": ""table"", ""passed"": false, ""category"": ""table_tests""}, {""id"": ""auto_baseline"", ""type"": ""baseline"", ""passed"": true, ""category"": ""baseline""}]",,
paddleocr-vl,docs,tables__b773892dc3e755672b9e085e9eeb8ad18690_pg1_pg1,3.717227854888885,441.0,False,,,,,,,,,,,,False,,table_tests,6.0,1.0,"[{""id"": ""b773892dc3e755672b9e085e9eeb8ad18690_pg1_table_00"", ""type"": ""table"", ""passed"": false, ""category"": ""table_tests""}, {""id"": ""b773892dc3e755672b9e085e9eeb8ad18690_pg1_table_01"", ""type"": ""table"", ""passed"": false, ""category"": ""table_tests""}, {""id"": ""b773892dc3e755672b9e085e9eeb8ad18690_pg1_table_02"", ""type"": ""table"", ""passed"": false, ""category"": ""table_tests""}, {""id"": ""b773892dc3e755672b9e085e9eeb8ad18690_pg1_table_03"", ""type"": ""table"", ""passed"": false, ""category"": ""table_tests""}, {""id"": ""b773892dc3e755672b9e085e9eeb8ad18690_pg1_table_04"", ""type"": ""table"", ""passed"": false, ""category"": ""table_tests""}, {""id"": ""auto_baseline"", ""type"": ""baseline"", ""passed"": true, ""category"": ""baseline""}]",,
paddleocr-vl,docs,tables__fd6cb6dfe3a918390855052669d9a194231a_pg3,3.717227854888885,1174.0,False,,,,,,,,,,,,False,,table_tests,6.0,1.0,"[{""id"": ""fd6cb6dfe3a918390855052669d9a194231a_pg3_table_00"", ""type"": ""table"", ""passed"": false, ""category"": ""table_tests""}, {""id"": ""fd6cb6dfe3a918390855052669d9a194231a_pg3_table_01"", ""type"": ""table"", ""passed"": false, ""category"": ""table_tests""}, {""id"": ""fd6cb6dfe3a918390855052669d9a194231a_pg3_table_02"", ""type"": ""table"", ""passed"": false, ""category"": ""table_tests""}, {""id"": ""fd6cb6dfe3a918390855052669d9a194231a_pg3_table_03"", ""type"": ""table"", ""passed"": false, ""category"": ""table_tests""}, {""id"": ""fd6cb6dfe3a918390855052669d9a194231a_pg3_table_04"", ""type"": ""table"", ""passed"": false, ""category"": ""table_tests""}, {""id"": ""auto_baseline"", ""type"": ""baseline"", ""passed"": true, ""category"": ""baseline""}]",,
paddleocr-vl,handwriting,iam_00023,0.15218429665623034,10.0,False,,,0.0,0.0,0.0,0.0,40.0,1.0,1.0,0.0,1.0,False,False,,,,,,
paddleocr-vl,handwriting,iam_00030,0.15218429665623034,16.0,False,,,0.10909090909090909,0.10909090909090909,0.25,6.0,55.0,0.75,0.75,0.25,1.018181818181818,False,False,,,,,,
paddleocr-vl,handwriting,iam_00059,0.15218429665623034,9.0,False,,,0.0,0.0,0.0,0.0,43.0,1.0,1.0,0.0,1.0,False,False,,,,,,
paddleocr-vl,handwriting,iam_00064,0.15218429665623034,13.0,False,,,0.014084507042253521,0.014084507042253521,0.08333333333333333,1.0,71.0,0.9166666666666666,0.9166666666666666,0.08333333333333333,0.9859154929577465,False,False,,,,,,
paddleocr-vl,handwriting,iam_00071,0.15218429665623034,9.0,False,,,0.0,0.0,0.0,0.0,39.0,1.0,1.0,0.0,1.0,False,False,,,,,,
paddleocr-vl,handwriting,iam_00079,0.15218429665623034,9.0,False,,,0.0,0.0,0.0,0.0,43.0,1.0,1.0,0.0,1.0,False,False,,,,,,
paddleocr-vl,handwriting,iam_00126,0.15218429665623034,13.0,False,,,0.02040816326530612,0.02040816326530612,0.09090909090909091,1.0,49.0,0.9090909090909091,0.9090909090909091,0.09090909090909091,1.0,False,False,,,,,,
paddleocr-vl,handwriting,iam_00143,0.15218429665623034,10.0,False,,,0.23076923076923078,0.23076923076923078,0.42857142857142855,9.0,39.0,0.5714285714285714,0.5714285714285714,0.42857142857142855,1.0256410256410255,False,False,,,,,,
paddleocr-vl,handwriting,iam_00188,0.15218429665623034,15.0,False,,,0.1111111111111111,0.1111111111111111,0.42857142857142855,5.0,45.0,0.625,0.625,0.375,0.9777777777777777,False,False,,,,,,
paddleocr-vl,handwriting,iam_00258,0.15218429665623034,15.0,False,,,0.0,0.0,0.0,0.0,52.0,1.0,1.0,0.0,1.0,False,False,,,,,,
paddleocr-vl,handwriting,iam_00264,0.15218429665623034,19.0,False,,,0.01694915254237288,0.01694915254237288,0.09090909090909091,1.0,59.0,0.9,0.9,0.1,1.0,False,False,,,,,,
paddleocr-vl,handwriting,iam_00280,0.15218429665623034,16.0,False,,,0.32558139534883723,0.32558139534883723,0.8,14.0,43.0,0.16666666666666666,0.2,0.8,0.8372093023255814,False,False,,,,,,
paddleocr-vl,handwriting,iam_00289,0.15218429665623034,17.0,False,,,0.03333333333333333,0.03333333333333333,0.16666666666666666,2.0,60.0,1.0,1.0,0.0,1.0,False,False,,,,,,
paddleocr-vl,handwriting,iam_00343,0.15218429665623034,10.0,False,,,0.0196078431372549,0.0196078431372549,0.14285714285714285,1.0,51.0,0.8571428571428571,0.8571428571428571,0.14285714285714285,1.0,False,False,,,,,,
paddleocr-vl,handwriting,iam_00364,0.15218429665623034,8.0,False,,,0.0,0.0,0.0,0.0,36.0,1.0,1.0,0.0,1.0,False,False,,,,,,
paddleocr-vl,handwriting,iam_00371,0.15218429665623034,10.0,False,,,0.045454545454545456,0.045454545454545456,0.125,2.0,44.0,0.875,0.875,0.125,1.0227272727272727,False,False,,,,,,
paddleocr-vl,handwriting,iam_00373,0.15218429665623034,6.0,False,,,0.0,0.0,0.0,0.0,32.0,1.0,1.0,0.0,1.0,False,False,,,,,,
paddleocr-vl,handwriting,iam_00403,0.15218429665623034,8.0,False,,,0.027777777777777776,0.027777777777777776,0.16666666666666666,1.0,36.0,0.8333333333333334,0.8333333333333334,0.16666666666666666,1.0,False,False,,,,,,
paddleocr-vl,handwriting,iam_00468,0.15218429665623034,8.0,False,,,0.0,0.0,0.0,0.0,37.0,1.0,1.0,0.0,1.0,False,False,,,,,,
paddleocr-vl,handwriting,iam_00478,0.15218429665623034,7.0,False,,,0.0,0.0,0.0,0.0,29.0,1.0,1.0,0.0,1.0,False,False,,,,,,
paddleocr-vl,handwriting,iam_00588,0.15218429665623034,10.0,False,,,0.0425531914893617,0.0425531914893617,0.125,2.0,47.0,0.875,0.875,0.125,1.0,False,False,,,,,,
paddleocr-vl,handwriting,iam_00608,0.15218429665623034,11.0,False,,,0.038461538461538464,0.038461538461538464,0.1111111111111111,2.0,52.0,1.0,1.0,0.0,0.9615384615384616,False,False,,,,,,
paddleocr-vl,handwriting,iam_00749,0.15218429665623034,4.0,False,,,0.0,0.0,0.0,0.0,12.0,1.0,1.0,0.0,1.0,False,False,,,,,,
paddleocr-vl,handwriting,iam_00819,0.15218429665623034,8.0,False,,,0.023255813953488372,0.023255813953488372,0.14285714285714285,1.0,43.0,0.8571428571428571,0.8571428571428571,0.14285714285714285,1.0,False,False,,,,,,
paddleocr-vl,handwriting,iam_00969,0.15218429665623034,10.0,False,,,0.0,0.0,0.0,0.0,40.0,1.0,1.0,0.0,1.0,False,False,,,,,,
paddleocr-vl,handwriting,iam_01020,0.15218429665623034,10.0,False,,,0.0,0.0,0.0,0.0,35.0,1.0,1.0,0.0,1.0,False,False,,,,,,
paddleocr-vl,handwriting,iam_01023,0.15218429665623034,11.0,False,,,0.0425531914893617,0.0425531914893617,0.14285714285714285,2.0,47.0,0.8571428571428571,0.8571428571428571,0.14285714285714285,1.0212765957446808,False,False,,,,,,
paddleocr-vl,handwriting,iam_01091,0.15218429665623034,16.0,False,,,0.0,0.0,0.0,0.0,51.0,1.0,1.0,0.0,1.0,False,False,,,,,,
paddleocr-vl,handwriting,iam_01104,0.15218429665623034,7.0,False,,,0.0,0.0,0.0,0.0,31.0,1.0,1.0,0.0,1.0,False,False,,,,,,
paddleocr-vl,handwriting,iam_01238,0.15218429665623034,10.0,False,,,0.025,0.025,0.16666666666666666,1.0,40.0,0.8333333333333334,0.8333333333333334,0.16666666666666666,1.0,False,False,,,,,,
paddleocr-vl,handwriting,iam_01366,0.15218429665623034,12.0,False,,,0.02127659574468085,0.02127659574468085,0.1111111111111111,1.0,47.0,1.0,1.0,0.0,1.0,False,False,,,,,,
paddleocr-vl,handwriting,iam_01417,0.15218429665623034,16.0,False,,,0.0,0.0,0.0,0.0,53.0,1.0,1.0,0.0,1.0,False,False,,,,,,
paddleocr-vl,handwriting,iam_01452,0.119529814178577,13.0,False,,,0.058823529411764705,0.058823529411764705,0.25,3.0,51.0,0.875,0.875,0.125,1.0,False,False,,,,,,
paddleocr-vl,handwriting,iam_01455,0.119529814178577,2.0,False,,,0.2,0.2,1.0,1.0,5.0,1.0,1.0,0.0,0.8,False,False,,,,,,
paddleocr-vl,handwriting,iam_01805,0.119529814178577,9.0,False,,,0.0,0.0,0.0,0.0,38.0,1.0,1.0,0.0,1.0,False,False,,,,,,
paddleocr-vl,handwriting,iam_01857,0.119529814178577,12.0,False,,,0.08108108108108109,0.08108108108108109,0.42857142857142855,3.0,37.0,0.5714285714285714,0.6666666666666666,0.3333333333333333,0.972972972972973,False,False,,,,,,
paddleocr-vl,handwriting,iam_01898,0.119529814178577,13.0,False,,,0.1,0.1,0.3,5.0,50.0,0.9,0.9,0.1,0.94,False,False,,,,,,
paddleocr-vl,handwriting,iam_01908,0.119529814178577,14.0,False,,,0.0,0.0,0.0,0.0,53.0,1.0,1.0,0.0,1.0,False,False,,,,,,
paddleocr-vl,handwriting,iam_01970,0.119529814178577,10.0,False,,,0.05,0.05,0.125,2.0,40.0,1.0,1.0,0.0,0.95,False,False,,,,,,
paddleocr-vl,handwriting,iam_01983,0.119529814178577,12.0,False,,,0.043478260869565216,0.043478260869565216,0.3,2.0,46.0,1.0,1.0,0.0,0.9782608695652174,False,False,,,,,,
paddleocr-vl,handwriting,iam_01993,0.119529814178577,10.0,False,,,0.0,0.0,0.0,0.0,46.0,1.0,1.0,0.0,1.0,False,False,,,,,,
paddleocr-vl,handwriting,iam_02060,0.119529814178577,14.0,False,,,0.10204081632653061,0.10204081632653061,0.2222222222222222,5.0,49.0,0.7777777777777778,0.7777777777777778,0.2222222222222222,0.9795918367346939,False,False,,,,,,
paddleocr-vl,handwriting,iam_02081,0.119529814178577,14.0,False,,,0.022222222222222223,0.022222222222222223,0.2,1.0,45.0,1.0,1.0,0.0,0.9777777777777777,False,False,,,,,,
paddleocr-vl,handwriting,iam_02109,0.119529814178577,13.0,False,,,0.0,0.0,0.0,0.0,43.0,1.0,1.0,0.0,1.0,False,False,,,,,,
paddleocr-vl,handwriting,iam_02171,0.119529814178577,9.0,False,,,0.0,0.0,0.0,0.0,40.0,1.0,1.0,0.0,1.0,False,False,,,,,,
paddleocr-vl,handwriting,iam_02216,0.119529814178577,13.0,False,,,0.0975609756097561,0.0975609756097561,0.42857142857142855,4.0,41.0,0.5714285714285714,0.5714285714285714,0.42857142857142855,0.975609756097561,False,False,,,,,,
paddleocr-vl,handwriting,iam_02279,0.119529814178577,15.0,False,,,0.10204081632653061,0.10204081632653061,0.2,5.0,49.0,0.8181818181818182,0.8181818181818182,0.18181818181818182,1.0408163265306123,False,False,,,,,,
paddleocr-vl,handwriting,iam_02371,0.119529814178577,6.0,False,,,0.13636363636363635,0.13636363636363635,0.4,3.0,22.0,1.0,1.0,0.0,0.9090909090909091,False,False,,,,,,
paddleocr-vl,handwriting,iam_02384,0.119529814178577,12.0,False,,,0.10256410256410256,0.10256410256410256,0.2,4.0,39.0,0.9,0.9,0.1,0.9743589743589743,False,False,,,,,,
paddleocr-vl,handwriting,iam_02463,0.119529814178577,13.0,False,,,0.0,0.0,0.0,0.0,40.0,1.0,1.0,0.0,1.0,False,False,,,,,,
paddleocr-vl,handwriting,iam_02522,0.119529814178577,13.0,False,,,0.12244897959183673,0.12244897959183673,0.5714285714285714,6.0,49.0,0.875,0.875,0.125,0.9591836734693877,False,False,,,,,,
paddleocr-vl,handwriting,iam_02552,0.119529814178577,14.0,False,,,0.0,0.0,0.0,0.0,41.0,1.0,1.0,0.0,1.0,False,False,,,,,,
paddleocr-vl,handwriting,iam_02640,0.119529814178577,14.0,False,,,0.0,0.0,0.0,0.0,49.0,1.0,1.0,0.0,1.0,False,False,,,,,,
paddleocr-vl,handwriting,iam_02655,0.119529814178577,20.0,False,,,0.0392156862745098,0.0392156862745098,0.3,2.0,51.0,1.0,1.0,0.0,1.0,False,False,,,,,,
paddleocr-vl,handwriting,iam_02684,0.119529814178577,16.0,False,,,0.0,0.0,0.0,0.0,57.0,1.0,1.0,0.0,1.0,False,False,,,,,,
paddleocr-vl,handwriting,iam_02725,0.119529814178577,13.0,False,,,0.017543859649122806,0.017543859649122806,0.1,1.0,57.0,0.9090909090909091,0.9090909090909091,0.09090909090909091,1.0,False,False,,,,,,
paddleocr-vl,handwriting,iam_02733,0.119529814178577,9.0,False,,,0.0,0.0,0.0,0.0,39.0,1.0,1.0,0.0,1.0,False,False,,,,,,
paddleocr-vl,handwriting,iam_02750,0.119529814178577,11.0,False,,,0.0,0.0,0.0,0.0,40.0,1.0,1.0,0.0,1.0,False,False,,,,,,
paddleocr-vl,handwriting,iam_02765,0.119529814178577,14.0,False,,,0.05263157894736842,0.05263157894736842,0.25,2.0,38.0,1.0,1.0,0.0,0.9473684210526315,False,False,,,,,,
paddleocr-vl,handwriting,iam_02838,0.119529814178577,8.0,False,,,0.07407407407407407,0.07407407407407407,0.3333333333333333,2.0,27.0,0.6666666666666666,0.6666666666666666,0.3333333333333333,1.037037037037037,False,False,,,,,,
paddleocr-vl,stress,syn000_prose__clean,1.2334638917812413,539.0,False,,,0.0,0.0,0.0,0.0,2182.0,1.0,1.0,0.0,1.0,False,False,,,,,prose,clean
paddleocr-vl,stress,syn000_prose__dpi150,1.2334638917812413,539.0,False,,,0.0,0.0,0.0,0.0,2182.0,1.0,1.0,0.0,1.0,False,False,,,,,prose,dpi150
paddleocr-vl,stress,syn000_prose__dpi75,1.2334638917812413,539.0,False,,,0.0036613272311212816,0.0,0.0,0.0,2182.0,1.0,1.0,0.0,1.0,False,False,,,,,prose,dpi75
paddleocr-vl,stress,syn000_prose__blur,1.2334638917812413,539.0,False,,,0.0036613272311212816,0.0,0.0,0.0,2182.0,1.0,1.0,0.0,1.0,False,False,,,,,prose,blur
paddleocr-vl,stress,syn000_prose__noise,1.2334638917812413,539.0,False,,,0.0,0.0,0.0,0.0,2182.0,1.0,1.0,0.0,1.0,False,False,,,,,prose,noise
paddleocr-vl,stress,syn000_prose__rotate3,1.2334638917812413,539.0,False,,,0.0,0.0,0.0,0.0,2182.0,1.0,1.0,0.0,1.0,False,False,,,,,prose,rotate3
paddleocr-vl,stress,syn000_prose__rotate8,1.2334638917812413,538.0,False,,,0.0009153318077803204,0.0009165902841429881,0.002570694087403599,2.0,2182.0,0.9949622166246851,0.9949622166246851,0.005037783375314861,1.0,False,False,,,,,prose,rotate8
paddleocr-vl,stress,syn000_prose__jpeg_q10,1.2334638917812413,539.0,False,,,0.0,0.0,0.0,0.0,2182.0,1.0,1.0,0.0,1.0,False,False,,,,,prose,jpeg_q10
paddleocr-vl,stress,syn000_prose__low_contrast,1.2334638917812413,539.0,False,,,0.0,0.0,0.0,0.0,2182.0,1.0,1.0,0.0,1.0,False,False,,,,,prose,low_contrast
paddleocr-vl,stress,syn000_prose__photocopy,1.2334638917812413,539.0,False,,,0.0,0.0,0.0,0.0,2182.0,1.0,1.0,0.0,1.0,False,False,,,,,prose,photocopy
paddleocr-vl,stress,syn000_prose__phone_photo,1.2334638917812413,540.0,False,,,0.002288329519450801,0.00045829514207149406,0.002570694087403599,1.0,2182.0,0.9974811083123426,0.9974811083123426,0.0025188916876574307,1.0004582951420715,False,False,,,,,prose,phone_photo
paddleocr-vl,stress,syn001_two_column__clean,1.2334638917812413,457.0,False,,,0.0,0.0,0.0,0.0,2056.0,1.0,1.0,0.0,1.0,False,False,,,,,two_column,clean
paddleocr-vl,stress,syn001_two_column__dpi150,1.2334638917812413,457.0,False,,,0.0,0.0,0.0,0.0,2056.0,1.0,1.0,0.0,1.0,False,False,,,,,two_column,dpi150
paddleocr-vl,stress,syn001_two_column__dpi75,1.2334638917812413,457.0,False,,,0.0024319066147859923,0.0,0.0,0.0,2056.0,1.0,1.0,0.0,1.0,False,False,,,,,two_column,dpi75
paddleocr-vl,stress,syn001_two_column__blur,1.2334638917812413,457.0,False,,,0.0024319066147859923,0.0,0.0,0.0,2056.0,1.0,1.0,0.0,1.0,False,False,,,,,two_column,blur
paddleocr-vl,stress,syn001_two_column__noise,1.2334638917812413,457.0,False,,,0.0024319066147859923,0.0,0.0,0.0,2056.0,1.0,1.0,0.0,1.0,False,False,,,,,two_column,noise
paddleocr-vl,stress,syn001_two_column__rotate3,1.2334638917812413,457.0,False,,,0.0024319066147859923,0.0,0.0,0.0,2056.0,1.0,1.0,0.0,1.0,False,False,,,,,two_column,rotate3
paddleocr-vl,stress,syn001_two_column__rotate8,1.2334638917812413,457.0,False,,,0.0024319066147859923,0.0,0.0,0.0,2056.0,1.0,1.0,0.0,1.0,False,False,,,,,two_column,rotate8
paddleocr-vl,stress,syn001_two_column__jpeg_q10,1.2334638917812413,457.0,False,,,0.0,0.0,0.0,0.0,2056.0,1.0,1.0,0.0,1.0,False,False,,,,,two_column,jpeg_q10
paddleocr-vl,stress,syn001_two_column__low_contrast,1.2334638917812413,457.0,False,,,0.0024319066147859923,0.0,0.0,0.0,2056.0,1.0,1.0,0.0,1.0,False,False,,,,,two_column,low_contrast
paddleocr-vl,stress,syn001_two_column__photocopy,1.2334638917812413,457.0,False,,,0.0024319066147859923,0.0,0.0,0.0,2056.0,1.0,1.0,0.0,1.0,False,False,,,,,two_column,photocopy
paddleocr-vl,stress,syn001_two_column__phone_photo,1.2334638917812413,457.0,False,,,0.0024319066147859923,0.0,0.0,0.0,2056.0,1.0,1.0,0.0,1.0,False,False,,,,,two_column,phone_photo
paddleocr-vl,stress,syn002_table__clean,1.2334638917812413,261.0,False,,,0.0,0.0,0.0,0.0,426.0,1.0,1.0,0.0,1.0,False,False,,,,,table,clean
paddleocr-vl,stress,syn002_table__dpi150,1.2334638917812413,262.0,False,,,0.0,0.0,0.0,0.0,426.0,1.0,1.0,0.0,1.0,False,False,,,,,table,dpi150
paddleocr-vl,stress,syn002_table__dpi75,1.2334638917812413,258.0,False,,,0.0,0.0,0.0,0.0,426.0,1.0,1.0,0.0,1.0,False,False,,,,,table,dpi75
paddleocr-vl,stress,syn002_table__blur,1.2334638917812413,259.0,False,,,0.0,0.0,0.0,0.0,426.0,1.0,1.0,0.0,1.0,False,False,,,,,table,blur
paddleocr-vl,stress,syn002_table__noise,1.2334638917812413,261.0,False,,,0.0,0.0,0.0,0.0,426.0,1.0,1.0,0.0,1.0,False,False,,,,,table,noise
paddleocr-vl,stress,syn002_table__rotate3,1.2334638917812413,246.0,False,,,0.023474178403755867,0.023474178403755867,0.015384615384615385,10.0,426.0,0.9666666666666667,1.0,0.0,0.9765258215962441,False,False,,,,,table,rotate3
paddleocr-vl,stress,syn002_table__rotate8,1.2334638917812413,246.0,False,,,0.023474178403755867,0.023474178403755867,0.015384615384615385,10.0,426.0,0.9666666666666667,1.0,0.0,0.9765258215962441,False,False,,,,,table,rotate8
paddleocr-vl,stress,syn002_table__jpeg_q10,1.2334638917812413,258.0,False,,,0.0,0.0,0.0,0.0,426.0,1.0,1.0,0.0,1.0,False,False,,,,,table,jpeg_q10
paddleocr-vl,stress,syn002_table__low_contrast,1.2334638917812413,258.0,False,,,0.0,0.0,0.0,0.0,426.0,1.0,1.0,0.0,1.0,False,False,,,,,table,low_contrast
paddleocr-vl,stress,syn002_table__photocopy,1.2334638917812413,258.0,False,,,0.0,0.0,0.0,0.0,426.0,1.0,1.0,0.0,1.0,False,False,,,,,table,photocopy
paddleocr-vl,stress,syn002_table__phone_photo,1.2436650892174008,260.0,False,,,0.0,0.0,0.0,0.0,426.0,1.0,1.0,0.0,1.0,False,False,,,,,table,phone_photo
paddleocr-vl,stress,syn003_invoice__clean,1.2436650892174008,285.0,False,,,0.0,0.0,0.0,0.0,463.0,1.0,1.0,0.0,1.0,False,False,,,,,invoice,clean
paddleocr-vl,stress,syn003_invoice__dpi150,1.2436650892174008,285.0,False,,,0.0,0.0,0.0,0.0,463.0,1.0,1.0,0.0,1.0,False,False,,,,,invoice,dpi150
paddleocr-vl,stress,syn003_invoice__dpi75,1.2436650892174008,286.0,False,,,0.0,0.0,0.0,0.0,463.0,1.0,1.0,0.0,1.0,False,False,,,,,invoice,dpi75
paddleocr-vl,stress,syn003_invoice__blur,1.2436650892174008,275.0,False,,,0.0,0.0,0.0,0.0,463.0,1.0,1.0,0.0,1.0,False,False,,,,,invoice,blur
paddleocr-vl,stress,syn003_invoice__noise,1.2436650892174008,285.0,False,,,0.0,0.0,0.0,0.0,463.0,1.0,1.0,0.0,1.0,False,False,,,,,invoice,noise
paddleocr-vl,stress,syn003_invoice__rotate3,1.2436650892174008,286.0,False,,,0.0,0.0,0.0,0.0,463.0,1.0,1.0,0.0,1.0,False,False,,,,,invoice,rotate3
paddleocr-vl,stress,syn003_invoice__rotate8,1.2436650892174008,285.0,False,,,0.0,0.0,0.0,0.0,463.0,1.0,1.0,0.0,1.0,False,False,,,,,invoice,rotate8
paddleocr-vl,stress,syn003_invoice__jpeg_q10,1.2436650892174008,275.0,False,,,0.0,0.0,0.0,0.0,463.0,1.0,1.0,0.0,1.0,False,False,,,,,invoice,jpeg_q10
paddleocr-vl,stress,syn003_invoice__low_contrast,1.2436650892174008,286.0,False,,,0.0,0.0,0.0,0.0,463.0,1.0,1.0,0.0,1.0,False,False,,,,,invoice,low_contrast
paddleocr-vl,stress,syn003_invoice__photocopy,1.2436650892174008,285.0,False,,,0.0,0.0,0.0,0.0,463.0,1.0,1.0,0.0,1.0,False,False,,,,,invoice,photocopy
paddleocr-vl,stress,syn003_invoice__phone_photo,1.2436650892174008,285.0,False,,,0.0,0.0,0.0,0.0,463.0,1.0,1.0,0.0,1.0,False,False,,,,,invoice,phone_photo
paddleocr-vl,stress,syn004_prose__clean,1.2436650892174008,529.0,False,,,0.0008920606601248885,0.0008920606601248885,0.005115089514066497,2.0,2242.0,0.9974619289340102,0.9974619289340102,0.0025380710659898475,0.9995539696699376,False,False,,,,,prose,clean
paddleocr-vl,stress,syn004_prose__dpi150,1.2436650892174008,529.0,False,,,0.0008920606601248885,0.0008920606601248885,0.005115089514066497,2.0,2242.0,0.9974619289340102,0.9974619289340102,0.0025380710659898475,0.9995539696699376,False,False,,,,,prose,dpi150
paddleocr-vl,stress,syn004_prose__dpi75,1.2436650892174008,531.0,False,,,0.0008920606601248885,0.0008920606601248885,0.005115089514066497,2.0,2242.0,0.9949238578680203,0.9949238578680203,0.005076142131979695,1.0,False,False,,,,,prose,dpi75
paddleocr-vl,stress,syn004_prose__blur,1.2436650892174008,530.0,False,,,0.00044603033006244426,0.00044603033006244426,0.0025575447570332483,1.0,2242.0,0.9974619289340102,0.9974619289340102,0.0025380710659898475,1.0,False,False,,,,,prose,blur
paddleocr-vl,stress,syn004_prose__noise,1.2436650892174008,530.0,False,,,0.0008920606601248885,0.0008920606601248885,0.005115089514066497,2.0,2242.0,0.9974619289340102,0.9974619289340102,0.0025380710659898475,0.9995539696699376,False,False,,,,,prose,noise
paddleocr-vl,stress,syn004_prose__rotate3,1.2436650892174008,530.0,False,,,0.0008920606601248885,0.0008920606601248885,0.005115089514066497,2.0,2242.0,0.9949238578680203,0.9949238578680203,0.005076142131979695,1.0,False,False,,,,,prose,rotate3
paddleocr-vl,stress,syn004_prose__rotate8,1.2436650892174008,531.0,False,,,0.0008920606601248885,0.0008920606601248885,0.005115089514066497,2.0,2242.0,0.9949238578680203,0.9949238578680203,0.005076142131979695,1.0,False,False,,,,,prose,rotate8
paddleocr-vl,stress,syn004_prose__jpeg_q10,1.2436650892174008,530.0,False,,,0.0008920606601248885,0.0008920606601248885,0.005115089514066497,2.0,2242.0,0.9974619289340102,0.9974619289340102,0.0025380710659898475,0.9995539696699376,False,False,,,,,prose,jpeg_q10
paddleocr-vl,stress,syn004_prose__low_contrast,1.2436650892174008,529.0,False,,,0.0008920606601248885,0.0008920606601248885,0.005115089514066497,2.0,2242.0,0.9974619289340102,0.9974619289340102,0.0025380710659898475,0.9995539696699376,False,False,,,,,prose,low_contrast
paddleocr-vl,stress,syn004_prose__photocopy,1.2436650892174008,531.0,False,,,0.00044603033006244426,0.00044603033006244426,0.0025575447570332483,1.0,2242.0,0.9974619289340102,0.9974619289340102,0.0025380710659898475,1.0,False,False,,,,,prose,photocopy
paddleocr-vl,stress,syn004_prose__phone_photo,1.2436650892174008,532.0,False,,,0.00044603033006244426,0.00044603033006244426,0.0025575447570332483,1.0,2242.0,0.9974619289340102,0.9974619289340102,0.0025380710659898475,1.0,False,False,,,,,prose,phone_photo
rapidocr,books,birdsofgreatbrit02butl_0093_full,2.738568189874968,,False,birdsofgreatbrit02butl,en,0.0118006993006993,0.0034873583260680036,0.02425876010781671,8.0,2294.0,0.9844559585492227,0.9819121447028424,0.01808785529715762,1.000871839581517,False,False,,,,,,
rapidocr,books,birdsofgreatbrit02butl_0126_full,2.738568189874968,,False,birdsofgreatbrit02butl,en,0.009866102889358703,0.0,0.0,0.0,2840.0,1.0,1.0,0.0,1.0,False,False,,,,,,
rapidocr,books,birdsofgreatbrit02butl_0156_full,2.738568189874968,,False,birdsofgreatbrit02butl,en,0.05053763440860215,0.039572192513368985,0.07236842105263158,74.0,1870.0,0.9358974358974359,0.9668874172185431,0.033112582781456956,0.9652406417112299,False,False,,,,,,
rapidocr,books,birdsofgreatbrit02butl_0159_full,2.738568189874968,,False,birdsofgreatbrit02butl,en,0.008307372793354102,0.0006903693476009665,0.005791505791505791,2.0,2897.0,1.0,1.0,0.0,0.9993096306523991,False,False,,,,,,
rapidocr,books,birdsofgreatbrit02butl_0172_full,2.738568189874968,,False,birdsofgreatbrit02butl,en,0.06206459784673844,0.04902576995600252,0.05172413793103448,156.0,3182.0,0.9491525423728814,0.984182776801406,0.015817223198594025,0.9525455688246386,False,False,,,,,,
rapidocr,books,birdsofgreatbrit02butl_0308_full,2.738568189874968,,False,birdsofgreatbrit02butl,en,0.00821917808219178,0.002738225629791895,0.021341463414634148,5.0,1826.0,0.9881305637982196,0.985207100591716,0.014792899408284023,1.0,False,False,,,,,,
rapidocr,books,birdsofgreatbrit02butl_0312_full,2.738568189874968,,False,birdsofgreatbrit02butl,en,0.008395522388059701,0.004659832246039142,0.028089887640449437,5.0,1073.0,0.9835164835164835,0.9728260869565217,0.02717391304347826,1.0018639328984156,False,False,,,,,,
rapidocr,books,birdsofgreatbrit02butl_0320_full,2.738568189874968,,False,birdsofgreatbrit02butl,en,0.03550295857988166,0.03275705186533212,0.049315068493150684,72.0,2198.0,0.9557291666666666,0.9812834224598931,0.01871657754010695,0.9690627843494085,False,False,,,,,,
rapidocr,books,birdsofgreatbrit02butl_0328_full,3.0907257659999914,,False,birdsofgreatbrit02butl,en,0.12788906009244994,0.12480739599383667,0.30526315789473685,81.0,649.0,0.8018867924528302,0.8673469387755102,0.1326530612244898,0.9106317411402157,False,False,,,,,,
rapidocr,books,conchologiaiconi05reev_0039_full,3.0907257659999914,,False,conchologiaiconi05reev,en,0.761323155216285,0.7568737270875764,0.9352014010507881,2973.0,3928.0,0.9247863247863248,0.9247863247863248,0.07521367521367521,0.9997454175152749,False,False,,,,,,
rapidocr,books,conchologiaiconi05reev_0127_full,3.0907257659999914,,False,conchologiaiconi05reev,en,0.7452807060554058,0.7432931331528427,0.9401544401544402,3020.0,4063.0,0.8773234200743495,0.8773234200743495,0.12267657992565056,0.9995077528919517,False,False,,,,,,
rapidocr,books,conchologiaiconi05reev_0200_full,3.0907257659999914,,False,conchologiaiconi05reev,en,0.7509788566953798,0.7438190426091531,0.8866799204771372,2828.0,3802.0,0.8773946360153256,0.8773946360153256,0.12260536398467432,0.9984218832193582,False,False,,,,,,
rapidocr,books,conchologiaiconi05reev_0235_full,3.0907257659999914,,False,conchologiaiconi05reev,en,0.7348295926849543,0.7298722931704609,0.9217391304347826,2629.0,3602.0,0.8765690376569037,0.8765690376569037,0.12343096234309624,0.9997223764575236,False,False,,,,,,
rapidocr,books,conchologiaiconi05reev_0271_full,3.0907257659999914,,False,conchologiaiconi05reev,en,0.7360664523043944,0.7294401285829092,0.9516806722689075,2723.0,3733.0,0.8559837728194726,0.8559837728194726,0.1440162271805274,1.0,False,False,,,,,,
rapidocr,books,conchologiaiconi05reev_0276_full,3.0907257659999914,,False,conchologiaiconi05reev,en,0.7540983606557377,0.7508218277449047,0.9337979094076655,3426.0,4563.0,0.8743718592964824,0.8758389261744967,0.12416107382550336,0.9997808459346921,False,False,,,,,,
rapidocr,books,conchologiaiconi05reev_0350_full,3.0907257659999914,,False,conchologiaiconi05reev,en,0.7043478260869566,0.6977491961414791,0.864406779661017,1519.0,2177.0,0.8609271523178808,0.8609271523178808,0.1390728476821192,1.0,False,False,,,,,,
rapidocr,books,conchologiaiconi05reev_0354_full,3.500342148250013,,False,conchologiaiconi05reev,en,0.7391059881922969,0.7352445193929174,0.9008438818565401,2616.0,3558.0,0.8823529411764706,0.8823529411764706,0.11764705882352941,0.9988757729061271,False,False,,,,,,
rapidocr,books,conchologiaiconi05reev_0433_full,3.500342148250013,,False,conchologiaiconi05reev,en,0.7224478743568914,0.7198369565217392,0.9043478260869565,2649.0,3680.0,0.8747433264887063,0.8747433264887063,0.12525667351129363,0.9994565217391305,False,False,,,,,,
rapidocr,books,daschitinskelett00prel_0011_full,3.500342148250013,,False,daschitinskelett00prel,de,0.03146853146853147,0.03158902361199745,0.11290322580645161,99.0,3134.0,0.9419953596287703,0.9002217294900222,0.09977827050997783,0.9869176770899809,False,False,,,,,,
rapidocr,books,daschitinskelett00prel_0021_full,3.500342148250013,,False,daschitinskelett00prel,de,0.01554001554001554,0.014541677486367177,0.10815602836879433,56.0,3851.0,0.9768683274021353,0.9074380165289256,0.09256198347107437,1.0106465853025188,False,False,,,,,,
rapidocr,books,daschitinskelett00prel_0034_full,3.500342148250013,,False,daschitinskelett00prel,de,0.00971198928332217,0.009725016767270288,0.06807511737089202,29.0,2982.0,0.9882352941176471,0.9438202247191011,0.056179775280898875,1.0053655264922872,False,False,,,,,,
rapidocr,books,daschitinskelett00prel_0037_full,3.500342148250013,,False,daschitinskelett00prel,de,0.010820797044074954,0.009009009009009009,0.07650273224043716,34.0,3774.0,0.9799270072992701,0.9306759098786829,0.06932409012131716,1.007154213036566,False,False,,,,,,
rapidocr,books,daschitinskelett00prel_0038_full,3.500342148250013,,False,daschitinskelett00prel,de,0.025149079595540576,0.02343139807341838,0.0830188679245283,90.0,3841.0,0.9622641509433962,0.9272727272727272,0.07272727272727272,0.9919291851080447,False,False,,,,,,
rapidocr,books,daschitinskelett00prel_0051_full,3.500342148250013,,False,daschitinskelett00prel,de,0.02546004537433829,0.025537294563843238,0.21428571428571427,101.0,3955.0,0.9551971326164874,0.8174846625766872,0.18251533742331288,1.023008849557522,False,False,,,,,,
rapidocr,books,daschitinskelett00prel_0057_full,1.9448778151249826,,False,daschitinskelett00prel,de,0.007740825688073395,0.007749712973593571,0.06512605042016807,27.0,3484.0,0.9852941176470589,0.9436619718309859,0.056338028169014086,1.0054535017221584,False,False,,,,,,
rapidocr,books,daschitinskelett00prel_0060_full,1.9448778151249826,,False,daschitinskelett00prel,de,0.022172949002217297,0.022321428571428572,0.18181818181818182,20.0,896.0,0.9663865546218487,0.8518518518518519,0.14814814814814814,1.0133928571428572,False,False,,,,,,
rapidocr,books,histoirenaturell10cuvi_0014_full,1.9448778151249826,,False,histoirenaturell10cuvi,fr,0.009243697478991597,0.000847457627118644,0.011363636363636364,1.0,1180.0,1.0,1.0,0.0,1.0008474576271187,False,False,,,,,,
rapidocr,books,histoirenaturell10cuvi_0070_full,1.9448778151249826,,False,histoirenaturell10cuvi,fr,0.06682966585167074,0.04691358024691358,0.09223300970873786,57.0,1215.0,0.9865470852017937,0.9821428571428571,0.017857142857142856,1.0008230452674898,False,False,,,,,,
rapidocr,books,histoirenaturell10cuvi_0172_full,1.9448778151249826,,False,histoirenaturell10cuvi,fr,0.012142237640936688,0.0008695652173913044,0.01015228426395939,1.0,1150.0,1.0,1.0,0.0,0.9991304347826087,False,False,,,,,,
rapidocr,books,histoirenaturell10cuvi_0188_full,1.9448778151249826,,False,histoirenaturell10cuvi,fr,0.014800514800514801,0.005798969072164949,0.033962264150943396,9.0,1552.0,0.9728813559322034,0.9728813559322034,0.02711864406779661,1.0006443298969072,False,False,,,,,,
rapidocr,books,histoirenaturell10cuvi_0251_full,1.9448778151249826,,False,histoirenaturell10cuvi,fr,0.024744027303754267,0.012942191544434857,0.06467661691542288,15.0,1159.0,0.985981308411215,0.985981308411215,0.014018691588785047,0.998274374460742,False,False,,,,,,
rapidocr,books,histoirenaturell10cuvi_0343_full,1.9448778151249826,,False,histoirenaturell10cuvi,fr,0.06802189210320563,0.05928853754940711,0.08542713567839195,75.0,1265.0,0.946078431372549,0.9507389162561576,0.04926108374384237,0.9541501976284585,False,False,,,,,,
rapidocr,books,histoirenaturell10cuvi_0369_full,2.032202365375042,,False,histoirenaturell10cuvi,fr,0.021538461538461538,0.0069605568445475635,0.06363636363636363,9.0,1293.0,0.9568965517241379,0.9779735682819384,0.022026431718061675,0.9945862335653519,False,False,,,,,,
rapidocr,books,histoirenaturell10cuvi_0425_full,2.032202365375042,,False,histoirenaturell10cuvi,fr,0.019632678910702975,0.00826972010178117,0.039711191335740074,13.0,1572.0,0.9965986394557823,0.9965986394557823,0.003401360544217687,0.9980916030534351,False,False,,,,,,
rapidocr,books,pisciumquerelaee00sche_0012_full,2.032202365375042,,False,pisciumquerelaee00sche,la,0.10839785586658725,0.10427968655816756,0.4364406779661017,173.0,1659.0,0.5593869731800766,0.6347826086956522,0.3652173913043478,1.0229053646775166,False,False,,,,,,
rapidocr,books,pisciumquerelaee00sche_0013_full,2.032202365375042,,False,pisciumquerelaee00sche,la,0.09246171967020024,0.089179548156956,0.4083333333333333,150.0,1682.0,0.5655430711610487,0.6536796536796536,0.3463203463203463,1.0160523186682522,False,False,,,,,,
rapidocr,books,pisciumquerelaee00sche_0016_full,2.032202365375042,,False,pisciumquerelaee00sche,la,0.0775,0.07536415452818239,0.34801762114537443,119.0,1579.0,0.6446280991735537,0.6872246696035242,0.31277533039647576,1.0145661811272957,False,False,,,,,,
rapidocr,books,pisciumquerelaee00sche_0035_full,2.032202365375042,,False,pisciumquerelaee00sche,la,0.10914634146341463,0.09944751381215469,0.37719298245614036,162.0,1629.0,0.6585365853658537,0.7105263157894737,0.2894736842105263,1.0233271945979128,False,False,,,,,,
rapidocr,books,pisciumquerelaee00sche_0038_full,2.032202365375042,,False,pisciumquerelaee00sche,la,0.10013908205841446,0.10176678445229682,0.36548223350253806,144.0,1415.0,0.6831683168316832,0.7379679144385026,0.2620320855614973,1.0169611307420494,False,False,,,,,,
rapidocr,books,pisciumquerelaee00sche_0040_full,2.032202365375042,,False,pisciumquerelaee00sche,la,0.12906846240179573,0.12691218130311616,0.5992647058823529,224.0,1765.0,0.5728476821192053,0.692,0.308,0.9960339943342776,False,False,,,,,,
rapidocr,books,pisciumquerelaee00sche_0041_full,2.050751673125035,,False,pisciumquerelaee00sche,la,0.09637046307884856,0.09222994314592546,0.3958333333333333,146.0,1583.0,0.6283524904214559,0.7161572052401747,0.2838427947598253,1.0259001895135818,False,False,,,,,,
rapidocr,books,pisciumquerelaee00sche_0044_full,2.050751673125035,,False,pisciumquerelaee00sche,la,0.17401960784313725,0.17574257425742573,0.5,71.0,404.0,0.5849056603773585,0.5535714285714286,0.44642857142857145,1.00990099009901,False,False,,,,,,
rapidocr,books,trudyrusskagoent161881russ_0098_full,2.050751673125035,,False,trudyrusskagoent161881russ,fr+de,0.016483516483516484,0.01307639366827254,0.11274509803921569,19.0,1453.0,0.9547738693467337,0.9134615384615384,0.08653846153846154,1.0041293874741912,False,False,,,,,,
rapidocr,books,trudyrusskagoent161881russ_0121_full,2.050751673125035,,False,trudyrusskagoent161881russ,fr+de,0.03980891719745223,0.027127659574468086,0.07612456747404844,51.0,1880.0,0.9475524475524476,0.9644128113879004,0.03558718861209965,0.976063829787234,False,False,,,,,,
rapidocr,books,trudyrusskagoent161881russ_0276_full,2.050751673125035,,False,trudyrusskagoent161881russ,fr+de,0.013888888888888888,0.007523148148148148,0.05976095617529881,13.0,1728.0,0.979757085020243,0.968,0.032,0.9988425925925926,False,False,,,,,,
rapidocr,books,trudyrusskagoent161881russ_0329_full,2.050751673125035,,False,trudyrusskagoent161881russ,fr+de,0.02673031026252983,0.02205177372962608,0.04452054794520548,46.0,2086.0,0.9689655172413794,0.9790940766550522,0.020905923344947737,0.9803451581975072,False,False,,,,,,
rapidocr,books,trudyrusskagoent161881russ_0357_full,2.050751673125035,,False,trudyrusskagoent161881russ,fr+de,0.03517877739331027,0.03192106790481718,0.07468879668049792,55.0,1723.0,0.9545454545454546,0.9625,0.0375,0.9773650609402206,False,False,,,,,,
rapidocr,books,trudyrusskagoent161881russ_0379_full,2.050751673125035,,False,trudyrusskagoent161881russ,fr+de,0.015484515484515484,0.010536879076768691,0.06289308176100629,21.0,1993.0,0.975975975975976,0.975975975975976,0.024024024024024024,0.9969894631209232,False,False,,,,,,
rapidocr,books,trudyrusskagoent161881russ_0388_full,2.9106075229999533,,False,trudyrusskagoent161881russ,fr+de,0.013107591480065538,0.005473453749315818,0.026936026936026935,10.0,1827.0,0.9935275080906149,0.9967532467532467,0.003246753246753247,0.9967159277504105,False,False,,,,,,
rapidocr,books,trudyrusskagoent161881russ_0446_full,2.9106075229999533,,False,trudyrusskagoent161881russ,fr+de,0.02137546468401487,0.01588785046728972,0.06806282722513089,17.0,1070.0,0.99,0.9949748743718593,0.005025125628140704,0.9869158878504672,False,False,,,,,,
rapidocr,docs,headers_footers__0b8de922246569bf96136cd5bb1d9643b2d269fe_page_10_processed,2.5417497528750346,,False,,,,,,,,,,,,False,,headers_footers,2.0,1.0,"[{""id"": ""0b8de922246569bf96136cd5bb1d9643b2d269fe_page_10_processed.pdf_manual_00"", ""type"": ""absent"", ""passed"": false, ""category"": ""headers_footers""}, {""id"": ""auto_baseline"", ""type"": ""baseline"", ""passed"": true, ""category"": ""baseline""}]",,
rapidocr,docs,headers_footers__12e836a20227be4b63f7dcdebb2498e9d189d4da_page_5_processed,2.5417497528750346,,False,,,,,,,,,,,,False,,headers_footers,4.0,3.0,"[{""id"": ""12e836a20227be4b63f7dcdebb2498e9d189d4da_page_5_processed_pg1_header_00"", ""type"": ""absent"", ""passed"": true, ""category"": ""headers_footers""}, {""id"": ""12e836a20227be4b63f7dcdebb2498e9d189d4da_page_5_processed_pg1_header_01"", ""type"": ""absent"", ""passed"": true, ""category"": ""headers_footers""}, {""id"": ""12e836a20227be4b63f7dcdebb2498e9d189d4da_page_5_processed_pg1_header_02"", ""type"": ""absent"", ""passed"": true, ""category"": ""headers_footers""}, {""id"": ""auto_baseline"", ""type"": ""baseline"", ""passed"": false, ""category"": ""baseline""}]",,
rapidocr,docs,headers_footers__17ce5025be595d7fc2c3a347b6a2fa4e4d06419d_page_1,2.5417497528750346,,False,,,,,,,,,,,,False,,headers_footers,2.0,1.0,"[{""id"": ""17ce5025be595d7fc2c3a347b6a2fa4e4d06419d_page_1_header_00"", ""type"": ""absent"", ""passed"": false, ""category"": ""headers_footers""}, {""id"": ""auto_baseline"", ""type"": ""baseline"", ""passed"": true, ""category"": ""baseline""}]",,
rapidocr,docs,headers_footers__1a3e61746b0965df09bce6cb1051c455807363d5_page_1,2.5417497528750346,,False,,,,,,,,,,,,False,,headers_footers,3.0,2.0,"[{""id"": ""1a3e61746b0965df09bce6cb1051c455807363d5_page_1_header_00"", ""type"": ""absent"", ""passed"": false, ""category"": ""headers_footers""}, {""id"": ""1a3e61746b0965df09bce6cb1051c455807363d5_page_1.pdf_manual_00"", ""type"": ""absent"", ""passed"": true, ""category"": ""headers_footers""}, {""id"": ""auto_baseline"", ""type"": ""baseline"", ""passed"": true, ""category"": ""baseline""}]",,
rapidocr,docs,headers_footers__2cb8b9fbe5aaac3d7f95d110a3b08132ee09d103_page_2,2.5417497528750346,,False,,,,,,,,,,,,False,,headers_footers,3.0,1.0,"[{""id"": ""2cb8b9fbe5aaac3d7f95d110a3b08132ee09d103_page_2_header_00"", ""type"": ""absent"", ""passed"": false, ""category"": ""headers_footers""}, {""id"": ""2cb8b9fbe5aaac3d7f95d110a3b08132ee09d103_page_2.pdf_manual_00"", ""type"": ""absent"", ""passed"": false, ""category"": ""headers_footers""}, {""id"": ""auto_baseline"", ""type"": ""baseline"", ""passed"": true, ""category"": ""baseline""}]",,
rapidocr,docs,headers_footers__363300831b3da664b1bfe972e4f86464fa076da3_page_149,2.5417497528750346,,False,,,,,,,,,,,,False,,headers_footers,6.0,2.0,"[{""id"": ""363300831b3da664b1bfe972e4f86464fa076da3_page_149_header_00"", ""type"": ""absent"", ""passed"": false, ""category"": ""headers_footers""}, {""id"": ""363300831b3da664b1bfe972e4f86464fa076da3_page_149_header_01"", ""type"": ""absent"", ""passed"": false, ""category"": ""headers_footers""}, {""id"": ""363300831b3da664b1bfe972e4f86464fa076da3_page_149_header_15"", ""type"": ""absent"", ""passed"": false, ""category"": ""headers_footers""}, {""id"": ""363300831b3da664b1bfe972e4f86464fa076da3_page_149_header_16"", ""type"": ""absent"", ""passed"": false, ""category"": ""headers_footers""}, {""id"": ""363300831b3da664b1bfe972e4f86464fa076da3_page_149.pdf_manual_00"", ""type"": ""absent"", ""passed"": true, ""category"": ""headers_footers""}, {""id"": ""auto_baseline"", ""type"": ""baseline"", ""passed"": true, ""category"": ""baseline""}]",,
rapidocr,docs,headers_footers__62621cef2b1d5356a063aa7c9c735ac396fb2223_page_33,2.5417497528750346,,False,,,,,,,,,,,,False,,headers_footers,4.0,1.0,"[{""id"": ""62621cef2b1d5356a063aa7c9c735ac396fb2223_page_33_header_00"", ""type"": ""absent"", ""passed"": false, ""category"": ""headers_footers""}, {""id"": ""62621cef2b1d5356a063aa7c9c735ac396fb2223_page_33.pdf_manual_00"", ""type"": ""absent"", ""passed"": false, ""category"": ""headers_footers""}, {""id"": ""62621cef2b1d5356a063aa7c9c735ac396fb2223_page_33.pdf_manual_01"", ""type"": ""absent"", ""passed"": false, ""category"": ""headers_footers""}, {""id"": ""auto_baseline"", ""type"": ""baseline"", ""passed"": true, ""category"": ""baseline""}]",,
rapidocr,docs,headers_footers__7901d119ed91a89f8fbabf0eef7174d75a7656e3_page_1,2.5417497528750346,,False,,,,,,,,,,,,False,,headers_footers,2.0,1.0,"[{""id"": ""7901d119ed91a89f8fbabf0eef7174d75a7656e3_page_1.pdf_manual_00"", ""type"": ""absent"", ""passed"": false, ""category"": ""headers_footers""}, {""id"": ""auto_baseline"", ""type"": ""baseline"", ""passed"": true, ""category"": ""baseline""}]",,
rapidocr,docs,headers_footers__ba10222e40f05d76e2bf1d51c39066a4b1fe82ed_page_11,5.09268142725,,False,,,,,,,,,,,,False,,headers_footers,3.0,1.0,"[{""id"": ""ba10222e40f05d76e2bf1d51c39066a4b1fe82ed_page_11_header_00"", ""type"": ""absent"", ""passed"": false, ""category"": ""headers_footers""}, {""id"": ""ba10222e40f05d76e2bf1d51c39066a4b1fe82ed_page_11.pdf_manual_00"", ""type"": ""absent"", ""passed"": false, ""category"": ""headers_footers""}, {""id"": ""auto_baseline"", ""type"": ""baseline"", ""passed"": true, ""category"": ""baseline""}]",,
rapidocr,docs,headers_footers__d8b9c4cd0ba9b036e09168c8dccccd1d43315ef4_page_1,5.09268142725,,False,,,,,,,,,,,,False,,headers_footers,3.0,1.0,"[{""id"": ""d8b9c4cd0ba9b036e09168c8dccccd1d43315ef4_page_1_header_00"", ""type"": ""absent"", ""passed"": false, ""category"": ""headers_footers""}, {""id"": ""d8b9c4cd0ba9b036e09168c8dccccd1d43315ef4_page_1.pdf_manual_00"", ""type"": ""absent"", ""passed"": false, ""category"": ""headers_footers""}, {""id"": ""auto_baseline"", ""type"": ""baseline"", ""passed"": true, ""category"": ""baseline""}]",,
rapidocr,docs,long_tiny_text__11_pg161_pg1,5.09268142725,,False,,,,,,,,,,,,False,,long_tiny_text,9.0,9.0,"[{""id"": ""11_pg161_pg1_text_00"", ""type"": ""present"", ""passed"": true, ""category"": ""long_tiny_text""}, {""id"": ""11_pg161_pg1_text_01"", ""type"": ""present"", ""passed"": true, ""category"": ""long_tiny_text""}, {""id"": ""11_pg161_pg1_text_02"", ""type"": ""present"", ""passed"": true, ""category"": ""long_tiny_text""}, {""id"": ""11_pg161_pg1_text_03"", ""type"": ""present"", ""passed"": true, ""category"": ""long_tiny_text""}, {""id"": ""11_pg161_pg1_text_04"", ""type"": ""present"", ""passed"": true, ""category"": ""long_tiny_text""}, {""id"": ""11_pg161_pg1_text_05"", ""type"": ""present"", ""passed"": true, ""category"": ""long_tiny_text""}, {""id"": ""11_pg161_pg1_text_06"", ""type"": ""present"", ""passed"": true, ""category"": ""long_tiny_text""}, {""id"": ""11_pg161_pg1_text_07"", ""type"": ""present"", ""passed"": true, ""category"": ""long_tiny_text""}, {""id"": ""auto_baseline"", ""type"": ""baseline"", ""passed"": true, ""category"": ""baseline""}]",,
rapidocr,docs,long_tiny_text__11_pg375_pg1,5.09268142725,,False,,,,,,,,,,,,False,,long_tiny_text,4.0,1.0,"[{""id"": ""11_pg375_pg1_text_00"", ""type"": ""present"", ""passed"": false, ""category"": ""long_tiny_text""}, {""id"": ""11_pg375_pg1_text_01"", ""type"": ""present"", ""passed"": false, ""category"": ""long_tiny_text""}, {""id"": ""11_pg375_pg1_text_02"", ""type"": ""present"", ""passed"": false, ""category"": ""long_tiny_text""}, {""id"": ""auto_baseline"", ""type"": ""baseline"", ""passed"": true, ""category"": ""baseline""}]",,
rapidocr,docs,long_tiny_text__13_pg556_pg1,5.09268142725,,False,,,,,,,,,,,,False,,long_tiny_text,5.0,1.0,"[{""id"": ""13_pg556_pg1_text_00"", ""type"": ""present"", ""passed"": false, ""category"": ""long_tiny_text""}, {""id"": ""13_pg556_pg1_text_01"", ""type"": ""present"", ""passed"": false, ""category"": ""long_tiny_text""}, {""id"": ""13_pg556_pg1_text_02"", ""type"": ""present"", ""passed"": false, ""category"": ""long_tiny_text""}, {""id"": ""13_pg556_pg1_text_03"", ""type"": ""present"", ""passed"": false, ""category"": ""long_tiny_text""}, {""id"": ""auto_baseline"", ""type"": ""baseline"", ""passed"": true, ""category"": ""baseline""}]",,
rapidocr,docs,long_tiny_text__13_pg566_pg1,5.09268142725,,False,,,,,,,,,,,,False,,long_tiny_text,6.0,1.0,"[{""id"": ""13_pg566_pg1_text_00"", ""type"": ""present"", ""passed"": false, ""category"": ""long_tiny_text""}, {""id"": ""13_pg566_pg1_text_01"", ""type"": ""present"", ""passed"": false, ""category"": ""long_tiny_text""}, {""id"": ""13_pg566_pg1_text_02"", ""type"": ""present"", ""passed"": false, ""category"": ""long_tiny_text""}, {""id"": ""13_pg566_pg1_text_03"", ""type"": ""present"", ""passed"": false, ""category"": ""long_tiny_text""}, {""id"": ""13_pg566_pg1_text_04"", ""type"": ""present"", ""passed"": false, ""category"": ""long_tiny_text""}, {""id"": ""auto_baseline"", ""type"": ""baseline"", ""passed"": true, ""category"": ""baseline""}]",,
rapidocr,docs,long_tiny_text__13_pg67_pg1,5.09268142725,,False,,,,,,,,,,,,False,,long_tiny_text,6.0,3.0,"[{""id"": ""13_pg67_pg1_text_00"", ""type"": ""present"", ""passed"": true, ""category"": ""long_tiny_text""}, {""id"": ""13_pg67_pg1_text_01"", ""type"": ""present"", ""passed"": true, ""category"": ""long_tiny_text""}, {""id"": ""13_pg67_pg1_text_02"", ""type"": ""present"", ""passed"": false, ""category"": ""long_tiny_text""}, {""id"": ""13_pg67_pg1_text_03"", ""type"": ""present"", ""passed"": false, ""category"": ""long_tiny_text""}, {""id"": ""13_pg67_pg1_text_04"", ""type"": ""present"", ""passed"": false, ""category"": ""long_tiny_text""}, {""id"": ""auto_baseline"", ""type"": ""baseline"", ""passed"": true, ""category"": ""baseline""}]",,
rapidocr,docs,long_tiny_text__14a_pg1,5.09268142725,,False,,,,,,,,,,,,False,,long_tiny_text,6.0,1.0,"[{""id"": ""14a_pg1_text_01"", ""type"": ""present"", ""passed"": false, ""category"": ""long_tiny_text""}, {""id"": ""14a_pg1_text_02"", ""type"": ""present"", ""passed"": false, ""category"": ""long_tiny_text""}, {""id"": ""14a_pg1_text_04"", ""type"": ""present"", ""passed"": false, ""category"": ""long_tiny_text""}, {""id"": ""14a_pg1_text_05"", ""type"": ""present"", ""passed"": false, ""category"": ""long_tiny_text""}, {""id"": ""14a_pg1_text_06"", ""type"": ""present"", ""passed"": false, ""category"": ""long_tiny_text""}, {""id"": ""auto_baseline"", ""type"": ""baseline"", ""passed"": true, ""category"": ""baseline""}]",,
rapidocr,docs,long_tiny_text__15c_pg1,4.4723461829999565,,False,,,,,,,,,,,,False,,long_tiny_text,5.0,1.0,"[{""id"": ""15c_pg1_text_00"", ""type"": ""present"", ""passed"": false, ""category"": ""long_tiny_text""}, {""id"": ""15c_pg1_text_01"", ""type"": ""present"", ""passed"": false, ""category"": ""long_tiny_text""}, {""id"": ""15c_pg1_text_02"", ""type"": ""present"", ""passed"": false, ""category"": ""long_tiny_text""}, {""id"": ""15c_pg1_text_03"", ""type"": ""present"", ""passed"": false, ""category"": ""long_tiny_text""}, {""id"": ""auto_baseline"", ""type"": ""baseline"", ""passed"": true, ""category"": ""baseline""}]",,
rapidocr,docs,long_tiny_text__17_pg2_pg1,4.4723461829999565,,False,,,,,,,,,,,,False,,long_tiny_text,40.0,38.0,"[{""id"": ""17_pg2_pg1_text_00"", ""type"": ""present"", ""passed"": true, ""category"": ""long_tiny_text""}, {""id"": ""17_pg2_pg1_text_01"", ""type"": ""present"", ""passed"": true, ""category"": ""long_tiny_text""}, {""id"": ""17_pg2_pg1_text_02"", ""type"": ""present"", ""passed"": false, ""category"": ""long_tiny_text""}, {""id"": ""17_pg2_pg1_text_03"", ""type"": ""present"", ""passed"": true, ""category"": ""long_tiny_text""}, {""id"": ""17_pg2_pg1_text_04"", ""type"": ""present"", ""passed"": true, ""category"": ""long_tiny_text""}, {""id"": ""17_pg2_pg1_text_06"", ""type"": ""present"", ""passed"": true, ""category"": ""long_tiny_text""}, {""id"": ""17_pg2_pg1_text_07"", ""type"": ""present"", ""passed"": true, ""category"": ""long_tiny_text""}, {""id"": ""17_pg2_pg1_text_09"", ""type"": ""present"", ""passed"": true, ""category"": ""long_tiny_text""}, {""id"": ""17_pg2_pg1_text_10"", ""type"": ""present"", ""passed"": true, ""category"": ""long_tiny_text""}, {""id"": ""17_pg2_pg1_text_12"", ""type"": ""present"", ""passed"": true, ""category"": ""long_tiny_text""}, {""id"": ""17_pg2_pg1_text_13"", ""type"": ""present"", ""passed"": true, ""category"": ""long_tiny_text""}, {""id"": ""17_pg2_pg1_text_16"", ""type"": ""present"", ""passed"": true, ""category"": ""long_tiny_text""}, {""id"": ""17_pg2_pg1_text_17"", ""type"": ""present"", ""passed"": false, ""category"": ""long_tiny_text""}, {""id"": ""17_pg2_pg1_text_20"", ""type"": ""present"", ""passed"": true, ""category"": ""long_tiny_text""}, {""id"": ""17_pg2_pg1_text_23"", ""type"": ""present"", ""passed"": true, ""category"": ""long_tiny_text""}, {""id"": ""17_pg2_pg1_text_24"", ""type"": ""present"", ""passed"": true, ""category"": ""long_tiny_text""}, {""id"": ""17_pg2_pg1_text_25"", ""type"": ""present"", ""passed"": true, ""category"": ""long_tiny_text""}, {""id"": ""17_pg2_pg1_text_27"", ""type"": ""present"", ""passed"": true, ""category"": ""long_tiny_text""}, {""id"": ""17_pg2_pg1_text_28"", ""type"": ""present"", ""passed"": true, ""category"": ""long_tiny_text""}, {""id"": ""17_pg2_pg1_text_30"", ""type"": ""present"", ""passed"": true, ""category"": ""long_tiny_text""}, {""id"": ""17_pg2_pg1_text_31"", ""type"": ""present"", ""passed"": true, ""category"": ""long_tiny_text""}, {""id"": ""17_pg2_pg1_text_34"", ""type"": ""present"", ""passed"": true, ""category"": ""long_tiny_text""}, {""id"": ""17_pg2_pg1_text_37"", ""type"": ""present"", ""passed"": true, ""category"": ""long_tiny_text""}, {""id"": ""17_pg2_pg1_text_41"", ""type"": ""present"", ""passed"": true, ""category"": ""long_tiny_text""}, {""id"": ""17_pg2_pg1_text_43"", ""type"": ""present"", ""passed"": true, ""category"": ""long_tiny_text""}, {""id"": ""17_pg2_pg1_text_45"", ""type"": ""present"", ""passed"": true, ""category"": ""long_tiny_text""}, {""id"": ""17_pg2_pg1_text_49"", ""type"": ""present"", ""passed"": true, ""category"": ""long_tiny_text""}, {""id"": ""17_pg2_pg1_text_51"", ""type"": ""present"", ""passed"": true, ""category"": ""long_tiny_text""}, {""id"": ""17_pg2_pg1_text_56"", ""type"": ""present"", ""passed"": true, ""category"": ""long_tiny_text""}, {""id"": ""17_pg2_pg1_text_61"", ""type"": ""present"", ""passed"": true, ""category"": ""long_tiny_text""}, {""id"": ""17_pg2_pg1_text_65"", ""type"": ""present"", ""passed"": true, ""category"": ""long_tiny_text""}, {""id"": ""17_pg2_pg1_text_69"", ""type"": ""present"", ""passed"": true, ""category"": ""long_tiny_text""}, {""id"": ""17_pg2_pg1_text_74"", ""type"": ""present"", ""passed"": true, ""category"": ""long_tiny_text""}, {""id"": ""17_pg2_pg1_text_80"", ""type"": ""present"", ""passed"": true, ""category"": ""long_tiny_text""}, {""id"": ""17_pg2_pg1_text_83"", ""type"": ""present"", ""passed"": true, ""category"": ""long_tiny_text""}, {""id"": ""17_pg2_pg1_text_86"", ""type"": ""present"", ""passed"": true, ""category"": ""long_tiny_text""}, {""id"": ""17_pg2_pg1_text_88"", ""type"": ""present"", ""passed"": true, ""category"": ""long_tiny_text""}, {""id"": ""17_pg2_pg1_text_95"", ""type"": ""present"", ""passed"": true, ""category"": ""long_tiny_text""}, {""id"": ""17_pg2_pg1_text_97"", ""type"": ""present"", ""passed"": true, ""category"": ""long_tiny_text""}, {""id"": ""auto_baseline"", ""type"": ""baseline"", ""passed"": true, ""category"": ""baseline""}]",,
rapidocr,docs,long_tiny_text__20_pg40_pg1,4.4723461829999565,,False,,,,,,,,,,,,False,,long_tiny_text,6.0,2.0,"[{""id"": ""20_pg40_pg1_text_00"", ""type"": ""present"", ""passed"": false, ""category"": ""long_tiny_text""}, {""id"": ""20_pg40_pg1_text_01"", ""type"": ""present"", ""passed"": false, ""category"": ""long_tiny_text""}, {""id"": ""20_pg40_pg1_text_02"", ""type"": ""present"", ""passed"": false, ""category"": ""long_tiny_text""}, {""id"": ""20_pg40_pg1_text_03"", ""type"": ""present"", ""passed"": true, ""category"": ""long_tiny_text""}, {""id"": ""20_pg40_pg1_text_04"", ""type"": ""present"", ""passed"": false, ""category"": ""long_tiny_text""}, {""id"": ""auto_baseline"", ""type"": ""baseline"", ""passed"": true, ""category"": ""baseline""}]",,
rapidocr,docs,long_tiny_text__20_pg46_pg1,4.4723461829999565,,False,,,,,,,,,,,,False,,long_tiny_text,10.0,4.0,"[{""id"": ""20_pg46_pg1_text_00"", ""type"": ""present"", ""passed"": true, ""category"": ""long_tiny_text""}, {""id"": ""20_pg46_pg1_text_01"", ""type"": ""present"", ""passed"": false, ""category"": ""long_tiny_text""}, {""id"": ""20_pg46_pg1_text_02"", ""type"": ""present"", ""passed"": false, ""category"": ""long_tiny_text""}, {""id"": ""20_pg46_pg1_text_03"", ""type"": ""present"", ""passed"": false, ""category"": ""long_tiny_text""}, {""id"": ""20_pg46_pg1_text_04"", ""type"": ""present"", ""passed"": false, ""category"": ""long_tiny_text""}, {""id"": ""20_pg46_pg1_text_05"", ""type"": ""present"", ""passed"": true, ""category"": ""long_tiny_text""}, {""id"": ""20_pg46_pg1_text_06"", ""type"": ""present"", ""passed"": false, ""category"": ""long_tiny_text""}, {""id"": ""20_pg46_pg1_text_08"", ""type"": ""present"", ""passed"": false, ""category"": ""long_tiny_text""}, {""id"": ""20_pg46_pg1_text_09"", ""type"": ""present"", ""passed"": true, ""category"": ""long_tiny_text""}, {""id"": ""auto_baseline"", ""type"": ""baseline"", ""passed"": true, ""category"": ""baseline""}]",,
rapidocr,docs,multi_column__00945e98ea0970dcffb8f548336df3a0137f_page_4_pg1,4.4723461829999565,,False,,,,,,,,,,,,False,,multi_column,4.0,1.0,"[{""id"": ""00945e98ea0970dcffb8f548336df3a0137f_page_4.pdf_order_0a8f368a"", ""type"": ""order"", ""passed"": false, ""category"": ""multi_column""}, {""id"": ""00945e98ea0970dcffb8f548336df3a0137f_page_4.pdf_order_3d4bbd69"", ""type"": ""order"", ""passed"": false, ""category"": ""multi_column""}, {""id"": ""00945e98ea0970dcffb8f548336df3a0137f_page_4.pdf_order_4cbab131"", ""type"": ""order"", ""passed"": false, ""category"": ""multi_column""}, {""id"": ""auto_baseline"", ""type"": ""baseline"", ""passed"": true, ""category"": ""baseline""}]",,
rapidocr,docs,multi_column__00e2c7719d58bb49fd4031cce9dcccdddec2_page_1_pg1,4.4723461829999565,,False,,,,,,,,,,,,False,,multi_column,3.0,2.0,"[{""id"": ""00e2c7719d58bb49fd4031cce9dcccdddec2_page_1.pdf_order_85be1097"", ""type"": ""order"", ""passed"": false, ""category"": ""multi_column""}, {""id"": ""00e2c7719d58bb49fd4031cce9dcccdddec2_page_1.pdf_order_b903400b"", ""type"": ""order"", ""passed"": true, ""category"": ""multi_column""}, {""id"": ""auto_baseline"", ""type"": ""baseline"", ""passed"": true, ""category"": ""baseline""}]",,
rapidocr,docs,multi_column__0114396ecb251aa3ebaeaeaed6bd4fe50bd2_page_2_pg1,4.4723461829999565,,False,,,,,,,,,,,,False,,multi_column,6.0,1.0,"[{""id"": ""0114396ecb251aa3ebaeaeaed6bd4fe50bd2_page_2.pdf_order_e5d2d945"", ""type"": ""order"", ""passed"": false, ""category"": ""multi_column""}, {""id"": ""0114396ecb251aa3ebaeaeaed6bd4fe50bd2_page_2.pdf_order_6b2daa2b"", ""type"": ""order"", ""passed"": false, ""category"": ""multi_column""}, {""id"": ""0114396ecb251aa3ebaeaeaed6bd4fe50bd2_page_2.pdf_order_f61eafae"", ""type"": ""order"", ""passed"": false, ""category"": ""multi_column""}, {""id"": ""0114396ecb251aa3ebaeaeaed6bd4fe50bd2_page_2.pdf_order_40a2536e"", ""type"": ""order"", ""passed"": false, ""category"": ""multi_column""}, {""id"": ""0114396ecb251aa3ebaeaeaed6bd4fe50bd2_page_2.pdf_order_b8d41298"", ""type"": ""order"", ""passed"": false, ""category"": ""multi_column""}, {""id"": ""auto_baseline"", ""type"": ""baseline"", ""passed"": true, ""category"": ""baseline""}]",,
rapidocr,docs,multi_column__019a8841dddeb304774ba62a9f5d8dccb43d_page_2_pg1,4.4723461829999565,,False,,,,,,,,,,,,False,,multi_column,5.0,2.0,"[{""id"": ""019a8841dddeb304774ba62a9f5d8dccb43d_page_2.pdf_order_00d331ca"", ""type"": ""order"", ""passed"": true, ""category"": ""multi_column""}, {""id"": ""019a8841dddeb304774ba62a9f5d8dccb43d_page_2.pdf_order_2410e748"", ""type"": ""order"", ""passed"": false, ""category"": ""multi_column""}, {""id"": ""019a8841dddeb304774ba62a9f5d8dccb43d_page_2.pdf_order_5a8cba0a"", ""type"": ""order"", ""passed"": false, ""category"": ""multi_column""}, {""id"": ""019a8841dddeb304774ba62a9f5d8dccb43d_page_2.pdf_order_6a2477bc"", ""type"": ""order"", ""passed"": false, ""category"": ""multi_column""}, {""id"": ""auto_baseline"", ""type"": ""baseline"", ""passed"": true, ""category"": ""baseline""}]",,
rapidocr,docs,multi_column__0208fbb5d6b646f972f4702428ad2cede5c5_page_6_pg1,3.9784927066249907,,False,,,,,,,,,,,,False,,multi_column,2.0,1.0,"[{""id"": ""0208fbb5d6b646f972f4702428ad2cede5c5_page_6.pdf_order_71ab8004"", ""type"": ""order"", ""passed"": false, ""category"": ""multi_column""}, {""id"": ""auto_baseline"", ""type"": ""baseline"", ""passed"": true, ""category"": ""baseline""}]",,
rapidocr,docs,multi_column__027c390510b2fd3364f5a382f2bc304af018_page_4_pg1,3.9784927066249907,,False,,,,,,,,,,,,False,,multi_column,5.0,1.0,"[{""id"": ""027c390510b2fd3364f5a382f2bc304af018_page_4.pdf_order_ea693a98"", ""type"": ""order"", ""passed"": false, ""category"": ""multi_column""}, {""id"": ""027c390510b2fd3364f5a382f2bc304af018_page_4.pdf_order_053bda58"", ""type"": ""order"", ""passed"": false, ""category"": ""multi_column""}, {""id"": ""027c390510b2fd3364f5a382f2bc304af018_page_4.pdf_order_9e06820d"", ""type"": ""order"", ""passed"": false, ""category"": ""multi_column""}, {""id"": ""027c390510b2fd3364f5a382f2bc304af018_page_4.pdf_order_97e749bf"", ""type"": ""order"", ""passed"": false, ""category"": ""multi_column""}, {""id"": ""auto_baseline"", ""type"": ""baseline"", ""passed"": true, ""category"": ""baseline""}]",,
rapidocr,docs,multi_column__02943986dff2d4a84b7c2dd81abfc51fceea_page_5_pg1,3.9784927066249907,,False,,,,,,,,,,,,False,,multi_column,5.0,1.0,"[{""id"": ""02943986dff2d4a84b7c2dd81abfc51fceea_page_5.pdf_order_3f1adc6b"", ""type"": ""order"", ""passed"": false, ""category"": ""multi_column""}, {""id"": ""02943986dff2d4a84b7c2dd81abfc51fceea_page_5.pdf_order_00ce4e6f"", ""type"": ""order"", ""passed"": false, ""category"": ""multi_column""}, {""id"": ""02943986dff2d4a84b7c2dd81abfc51fceea_page_5.pdf_order_46755e50"", ""type"": ""order"", ""passed"": false, ""category"": ""multi_column""}, {""id"": ""02943986dff2d4a84b7c2dd81abfc51fceea_page_5.pdf_order_13f6999c"", ""type"": ""order"", ""passed"": false, ""category"": ""multi_column""}, {""id"": ""auto_baseline"", ""type"": ""baseline"", ""passed"": true, ""category"": ""baseline""}]",,
rapidocr,docs,multi_column__02943986dff2d4a84b7c2dd81abfc51fceea_page_9_pg1,3.9784927066249907,,False,,,,,,,,,,,,False,,multi_column,5.0,1.0,"[{""id"": ""02943986dff2d4a84b7c2dd81abfc51fceea_page_9.pdf_order_babd8e0e"", ""type"": ""order"", ""passed"": false, ""category"": ""multi_column""}, {""id"": ""02943986dff2d4a84b7c2dd81abfc51fceea_page_9.pdf_order_2e6f0ead"", ""type"": ""order"", ""passed"": false, ""category"": ""multi_column""}, {""id"": ""02943986dff2d4a84b7c2dd81abfc51fceea_page_9.pdf_order_7e60c895"", ""type"": ""order"", ""passed"": false, ""category"": ""multi_column""}, {""id"": ""02943986dff2d4a84b7c2dd81abfc51fceea_page_9.pdf_order_81a40b7f"", ""type"": ""order"", ""passed"": false, ""category"": ""multi_column""}, {""id"": ""auto_baseline"", ""type"": ""baseline"", ""passed"": true, ""category"": ""baseline""}]",,
rapidocr,docs,multi_column__038650c9dfd95e7495d0c4d301d9dcca735a_page_1_pg1,3.9784927066249907,,False,,,,,,,,,,,,False,,multi_column,5.0,1.0,"[{""id"": ""038650c9dfd95e7495d0c4d301d9dcca735a_page_1.pdf_order_eb32d864"", ""type"": ""order"", ""passed"": false, ""category"": ""multi_column""}, {""id"": ""038650c9dfd95e7495d0c4d301d9dcca735a_page_1.pdf_order_517c20f9"", ""type"": ""order"", ""passed"": false, ""category"": ""multi_column""}, {""id"": ""038650c9dfd95e7495d0c4d301d9dcca735a_page_1.pdf_order_12a7fa3e"", ""type"": ""order"", ""passed"": false, ""category"": ""multi_column""}, {""id"": ""038650c9dfd95e7495d0c4d301d9dcca735a_page_1.pdf_order_cf779f79"", ""type"": ""order"", ""passed"": false, ""category"": ""multi_column""}, {""id"": ""auto_baseline"", ""type"": ""baseline"", ""passed"": true, ""category"": ""baseline""}]",,
rapidocr,docs,multi_column__0845863d27c84b14011e17a388821525e783_page_16_pg1,3.9784927066249907,,False,,,,,,,,,,,,False,,multi_column,4.0,1.0,"[{""id"": ""0845863d27c84b14011e17a388821525e783_page_16.pdf_order_dffceb1b"", ""type"": ""order"", ""passed"": false, ""category"": ""multi_column""}, {""id"": ""0845863d27c84b14011e17a388821525e783_page_16.pdf_order_ac24f586"", ""type"": ""order"", ""passed"": false, ""category"": ""multi_column""}, {""id"": ""0845863d27c84b14011e17a388821525e783_page_16.pdf_order_4bda9b61"", ""type"": ""order"", ""passed"": false, ""category"": ""multi_column""}, {""id"": ""auto_baseline"", ""type"": ""baseline"", ""passed"": true, ""category"": ""baseline""}]",,
rapidocr,docs,old_scans__1,3.9784927066249907,,False,,,,,,,,,,,,False,,old_scans,6.0,1.0,"[{""id"": ""1_680487"", ""type"": ""present"", ""passed"": false, ""category"": ""old_scans""}, {""id"": ""1_126739"", ""type"": ""absent"", ""passed"": false, ""category"": ""old_scans""}, {""id"": ""1_36225"", ""type"": ""present"", ""passed"": false, ""category"": ""old_scans""}, {""id"": ""1_787572"", ""type"": ""order"", ""passed"": false, ""category"": ""old_scans""}, {""id"": ""1_298389"", ""type"": ""order"", ""passed"": false, ""category"": ""old_scans""}, {""id"": ""auto_baseline"", ""type"": ""baseline"", ""passed"": true, ""category"": ""baseline""}]",,
rapidocr,docs,old_scans__21,3.9784927066249907,,False,,,,,,,,,,,,False,,old_scans,8.0,2.0,"[{""id"": ""21_398162"", ""type"": ""present"", ""passed"": false, ""category"": ""old_scans""}, {""id"": ""21_382528"", ""type"": ""order"", ""passed"": false, ""category"": ""old_scans""}, {""id"": ""21_229684"", ""type"": ""absent"", ""passed"": true, ""category"": ""old_scans""}, {""id"": ""21_712729"", ""type"": ""present"", ""passed"": false, ""category"": ""old_scans""}, {""id"": ""21_289946"", ""type"": ""present"", ""passed"": false, ""category"": ""old_scans""}, {""id"": ""21_745911"", ""type"": ""present"", ""passed"": false, ""category"": ""old_scans""}, {""id"": ""21_992153"", ""type"": ""order"", ""passed"": false, ""category"": ""old_scans""}, {""id"": ""auto_baseline"", ""type"": ""baseline"", ""passed"": true, ""category"": ""baseline""}]",,
rapidocr,docs,old_scans__23,1.8271940006250134,,False,,,,,,,,,,,,False,,old_scans,6.0,5.0,"[{""id"": ""23_675822"", ""type"": ""present"", ""passed"": false, ""category"": ""old_scans""}, {""id"": ""23_189451"", ""type"": ""order"", ""passed"": true, ""category"": ""old_scans""}, {""id"": ""23_570086"", ""type"": ""absent"", ""passed"": true, ""category"": ""old_scans""}, {""id"": ""23_774544"", ""type"": ""present"", ""passed"": true, ""category"": ""old_scans""}, {""id"": ""23_266702"", ""type"": ""present"", ""passed"": true, ""category"": ""old_scans""}, {""id"": ""auto_baseline"", ""type"": ""baseline"", ""passed"": true, ""category"": ""baseline""}]",,
rapidocr,docs,old_scans__26,1.8271940006250134,,False,,,,,,,,,,,,False,,old_scans,5.0,2.0,"[{""id"": ""26_727870"", ""type"": ""present"", ""passed"": false, ""category"": ""old_scans""}, {""id"": ""26_350035"", ""type"": ""order"", ""passed"": false, ""category"": ""old_scans""}, {""id"": ""26_893794"", ""type"": ""absent"", ""passed"": true, ""category"": ""old_scans""}, {""id"": ""26_815635"", ""type"": ""present"", ""passed"": false, ""category"": ""old_scans""}, {""id"": ""auto_baseline"", ""type"": ""baseline"", ""passed"": true, ""category"": ""baseline""}]",,
rapidocr,docs,old_scans__52,1.8271940006250134,,False,,,,,,,,,,,,False,,old_scans,4.0,1.0,"[{""id"": ""52_591542"", ""type"": ""present"", ""passed"": false, ""category"": ""old_scans""}, {""id"": ""52_323921"", ""type"": ""present"", ""passed"": false, ""category"": ""old_scans""}, {""id"": ""52_987017"", ""type"": ""present"", ""passed"": false, ""category"": ""old_scans""}, {""id"": ""auto_baseline"", ""type"": ""baseline"", ""passed"": true, ""category"": ""baseline""}]",,
rapidocr,docs,old_scans__55,1.8271940006250134,,False,,,,,,,,,,,,False,,old_scans,4.0,1.0,"[{""id"": ""55_930782"", ""type"": ""present"", ""passed"": false, ""category"": ""old_scans""}, {""id"": ""55_150814"", ""type"": ""present"", ""passed"": false, ""category"": ""old_scans""}, {""id"": ""55_287312"", ""type"": ""present"", ""passed"": false, ""category"": ""old_scans""}, {""id"": ""auto_baseline"", ""type"": ""baseline"", ""passed"": true, ""category"": ""baseline""}]",,
rapidocr,docs,old_scans__58,1.8271940006250134,,False,,,,,,,,,,,,False,,old_scans,7.0,3.0,"[{""id"": ""58_984036"", ""type"": ""present"", ""passed"": true, ""category"": ""old_scans""}, {""id"": ""58_575492"", ""type"": ""order"", ""passed"": false, ""category"": ""old_scans""}, {""id"": ""58_801952"", ""type"": ""absent"", ""passed"": true, ""category"": ""old_scans""}, {""id"": ""58_775388"", ""type"": ""present"", ""passed"": false, ""category"": ""old_scans""}, {""id"": ""58_733378"", ""type"": ""present"", ""passed"": false, ""category"": ""old_scans""}, {""id"": ""58_220922"", ""type"": ""order"", ""passed"": false, ""category"": ""old_scans""}, {""id"": ""auto_baseline"", ""type"": ""baseline"", ""passed"": true, ""category"": ""baseline""}]",,
rapidocr,docs,old_scans__82,1.8271940006250134,,False,,,,,,,,,,,,False,,old_scans,7.0,1.0,"[{""id"": ""82_617314"", ""type"": ""present"", ""passed"": false, ""category"": ""old_scans""}, {""id"": ""82_781476"", ""type"": ""order"", ""passed"": false, ""category"": ""old_scans""}, {""id"": ""82_578532"", ""type"": ""present"", ""passed"": false, ""category"": ""old_scans""}, {""id"": ""82_73918"", ""type"": ""present"", ""passed"": false, ""category"": ""old_scans""}, {""id"": ""82_794309"", ""type"": ""present"", ""passed"": false, ""category"": ""old_scans""}, {""id"": ""82_338838"", ""type"": ""order"", ""passed"": false, ""category"": ""old_scans""}, {""id"": ""auto_baseline"", ""type"": ""baseline"", ""passed"": true, ""category"": ""baseline""}]",,
rapidocr,docs,old_scans__85,1.8271940006250134,,False,,,,,,,,,,,,False,,old_scans,7.0,1.0,"[{""id"": ""85_204851"", ""type"": ""present"", ""passed"": false, ""category"": ""old_scans""}, {""id"": ""85_81849"", ""type"": ""order"", ""passed"": false, ""category"": ""old_scans""}, {""id"": ""85_633939"", ""type"": ""present"", ""passed"": false, ""category"": ""old_scans""}, {""id"": ""85_81262"", ""type"": ""present"", ""passed"": false, ""category"": ""old_scans""}, {""id"": ""85_718011"", ""type"": ""present"", ""passed"": false, ""category"": ""old_scans""}, {""id"": ""85_913682"", ""type"": ""order"", ""passed"": false, ""category"": ""old_scans""}, {""id"": ""auto_baseline"", ""type"": ""baseline"", ""passed"": true, ""category"": ""baseline""}]",,
rapidocr,docs,old_scans__96,1.8271940006250134,,False,,,,,,,,,,,,False,,old_scans,8.0,1.0,"[{""id"": ""96_686856"", ""type"": ""present"", ""passed"": false, ""category"": ""old_scans""}, {""id"": ""96_324569"", ""type"": ""order"", ""passed"": false, ""category"": ""old_scans""}, {""id"": ""96_489434"", ""type"": ""present"", ""passed"": false, ""category"": ""old_scans""}, {""id"": ""96_341535"", ""type"": ""present"", ""passed"": false, ""category"": ""old_scans""}, {""id"": ""96_984146"", ""type"": ""present"", ""passed"": false, ""category"": ""old_scans""}, {""id"": ""96_798387"", ""type"": ""order"", ""passed"": false, ""category"": ""old_scans""}, {""id"": ""96_991188"", ""type"": ""order"", ""passed"": false, ""category"": ""old_scans""}, {""id"": ""auto_baseline"", ""type"": ""baseline"", ""passed"": true, ""category"": ""baseline""}]",,
rapidocr,docs,tables__2d54e996d1247bd36695d872863eefebd8f8_pg4,3.5331622418750044,,False,,,,,,,,,,,,False,,table_tests,5.0,1.0,"[{""id"": ""2d54e996d1247bd36695d872863eefebd8f8_pg4_table_00"", ""type"": ""table"", ""passed"": false, ""category"": ""table_tests""}, {""id"": ""2d54e996d1247bd36695d872863eefebd8f8_pg4_table_01"", ""type"": ""table"", ""passed"": false, ""category"": ""table_tests""}, {""id"": ""2d54e996d1247bd36695d872863eefebd8f8_pg4_table_02"", ""type"": ""table"", ""passed"": false, ""category"": ""table_tests""}, {""id"": ""2d54e996d1247bd36695d872863eefebd8f8_pg4_table_03"", ""type"": ""table"", ""passed"": false, ""category"": ""table_tests""}, {""id"": ""auto_baseline"", ""type"": ""baseline"", ""passed"": true, ""category"": ""baseline""}]",,
rapidocr,docs,tables__2d932ac96ad0d8ccf81a56bd105fa18fdcbb_pg7,3.5331622418750044,,False,,,,,,,,,,,,False,,table_tests,2.0,1.0,"[{""id"": ""2d932ac96ad0d8ccf81a56bd105fa18fdcbb_pg7_table_00"", ""type"": ""table"", ""passed"": false, ""category"": ""table_tests""}, {""id"": ""auto_baseline"", ""type"": ""baseline"", ""passed"": true, ""category"": ""baseline""}]",,
rapidocr,docs,tables__4fafd7de9caa1cf3c0fad313d7bb24b2e685_pg9,3.5331622418750044,,False,,,,,,,,,,,,False,,table_tests,5.0,1.0,"[{""id"": ""4fafd7de9caa1cf3c0fad313d7bb24b2e685_pg9_table_00"", ""type"": ""table"", ""passed"": false, ""category"": ""table_tests""}, {""id"": ""4fafd7de9caa1cf3c0fad313d7bb24b2e685_pg9_table_01"", ""type"": ""table"", ""passed"": false, ""category"": ""table_tests""}, {""id"": ""4fafd7de9caa1cf3c0fad313d7bb24b2e685_pg9_table_02"", ""type"": ""table"", ""passed"": false, ""category"": ""table_tests""}, {""id"": ""4fafd7de9caa1cf3c0fad313d7bb24b2e685_pg9_table_03"", ""type"": ""table"", ""passed"": false, ""category"": ""table_tests""}, {""id"": ""auto_baseline"", ""type"": ""baseline"", ""passed"": true, ""category"": ""baseline""}]",,
rapidocr,docs,tables__529eeb84602e4fba7df7a4b127af6c830f97_pg12,3.5331622418750044,,False,,,,,,,,,,,,False,,table_tests,4.0,1.0,"[{""id"": ""529eeb84602e4fba7df7a4b127af6c830f97_pg12_table_00"", ""type"": ""table"", ""passed"": false, ""category"": ""table_tests""}, {""id"": ""529eeb84602e4fba7df7a4b127af6c830f97_pg12_table_01"", ""type"": ""table"", ""passed"": false, ""category"": ""table_tests""}, {""id"": ""529eeb84602e4fba7df7a4b127af6c830f97_pg12_table_04"", ""type"": ""table"", ""passed"": false, ""category"": ""table_tests""}, {""id"": ""auto_baseline"", ""type"": ""baseline"", ""passed"": true, ""category"": ""baseline""}]",,
rapidocr,docs,tables__a70c1fc81feccfd878dabffd3dc5617b584c_pg5,3.5331622418750044,,False,,,,,,,,,,,,False,,table_tests,6.0,1.0,"[{""id"": ""a70c1fc81feccfd878dabffd3dc5617b584c_pg5_table_00"", ""type"": ""table"", ""passed"": false, ""category"": ""table_tests""}, {""id"": ""a70c1fc81feccfd878dabffd3dc5617b584c_pg5_table_01"", ""type"": ""table"", ""passed"": false, ""category"": ""table_tests""}, {""id"": ""a70c1fc81feccfd878dabffd3dc5617b584c_pg5_table_02"", ""type"": ""table"", ""passed"": false, ""category"": ""table_tests""}, {""id"": ""a70c1fc81feccfd878dabffd3dc5617b584c_pg5_table_03"", ""type"": ""table"", ""passed"": false, ""category"": ""table_tests""}, {""id"": ""a70c1fc81feccfd878dabffd3dc5617b584c_pg5_table_04"", ""type"": ""table"", ""passed"": false, ""category"": ""table_tests""}, {""id"": ""auto_baseline"", ""type"": ""baseline"", ""passed"": true, ""category"": ""baseline""}]",,
rapidocr,docs,tables__b2a4c508f7839c1fbd2bb29a0d56c46bc00e_pg13_pg1,3.5331622418750044,,False,,,,,,,,,,,,False,,table_tests,11.0,1.0,"[{""id"": ""b2a4c508f7839c1fbd2bb29a0d56c46bc00e_pg13_table_00"", ""type"": ""table"", ""passed"": false, ""category"": ""table_tests""}, {""id"": ""b2a4c508f7839c1fbd2bb29a0d56c46bc00e_pg13_table_01"", ""type"": ""table"", ""passed"": false, ""category"": ""table_tests""}, {""id"": ""b2a4c508f7839c1fbd2bb29a0d56c46bc00e_pg13_table_02"", ""type"": ""table"", ""passed"": false, ""category"": ""table_tests""}, {""id"": ""b2a4c508f7839c1fbd2bb29a0d56c46bc00e_pg13_table_03"", ""type"": ""table"", ""passed"": false, ""category"": ""table_tests""}, {""id"": ""b2a4c508f7839c1fbd2bb29a0d56c46bc00e_pg13_table_04"", ""type"": ""table"", ""passed"": false, ""category"": ""table_tests""}, {""id"": ""b2a4c508f7839c1fbd2bb29a0d56c46bc00e_pg13_table_05"", ""type"": ""table"", ""passed"": false, ""category"": ""table_tests""}, {""id"": ""b2a4c508f7839c1fbd2bb29a0d56c46bc00e_pg13_table_06"", ""type"": ""table"", ""passed"": false, ""category"": ""table_tests""}, {""id"": ""b2a4c508f7839c1fbd2bb29a0d56c46bc00e_pg13_table_07"", ""type"": ""table"", ""passed"": false, ""category"": ""table_tests""}, {""id"": ""b2a4c508f7839c1fbd2bb29a0d56c46bc00e_pg13_table_08"", ""type"": ""table"", ""passed"": false, ""category"": ""table_tests""}, {""id"": ""b2a4c508f7839c1fbd2bb29a0d56c46bc00e_pg13_table_09"", ""type"": ""table"", ""passed"": false, ""category"": ""table_tests""}, {""id"": ""auto_baseline"", ""type"": ""baseline"", ""passed"": true, ""category"": ""baseline""}]",,
rapidocr,docs,tables__b45c138c634308a84b8b2e67997bef8aa70b_pg15,3.5331622418750044,,False,,,,,,,,,,,,False,,table_tests,6.0,1.0,"[{""id"": ""b45c138c634308a84b8b2e67997bef8aa70b_pg15_table_00"", ""type"": ""table"", ""passed"": false, ""category"": ""table_tests""}, {""id"": ""b45c138c634308a84b8b2e67997bef8aa70b_pg15_table_01"", ""type"": ""table"", ""passed"": false, ""category"": ""table_tests""}, {""id"": ""b45c138c634308a84b8b2e67997bef8aa70b_pg15_table_02"", ""type"": ""table"", ""passed"": false, ""category"": ""table_tests""}, {""id"": ""b45c138c634308a84b8b2e67997bef8aa70b_pg15_table_03"", ""type"": ""table"", ""passed"": false, ""category"": ""table_tests""}, {""id"": ""b45c138c634308a84b8b2e67997bef8aa70b_pg15_table_04"", ""type"": ""table"", ""passed"": false, ""category"": ""table_tests""}, {""id"": ""auto_baseline"", ""type"": ""baseline"", ""passed"": true, ""category"": ""baseline""}]",,
rapidocr,docs,tables__b5d9db350b31304da912832bcbafc47b64d8_pg2_pg1,3.5331622418750044,,False,,,,,,,,,,,,False,,table_tests,6.0,1.0,"[{""id"": ""b5d9db350b31304da912832bcbafc47b64d8_pg2_table_00"", ""type"": ""table"", ""passed"": false, ""category"": ""table_tests""}, {""id"": ""b5d9db350b31304da912832bcbafc47b64d8_pg2_table_01"", ""type"": ""table"", ""passed"": false, ""category"": ""table_tests""}, {""id"": ""b5d9db350b31304da912832bcbafc47b64d8_pg2_table_02"", ""type"": ""table"", ""passed"": false, ""category"": ""table_tests""}, {""id"": ""b5d9db350b31304da912832bcbafc47b64d8_pg2_table_03"", ""type"": ""table"", ""passed"": false, ""category"": ""table_tests""}, {""id"": ""b5d9db350b31304da912832bcbafc47b64d8_pg2_table_04"", ""type"": ""table"", ""passed"": false, ""category"": ""table_tests""}, {""id"": ""auto_baseline"", ""type"": ""baseline"", ""passed"": true, ""category"": ""baseline""}]",,
rapidocr,docs,tables__b773892dc3e755672b9e085e9eeb8ad18690_pg1_pg1,4.193693120500029,,False,,,,,,,,,,,,False,,table_tests,6.0,1.0,"[{""id"": ""b773892dc3e755672b9e085e9eeb8ad18690_pg1_table_00"", ""type"": ""table"", ""passed"": false, ""category"": ""table_tests""}, {""id"": ""b773892dc3e755672b9e085e9eeb8ad18690_pg1_table_01"", ""type"": ""table"", ""passed"": false, ""category"": ""table_tests""}, {""id"": ""b773892dc3e755672b9e085e9eeb8ad18690_pg1_table_02"", ""type"": ""table"", ""passed"": false, ""category"": ""table_tests""}, {""id"": ""b773892dc3e755672b9e085e9eeb8ad18690_pg1_table_03"", ""type"": ""table"", ""passed"": false, ""category"": ""table_tests""}, {""id"": ""b773892dc3e755672b9e085e9eeb8ad18690_pg1_table_04"", ""type"": ""table"", ""passed"": false, ""category"": ""table_tests""}, {""id"": ""auto_baseline"", ""type"": ""baseline"", ""passed"": true, ""category"": ""baseline""}]",,
rapidocr,docs,tables__fd6cb6dfe3a918390855052669d9a194231a_pg3,4.193693120500029,,False,,,,,,,,,,,,False,,table_tests,6.0,1.0,"[{""id"": ""fd6cb6dfe3a918390855052669d9a194231a_pg3_table_00"", ""type"": ""table"", ""passed"": false, ""category"": ""table_tests""}, {""id"": ""fd6cb6dfe3a918390855052669d9a194231a_pg3_table_01"", ""type"": ""table"", ""passed"": false, ""category"": ""table_tests""}, {""id"": ""fd6cb6dfe3a918390855052669d9a194231a_pg3_table_02"", ""type"": ""table"", ""passed"": false, ""category"": ""table_tests""}, {""id"": ""fd6cb6dfe3a918390855052669d9a194231a_pg3_table_03"", ""type"": ""table"", ""passed"": false, ""category"": ""table_tests""}, {""id"": ""fd6cb6dfe3a918390855052669d9a194231a_pg3_table_04"", ""type"": ""table"", ""passed"": false, ""category"": ""table_tests""}, {""id"": ""auto_baseline"", ""type"": ""baseline"", ""passed"": true, ""category"": ""baseline""}]",,
rapidocr,handwriting,iam_00023,0.8685718171249732,,False,,,0.325,0.325,0.75,13.0,40.0,0.25,0.2857142857142857,0.7142857142857143,0.9,False,False,,,,,,
rapidocr,handwriting,iam_00030,0.8685718171249732,,False,,,0.8909090909090909,0.8909090909090909,0.875,49.0,55.0,0.125,1.0,0.0,0.10909090909090909,False,False,,,,,,
rapidocr,handwriting,iam_00059,0.8685718171249732,,False,,,0.046511627906976744,0.046511627906976744,0.2857142857142857,2.0,43.0,0.7142857142857143,0.7142857142857143,0.2857142857142857,0.9767441860465116,False,False,,,,,,
rapidocr,handwriting,iam_00064,0.8685718171249732,,False,,,0.647887323943662,0.647887323943662,1.0,46.0,71.0,0.0,0.0,1.0,0.36619718309859156,False,False,,,,,,
rapidocr,handwriting,iam_00071,0.8685718171249732,,False,,,0.0,0.0,0.0,0.0,39.0,1.0,1.0,0.0,1.0,False,False,,,,,,
rapidocr,handwriting,iam_00079,0.8685718171249732,,False,,,0.023255813953488372,0.023255813953488372,0.14285714285714285,1.0,43.0,0.8571428571428571,0.8571428571428571,0.14285714285714285,1.0,False,False,,,,,,
rapidocr,handwriting,iam_00126,0.8685718171249732,,False,,,0.061224489795918366,0.061224489795918366,0.2727272727272727,3.0,49.0,0.8181818181818182,0.8181818181818182,0.18181818181818182,0.9795918367346939,False,False,,,,,,
rapidocr,handwriting,iam_00143,0.8685718171249732,,False,,,0.6153846153846154,0.6153846153846154,1.0,24.0,39.0,0.0,0.0,1.0,0.5128205128205128,False,False,,,,,,
rapidocr,handwriting,iam_00188,0.886364591125016,,False,,,0.6,0.6,0.8571428571428571,27.0,45.0,0.125,0.25,0.75,0.4,False,False,,,,,,
rapidocr,handwriting,iam_00258,0.886364591125016,,False,,,0.11538461538461539,0.11538461538461539,0.625,6.0,52.0,0.5,0.5,0.5,0.9615384615384616,False,False,,,,,,
rapidocr,handwriting,iam_00264,0.886364591125016,,False,,,0.13559322033898305,0.13559322033898305,0.5454545454545454,8.0,59.0,0.7,0.7,0.3,0.9830508474576272,False,False,,,,,,
rapidocr,handwriting,iam_00280,0.886364591125016,,False,,,0.32558139534883723,0.32558139534883723,1.0,14.0,43.0,0.16666666666666666,0.16666666666666666,0.8333333333333334,0.9069767441860465,False,False,,,,,,
rapidocr,handwriting,iam_00289,0.886364591125016,,False,,,0.15,0.15,0.3333333333333333,9.0,60.0,0.6666666666666666,0.7272727272727273,0.2727272727272727,0.9333333333333333,False,False,,,,,,
rapidocr,handwriting,iam_00343,0.886364591125016,,False,,,0.0784313725490196,0.0784313725490196,0.42857142857142855,4.0,51.0,0.5714285714285714,0.5714285714285714,0.42857142857142855,1.0196078431372548,False,False,,,,,,
rapidocr,handwriting,iam_00364,0.886364591125016,,False,,,0.1111111111111111,0.1111111111111111,0.3333333333333333,4.0,36.0,0.6666666666666666,0.6666666666666666,0.3333333333333333,1.0,False,False,,,,,,
rapidocr,handwriting,iam_00371,0.886364591125016,,False,,,0.3181818181818182,0.3181818181818182,0.5,14.0,44.0,0.5,0.5,0.5,0.8636363636363636,False,False,,,,,,
rapidocr,handwriting,iam_00373,0.8887322582500019,,False,,,0.21875,0.21875,0.8,7.0,32.0,0.2,0.2,0.8,0.84375,False,False,,,,,,
rapidocr,handwriting,iam_00403,0.8887322582500019,,False,,,0.8055555555555556,0.8055555555555556,1.0,29.0,36.0,0.0,0.0,1.0,0.5277777777777778,False,False,,,,,,
rapidocr,handwriting,iam_00468,0.8887322582500019,,False,,,0.10810810810810811,0.10810810810810811,0.42857142857142855,4.0,37.0,0.5714285714285714,0.6666666666666666,0.3333333333333333,0.8918918918918919,False,False,,,,,,
rapidocr,handwriting,iam_00478,0.8887322582500019,,False,,,0.13793103448275862,0.13793103448275862,0.8,4.0,29.0,0.2,0.25,0.75,1.0,False,False,,,,,,
rapidocr,handwriting,iam_00588,0.8887322582500019,,False,,,0.23404255319148937,0.23404255319148937,0.875,11.0,47.0,0.125,0.14285714285714285,0.8571428571428571,0.8085106382978723,False,False,,,,,,
rapidocr,handwriting,iam_00608,0.8887322582500019,,False,,,0.15384615384615385,0.15384615384615385,0.6666666666666666,8.0,52.0,0.375,0.42857142857142855,0.5714285714285714,0.8846153846153846,False,False,,,,,,
rapidocr,handwriting,iam_00749,0.8887322582500019,,False,,,1.0,1.0,1.0,12.0,12.0,0.5,0.5,0.5,1.0,False,False,,,,,,
rapidocr,handwriting,iam_00819,0.8887322582500019,,False,,,0.023255813953488372,0.023255813953488372,0.14285714285714285,1.0,43.0,0.8571428571428571,0.8571428571428571,0.14285714285714285,1.0,False,False,,,,,,
rapidocr,handwriting,iam_00969,0.9357760323750313,,False,,,0.025,0.025,0.14285714285714285,1.0,40.0,1.0,1.0,0.0,1.025,False,False,,,,,,
rapidocr,handwriting,iam_01020,0.9357760323750313,,False,,,0.0,0.0,0.0,0.0,35.0,1.0,1.0,0.0,1.0,False,False,,,,,,
rapidocr,handwriting,iam_01023,0.9357760323750313,,False,,,0.46808510638297873,0.46808510638297873,1.0,22.0,47.0,0.0,0.0,1.0,0.574468085106383,False,False,,,,,,
rapidocr,handwriting,iam_01091,0.9357760323750313,,False,,,0.0196078431372549,0.0196078431372549,0.1111111111111111,1.0,51.0,0.9,0.9,0.1,1.0,False,False,,,,,,
rapidocr,handwriting,iam_01104,0.9357760323750313,,False,,,0.03225806451612903,0.03225806451612903,0.16666666666666666,1.0,31.0,0.8333333333333334,0.8333333333333334,0.16666666666666666,1.0,False,False,,,,,,
rapidocr,handwriting,iam_01238,0.9357760323750313,,False,,,0.25,0.25,0.6666666666666666,10.0,40.0,0.3333333333333333,0.3333333333333333,0.6666666666666666,0.875,False,False,,,,,,
rapidocr,handwriting,iam_01366,0.9357760323750313,,False,,,0.6595744680851063,0.6595744680851063,1.0,31.0,47.0,0.0,0.0,1.0,0.3404255319148936,False,False,,,,,,
rapidocr,handwriting,iam_01417,0.9357760323750313,,False,,,0.0,0.0,0.0,0.0,53.0,1.0,1.0,0.0,1.0,False,False,,,,,,
rapidocr,handwriting,iam_01452,0.8574147698749925,,False,,,0.49019607843137253,0.49019607843137253,0.875,25.0,51.0,0.125,0.25,0.75,0.5490196078431373,False,False,,,,,,
rapidocr,handwriting,iam_01455,0.8574147698749925,,False,,,0.6,0.6,2.0,3.0,5.0,0.0,0.0,1.0,1.0,False,False,,,,,,
rapidocr,handwriting,iam_01805,0.8574147698749925,,False,,,0.07894736842105263,0.07894736842105263,0.375,3.0,38.0,0.625,0.625,0.375,0.9736842105263158,False,False,,,,,,
rapidocr,handwriting,iam_01857,0.8574147698749925,,False,,,0.16216216216216217,0.16216216216216217,0.7142857142857143,6.0,37.0,0.2857142857142857,0.3333333333333333,0.6666666666666666,0.918918918918919,False,False,,,,,,
rapidocr,handwriting,iam_01898,0.8574147698749925,,False,,,0.06,0.06,0.4,3.0,50.0,0.9,0.9,0.1,0.98,False,False,,,,,,
rapidocr,handwriting,iam_01908,0.8574147698749925,,False,,,0.0,0.0,0.0,0.0,53.0,1.0,1.0,0.0,1.0,False,False,,,,,,
rapidocr,handwriting,iam_01970,0.8574147698749925,,False,,,1.0,1.0,1.0,40.0,40.0,0.0,0.0,0.0,0.0,True,False,,,,,,
rapidocr,handwriting,iam_01983,0.8574147698749925,,False,,,1.0,1.0,1.0,46.0,46.0,0.0,0.0,0.0,0.0,True,False,,,,,,
rapidocr,handwriting,iam_01993,1.1599975072500115,,False,,,0.10869565217391304,0.10869565217391304,0.7777777777777778,5.0,46.0,0.2222222222222222,0.3333333333333333,0.6666666666666666,0.9130434782608695,False,False,,,,,,
rapidocr,handwriting,iam_02060,1.1599975072500115,,False,,,0.5510204081632653,0.5510204081632653,0.6666666666666666,27.0,49.0,0.3333333333333333,0.42857142857142855,0.5714285714285714,0.5918367346938775,False,False,,,,,,
rapidocr,handwriting,iam_02081,1.1599975072500115,,False,,,0.17777777777777778,0.17777777777777778,0.7,8.0,45.0,0.4444444444444444,0.5,0.5,0.9555555555555556,False,False,,,,,,
rapidocr,handwriting,iam_02109,1.1599975072500115,,False,,,0.8372093023255814,0.8372093023255814,0.8888888888888888,36.0,43.0,0.1111111111111111,0.3333333333333333,0.6666666666666666,0.20930232558139536,False,False,,,,,,
rapidocr,handwriting,iam_02171,1.1599975072500115,,False,,,0.025,0.025,0.2,1.0,40.0,0.8,0.8,0.2,0.975,False,False,,,,,,
rapidocr,handwriting,iam_02216,1.1599975072500115,,False,,,0.14634146341463414,0.14634146341463414,0.7142857142857143,6.0,41.0,0.42857142857142855,0.42857142857142855,0.5714285714285714,0.975609756097561,False,False,,,,,,
rapidocr,handwriting,iam_02279,1.1599975072500115,,False,,,1.0,1.0,1.0,49.0,49.0,0.0,0.0,0.0,0.0,True,False,,,,,,
rapidocr,handwriting,iam_02371,1.1599975072500115,,False,,,0.5,0.5,0.8,11.0,22.0,0.5,0.6666666666666666,0.3333333333333333,0.5454545454545454,False,False,,,,,,
rapidocr,handwriting,iam_02384,0.86345985062502,,False,,,1.0,1.0,1.0,39.0,39.0,0.0,0.0,0.0,0.0,True,False,,,,,,
rapidocr,handwriting,iam_02463,0.86345985062502,,False,,,0.1,0.1,0.5,4.0,40.0,0.7,0.7777777777777778,0.2222222222222222,0.95,False,False,,,,,,
rapidocr,handwriting,iam_02522,0.86345985062502,,False,,,0.24489795918367346,0.24489795918367346,0.8571428571428571,12.0,49.0,0.125,0.16666666666666666,0.8333333333333334,0.8571428571428571,False,False,,,,,,
rapidocr,handwriting,iam_02552,0.86345985062502,,False,,,0.07317073170731707,0.07317073170731707,0.3,3.0,41.0,0.7272727272727273,0.7272727272727273,0.2727272727272727,0.975609756097561,False,False,,,,,,
rapidocr,handwriting,iam_02640,0.86345985062502,,False,,,1.0,1.0,1.0,49.0,49.0,0.0,0.0,0.0,0.0,True,False,,,,,,
rapidocr,handwriting,iam_02655,0.86345985062502,,False,,,0.7254901960784313,0.7254901960784313,1.0,37.0,51.0,0.0,0.0,1.0,0.27450980392156865,False,False,,,,,,
rapidocr,handwriting,iam_02684,0.86345985062502,,False,,,1.0,1.0,1.0,57.0,57.0,0.0,0.0,0.0,0.0,True,False,,,,,,
rapidocr,handwriting,iam_02725,0.86345985062502,,False,,,0.8771929824561403,0.8771929824561403,0.9,50.0,57.0,0.09090909090909091,0.5,0.5,0.14035087719298245,False,False,,,,,,
rapidocr,handwriting,iam_02733,0.9025642282499575,,False,,,0.6666666666666666,0.6666666666666666,1.0,26.0,39.0,0.3333333333333333,0.3333333333333333,0.6666666666666666,1.0,False,False,,,,,,
rapidocr,handwriting,iam_02750,0.9025642282499575,,False,,,0.1,0.1,0.2857142857142857,4.0,40.0,0.8571428571428571,0.75,0.25,1.1,False,False,,,,,,
rapidocr,handwriting,iam_02765,0.9025642282499575,,False,,,0.2894736842105263,0.2894736842105263,0.625,11.0,38.0,0.375,0.42857142857142855,0.5714285714285714,0.868421052631579,False,False,,,,,,
rapidocr,handwriting,iam_02838,0.9025642282499575,,False,,,0.07407407407407407,0.07407407407407407,0.16666666666666666,2.0,27.0,0.8333333333333334,0.8333333333333334,0.16666666666666666,0.9629629629629629,False,False,,,,,,
rapidocr,stress,syn000_prose__clean,2.068181490375025,,False,,,0.0,0.0,0.0,0.0,2182.0,1.0,1.0,0.0,1.0,False,False,,,,,prose,clean
rapidocr,stress,syn000_prose__dpi150,2.068181490375025,,False,,,0.0,0.0,0.0,0.0,2182.0,1.0,1.0,0.0,1.0,False,False,,,,,prose,dpi150
rapidocr,stress,syn000_prose__dpi75,2.068181490375025,,False,,,0.0,0.0,0.0,0.0,2182.0,1.0,1.0,0.0,1.0,False,False,,,,,prose,dpi75
rapidocr,stress,syn000_prose__blur,2.068181490375025,,False,,,0.06453089244851258,0.06461961503208066,0.11053984575835475,141.0,2182.0,0.8967254408060453,0.9081632653061225,0.09183673469387756,0.9472960586617782,False,False,,,,,prose,blur
rapidocr,stress,syn000_prose__noise,2.068181490375025,,False,,,0.0,0.0,0.0,0.0,2182.0,1.0,1.0,0.0,1.0,False,False,,,,,prose,noise
rapidocr,stress,syn000_prose__rotate3,2.068181490375025,,False,,,0.036155606407322655,0.03620531622364803,0.05141388174807198,79.0,2182.0,0.9496221662468514,0.9691516709511568,0.030848329048843187,0.9665444546287809,False,False,,,,,prose,rotate3
rapidocr,stress,syn000_prose__rotate8,2.068181490375025,,False,,,0.036613272311212815,0.03666361136571952,0.05141388174807198,80.0,2182.0,0.9496221662468514,0.9691516709511568,0.030848329048843187,0.9665444546287809,False,False,,,,,prose,rotate8
rapidocr,stress,syn000_prose__jpeg_q10,2.068181490375025,,False,,,0.0009153318077803204,0.00045829514207149406,0.005141388174807198,1.0,2182.0,1.0,1.0,0.0,0.9995417048579285,False,False,,,,,prose,jpeg_q10
rapidocr,stress,syn000_prose__low_contrast,2.0354239547500015,,False,,,0.0004576659038901602,0.00045829514207149406,0.005141388174807198,1.0,2182.0,1.0,1.0,0.0,0.9995417048579285,False,False,,,,,prose,low_contrast
rapidocr,stress,syn000_prose__photocopy,2.0354239547500015,,False,,,0.0004576659038901602,0.00045829514207149406,0.002570694087403599,1.0,2182.0,0.9974811083123426,0.9974811083123426,0.0025188916876574307,1.0,False,False,,,,,prose,photocopy
rapidocr,stress,syn000_prose__phone_photo,2.0354239547500015,,False,,,0.0,0.0,0.0,0.0,2182.0,1.0,1.0,0.0,1.0,False,False,,,,,prose,phone_photo
rapidocr,stress,syn001_two_column__clean,2.0354239547500015,,False,,,0.6410505836575876,0.6410505836575876,0.806970509383378,1318.0,2056.0,0.952,0.9727520435967303,0.027247956403269755,0.9674124513618677,False,False,,,,,two_column,clean
rapidocr,stress,syn001_two_column__dpi150,2.0354239547500015,,False,,,0.6600194552529183,0.6600194552529183,0.8150134048257373,1357.0,2056.0,1.0,1.0,0.0,1.0,False,False,,,,,two_column,dpi150
rapidocr,stress,syn001_two_column__dpi75,2.0354239547500015,,False,,,0.6541828793774319,0.6541828793774319,0.8096514745308311,1345.0,2056.0,1.0,1.0,0.0,1.0,False,False,,,,,two_column,dpi75
rapidocr,stress,syn001_two_column__blur,2.0354239547500015,,False,,,0.6434824902723736,0.6434824902723736,0.8016085790884718,1323.0,2056.0,0.952,0.9754098360655737,0.02459016393442623,0.9683852140077821,False,False,,,,,two_column,blur
rapidocr,stress,syn001_two_column__noise,2.0354239547500015,,False,,,0.6590466926070039,0.6590466926070039,0.8150134048257373,1355.0,2056.0,1.0,1.0,0.0,1.0,False,False,,,,,two_column,noise
rapidocr,stress,syn001_two_column__rotate3,1.8316750609999985,,False,,,0.686284046692607,0.686284046692607,0.8552278820375335,1411.0,2056.0,0.976,0.9865229110512129,0.013477088948787063,0.9849221789883269,False,False,,,,,two_column,rotate3
rapidocr,stress,syn001_two_column__rotate8,1.8316750609999985,,False,,,0.5491245136186771,0.5491245136186771,0.6729222520107239,1129.0,2056.0,1.0,1.0,0.0,1.0,False,False,,,,,two_column,rotate8
rapidocr,stress,syn001_two_column__jpeg_q10,1.8316750609999985,,False,,,0.6473735408560312,0.6473735408560312,0.8096514745308311,1331.0,2056.0,0.9706666666666667,0.9837837837837838,0.016216216216216217,0.9824902723735408,False,False,,,,,two_column,jpeg_q10
rapidocr,stress,syn001_two_column__low_contrast,1.8316750609999985,,False,,,0.6590466926070039,0.6590466926070039,0.8150134048257373,1355.0,2056.0,1.0,1.0,0.0,1.0,False,False,,,,,two_column,low_contrast
rapidocr,stress,syn001_two_column__photocopy,1.8316750609999985,,False,,,0.6595330739299611,0.6595330739299611,0.8150134048257373,1356.0,2056.0,0.9973333333333333,0.9973333333333333,0.0026666666666666666,1.0,False,False,,,,,two_column,photocopy
rapidocr,stress,syn001_two_column__phone_photo,1.8316750609999985,,False,,,0.6960116731517509,0.6960116731517509,0.8579088471849866,1431.0,2056.0,1.0,1.0,0.0,1.0,False,False,,,,,two_column,phone_photo
rapidocr,stress,syn002_table__clean,1.8316750609999985,,False,,,0.002347417840375587,0.002347417840375587,0.015384615384615385,1.0,426.0,0.9888888888888889,0.9888888888888889,0.011111111111111112,1.0023474178403755,False,False,,,,,table,clean
rapidocr,stress,syn002_table__dpi150,1.8316750609999985,,False,,,0.0,0.0,0.0,0.0,426.0,1.0,1.0,0.0,1.0,False,False,,,,,table,dpi150
rapidocr,stress,syn002_table__dpi75,1.4512688828750129,,False,,,0.025821596244131457,0.025821596244131457,0.16923076923076924,11.0,426.0,0.8777777777777778,0.8777777777777778,0.12222222222222222,1.0258215962441315,False,False,,,,,table,dpi75
rapidocr,stress,syn002_table__blur,1.4512688828750129,,False,,,0.0,0.0,0.0,0.0,426.0,1.0,1.0,0.0,1.0,False,False,,,,,table,blur
rapidocr,stress,syn002_table__noise,1.4512688828750129,,False,,,0.002347417840375587,0.002347417840375587,0.015384615384615385,1.0,426.0,1.0,1.0,0.0,1.0023474178403755,False,False,,,,,table,noise
rapidocr,stress,syn002_table__rotate3,1.4512688828750129,,False,,,0.3215962441314554,0.3215962441314554,0.46153846153846156,137.0,426.0,1.0,1.0,0.0,1.0,False,False,,,,,table,rotate3
rapidocr,stress,syn002_table__rotate8,1.4512688828750129,,False,,,0.3873239436619718,0.3873239436619718,0.5076923076923077,165.0,426.0,1.0,1.0,0.0,1.0,False,False,,,,,table,rotate8
rapidocr,stress,syn002_table__jpeg_q10,1.4512688828750129,,False,,,0.002347417840375587,0.002347417840375587,0.015384615384615385,1.0,426.0,0.9888888888888889,0.9888888888888889,0.011111111111111112,1.0,False,False,,,,,table,jpeg_q10
rapidocr,stress,syn002_table__low_contrast,1.4512688828750129,,False,,,0.0,0.0,0.0,0.0,426.0,1.0,1.0,0.0,1.0,False,False,,,,,table,low_contrast
rapidocr,stress,syn002_table__photocopy,1.4512688828750129,,False,,,0.08215962441314555,0.08215962441314555,0.16923076923076924,35.0,426.0,0.8555555555555555,0.9746835443037974,0.02531645569620253,0.9295774647887324,False,False,,,,,table,photocopy
rapidocr,stress,syn002_table__phone_photo,1.3723384898750055,,False,,,0.2746478873239437,0.2746478873239437,0.4307692307692308,117.0,426.0,1.0,1.0,0.0,1.0,False,False,,,,,table,phone_photo
rapidocr,stress,syn003_invoice__clean,1.3723384898750055,,False,,,0.0,0.0,0.0,0.0,463.0,1.0,1.0,0.0,1.0,False,False,,,,,invoice,clean
rapidocr,stress,syn003_invoice__dpi150,1.3723384898750055,,False,,,0.0,0.0,0.0,0.0,463.0,1.0,1.0,0.0,1.0,False,False,,,,,invoice,dpi150
rapidocr,stress,syn003_invoice__dpi75,1.3723384898750055,,False,,,0.0,0.0,0.0,0.0,463.0,1.0,1.0,0.0,1.0,False,False,,,,,invoice,dpi75
rapidocr,stress,syn003_invoice__blur,1.3723384898750055,,False,,,0.0,0.0,0.0,0.0,463.0,1.0,1.0,0.0,1.0,False,False,,,,,invoice,blur
rapidocr,stress,syn003_invoice__noise,1.3723384898750055,,False,,,0.0,0.0,0.0,0.0,463.0,1.0,1.0,0.0,1.0,False,False,,,,,invoice,noise
rapidocr,stress,syn003_invoice__rotate3,1.3723384898750055,,False,,,0.24622030237580994,0.24622030237580994,0.30303030303030304,114.0,463.0,1.0,1.0,0.0,1.0,False,False,,,,,invoice,rotate3
rapidocr,stress,syn003_invoice__rotate8,1.3723384898750055,,False,,,0.265658747300216,0.265658747300216,0.3333333333333333,123.0,463.0,1.0,1.0,0.0,1.0,False,False,,,,,invoice,rotate8
rapidocr,stress,syn003_invoice__jpeg_q10,1.6246858508750393,,False,,,0.0,0.0,0.0,0.0,463.0,1.0,1.0,0.0,1.0,False,False,,,,,invoice,jpeg_q10
rapidocr,stress,syn003_invoice__low_contrast,1.6246858508750393,,False,,,0.0,0.0,0.0,0.0,463.0,1.0,1.0,0.0,1.0,False,False,,,,,invoice,low_contrast
rapidocr,stress,syn003_invoice__photocopy,1.6246858508750393,,False,,,0.0021598272138228943,0.0021598272138228943,0.015151515151515152,1.0,463.0,1.0,1.0,0.0,1.0,False,False,,,,,invoice,photocopy
rapidocr,stress,syn003_invoice__phone_photo,1.6246858508750393,,False,,,0.23110151187904968,0.23110151187904968,0.30303030303030304,107.0,463.0,1.0,1.0,0.0,1.0,False,False,,,,,invoice,phone_photo
rapidocr,stress,syn004_prose__clean,1.6246858508750393,,False,,,0.0,0.0,0.0,0.0,2242.0,1.0,1.0,0.0,1.0,False,False,,,,,prose,clean
rapidocr,stress,syn004_prose__dpi150,1.6246858508750393,,False,,,0.0,0.0,0.0,0.0,2242.0,1.0,1.0,0.0,1.0,False,False,,,,,prose,dpi150
rapidocr,stress,syn004_prose__dpi75,1.6246858508750393,,False,,,0.0,0.0,0.0,0.0,2242.0,1.0,1.0,0.0,1.0,False,False,,,,,prose,dpi75
rapidocr,stress,syn004_prose__blur,1.6246858508750393,,False,,,0.0,0.0,0.0,0.0,2242.0,1.0,1.0,0.0,1.0,False,False,,,,,prose,blur
rapidocr,stress,syn004_prose__noise,2.2825275610000193,,False,,,0.0,0.0,0.0,0.0,2242.0,1.0,1.0,0.0,1.0,False,False,,,,,prose,noise
rapidocr,stress,syn004_prose__rotate3,2.2825275610000193,,False,,,0.0,0.0,0.0,0.0,2242.0,1.0,1.0,0.0,1.0,False,False,,,,,prose,rotate3
rapidocr,stress,syn004_prose__rotate8,2.2825275610000193,,False,,,0.0,0.0,0.0,0.0,2242.0,1.0,1.0,0.0,1.0,False,False,,,,,prose,rotate8
rapidocr,stress,syn004_prose__jpeg_q10,2.2825275610000193,,False,,,0.00044603033006244426,0.00044603033006244426,0.005115089514066497,1.0,2242.0,1.0,1.0,0.0,0.9995539696699376,False,False,,,,,prose,jpeg_q10
rapidocr,stress,syn004_prose__low_contrast,2.2825275610000193,,False,,,0.0,0.0,0.0,0.0,2242.0,1.0,1.0,0.0,1.0,False,False,,,,,prose,low_contrast
rapidocr,stress,syn004_prose__photocopy,2.2825275610000193,,False,,,0.028991971454058876,0.028991971454058876,0.03324808184143223,65.0,2242.0,0.9670050761421319,0.9694656488549618,0.030534351145038167,0.971900089206066,False,False,,,,,prose,photocopy
rapidocr,stress,syn004_prose__phone_photo,2.2825275610000193,,False,,,0.0,0.0,0.0,0.0,2242.0,1.0,1.0,0.0,1.0,False,False,,,,,prose,phone_photo
surya,books,birdsofgreatbrit02butl_0093_full,4.376723800875084,,False,birdsofgreatbrit02butl,en,0.013548951048951048,0.004795117698343505,0.01078167115902965,11.0,2294.0,0.9974093264248705,0.9974093264248705,0.0025906735751295338,0.9995640802092415,False,False,,,,,,
surya,books,birdsofgreatbrit02butl_0126_full,4.376723800875084,,False,birdsofgreatbrit02butl,en,0.010923185341789992,0.0007042253521126761,0.006507592190889371,2.0,2840.0,1.0,1.0,0.0,1.0007042253521128,False,False,,,,,,
surya,books,birdsofgreatbrit02butl_0156_full,4.376723800875084,,False,birdsofgreatbrit02butl,en,0.013440860215053764,0.00267379679144385,0.009868421052631578,5.0,1870.0,0.9935897435897436,0.9935897435897436,0.00641025641025641,1.0010695187165775,False,False,,,,,,
surya,books,birdsofgreatbrit02butl_0159_full,4.376723800875084,,False,birdsofgreatbrit02butl,en,0.010038075458636206,0.0020711080428028996,0.003861003861003861,6.0,2897.0,1.0,1.0,0.0,1.0,False,False,,,,,,
surya,books,birdsofgreatbrit02butl_0172_full,4.376723800875084,,False,birdsofgreatbrit02butl,en,0.019632678910702975,0.003771213073538655,0.008620689655172414,12.0,3182.0,0.9932203389830508,0.9932203389830508,0.006779661016949152,1.0003142677561283,False,False,,,,,,
surya,books,birdsofgreatbrit02butl_0308_full,4.376723800875084,,False,birdsofgreatbrit02butl,en,0.006027397260273973,0.000547645125958379,0.003048780487804878,1.0,1826.0,0.9970326409495549,0.9970326409495549,0.002967359050445104,0.9994523548740416,False,False,,,,,,
surya,books,birdsofgreatbrit02butl_0312_full,4.376723800875084,,False,birdsofgreatbrit02butl,en,0.013992537313432836,0.009319664492078284,0.033707865168539325,10.0,1073.0,0.989010989010989,0.9836065573770492,0.01639344262295082,1.005591798695247,False,False,,,,,,
surya,books,birdsofgreatbrit02butl_0320_full,4.376723800875084,,False,birdsofgreatbrit02butl,en,0.004096495220755576,0.001364877161055505,0.005479452054794521,3.0,2198.0,0.9947916666666666,0.9947916666666666,0.005208333333333333,0.9995450409463148,False,False,,,,,,
surya,books,birdsofgreatbrit02butl_0328_full,4.724024811874983,,False,birdsofgreatbrit02butl,en,0.06933744221879815,0.0662557781201849,0.1368421052631579,43.0,649.0,0.9339622641509434,0.868421052631579,0.13157894736842105,1.0539291217257318,False,False,,,,,,
surya,books,conchologiaiconi05reev_0039_full,4.724024811874983,,False,conchologiaiconi05reev,en,0.7656488549618321,0.7617107942973523,0.9404553415061296,2992.0,3928.0,0.9247863247863248,0.9247863247863248,0.07521367521367521,1.0010183299389002,False,False,,,,,,
surya,books,conchologiaiconi05reev_0127_full,4.724024811874983,,False,conchologiaiconi05reev,en,0.7489580779602844,0.7464927393551563,0.9401544401544402,3033.0,4063.0,0.8773234200743495,0.87569573283859,0.12430426716141002,1.0004922471080482,False,False,,,,,,
surya,books,conchologiaiconi05reev_0200_full,4.724024811874983,,False,conchologiaiconi05reev,en,0.7551553119290002,0.7522356654392425,0.9005964214711729,2860.0,3802.0,0.8716475095785441,0.869980879541109,0.13001912045889102,1.0013150973172014,False,False,,,,,,
surya,books,conchologiaiconi05reev_0235_full,4.724024811874983,,False,conchologiaiconi05reev,en,0.7459129952895539,0.7415324819544697,0.9217391304347826,2671.0,3602.0,0.8640167364016736,0.8640167364016736,0.13598326359832635,1.0,False,False,,,,,,
surya,books,conchologiaiconi05reev_0271_full,4.724024811874983,,False,conchologiaiconi05reev,en,0.7317792068595927,0.7272970800964372,0.9495798319327731,2715.0,3733.0,0.847870182555781,0.847870182555781,0.15212981744421908,1.0,False,False,,,,,,
surya,books,conchologiaiconi05reev_0276_full,4.724024811874983,,False,conchologiaiconi05reev,en,0.761311475409836,0.7567389875082183,0.9372822299651568,3453.0,4563.0,0.8693467336683417,0.8708053691275168,0.12919463087248323,1.0,False,False,,,,,,
surya,books,conchologiaiconi05reev_0350_full,4.724024811874983,,False,conchologiaiconi05reev,en,0.7267734553775743,0.7220946256316031,0.8949152542372881,1572.0,2177.0,0.8443708609271523,0.8443708609271523,0.15562913907284767,1.0004593477262287,False,False,,,,,,
surya,books,conchologiaiconi05reev_0354_full,5.349114926875018,,False,conchologiaiconi05reev,en,0.7441664323868429,0.7397414277684092,0.9156118143459916,2632.0,3558.0,0.8823529411764706,0.8823529411764706,0.11764705882352941,0.9994378864530635,False,False,,,,,,
surya,books,conchologiaiconi05reev_0433_full,5.349114926875018,,False,conchologiaiconi05reev,en,0.7251556999729217,0.7230978260869565,0.9152173913043479,2661.0,3680.0,0.8624229979466119,0.860655737704918,0.13934426229508196,1.0040760869565217,False,False,,,,,,
surya,books,daschitinskelett00prel_0011_full,5.349114926875018,,False,daschitinskelett00prel,de,0.001589319771137953,0.001595405232929164,0.01152073732718894,5.0,3134.0,0.9953596287703016,0.9976744186046511,0.002325581395348837,0.9987236758136566,False,False,,,,,,
surya,books,daschitinskelett00prel_0021_full,5.349114926875018,,False,daschitinskelett00prel,de,0.001813001813001813,0.0015580368735393405,0.008865248226950355,6.0,3851.0,0.9928825622775801,0.9928825622775801,0.0071174377224199285,0.9994806543754868,False,False,,,,,,
surya,books,daschitinskelett00prel_0034_full,5.349114926875018,,False,daschitinskelett00prel,de,0.0010046885465505692,0.001006036217303823,0.007042253521126761,3.0,2982.0,1.0,0.9953161592505855,0.00468384074941452,0.999664654594232,False,False,,,,,,
surya,books,daschitinskelett00prel_0037_full,5.349114926875018,,False,daschitinskelett00prel,de,0.005806281340723146,0.0037095919448860626,0.025500910746812388,14.0,3774.0,0.9908759124087592,0.98014440433213,0.019855595667870037,1.0015898251192368,False,False,,,,,,
surya,books,daschitinskelett00prel_0038_full,5.349114926875018,,False,daschitinskelett00prel,de,0.004148301788955146,0.002343139807341838,0.022641509433962263,9.0,3841.0,0.9943396226415094,0.9832089552238806,0.016791044776119403,1.0013017443374121,False,False,,,,,,
surya,books,daschitinskelett00prel_0051_full,5.349114926875018,,False,daschitinskelett00prel,de,0.0035291152004033274,0.0032869785082174463,0.02142857142857143,13.0,3955.0,0.9982078853046595,0.9858407079646018,0.01415929203539823,1.0015170670037927,False,False,,,,,,
surya,books,daschitinskelett00prel_0057_full,4.211187160624945,,False,daschitinskelett00prel,de,0.0040137614678899085,0.004018369690011481,0.031512605042016806,14.0,3484.0,0.9957983193277311,0.9713114754098361,0.028688524590163935,1.0040183696900116,False,False,,,,,,
surya,books,daschitinskelett00prel_0060_full,4.211187160624945,,False,daschitinskelett00prel,de,0.0033259423503325942,0.0033482142857142855,0.008264462809917356,3.0,896.0,1.0,0.9916666666666667,0.008333333333333333,1.0033482142857142,False,False,,,,,,
surya,books,histoirenaturell10cuvi_0014_full,4.211187160624945,,False,histoirenaturell10cuvi,fr,0.0067226890756302525,0.003389830508474576,0.011363636363636364,4.0,1180.0,1.0,1.0,0.0,1.0,False,False,,,,,,
surya,books,histoirenaturell10cuvi_0070_full,4.211187160624945,,False,histoirenaturell10cuvi,fr,0.05623471882640587,0.0345679012345679,0.05825242718446602,42.0,1215.0,0.9910313901345291,0.9692982456140351,0.03070175438596491,1.0148148148148148,False,False,,,,,,
surya,books,histoirenaturell10cuvi_0172_full,4.211187160624945,,False,histoirenaturell10cuvi,fr,0.012142237640936688,0.0,0.0,0.0,1150.0,1.0,1.0,0.0,1.0,False,False,,,,,,
surya,books,histoirenaturell10cuvi_0188_full,4.211187160624945,,False,histoirenaturell10cuvi,fr,0.021879021879021878,0.004510309278350515,0.026415094339622643,7.0,1552.0,0.976271186440678,0.976271186440678,0.023728813559322035,1.0,False,False,,,,,,
surya,books,histoirenaturell10cuvi_0251_full,4.211187160624945,,False,histoirenaturell10cuvi,fr,0.02218430034129693,0.007765314926660914,0.014925373134328358,9.0,1159.0,0.9953271028037384,0.9953271028037384,0.004672897196261682,1.0,False,False,,,,,,
surya,books,histoirenaturell10cuvi_0343_full,4.211187160624945,,False,histoirenaturell10cuvi,fr,0.028146989835809225,0.01818181818181818,0.02512562814070352,23.0,1265.0,0.9950980392156863,0.9759615384615384,0.02403846153846154,0.9992094861660079,False,False,,,,,,
surya,books,histoirenaturell10cuvi_0369_full,5.456045687874962,,False,histoirenaturell10cuvi,fr,0.02846153846153846,0.01237432327919567,0.022727272727272728,16.0,1293.0,0.9956896551724138,0.9956896551724138,0.004310344827586207,0.9992266047950503,False,False,,,,,,
surya,books,histoirenaturell10cuvi_0425_full,5.456045687874962,,False,histoirenaturell10cuvi,fr,0.021532615579480684,0.0057251908396946565,0.010830324909747292,9.0,1572.0,0.9965986394557823,0.9965986394557823,0.003401360544217687,1.0,False,False,,,,,,
surya,books,pisciumquerelaee00sche_0012_full,5.456045687874962,,False,pisciumquerelaee00sche,la,0.11018463371054199,0.08559373116335142,0.2838983050847458,142.0,1659.0,0.6590038314176245,0.7445887445887446,0.2554112554112554,1.0253164556962024,False,False,,,,,,
surya,books,pisciumquerelaee00sche_0013_full,5.456045687874962,,False,pisciumquerelaee00sche,la,0.10482921083627797,0.08085612366230678,0.32083333333333336,136.0,1682.0,0.7078651685393258,0.7651821862348178,0.23481781376518218,1.0404280618311534,False,False,,,,,,
surya,books,pisciumquerelaee00sche_0016_full,5.456045687874962,,False,pisciumquerelaee00sche,la,0.0825,0.055098163394553513,0.22026431718061673,87.0,1579.0,0.8016528925619835,0.8398268398268398,0.16017316017316016,1.0234325522482584,False,False,,,,,,
surya,books,pisciumquerelaee00sche_0035_full,5.456045687874962,,False,pisciumquerelaee00sche,la,0.1378048780487805,0.10988336402701043,0.37280701754385964,179.0,1629.0,0.7520325203252033,0.7773109243697479,0.22268907563025211,1.0589318600368325,False,False,,,,,,
surya,books,pisciumquerelaee00sche_0038_full,5.456045687874962,,False,pisciumquerelaee00sche,la,0.1620305980528512,0.15406360424028268,0.3756345177664975,218.0,1415.0,0.7326732673267327,0.7184466019417476,0.2815533980582524,1.0862190812720849,False,False,,,,,,
surya,books,pisciumquerelaee00sche_0040_full,5.456045687874962,,False,pisciumquerelaee00sche,la,0.10662177328843996,0.09858356940509914,0.35661764705882354,174.0,1765.0,0.6788079470198676,0.7706766917293233,0.22932330827067668,1.0385269121813032,False,False,,,,,,
surya,books,pisciumquerelaee00sche_0041_full,8.594820270500009,,False,pisciumquerelaee00sche,la,0.23842302878598248,0.22804801010739104,0.425,361.0,1583.0,0.6551724137931034,0.6895161290322581,0.31048387096774194,1.1686670878079595,False,False,,,,,,
surya,books,pisciumquerelaee00sche_0044_full,8.594820270500009,,False,pisciumquerelaee00sche,la,0.34558823529411764,0.3292079207920792,0.5892857142857143,133.0,404.0,0.6981132075471698,0.5285714285714286,0.4714285714285714,1.2153465346534653,False,False,,,,,,
surya,books,trudyrusskagoent161881russ_0098_full,8.594820270500009,,False,trudyrusskagoent161881russ,fr+de,0.010302197802197802,0.004817618719889883,0.03431372549019608,7.0,1453.0,0.9899497487437185,0.985,0.015,0.9993117687543015,False,False,,,,,,
surya,books,trudyrusskagoent161881russ_0121_full,8.594820270500009,,False,trudyrusskagoent161881russ,fr+de,0.016454352441613588,0.0031914893617021275,0.020761245674740483,6.0,1880.0,0.993006993006993,0.993006993006993,0.006993006993006993,0.9984042553191489,False,False,,,,,,
surya,books,trudyrusskagoent161881russ_0276_full,8.594820270500009,,False,trudyrusskagoent161881russ,fr+de,0.009259259259259259,0.0011574074074074073,0.01195219123505976,2.0,1728.0,1.0,0.9959677419354839,0.004032258064516129,0.9994212962962963,False,False,,,,,,
surya,books,trudyrusskagoent161881russ_0329_full,8.594820270500009,,False,trudyrusskagoent161881russ,fr+de,0.006205250596658711,0.00047938638542665386,0.00684931506849315,1.0,2086.0,1.0,1.0,0.0,0.9995206136145733,False,False,,,,,,
surya,books,trudyrusskagoent161881russ_0357_full,8.594820270500009,,False,trudyrusskagoent161881russ,fr+de,0.012110726643598616,0.0075449796865931515,0.03734439834024896,13.0,1723.0,0.9917355371900827,0.9795918367346939,0.02040816326530612,0.9994196169471852,False,False,,,,,,
surya,books,trudyrusskagoent161881russ_0379_full,8.594820270500009,,False,trudyrusskagoent161881russ,fr+de,0.011488511488511488,0.008028098344204716,0.0440251572327044,16.0,1993.0,0.987987987987988,0.987987987987988,0.012012012012012012,0.997491219267436,False,False,,,,,,
surya,books,trudyrusskagoent161881russ_0388_full,3.574259201499899,,False,trudyrusskagoent161881russ,fr+de,0.009284543965046422,0.0038314176245210726,0.026936026936026935,7.0,1827.0,1.0,0.987220447284345,0.012779552715654952,0.9994526546250684,False,False,,,,,,
surya,books,trudyrusskagoent161881russ_0446_full,3.574259201499899,,False,trudyrusskagoent161881russ,fr+de,0.024163568773234202,0.020560747663551402,0.05759162303664921,22.0,1070.0,1.0,0.975609756097561,0.024390243902439025,0.997196261682243,False,False,,,,,,
surya,docs,headers_footers__0b8de922246569bf96136cd5bb1d9643b2d269fe_page_10_processed,3.5086831716249662,,False,,,,,,,,,,,,False,,headers_footers,2.0,1.0,"[{""id"": ""0b8de922246569bf96136cd5bb1d9643b2d269fe_page_10_processed.pdf_manual_00"", ""type"": ""absent"", ""passed"": false, ""category"": ""headers_footers""}, {""id"": ""auto_baseline"", ""type"": ""baseline"", ""passed"": true, ""category"": ""baseline""}]",,
surya,docs,headers_footers__12e836a20227be4b63f7dcdebb2498e9d189d4da_page_5_processed,3.5086831716249662,,False,,,,,,,,,,,,False,,headers_footers,4.0,1.0,"[{""id"": ""12e836a20227be4b63f7dcdebb2498e9d189d4da_page_5_processed_pg1_header_00"", ""type"": ""absent"", ""passed"": false, ""category"": ""headers_footers""}, {""id"": ""12e836a20227be4b63f7dcdebb2498e9d189d4da_page_5_processed_pg1_header_01"", ""type"": ""absent"", ""passed"": false, ""category"": ""headers_footers""}, {""id"": ""12e836a20227be4b63f7dcdebb2498e9d189d4da_page_5_processed_pg1_header_02"", ""type"": ""absent"", ""passed"": false, ""category"": ""headers_footers""}, {""id"": ""auto_baseline"", ""type"": ""baseline"", ""passed"": true, ""category"": ""baseline""}]",,
surya,docs,headers_footers__17ce5025be595d7fc2c3a347b6a2fa4e4d06419d_page_1,3.5086831716249662,,False,,,,,,,,,,,,False,,headers_footers,2.0,1.0,"[{""id"": ""17ce5025be595d7fc2c3a347b6a2fa4e4d06419d_page_1_header_00"", ""type"": ""absent"", ""passed"": false, ""category"": ""headers_footers""}, {""id"": ""auto_baseline"", ""type"": ""baseline"", ""passed"": true, ""category"": ""baseline""}]",,
surya,docs,headers_footers__1a3e61746b0965df09bce6cb1051c455807363d5_page_1,3.5086831716249662,,False,,,,,,,,,,,,False,,headers_footers,3.0,2.0,"[{""id"": ""1a3e61746b0965df09bce6cb1051c455807363d5_page_1_header_00"", ""type"": ""absent"", ""passed"": false, ""category"": ""headers_footers""}, {""id"": ""1a3e61746b0965df09bce6cb1051c455807363d5_page_1.pdf_manual_00"", ""type"": ""absent"", ""passed"": true, ""category"": ""headers_footers""}, {""id"": ""auto_baseline"", ""type"": ""baseline"", ""passed"": true, ""category"": ""baseline""}]",,
surya,docs,headers_footers__2cb8b9fbe5aaac3d7f95d110a3b08132ee09d103_page_2,3.5086831716249662,,False,,,,,,,,,,,,False,,headers_footers,3.0,1.0,"[{""id"": ""2cb8b9fbe5aaac3d7f95d110a3b08132ee09d103_page_2_header_00"", ""type"": ""absent"", ""passed"": false, ""category"": ""headers_footers""}, {""id"": ""2cb8b9fbe5aaac3d7f95d110a3b08132ee09d103_page_2.pdf_manual_00"", ""type"": ""absent"", ""passed"": false, ""category"": ""headers_footers""}, {""id"": ""auto_baseline"", ""type"": ""baseline"", ""passed"": true, ""category"": ""baseline""}]",,
surya,docs,headers_footers__363300831b3da664b1bfe972e4f86464fa076da3_page_149,3.5086831716249662,,False,,,,,,,,,,,,False,,headers_footers,6.0,1.0,"[{""id"": ""363300831b3da664b1bfe972e4f86464fa076da3_page_149_header_00"", ""type"": ""absent"", ""passed"": false, ""category"": ""headers_footers""}, {""id"": ""363300831b3da664b1bfe972e4f86464fa076da3_page_149_header_01"", ""type"": ""absent"", ""passed"": false, ""category"": ""headers_footers""}, {""id"": ""363300831b3da664b1bfe972e4f86464fa076da3_page_149_header_15"", ""type"": ""absent"", ""passed"": false, ""category"": ""headers_footers""}, {""id"": ""363300831b3da664b1bfe972e4f86464fa076da3_page_149_header_16"", ""type"": ""absent"", ""passed"": false, ""category"": ""headers_footers""}, {""id"": ""363300831b3da664b1bfe972e4f86464fa076da3_page_149.pdf_manual_00"", ""type"": ""absent"", ""passed"": false, ""category"": ""headers_footers""}, {""id"": ""auto_baseline"", ""type"": ""baseline"", ""passed"": true, ""category"": ""baseline""}]",,
surya,docs,headers_footers__62621cef2b1d5356a063aa7c9c735ac396fb2223_page_33,3.5086831716249662,,False,,,,,,,,,,,,False,,headers_footers,4.0,1.0,"[{""id"": ""62621cef2b1d5356a063aa7c9c735ac396fb2223_page_33_header_00"", ""type"": ""absent"", ""passed"": false, ""category"": ""headers_footers""}, {""id"": ""62621cef2b1d5356a063aa7c9c735ac396fb2223_page_33.pdf_manual_00"", ""type"": ""absent"", ""passed"": false, ""category"": ""headers_footers""}, {""id"": ""62621cef2b1d5356a063aa7c9c735ac396fb2223_page_33.pdf_manual_01"", ""type"": ""absent"", ""passed"": false, ""category"": ""headers_footers""}, {""id"": ""auto_baseline"", ""type"": ""baseline"", ""passed"": true, ""category"": ""baseline""}]",,
surya,docs,headers_footers__7901d119ed91a89f8fbabf0eef7174d75a7656e3_page_1,3.5086831716249662,,False,,,,,,,,,,,,False,,headers_footers,2.0,1.0,"[{""id"": ""7901d119ed91a89f8fbabf0eef7174d75a7656e3_page_1.pdf_manual_00"", ""type"": ""absent"", ""passed"": false, ""category"": ""headers_footers""}, {""id"": ""auto_baseline"", ""type"": ""baseline"", ""passed"": true, ""category"": ""baseline""}]",,
surya,docs,headers_footers__ba10222e40f05d76e2bf1d51c39066a4b1fe82ed_page_11,7.366040900874964,,False,,,,,,,,,,,,False,,headers_footers,3.0,1.0,"[{""id"": ""ba10222e40f05d76e2bf1d51c39066a4b1fe82ed_page_11_header_00"", ""type"": ""absent"", ""passed"": false, ""category"": ""headers_footers""}, {""id"": ""ba10222e40f05d76e2bf1d51c39066a4b1fe82ed_page_11.pdf_manual_00"", ""type"": ""absent"", ""passed"": false, ""category"": ""headers_footers""}, {""id"": ""auto_baseline"", ""type"": ""baseline"", ""passed"": true, ""category"": ""baseline""}]",,
surya,docs,headers_footers__d8b9c4cd0ba9b036e09168c8dccccd1d43315ef4_page_1,7.366040900874964,,False,,,,,,,,,,,,False,,headers_footers,3.0,2.0,"[{""id"": ""d8b9c4cd0ba9b036e09168c8dccccd1d43315ef4_page_1_header_00"", ""type"": ""absent"", ""passed"": false, ""category"": ""headers_footers""}, {""id"": ""d8b9c4cd0ba9b036e09168c8dccccd1d43315ef4_page_1.pdf_manual_00"", ""type"": ""absent"", ""passed"": true, ""category"": ""headers_footers""}, {""id"": ""auto_baseline"", ""type"": ""baseline"", ""passed"": true, ""category"": ""baseline""}]",,
surya,docs,long_tiny_text__11_pg161_pg1,7.366040900874964,,False,,,,,,,,,,,,False,,long_tiny_text,9.0,9.0,"[{""id"": ""11_pg161_pg1_text_00"", ""type"": ""present"", ""passed"": true, ""category"": ""long_tiny_text""}, {""id"": ""11_pg161_pg1_text_01"", ""type"": ""present"", ""passed"": true, ""category"": ""long_tiny_text""}, {""id"": ""11_pg161_pg1_text_02"", ""type"": ""present"", ""passed"": true, ""category"": ""long_tiny_text""}, {""id"": ""11_pg161_pg1_text_03"", ""type"": ""present"", ""passed"": true, ""category"": ""long_tiny_text""}, {""id"": ""11_pg161_pg1_text_04"", ""type"": ""present"", ""passed"": true, ""category"": ""long_tiny_text""}, {""id"": ""11_pg161_pg1_text_05"", ""type"": ""present"", ""passed"": true, ""category"": ""long_tiny_text""}, {""id"": ""11_pg161_pg1_text_06"", ""type"": ""present"", ""passed"": true, ""category"": ""long_tiny_text""}, {""id"": ""11_pg161_pg1_text_07"", ""type"": ""present"", ""passed"": true, ""category"": ""long_tiny_text""}, {""id"": ""auto_baseline"", ""type"": ""baseline"", ""passed"": true, ""category"": ""baseline""}]",,
surya,docs,long_tiny_text__11_pg375_pg1,7.366040900874964,,False,,,,,,,,,,,,False,,long_tiny_text,4.0,1.0,"[{""id"": ""11_pg375_pg1_text_00"", ""type"": ""present"", ""passed"": false, ""category"": ""long_tiny_text""}, {""id"": ""11_pg375_pg1_text_01"", ""type"": ""present"", ""passed"": false, ""category"": ""long_tiny_text""}, {""id"": ""11_pg375_pg1_text_02"", ""type"": ""present"", ""passed"": false, ""category"": ""long_tiny_text""}, {""id"": ""auto_baseline"", ""type"": ""baseline"", ""passed"": true, ""category"": ""baseline""}]",,
surya,docs,long_tiny_text__13_pg556_pg1,7.366040900874964,,False,,,,,,,,,,,,False,,long_tiny_text,5.0,1.0,"[{""id"": ""13_pg556_pg1_text_00"", ""type"": ""present"", ""passed"": false, ""category"": ""long_tiny_text""}, {""id"": ""13_pg556_pg1_text_01"", ""type"": ""present"", ""passed"": false, ""category"": ""long_tiny_text""}, {""id"": ""13_pg556_pg1_text_02"", ""type"": ""present"", ""passed"": false, ""category"": ""long_tiny_text""}, {""id"": ""13_pg556_pg1_text_03"", ""type"": ""present"", ""passed"": false, ""category"": ""long_tiny_text""}, {""id"": ""auto_baseline"", ""type"": ""baseline"", ""passed"": true, ""category"": ""baseline""}]",,
surya,docs,long_tiny_text__13_pg566_pg1,7.366040900874964,,False,,,,,,,,,,,,False,,long_tiny_text,6.0,1.0,"[{""id"": ""13_pg566_pg1_text_00"", ""type"": ""present"", ""passed"": false, ""category"": ""long_tiny_text""}, {""id"": ""13_pg566_pg1_text_01"", ""type"": ""present"", ""passed"": false, ""category"": ""long_tiny_text""}, {""id"": ""13_pg566_pg1_text_02"", ""type"": ""present"", ""passed"": false, ""category"": ""long_tiny_text""}, {""id"": ""13_pg566_pg1_text_03"", ""type"": ""present"", ""passed"": false, ""category"": ""long_tiny_text""}, {""id"": ""13_pg566_pg1_text_04"", ""type"": ""present"", ""passed"": false, ""category"": ""long_tiny_text""}, {""id"": ""auto_baseline"", ""type"": ""baseline"", ""passed"": true, ""category"": ""baseline""}]",,
surya,docs,long_tiny_text__13_pg67_pg1,7.366040900874964,,False,,,,,,,,,,,,False,,long_tiny_text,6.0,3.0,"[{""id"": ""13_pg67_pg1_text_00"", ""type"": ""present"", ""passed"": false, ""category"": ""long_tiny_text""}, {""id"": ""13_pg67_pg1_text_01"", ""type"": ""present"", ""passed"": true, ""category"": ""long_tiny_text""}, {""id"": ""13_pg67_pg1_text_02"", ""type"": ""present"", ""passed"": false, ""category"": ""long_tiny_text""}, {""id"": ""13_pg67_pg1_text_03"", ""type"": ""present"", ""passed"": false, ""category"": ""long_tiny_text""}, {""id"": ""13_pg67_pg1_text_04"", ""type"": ""present"", ""passed"": true, ""category"": ""long_tiny_text""}, {""id"": ""auto_baseline"", ""type"": ""baseline"", ""passed"": true, ""category"": ""baseline""}]",,
surya,docs,long_tiny_text__14a_pg1,7.366040900874964,,False,,,,,,,,,,,,False,,long_tiny_text,6.0,1.0,"[{""id"": ""14a_pg1_text_01"", ""type"": ""present"", ""passed"": false, ""category"": ""long_tiny_text""}, {""id"": ""14a_pg1_text_02"", ""type"": ""present"", ""passed"": false, ""category"": ""long_tiny_text""}, {""id"": ""14a_pg1_text_04"", ""type"": ""present"", ""passed"": false, ""category"": ""long_tiny_text""}, {""id"": ""14a_pg1_text_05"", ""type"": ""present"", ""passed"": false, ""category"": ""long_tiny_text""}, {""id"": ""14a_pg1_text_06"", ""type"": ""present"", ""passed"": false, ""category"": ""long_tiny_text""}, {""id"": ""auto_baseline"", ""type"": ""baseline"", ""passed"": true, ""category"": ""baseline""}]",,
surya,docs,long_tiny_text__15c_pg1,7.382895873124994,,False,,,,,,,,,,,,False,,long_tiny_text,5.0,1.0,"[{""id"": ""15c_pg1_text_00"", ""type"": ""present"", ""passed"": false, ""category"": ""long_tiny_text""}, {""id"": ""15c_pg1_text_01"", ""type"": ""present"", ""passed"": false, ""category"": ""long_tiny_text""}, {""id"": ""15c_pg1_text_02"", ""type"": ""present"", ""passed"": false, ""category"": ""long_tiny_text""}, {""id"": ""15c_pg1_text_03"", ""type"": ""present"", ""passed"": false, ""category"": ""long_tiny_text""}, {""id"": ""auto_baseline"", ""type"": ""baseline"", ""passed"": true, ""category"": ""baseline""}]",,
surya,docs,long_tiny_text__17_pg2_pg1,7.382895873124994,,False,,,,,,,,,,,,False,,long_tiny_text,40.0,38.0,"[{""id"": ""17_pg2_pg1_text_00"", ""type"": ""present"", ""passed"": true, ""category"": ""long_tiny_text""}, {""id"": ""17_pg2_pg1_text_01"", ""type"": ""present"", ""passed"": true, ""category"": ""long_tiny_text""}, {""id"": ""17_pg2_pg1_text_02"", ""type"": ""present"", ""passed"": false, ""category"": ""long_tiny_text""}, {""id"": ""17_pg2_pg1_text_03"", ""type"": ""present"", ""passed"": true, ""category"": ""long_tiny_text""}, {""id"": ""17_pg2_pg1_text_04"", ""type"": ""present"", ""passed"": true, ""category"": ""long_tiny_text""}, {""id"": ""17_pg2_pg1_text_06"", ""type"": ""present"", ""passed"": true, ""category"": ""long_tiny_text""}, {""id"": ""17_pg2_pg1_text_07"", ""type"": ""present"", ""passed"": true, ""category"": ""long_tiny_text""}, {""id"": ""17_pg2_pg1_text_09"", ""type"": ""present"", ""passed"": true, ""category"": ""long_tiny_text""}, {""id"": ""17_pg2_pg1_text_10"", ""type"": ""present"", ""passed"": true, ""category"": ""long_tiny_text""}, {""id"": ""17_pg2_pg1_text_12"", ""type"": ""present"", ""passed"": true, ""category"": ""long_tiny_text""}, {""id"": ""17_pg2_pg1_text_13"", ""type"": ""present"", ""passed"": true, ""category"": ""long_tiny_text""}, {""id"": ""17_pg2_pg1_text_16"", ""type"": ""present"", ""passed"": true, ""category"": ""long_tiny_text""}, {""id"": ""17_pg2_pg1_text_17"", ""type"": ""present"", ""passed"": false, ""category"": ""long_tiny_text""}, {""id"": ""17_pg2_pg1_text_20"", ""type"": ""present"", ""passed"": true, ""category"": ""long_tiny_text""}, {""id"": ""17_pg2_pg1_text_23"", ""type"": ""present"", ""passed"": true, ""category"": ""long_tiny_text""}, {""id"": ""17_pg2_pg1_text_24"", ""type"": ""present"", ""passed"": true, ""category"": ""long_tiny_text""}, {""id"": ""17_pg2_pg1_text_25"", ""type"": ""present"", ""passed"": true, ""category"": ""long_tiny_text""}, {""id"": ""17_pg2_pg1_text_27"", ""type"": ""present"", ""passed"": true, ""category"": ""long_tiny_text""}, {""id"": ""17_pg2_pg1_text_28"", ""type"": ""present"", ""passed"": true, ""category"": ""long_tiny_text""}, {""id"": ""17_pg2_pg1_text_30"", ""type"": ""present"", ""passed"": true, ""category"": ""long_tiny_text""}, {""id"": ""17_pg2_pg1_text_31"", ""type"": ""present"", ""passed"": true, ""category"": ""long_tiny_text""}, {""id"": ""17_pg2_pg1_text_34"", ""type"": ""present"", ""passed"": true, ""category"": ""long_tiny_text""}, {""id"": ""17_pg2_pg1_text_37"", ""type"": ""present"", ""passed"": true, ""category"": ""long_tiny_text""}, {""id"": ""17_pg2_pg1_text_41"", ""type"": ""present"", ""passed"": true, ""category"": ""long_tiny_text""}, {""id"": ""17_pg2_pg1_text_43"", ""type"": ""present"", ""passed"": true, ""category"": ""long_tiny_text""}, {""id"": ""17_pg2_pg1_text_45"", ""type"": ""present"", ""passed"": true, ""category"": ""long_tiny_text""}, {""id"": ""17_pg2_pg1_text_49"", ""type"": ""present"", ""passed"": true, ""category"": ""long_tiny_text""}, {""id"": ""17_pg2_pg1_text_51"", ""type"": ""present"", ""passed"": true, ""category"": ""long_tiny_text""}, {""id"": ""17_pg2_pg1_text_56"", ""type"": ""present"", ""passed"": true, ""category"": ""long_tiny_text""}, {""id"": ""17_pg2_pg1_text_61"", ""type"": ""present"", ""passed"": true, ""category"": ""long_tiny_text""}, {""id"": ""17_pg2_pg1_text_65"", ""type"": ""present"", ""passed"": true, ""category"": ""long_tiny_text""}, {""id"": ""17_pg2_pg1_text_69"", ""type"": ""present"", ""passed"": true, ""category"": ""long_tiny_text""}, {""id"": ""17_pg2_pg1_text_74"", ""type"": ""present"", ""passed"": true, ""category"": ""long_tiny_text""}, {""id"": ""17_pg2_pg1_text_80"", ""type"": ""present"", ""passed"": true, ""category"": ""long_tiny_text""}, {""id"": ""17_pg2_pg1_text_83"", ""type"": ""present"", ""passed"": true, ""category"": ""long_tiny_text""}, {""id"": ""17_pg2_pg1_text_86"", ""type"": ""present"", ""passed"": true, ""category"": ""long_tiny_text""}, {""id"": ""17_pg2_pg1_text_88"", ""type"": ""present"", ""passed"": true, ""category"": ""long_tiny_text""}, {""id"": ""17_pg2_pg1_text_95"", ""type"": ""present"", ""passed"": true, ""category"": ""long_tiny_text""}, {""id"": ""17_pg2_pg1_text_97"", ""type"": ""present"", ""passed"": true, ""category"": ""long_tiny_text""}, {""id"": ""auto_baseline"", ""type"": ""baseline"", ""passed"": true, ""category"": ""baseline""}]",,
surya,docs,long_tiny_text__20_pg40_pg1,7.382895873124994,,False,,,,,,,,,,,,False,,long_tiny_text,6.0,2.0,"[{""id"": ""20_pg40_pg1_text_00"", ""type"": ""present"", ""passed"": false, ""category"": ""long_tiny_text""}, {""id"": ""20_pg40_pg1_text_01"", ""type"": ""present"", ""passed"": false, ""category"": ""long_tiny_text""}, {""id"": ""20_pg40_pg1_text_02"", ""type"": ""present"", ""passed"": false, ""category"": ""long_tiny_text""}, {""id"": ""20_pg40_pg1_text_03"", ""type"": ""present"", ""passed"": true, ""category"": ""long_tiny_text""}, {""id"": ""20_pg40_pg1_text_04"", ""type"": ""present"", ""passed"": false, ""category"": ""long_tiny_text""}, {""id"": ""auto_baseline"", ""type"": ""baseline"", ""passed"": true, ""category"": ""baseline""}]",,
surya,docs,long_tiny_text__20_pg46_pg1,7.382895873124994,,False,,,,,,,,,,,,False,,long_tiny_text,10.0,5.0,"[{""id"": ""20_pg46_pg1_text_00"", ""type"": ""present"", ""passed"": true, ""category"": ""long_tiny_text""}, {""id"": ""20_pg46_pg1_text_01"", ""type"": ""present"", ""passed"": false, ""category"": ""long_tiny_text""}, {""id"": ""20_pg46_pg1_text_02"", ""type"": ""present"", ""passed"": false, ""category"": ""long_tiny_text""}, {""id"": ""20_pg46_pg1_text_03"", ""type"": ""present"", ""passed"": false, ""category"": ""long_tiny_text""}, {""id"": ""20_pg46_pg1_text_04"", ""type"": ""present"", ""passed"": false, ""category"": ""long_tiny_text""}, {""id"": ""20_pg46_pg1_text_05"", ""type"": ""present"", ""passed"": true, ""category"": ""long_tiny_text""}, {""id"": ""20_pg46_pg1_text_06"", ""type"": ""present"", ""passed"": true, ""category"": ""long_tiny_text""}, {""id"": ""20_pg46_pg1_text_08"", ""type"": ""present"", ""passed"": false, ""category"": ""long_tiny_text""}, {""id"": ""20_pg46_pg1_text_09"", ""type"": ""present"", ""passed"": true, ""category"": ""long_tiny_text""}, {""id"": ""auto_baseline"", ""type"": ""baseline"", ""passed"": true, ""category"": ""baseline""}]",,
surya,docs,multi_column__00945e98ea0970dcffb8f548336df3a0137f_page_4_pg1,7.382895873124994,,False,,,,,,,,,,,,False,,multi_column,4.0,1.0,"[{""id"": ""00945e98ea0970dcffb8f548336df3a0137f_page_4.pdf_order_0a8f368a"", ""type"": ""order"", ""passed"": false, ""category"": ""multi_column""}, {""id"": ""00945e98ea0970dcffb8f548336df3a0137f_page_4.pdf_order_3d4bbd69"", ""type"": ""order"", ""passed"": false, ""category"": ""multi_column""}, {""id"": ""00945e98ea0970dcffb8f548336df3a0137f_page_4.pdf_order_4cbab131"", ""type"": ""order"", ""passed"": false, ""category"": ""multi_column""}, {""id"": ""auto_baseline"", ""type"": ""baseline"", ""passed"": true, ""category"": ""baseline""}]",,
surya,docs,multi_column__00e2c7719d58bb49fd4031cce9dcccdddec2_page_1_pg1,7.382895873124994,,False,,,,,,,,,,,,False,,multi_column,3.0,2.0,"[{""id"": ""00e2c7719d58bb49fd4031cce9dcccdddec2_page_1.pdf_order_85be1097"", ""type"": ""order"", ""passed"": false, ""category"": ""multi_column""}, {""id"": ""00e2c7719d58bb49fd4031cce9dcccdddec2_page_1.pdf_order_b903400b"", ""type"": ""order"", ""passed"": true, ""category"": ""multi_column""}, {""id"": ""auto_baseline"", ""type"": ""baseline"", ""passed"": true, ""category"": ""baseline""}]",,
surya,docs,multi_column__0114396ecb251aa3ebaeaeaed6bd4fe50bd2_page_2_pg1,7.382895873124994,,False,,,,,,,,,,,,False,,multi_column,6.0,1.0,"[{""id"": ""0114396ecb251aa3ebaeaeaed6bd4fe50bd2_page_2.pdf_order_e5d2d945"", ""type"": ""order"", ""passed"": false, ""category"": ""multi_column""}, {""id"": ""0114396ecb251aa3ebaeaeaed6bd4fe50bd2_page_2.pdf_order_6b2daa2b"", ""type"": ""order"", ""passed"": false, ""category"": ""multi_column""}, {""id"": ""0114396ecb251aa3ebaeaeaed6bd4fe50bd2_page_2.pdf_order_f61eafae"", ""type"": ""order"", ""passed"": false, ""category"": ""multi_column""}, {""id"": ""0114396ecb251aa3ebaeaeaed6bd4fe50bd2_page_2.pdf_order_40a2536e"", ""type"": ""order"", ""passed"": false, ""category"": ""multi_column""}, {""id"": ""0114396ecb251aa3ebaeaeaed6bd4fe50bd2_page_2.pdf_order_b8d41298"", ""type"": ""order"", ""passed"": false, ""category"": ""multi_column""}, {""id"": ""auto_baseline"", ""type"": ""baseline"", ""passed"": true, ""category"": ""baseline""}]",,
surya,docs,multi_column__019a8841dddeb304774ba62a9f5d8dccb43d_page_2_pg1,7.382895873124994,,False,,,,,,,,,,,,False,,multi_column,5.0,2.0,"[{""id"": ""019a8841dddeb304774ba62a9f5d8dccb43d_page_2.pdf_order_00d331ca"", ""type"": ""order"", ""passed"": true, ""category"": ""multi_column""}, {""id"": ""019a8841dddeb304774ba62a9f5d8dccb43d_page_2.pdf_order_2410e748"", ""type"": ""order"", ""passed"": false, ""category"": ""multi_column""}, {""id"": ""019a8841dddeb304774ba62a9f5d8dccb43d_page_2.pdf_order_5a8cba0a"", ""type"": ""order"", ""passed"": false, ""category"": ""multi_column""}, {""id"": ""019a8841dddeb304774ba62a9f5d8dccb43d_page_2.pdf_order_6a2477bc"", ""type"": ""order"", ""passed"": false, ""category"": ""multi_column""}, {""id"": ""auto_baseline"", ""type"": ""baseline"", ""passed"": true, ""category"": ""baseline""}]",,
surya,docs,multi_column__0208fbb5d6b646f972f4702428ad2cede5c5_page_6_pg1,8.819709486749957,,False,,,,,,,,,,,,False,,multi_column,2.0,1.0,"[{""id"": ""0208fbb5d6b646f972f4702428ad2cede5c5_page_6.pdf_order_71ab8004"", ""type"": ""order"", ""passed"": false, ""category"": ""multi_column""}, {""id"": ""auto_baseline"", ""type"": ""baseline"", ""passed"": true, ""category"": ""baseline""}]",,
surya,docs,multi_column__027c390510b2fd3364f5a382f2bc304af018_page_4_pg1,8.819709486749957,,False,,,,,,,,,,,,False,,multi_column,5.0,1.0,"[{""id"": ""027c390510b2fd3364f5a382f2bc304af018_page_4.pdf_order_ea693a98"", ""type"": ""order"", ""passed"": false, ""category"": ""multi_column""}, {""id"": ""027c390510b2fd3364f5a382f2bc304af018_page_4.pdf_order_053bda58"", ""type"": ""order"", ""passed"": false, ""category"": ""multi_column""}, {""id"": ""027c390510b2fd3364f5a382f2bc304af018_page_4.pdf_order_9e06820d"", ""type"": ""order"", ""passed"": false, ""category"": ""multi_column""}, {""id"": ""027c390510b2fd3364f5a382f2bc304af018_page_4.pdf_order_97e749bf"", ""type"": ""order"", ""passed"": false, ""category"": ""multi_column""}, {""id"": ""auto_baseline"", ""type"": ""baseline"", ""passed"": true, ""category"": ""baseline""}]",,
surya,docs,multi_column__02943986dff2d4a84b7c2dd81abfc51fceea_page_5_pg1,8.819709486749957,,False,,,,,,,,,,,,False,,multi_column,5.0,1.0,"[{""id"": ""02943986dff2d4a84b7c2dd81abfc51fceea_page_5.pdf_order_3f1adc6b"", ""type"": ""order"", ""passed"": false, ""category"": ""multi_column""}, {""id"": ""02943986dff2d4a84b7c2dd81abfc51fceea_page_5.pdf_order_00ce4e6f"", ""type"": ""order"", ""passed"": false, ""category"": ""multi_column""}, {""id"": ""02943986dff2d4a84b7c2dd81abfc51fceea_page_5.pdf_order_46755e50"", ""type"": ""order"", ""passed"": false, ""category"": ""multi_column""}, {""id"": ""02943986dff2d4a84b7c2dd81abfc51fceea_page_5.pdf_order_13f6999c"", ""type"": ""order"", ""passed"": false, ""category"": ""multi_column""}, {""id"": ""auto_baseline"", ""type"": ""baseline"", ""passed"": true, ""category"": ""baseline""}]",,
surya,docs,multi_column__02943986dff2d4a84b7c2dd81abfc51fceea_page_9_pg1,8.819709486749957,,False,,,,,,,,,,,,False,,multi_column,5.0,1.0,"[{""id"": ""02943986dff2d4a84b7c2dd81abfc51fceea_page_9.pdf_order_babd8e0e"", ""type"": ""order"", ""passed"": false, ""category"": ""multi_column""}, {""id"": ""02943986dff2d4a84b7c2dd81abfc51fceea_page_9.pdf_order_2e6f0ead"", ""type"": ""order"", ""passed"": false, ""category"": ""multi_column""}, {""id"": ""02943986dff2d4a84b7c2dd81abfc51fceea_page_9.pdf_order_7e60c895"", ""type"": ""order"", ""passed"": false, ""category"": ""multi_column""}, {""id"": ""02943986dff2d4a84b7c2dd81abfc51fceea_page_9.pdf_order_81a40b7f"", ""type"": ""order"", ""passed"": false, ""category"": ""multi_column""}, {""id"": ""auto_baseline"", ""type"": ""baseline"", ""passed"": true, ""category"": ""baseline""}]",,
surya,docs,multi_column__038650c9dfd95e7495d0c4d301d9dcca735a_page_1_pg1,8.819709486749957,,False,,,,,,,,,,,,False,,multi_column,5.0,1.0,"[{""id"": ""038650c9dfd95e7495d0c4d301d9dcca735a_page_1.pdf_order_eb32d864"", ""type"": ""order"", ""passed"": false, ""category"": ""multi_column""}, {""id"": ""038650c9dfd95e7495d0c4d301d9dcca735a_page_1.pdf_order_517c20f9"", ""type"": ""order"", ""passed"": false, ""category"": ""multi_column""}, {""id"": ""038650c9dfd95e7495d0c4d301d9dcca735a_page_1.pdf_order_12a7fa3e"", ""type"": ""order"", ""passed"": false, ""category"": ""multi_column""}, {""id"": ""038650c9dfd95e7495d0c4d301d9dcca735a_page_1.pdf_order_cf779f79"", ""type"": ""order"", ""passed"": false, ""category"": ""multi_column""}, {""id"": ""auto_baseline"", ""type"": ""baseline"", ""passed"": true, ""category"": ""baseline""}]",,
surya,docs,multi_column__0845863d27c84b14011e17a388821525e783_page_16_pg1,8.819709486749957,,False,,,,,,,,,,,,False,,multi_column,4.0,1.0,"[{""id"": ""0845863d27c84b14011e17a388821525e783_page_16.pdf_order_dffceb1b"", ""type"": ""order"", ""passed"": false, ""category"": ""multi_column""}, {""id"": ""0845863d27c84b14011e17a388821525e783_page_16.pdf_order_ac24f586"", ""type"": ""order"", ""passed"": false, ""category"": ""multi_column""}, {""id"": ""0845863d27c84b14011e17a388821525e783_page_16.pdf_order_4bda9b61"", ""type"": ""order"", ""passed"": false, ""category"": ""multi_column""}, {""id"": ""auto_baseline"", ""type"": ""baseline"", ""passed"": true, ""category"": ""baseline""}]",,
surya,docs,old_scans__1,8.819709486749957,,False,,,,,,,,,,,,False,,old_scans,6.0,2.0,"[{""id"": ""1_680487"", ""type"": ""present"", ""passed"": false, ""category"": ""old_scans""}, {""id"": ""1_126739"", ""type"": ""absent"", ""passed"": true, ""category"": ""old_scans""}, {""id"": ""1_36225"", ""type"": ""present"", ""passed"": false, ""category"": ""old_scans""}, {""id"": ""1_787572"", ""type"": ""order"", ""passed"": false, ""category"": ""old_scans""}, {""id"": ""1_298389"", ""type"": ""order"", ""passed"": false, ""category"": ""old_scans""}, {""id"": ""auto_baseline"", ""type"": ""baseline"", ""passed"": true, ""category"": ""baseline""}]",,
surya,docs,old_scans__21,8.819709486749957,,False,,,,,,,,,,,,False,,old_scans,8.0,2.0,"[{""id"": ""21_398162"", ""type"": ""present"", ""passed"": false, ""category"": ""old_scans""}, {""id"": ""21_382528"", ""type"": ""order"", ""passed"": false, ""category"": ""old_scans""}, {""id"": ""21_229684"", ""type"": ""absent"", ""passed"": true, ""category"": ""old_scans""}, {""id"": ""21_712729"", ""type"": ""present"", ""passed"": false, ""category"": ""old_scans""}, {""id"": ""21_289946"", ""type"": ""present"", ""passed"": false, ""category"": ""old_scans""}, {""id"": ""21_745911"", ""type"": ""present"", ""passed"": false, ""category"": ""old_scans""}, {""id"": ""21_992153"", ""type"": ""order"", ""passed"": false, ""category"": ""old_scans""}, {""id"": ""auto_baseline"", ""type"": ""baseline"", ""passed"": true, ""category"": ""baseline""}]",,
surya,docs,old_scans__23,4.851621675500041,,False,,,,,,,,,,,,False,,old_scans,6.0,5.0,"[{""id"": ""23_675822"", ""type"": ""present"", ""passed"": true, ""category"": ""old_scans""}, {""id"": ""23_189451"", ""type"": ""order"", ""passed"": false, ""category"": ""old_scans""}, {""id"": ""23_570086"", ""type"": ""absent"", ""passed"": true, ""category"": ""old_scans""}, {""id"": ""23_774544"", ""type"": ""present"", ""passed"": true, ""category"": ""old_scans""}, {""id"": ""23_266702"", ""type"": ""present"", ""passed"": true, ""category"": ""old_scans""}, {""id"": ""auto_baseline"", ""type"": ""baseline"", ""passed"": true, ""category"": ""baseline""}]",,
surya,docs,old_scans__26,4.851621675500041,,False,,,,,,,,,,,,False,,old_scans,5.0,2.0,"[{""id"": ""26_727870"", ""type"": ""present"", ""passed"": false, ""category"": ""old_scans""}, {""id"": ""26_350035"", ""type"": ""order"", ""passed"": false, ""category"": ""old_scans""}, {""id"": ""26_893794"", ""type"": ""absent"", ""passed"": true, ""category"": ""old_scans""}, {""id"": ""26_815635"", ""type"": ""present"", ""passed"": false, ""category"": ""old_scans""}, {""id"": ""auto_baseline"", ""type"": ""baseline"", ""passed"": true, ""category"": ""baseline""}]",,
surya,docs,old_scans__52,4.851621675500041,,False,,,,,,,,,,,,False,,old_scans,4.0,1.0,"[{""id"": ""52_591542"", ""type"": ""present"", ""passed"": false, ""category"": ""old_scans""}, {""id"": ""52_323921"", ""type"": ""present"", ""passed"": false, ""category"": ""old_scans""}, {""id"": ""52_987017"", ""type"": ""present"", ""passed"": false, ""category"": ""old_scans""}, {""id"": ""auto_baseline"", ""type"": ""baseline"", ""passed"": true, ""category"": ""baseline""}]",,
surya,docs,old_scans__55,4.851621675500041,,False,,,,,,,,,,,,False,,old_scans,4.0,1.0,"[{""id"": ""55_930782"", ""type"": ""present"", ""passed"": false, ""category"": ""old_scans""}, {""id"": ""55_150814"", ""type"": ""present"", ""passed"": false, ""category"": ""old_scans""}, {""id"": ""55_287312"", ""type"": ""present"", ""passed"": false, ""category"": ""old_scans""}, {""id"": ""auto_baseline"", ""type"": ""baseline"", ""passed"": true, ""category"": ""baseline""}]",,
surya,docs,old_scans__58,4.851621675500041,,False,,,,,,,,,,,,False,,old_scans,7.0,3.0,"[{""id"": ""58_984036"", ""type"": ""present"", ""passed"": true, ""category"": ""old_scans""}, {""id"": ""58_575492"", ""type"": ""order"", ""passed"": false, ""category"": ""old_scans""}, {""id"": ""58_801952"", ""type"": ""absent"", ""passed"": true, ""category"": ""old_scans""}, {""id"": ""58_775388"", ""type"": ""present"", ""passed"": false, ""category"": ""old_scans""}, {""id"": ""58_733378"", ""type"": ""present"", ""passed"": false, ""category"": ""old_scans""}, {""id"": ""58_220922"", ""type"": ""order"", ""passed"": false, ""category"": ""old_scans""}, {""id"": ""auto_baseline"", ""type"": ""baseline"", ""passed"": true, ""category"": ""baseline""}]",,
surya,docs,old_scans__82,4.851621675500041,,False,,,,,,,,,,,,False,,old_scans,7.0,1.0,"[{""id"": ""82_617314"", ""type"": ""present"", ""passed"": false, ""category"": ""old_scans""}, {""id"": ""82_781476"", ""type"": ""order"", ""passed"": false, ""category"": ""old_scans""}, {""id"": ""82_578532"", ""type"": ""present"", ""passed"": false, ""category"": ""old_scans""}, {""id"": ""82_73918"", ""type"": ""present"", ""passed"": false, ""category"": ""old_scans""}, {""id"": ""82_794309"", ""type"": ""present"", ""passed"": false, ""category"": ""old_scans""}, {""id"": ""82_338838"", ""type"": ""order"", ""passed"": false, ""category"": ""old_scans""}, {""id"": ""auto_baseline"", ""type"": ""baseline"", ""passed"": true, ""category"": ""baseline""}]",,
surya,docs,old_scans__85,4.851621675500041,,False,,,,,,,,,,,,False,,old_scans,7.0,1.0,"[{""id"": ""85_204851"", ""type"": ""present"", ""passed"": false, ""category"": ""old_scans""}, {""id"": ""85_81849"", ""type"": ""order"", ""passed"": false, ""category"": ""old_scans""}, {""id"": ""85_633939"", ""type"": ""present"", ""passed"": false, ""category"": ""old_scans""}, {""id"": ""85_81262"", ""type"": ""present"", ""passed"": false, ""category"": ""old_scans""}, {""id"": ""85_718011"", ""type"": ""present"", ""passed"": false, ""category"": ""old_scans""}, {""id"": ""85_913682"", ""type"": ""order"", ""passed"": false, ""category"": ""old_scans""}, {""id"": ""auto_baseline"", ""type"": ""baseline"", ""passed"": true, ""category"": ""baseline""}]",,
surya,docs,old_scans__96,4.851621675500041,,False,,,,,,,,,,,,False,,old_scans,8.0,1.0,"[{""id"": ""96_686856"", ""type"": ""present"", ""passed"": false, ""category"": ""old_scans""}, {""id"": ""96_324569"", ""type"": ""order"", ""passed"": false, ""category"": ""old_scans""}, {""id"": ""96_489434"", ""type"": ""present"", ""passed"": false, ""category"": ""old_scans""}, {""id"": ""96_341535"", ""type"": ""present"", ""passed"": false, ""category"": ""old_scans""}, {""id"": ""96_984146"", ""type"": ""present"", ""passed"": false, ""category"": ""old_scans""}, {""id"": ""96_798387"", ""type"": ""order"", ""passed"": false, ""category"": ""old_scans""}, {""id"": ""96_991188"", ""type"": ""order"", ""passed"": false, ""category"": ""old_scans""}, {""id"": ""auto_baseline"", ""type"": ""baseline"", ""passed"": true, ""category"": ""baseline""}]",,
surya,docs,tables__2d54e996d1247bd36695d872863eefebd8f8_pg4,4.974801296374949,,False,,,,,,,,,,,,False,,table_tests,5.0,1.0,"[{""id"": ""2d54e996d1247bd36695d872863eefebd8f8_pg4_table_00"", ""type"": ""table"", ""passed"": false, ""category"": ""table_tests""}, {""id"": ""2d54e996d1247bd36695d872863eefebd8f8_pg4_table_01"", ""type"": ""table"", ""passed"": false, ""category"": ""table_tests""}, {""id"": ""2d54e996d1247bd36695d872863eefebd8f8_pg4_table_02"", ""type"": ""table"", ""passed"": false, ""category"": ""table_tests""}, {""id"": ""2d54e996d1247bd36695d872863eefebd8f8_pg4_table_03"", ""type"": ""table"", ""passed"": false, ""category"": ""table_tests""}, {""id"": ""auto_baseline"", ""type"": ""baseline"", ""passed"": true, ""category"": ""baseline""}]",,
surya,docs,tables__2d932ac96ad0d8ccf81a56bd105fa18fdcbb_pg7,4.974801296374949,,False,,,,,,,,,,,,False,,table_tests,2.0,1.0,"[{""id"": ""2d932ac96ad0d8ccf81a56bd105fa18fdcbb_pg7_table_00"", ""type"": ""table"", ""passed"": false, ""category"": ""table_tests""}, {""id"": ""auto_baseline"", ""type"": ""baseline"", ""passed"": true, ""category"": ""baseline""}]",,
surya,docs,tables__4fafd7de9caa1cf3c0fad313d7bb24b2e685_pg9,4.974801296374949,,False,,,,,,,,,,,,False,,table_tests,5.0,1.0,"[{""id"": ""4fafd7de9caa1cf3c0fad313d7bb24b2e685_pg9_table_00"", ""type"": ""table"", ""passed"": false, ""category"": ""table_tests""}, {""id"": ""4fafd7de9caa1cf3c0fad313d7bb24b2e685_pg9_table_01"", ""type"": ""table"", ""passed"": false, ""category"": ""table_tests""}, {""id"": ""4fafd7de9caa1cf3c0fad313d7bb24b2e685_pg9_table_02"", ""type"": ""table"", ""passed"": false, ""category"": ""table_tests""}, {""id"": ""4fafd7de9caa1cf3c0fad313d7bb24b2e685_pg9_table_03"", ""type"": ""table"", ""passed"": false, ""category"": ""table_tests""}, {""id"": ""auto_baseline"", ""type"": ""baseline"", ""passed"": true, ""category"": ""baseline""}]",,
surya,docs,tables__529eeb84602e4fba7df7a4b127af6c830f97_pg12,4.974801296374949,,False,,,,,,,,,,,,False,,table_tests,4.0,1.0,"[{""id"": ""529eeb84602e4fba7df7a4b127af6c830f97_pg12_table_00"", ""type"": ""table"", ""passed"": false, ""category"": ""table_tests""}, {""id"": ""529eeb84602e4fba7df7a4b127af6c830f97_pg12_table_01"", ""type"": ""table"", ""passed"": false, ""category"": ""table_tests""}, {""id"": ""529eeb84602e4fba7df7a4b127af6c830f97_pg12_table_04"", ""type"": ""table"", ""passed"": false, ""category"": ""table_tests""}, {""id"": ""auto_baseline"", ""type"": ""baseline"", ""passed"": true, ""category"": ""baseline""}]",,
surya,docs,tables__a70c1fc81feccfd878dabffd3dc5617b584c_pg5,4.974801296374949,,False,,,,,,,,,,,,False,,table_tests,6.0,1.0,"[{""id"": ""a70c1fc81feccfd878dabffd3dc5617b584c_pg5_table_00"", ""type"": ""table"", ""passed"": false, ""category"": ""table_tests""}, {""id"": ""a70c1fc81feccfd878dabffd3dc5617b584c_pg5_table_01"", ""type"": ""table"", ""passed"": false, ""category"": ""table_tests""}, {""id"": ""a70c1fc81feccfd878dabffd3dc5617b584c_pg5_table_02"", ""type"": ""table"", ""passed"": false, ""category"": ""table_tests""}, {""id"": ""a70c1fc81feccfd878dabffd3dc5617b584c_pg5_table_03"", ""type"": ""table"", ""passed"": false, ""category"": ""table_tests""}, {""id"": ""a70c1fc81feccfd878dabffd3dc5617b584c_pg5_table_04"", ""type"": ""table"", ""passed"": false, ""category"": ""table_tests""}, {""id"": ""auto_baseline"", ""type"": ""baseline"", ""passed"": true, ""category"": ""baseline""}]",,
surya,docs,tables__b2a4c508f7839c1fbd2bb29a0d56c46bc00e_pg13_pg1,4.974801296374949,,False,,,,,,,,,,,,False,,table_tests,11.0,1.0,"[{""id"": ""b2a4c508f7839c1fbd2bb29a0d56c46bc00e_pg13_table_00"", ""type"": ""table"", ""passed"": false, ""category"": ""table_tests""}, {""id"": ""b2a4c508f7839c1fbd2bb29a0d56c46bc00e_pg13_table_01"", ""type"": ""table"", ""passed"": false, ""category"": ""table_tests""}, {""id"": ""b2a4c508f7839c1fbd2bb29a0d56c46bc00e_pg13_table_02"", ""type"": ""table"", ""passed"": false, ""category"": ""table_tests""}, {""id"": ""b2a4c508f7839c1fbd2bb29a0d56c46bc00e_pg13_table_03"", ""type"": ""table"", ""passed"": false, ""category"": ""table_tests""}, {""id"": ""b2a4c508f7839c1fbd2bb29a0d56c46bc00e_pg13_table_04"", ""type"": ""table"", ""passed"": false, ""category"": ""table_tests""}, {""id"": ""b2a4c508f7839c1fbd2bb29a0d56c46bc00e_pg13_table_05"", ""type"": ""table"", ""passed"": false, ""category"": ""table_tests""}, {""id"": ""b2a4c508f7839c1fbd2bb29a0d56c46bc00e_pg13_table_06"", ""type"": ""table"", ""passed"": false, ""category"": ""table_tests""}, {""id"": ""b2a4c508f7839c1fbd2bb29a0d56c46bc00e_pg13_table_07"", ""type"": ""table"", ""passed"": false, ""category"": ""table_tests""}, {""id"": ""b2a4c508f7839c1fbd2bb29a0d56c46bc00e_pg13_table_08"", ""type"": ""table"", ""passed"": false, ""category"": ""table_tests""}, {""id"": ""b2a4c508f7839c1fbd2bb29a0d56c46bc00e_pg13_table_09"", ""type"": ""table"", ""passed"": false, ""category"": ""table_tests""}, {""id"": ""auto_baseline"", ""type"": ""baseline"", ""passed"": true, ""category"": ""baseline""}]",,
surya,docs,tables__b45c138c634308a84b8b2e67997bef8aa70b_pg15,4.974801296374949,,False,,,,,,,,,,,,False,,table_tests,6.0,1.0,"[{""id"": ""b45c138c634308a84b8b2e67997bef8aa70b_pg15_table_00"", ""type"": ""table"", ""passed"": false, ""category"": ""table_tests""}, {""id"": ""b45c138c634308a84b8b2e67997bef8aa70b_pg15_table_01"", ""type"": ""table"", ""passed"": false, ""category"": ""table_tests""}, {""id"": ""b45c138c634308a84b8b2e67997bef8aa70b_pg15_table_02"", ""type"": ""table"", ""passed"": false, ""category"": ""table_tests""}, {""id"": ""b45c138c634308a84b8b2e67997bef8aa70b_pg15_table_03"", ""type"": ""table"", ""passed"": false, ""category"": ""table_tests""}, {""id"": ""b45c138c634308a84b8b2e67997bef8aa70b_pg15_table_04"", ""type"": ""table"", ""passed"": false, ""category"": ""table_tests""}, {""id"": ""auto_baseline"", ""type"": ""baseline"", ""passed"": true, ""category"": ""baseline""}]",,
surya,docs,tables__b5d9db350b31304da912832bcbafc47b64d8_pg2_pg1,4.974801296374949,,False,,,,,,,,,,,,False,,table_tests,6.0,1.0,"[{""id"": ""b5d9db350b31304da912832bcbafc47b64d8_pg2_table_00"", ""type"": ""table"", ""passed"": false, ""category"": ""table_tests""}, {""id"": ""b5d9db350b31304da912832bcbafc47b64d8_pg2_table_01"", ""type"": ""table"", ""passed"": false, ""category"": ""table_tests""}, {""id"": ""b5d9db350b31304da912832bcbafc47b64d8_pg2_table_02"", ""type"": ""table"", ""passed"": false, ""category"": ""table_tests""}, {""id"": ""b5d9db350b31304da912832bcbafc47b64d8_pg2_table_03"", ""type"": ""table"", ""passed"": false, ""category"": ""table_tests""}, {""id"": ""b5d9db350b31304da912832bcbafc47b64d8_pg2_table_04"", ""type"": ""table"", ""passed"": false, ""category"": ""table_tests""}, {""id"": ""auto_baseline"", ""type"": ""baseline"", ""passed"": true, ""category"": ""baseline""}]",,
surya,docs,tables__b773892dc3e755672b9e085e9eeb8ad18690_pg1_pg1,13.238094686500062,,False,,,,,,,,,,,,False,,table_tests,6.0,1.0,"[{""id"": ""b773892dc3e755672b9e085e9eeb8ad18690_pg1_table_00"", ""type"": ""table"", ""passed"": false, ""category"": ""table_tests""}, {""id"": ""b773892dc3e755672b9e085e9eeb8ad18690_pg1_table_01"", ""type"": ""table"", ""passed"": false, ""category"": ""table_tests""}, {""id"": ""b773892dc3e755672b9e085e9eeb8ad18690_pg1_table_02"", ""type"": ""table"", ""passed"": false, ""category"": ""table_tests""}, {""id"": ""b773892dc3e755672b9e085e9eeb8ad18690_pg1_table_03"", ""type"": ""table"", ""passed"": false, ""category"": ""table_tests""}, {""id"": ""b773892dc3e755672b9e085e9eeb8ad18690_pg1_table_04"", ""type"": ""table"", ""passed"": false, ""category"": ""table_tests""}, {""id"": ""auto_baseline"", ""type"": ""baseline"", ""passed"": true, ""category"": ""baseline""}]",,
surya,docs,tables__fd6cb6dfe3a918390855052669d9a194231a_pg3,13.238094686500062,,False,,,,,,,,,,,,False,,table_tests,6.0,1.0,"[{""id"": ""fd6cb6dfe3a918390855052669d9a194231a_pg3_table_00"", ""type"": ""table"", ""passed"": false, ""category"": ""table_tests""}, {""id"": ""fd6cb6dfe3a918390855052669d9a194231a_pg3_table_01"", ""type"": ""table"", ""passed"": false, ""category"": ""table_tests""}, {""id"": ""fd6cb6dfe3a918390855052669d9a194231a_pg3_table_02"", ""type"": ""table"", ""passed"": false, ""category"": ""table_tests""}, {""id"": ""fd6cb6dfe3a918390855052669d9a194231a_pg3_table_03"", ""type"": ""table"", ""passed"": false, ""category"": ""table_tests""}, {""id"": ""fd6cb6dfe3a918390855052669d9a194231a_pg3_table_04"", ""type"": ""table"", ""passed"": false, ""category"": ""table_tests""}, {""id"": ""auto_baseline"", ""type"": ""baseline"", ""passed"": true, ""category"": ""baseline""}]",,
surya,handwriting,iam_00023,0.5071147140000676,,False,,,0.05,0.05,0.125,2.0,40.0,0.875,0.875,0.125,1.0,False,False,,,,,,
surya,handwriting,iam_00030,0.5071147140000676,,False,,,0.16363636363636364,0.16363636363636364,0.5,9.0,55.0,0.5,0.5,0.5,0.9818181818181818,False,False,,,,,,
surya,handwriting,iam_00059,0.5071147140000676,,False,,,0.06976744186046512,0.06976744186046512,0.2857142857142857,3.0,43.0,0.7142857142857143,0.7142857142857143,0.2857142857142857,0.9767441860465116,False,False,,,,,,
surya,handwriting,iam_00064,0.5071147140000676,,False,,,0.014084507042253521,0.014084507042253521,0.08333333333333333,1.0,71.0,0.9166666666666666,0.9166666666666666,0.08333333333333333,1.0140845070422535,False,False,,,,,,
surya,handwriting,iam_00071,0.5071147140000676,,False,,,0.0,0.0,0.0,0.0,39.0,1.0,1.0,0.0,1.0,False,False,,,,,,
surya,handwriting,iam_00079,0.5071147140000676,,False,,,0.023255813953488372,0.023255813953488372,0.14285714285714285,1.0,43.0,0.8571428571428571,0.8571428571428571,0.14285714285714285,1.0,False,False,,,,,,
surya,handwriting,iam_00126,0.5071147140000676,,False,,,0.0,0.0,0.0,0.0,49.0,1.0,1.0,0.0,1.0,False,False,,,,,,
surya,handwriting,iam_00143,0.5071147140000676,,False,,,0.3076923076923077,0.3076923076923077,0.42857142857142855,12.0,39.0,0.5714285714285714,0.5714285714285714,0.42857142857142855,1.0,False,False,,,,,,
surya,handwriting,iam_00188,0.5050429076250111,,False,,,0.044444444444444446,0.044444444444444446,0.14285714285714285,2.0,45.0,0.875,0.875,0.125,1.0222222222222221,False,False,,,,,,
surya,handwriting,iam_00258,0.5050429076250111,,False,,,0.0,0.0,0.0,0.0,52.0,1.0,1.0,0.0,1.0,False,False,,,,,,
surya,handwriting,iam_00264,0.5050429076250111,,False,,,0.06779661016949153,0.06779661016949153,0.2727272727272727,4.0,59.0,0.9,0.9,0.1,0.9830508474576272,False,False,,,,,,
surya,handwriting,iam_00280,0.5050429076250111,,False,,,0.13953488372093023,0.13953488372093023,0.4,6.0,43.0,0.8333333333333334,1.0,0.0,0.8604651162790697,False,False,,,,,,
surya,handwriting,iam_00289,0.5050429076250111,,False,,,0.016666666666666666,0.016666666666666666,0.08333333333333333,1.0,60.0,0.9166666666666666,0.9166666666666666,0.08333333333333333,1.0,False,False,,,,,,
surya,handwriting,iam_00343,0.5050429076250111,,False,,,0.0392156862745098,0.0392156862745098,0.14285714285714285,2.0,51.0,0.8571428571428571,0.8571428571428571,0.14285714285714285,0.9803921568627451,False,False,,,,,,
surya,handwriting,iam_00364,0.5050429076250111,,False,,,0.0,0.0,0.0,0.0,36.0,1.0,1.0,0.0,1.0,False,False,,,,,,
surya,handwriting,iam_00371,0.5050429076250111,,False,,,0.11363636363636363,0.11363636363636363,0.25,5.0,44.0,0.75,0.75,0.25,0.9772727272727273,False,False,,,,,,
surya,handwriting,iam_00373,0.491089739500012,,False,,,0.0625,0.0625,0.2,2.0,32.0,0.8,0.8,0.2,1.0,False,False,,,,,,
surya,handwriting,iam_00403,0.491089739500012,,False,,,0.0,0.0,0.0,0.0,36.0,1.0,1.0,0.0,1.0,False,False,,,,,,
surya,handwriting,iam_00468,0.491089739500012,,False,,,0.0,0.0,0.0,0.0,37.0,1.0,1.0,0.0,1.0,False,False,,,,,,
surya,handwriting,iam_00478,0.491089739500012,,False,,,0.0,0.0,0.0,0.0,29.0,1.0,1.0,0.0,1.0,False,False,,,,,,
surya,handwriting,iam_00588,0.491089739500012,,False,,,0.0425531914893617,0.0425531914893617,0.125,2.0,47.0,0.875,0.875,0.125,1.0,False,False,,,,,,
surya,handwriting,iam_00608,0.491089739500012,,False,,,0.038461538461538464,0.038461538461538464,0.1111111111111111,2.0,52.0,1.0,1.0,0.0,0.9615384615384616,False,False,,,,,,
surya,handwriting,iam_00749,0.491089739500012,,False,,,0.0,0.0,0.0,0.0,12.0,1.0,1.0,0.0,1.0,False,False,,,,,,
surya,handwriting,iam_00819,0.491089739500012,,False,,,0.0,0.0,0.0,0.0,43.0,1.0,1.0,0.0,1.0,False,False,,,,,,
surya,handwriting,iam_00969,0.49150569674998223,,False,,,0.0,0.0,0.0,0.0,40.0,1.0,1.0,0.0,1.0,False,False,,,,,,
surya,handwriting,iam_01020,0.49150569674998223,,False,,,0.0,0.0,0.0,0.0,35.0,1.0,1.0,0.0,1.0,False,False,,,,,,
surya,handwriting,iam_01023,0.49150569674998223,,False,,,0.0425531914893617,0.0425531914893617,0.2857142857142857,2.0,47.0,0.7142857142857143,0.7142857142857143,0.2857142857142857,1.0212765957446808,False,False,,,,,,
surya,handwriting,iam_01091,0.49150569674998223,,False,,,0.0,0.0,0.0,0.0,51.0,1.0,1.0,0.0,1.0,False,False,,,,,,
surya,handwriting,iam_01104,0.49150569674998223,,False,,,0.0,0.0,0.0,0.0,31.0,1.0,1.0,0.0,1.0,False,False,,,,,,
surya,handwriting,iam_01238,0.49150569674998223,,False,,,0.1,0.1,0.16666666666666666,4.0,40.0,0.8333333333333334,0.8333333333333334,0.16666666666666666,0.975,False,False,,,,,,
surya,handwriting,iam_01366,0.49150569674998223,,False,,,0.02127659574468085,0.02127659574468085,0.1111111111111111,1.0,47.0,1.0,1.0,0.0,1.0,False,False,,,,,,
surya,handwriting,iam_01417,0.49150569674998223,,False,,,0.0,0.0,0.0,0.0,53.0,1.0,1.0,0.0,1.0,False,False,,,,,,
surya,handwriting,iam_01452,0.46769350450006186,,False,,,0.0392156862745098,0.0392156862745098,0.125,2.0,51.0,0.875,0.875,0.125,1.0,False,False,,,,,,
surya,handwriting,iam_01455,0.46769350450006186,,False,,,0.2,0.2,1.0,1.0,5.0,1.0,1.0,0.0,1.0,False,False,,,,,,
surya,handwriting,iam_01805,0.46769350450006186,,False,,,0.0,0.0,0.0,0.0,38.0,1.0,1.0,0.0,1.0,False,False,,,,,,
surya,handwriting,iam_01857,0.46769350450006186,,False,,,0.05405405405405406,0.05405405405405406,0.42857142857142855,2.0,37.0,0.5714285714285714,0.6666666666666666,0.3333333333333333,0.972972972972973,False,False,,,,,,
surya,handwriting,iam_01898,0.46769350450006186,,False,,,0.02,0.02,0.2,1.0,50.0,1.0,1.0,0.0,0.98,False,False,,,,,,
surya,handwriting,iam_01908,0.46769350450006186,,False,,,0.0,0.0,0.0,0.0,53.0,1.0,1.0,0.0,1.0,False,False,,,,,,
surya,handwriting,iam_01970,0.46769350450006186,,False,,,0.075,0.075,0.375,3.0,40.0,0.8571428571428571,0.8571428571428571,0.14285714285714285,1.0,False,False,,,,,,
surya,handwriting,iam_01983,0.46769350450006186,,False,,,0.08695652173913043,0.08695652173913043,0.4,4.0,46.0,0.7777777777777778,0.7777777777777778,0.2222222222222222,0.9782608695652174,False,False,,,,,,
surya,handwriting,iam_01993,0.41873272399993766,,False,,,0.043478260869565216,0.043478260869565216,0.1111111111111111,2.0,46.0,0.8888888888888888,0.8888888888888888,0.1111111111111111,0.9782608695652174,False,False,,,,,,
surya,handwriting,iam_02060,0.41873272399993766,,False,,,0.12244897959183673,0.12244897959183673,0.3333333333333333,6.0,49.0,0.7777777777777778,0.7777777777777778,0.2222222222222222,0.9795918367346939,False,False,,,,,,
surya,handwriting,iam_02081,0.41873272399993766,,False,,,0.06666666666666667,0.06666666666666667,0.3,3.0,45.0,0.8888888888888888,0.8888888888888888,0.1111111111111111,0.9555555555555556,False,False,,,,,,
surya,handwriting,iam_02109,0.41873272399993766,,False,,,0.0,0.0,0.0,0.0,43.0,1.0,1.0,0.0,1.0,False,False,,,,,,
surya,handwriting,iam_02171,0.41873272399993766,,False,,,0.0,0.0,0.0,0.0,40.0,1.0,1.0,0.0,1.0,False,False,,,,,,
surya,handwriting,iam_02216,0.41873272399993766,,False,,,0.0975609756097561,0.0975609756097561,0.42857142857142855,4.0,41.0,0.7142857142857143,0.7142857142857143,0.2857142857142857,0.975609756097561,False,False,,,,,,
surya,handwriting,iam_02279,0.41873272399993766,,False,,,0.08163265306122448,0.08163265306122448,0.2,4.0,49.0,0.8181818181818182,0.8181818181818182,0.18181818181818182,0.9795918367346939,False,False,,,,,,
surya,handwriting,iam_02371,0.41873272399993766,,False,,,0.2727272727272727,0.2727272727272727,0.6,6.0,22.0,0.75,0.75,0.25,1.0,False,False,,,,,,
surya,handwriting,iam_02384,0.452443081625006,,False,,,0.1282051282051282,0.1282051282051282,0.3,5.0,39.0,0.8,0.8,0.2,0.9743589743589743,False,False,,,,,,
surya,handwriting,iam_02463,0.452443081625006,,False,,,0.0,0.0,0.0,0.0,40.0,1.0,1.0,0.0,1.0,False,False,,,,,,
surya,handwriting,iam_02522,0.452443081625006,,False,,,0.08163265306122448,0.08163265306122448,0.5714285714285714,4.0,49.0,1.0,1.0,0.0,1.0,False,False,,,,,,
surya,handwriting,iam_02552,0.452443081625006,,False,,,0.0,0.0,0.0,0.0,41.0,1.0,1.0,0.0,1.0,False,False,,,,,,
surya,handwriting,iam_02640,0.452443081625006,,False,,,0.0,0.0,0.0,0.0,49.0,1.0,1.0,0.0,1.0,False,False,,,,,,
surya,handwriting,iam_02655,0.452443081625006,,False,,,0.058823529411764705,0.058823529411764705,0.3,3.0,51.0,1.0,1.0,0.0,0.9803921568627451,False,False,,,,,,
surya,handwriting,iam_02684,0.452443081625006,,False,,,0.0,0.0,0.0,0.0,57.0,1.0,1.0,0.0,1.0,False,False,,,,,,
surya,handwriting,iam_02725,0.452443081625006,,False,,,0.017543859649122806,0.017543859649122806,0.1,1.0,57.0,0.9090909090909091,0.9090909090909091,0.09090909090909091,1.0,False,False,,,,,,
surya,handwriting,iam_02733,0.49794439375000366,,False,,,0.0,0.0,0.0,0.0,39.0,1.0,1.0,0.0,1.0,False,False,,,,,,
surya,handwriting,iam_02750,0.49794439375000366,,False,,,0.0,0.0,0.0,0.0,40.0,1.0,1.0,0.0,1.0,False,False,,,,,,
surya,handwriting,iam_02765,0.49794439375000366,,False,,,0.07894736842105263,0.07894736842105263,0.375,3.0,38.0,1.0,1.0,0.0,0.9736842105263158,False,False,,,,,,
surya,handwriting,iam_02838,0.49794439375000366,,False,,,0.0,0.0,0.0,0.0,27.0,1.0,1.0,0.0,1.0,False,False,,,,,,
surya,stress,syn000_prose__clean,6.009798403750096,,False,,,0.0,0.0,0.0,0.0,2182.0,1.0,1.0,0.0,1.0,False,False,,,,,prose,clean
surya,stress,syn000_prose__dpi150,6.009798403750096,,False,,,0.0,0.0,0.0,0.0,2182.0,1.0,1.0,0.0,1.0,False,False,,,,,prose,dpi150
surya,stress,syn000_prose__dpi75,6.009798403750096,,False,,,0.0,0.0,0.0,0.0,2182.0,1.0,1.0,0.0,1.0,False,False,,,,,prose,dpi75
surya,stress,syn000_prose__blur,6.009798403750096,,False,,,0.0,0.0,0.0,0.0,2182.0,1.0,1.0,0.0,1.0,False,False,,,,,prose,blur
surya,stress,syn000_prose__noise,6.009798403750096,,False,,,0.0,0.0,0.0,0.0,2182.0,1.0,1.0,0.0,1.0,False,False,,,,,prose,noise
surya,stress,syn000_prose__rotate3,6.009798403750096,,False,,,0.0,0.0,0.0,0.0,2182.0,1.0,1.0,0.0,1.0,False,False,,,,,prose,rotate3
surya,stress,syn000_prose__rotate8,6.009798403750096,,False,,,0.021967963386727688,0.021998166819431713,0.017994858611825194,48.0,2182.0,0.9798488664987406,1.0,0.0,0.9780018331805683,False,False,,,,,prose,rotate8
surya,stress,syn000_prose__jpeg_q10,6.009798403750096,,False,,,0.0,0.0,0.0,0.0,2182.0,1.0,1.0,0.0,1.0,False,False,,,,,prose,jpeg_q10
surya,stress,syn000_prose__low_contrast,3.428959329624945,,False,,,0.0,0.0,0.0,0.0,2182.0,1.0,1.0,0.0,1.0,False,False,,,,,prose,low_contrast
surya,stress,syn000_prose__photocopy,3.428959329624945,,False,,,0.0,0.0,0.0,0.0,2182.0,1.0,1.0,0.0,1.0,False,False,,,,,prose,photocopy
surya,stress,syn000_prose__phone_photo,3.428959329624945,,False,,,0.0,0.0,0.0,0.0,2182.0,1.0,1.0,0.0,1.0,False,False,,,,,prose,phone_photo
surya,stress,syn001_two_column__clean,3.428959329624945,,False,,,0.6595330739299611,0.6595330739299611,0.8150134048257373,1356.0,2056.0,1.0,1.0,0.0,1.0,False,False,,,,,two_column,clean
surya,stress,syn001_two_column__dpi150,3.428959329624945,,False,,,0.6590466926070039,0.6590466926070039,0.8150134048257373,1355.0,2056.0,1.0,1.0,0.0,1.0,False,False,,,,,two_column,dpi150
surya,stress,syn001_two_column__dpi75,3.428959329624945,,False,,,0.6595330739299611,0.6595330739299611,0.8176943699731903,1356.0,2056.0,1.0,1.0,0.0,1.0,False,False,,,,,two_column,dpi75
surya,stress,syn001_two_column__blur,3.428959329624945,,False,,,0.6595330739299611,0.6595330739299611,0.8123324396782842,1356.0,2056.0,1.0,1.0,0.0,1.0,False,False,,,,,two_column,blur
surya,stress,syn001_two_column__noise,3.428959329624945,,False,,,0.6634241245136187,0.6634241245136187,0.8150134048257373,1364.0,2056.0,1.0,1.0,0.0,1.0,False,False,,,,,two_column,noise
surya,stress,syn001_two_column__rotate3,4.340433395124933,,False,,,0.7052529182879378,0.7052529182879378,0.8659517426273459,1450.0,2056.0,1.0,1.0,0.0,1.0,False,False,,,,,two_column,rotate3
surya,stress,syn001_two_column__rotate8,4.340433395124933,,False,,,0.5982490272373541,0.5982490272373541,0.7265415549597856,1230.0,2056.0,0.9893333333333333,1.0,0.0,0.9815175097276264,False,False,,,,,two_column,rotate8
surya,stress,syn001_two_column__jpeg_q10,4.340433395124933,,False,,,0.6590466926070039,0.6590466926070039,0.8150134048257373,1355.0,2056.0,1.0,1.0,0.0,1.0,False,False,,,,,two_column,jpeg_q10
surya,stress,syn001_two_column__low_contrast,4.340433395124933,,False,,,0.6605058365758755,0.6605058365758755,0.8096514745308311,1358.0,2056.0,1.0,1.0,0.0,1.0,False,False,,,,,two_column,low_contrast
surya,stress,syn001_two_column__photocopy,4.340433395124933,,False,,,0.6600194552529183,0.6600194552529183,0.8123324396782842,1357.0,2056.0,1.0,1.0,0.0,1.0,False,False,,,,,two_column,photocopy
surya,stress,syn001_two_column__phone_photo,4.340433395124933,,False,,,0.6945525291828794,0.6945525291828794,0.8579088471849866,1428.0,2056.0,1.0,1.0,0.0,1.0,False,False,,,,,two_column,phone_photo
surya,stress,syn002_table__clean,4.340433395124933,,False,,,0.19483568075117372,0.19483568075117372,0.2153846153846154,83.0,426.0,1.0,1.0,0.0,1.0,False,False,,,,,table,clean
surya,stress,syn002_table__dpi150,4.340433395124933,,False,,,0.07042253521126761,0.07042253521126761,0.12307692307692308,30.0,426.0,1.0,1.0,0.0,1.0,False,False,,,,,table,dpi150
surya,stress,syn002_table__dpi75,3.6488845662501035,,False,,,0.14084507042253522,0.14084507042253522,0.24615384615384617,60.0,426.0,1.0,1.0,0.0,1.0,False,False,,,,,table,dpi75
surya,stress,syn002_table__blur,3.6488845662501035,,False,,,0.15492957746478872,0.15492957746478872,0.26153846153846155,66.0,426.0,1.0,1.0,0.0,1.0,False,False,,,,,table,blur
surya,stress,syn002_table__noise,3.6488845662501035,,False,,,0.25586854460093894,0.25586854460093894,0.3230769230769231,109.0,426.0,1.0,1.0,0.0,1.0,False,False,,,,,table,noise
surya,stress,syn002_table__rotate3,3.6488845662501035,,False,,,0.3591549295774648,0.3591549295774648,0.49230769230769234,153.0,426.0,1.0,1.0,0.0,1.0,False,False,,,,,table,rotate3
surya,stress,syn002_table__rotate8,3.6488845662501035,,False,,,0.39906103286384975,0.39906103286384975,0.5230769230769231,170.0,426.0,0.9888888888888889,1.0,0.0,0.9882629107981221,False,False,,,,,table,rotate8
surya,stress,syn002_table__jpeg_q10,3.6488845662501035,,False,,,0.09859154929577464,0.09859154929577464,0.18461538461538463,42.0,426.0,1.0,1.0,0.0,1.0,False,False,,,,,table,jpeg_q10
surya,stress,syn002_table__low_contrast,3.6488845662501035,,False,,,0.22300469483568075,0.22300469483568075,0.26153846153846155,95.0,426.0,1.0,1.0,0.0,1.0,False,False,,,,,table,low_contrast
surya,stress,syn002_table__photocopy,3.6488845662501035,,False,,,0.18779342723004694,0.18779342723004694,0.23076923076923078,80.0,426.0,1.0,1.0,0.0,1.0,False,False,,,,,table,photocopy
surya,stress,syn002_table__phone_photo,3.390227533624966,,False,,,0.3591549295774648,0.3591549295774648,0.49230769230769234,153.0,426.0,1.0,1.0,0.0,1.0,False,False,,,,,table,phone_photo
surya,stress,syn003_invoice__clean,3.390227533624966,,False,,,0.09071274298056156,0.09071274298056156,0.15151515151515152,42.0,463.0,1.0,1.0,0.0,1.0,False,False,,,,,invoice,clean
surya,stress,syn003_invoice__dpi150,3.390227533624966,,False,,,0.06911447084233262,0.06911447084233262,0.10606060606060606,32.0,463.0,1.0,1.0,0.0,1.0,False,False,,,,,invoice,dpi150
surya,stress,syn003_invoice__dpi75,3.390227533624966,,False,,,0.03023758099352052,0.03023758099352052,0.06060606060606061,14.0,463.0,1.0,1.0,0.0,1.0,False,False,,,,,invoice,dpi75
surya,stress,syn003_invoice__blur,3.390227533624966,,False,,,0.047516198704103674,0.047516198704103674,0.06060606060606061,22.0,463.0,1.0,1.0,0.0,1.0,False,False,,,,,invoice,blur
surya,stress,syn003_invoice__noise,3.390227533624966,,False,,,0.12958963282937366,0.12958963282937366,0.15151515151515152,60.0,463.0,1.0,1.0,0.0,1.0,False,False,,,,,invoice,noise
surya,stress,syn003_invoice__rotate3,3.390227533624966,,False,,,0.2570194384449244,0.2570194384449244,0.3333333333333333,119.0,463.0,1.0,1.0,0.0,1.0,False,False,,,,,invoice,rotate3
surya,stress,syn003_invoice__rotate8,3.390227533624966,,False,,,0.265658747300216,0.265658747300216,0.3333333333333333,123.0,463.0,1.0,1.0,0.0,1.0,False,False,,,,,invoice,rotate8
surya,stress,syn003_invoice__jpeg_q10,2.9416789787500193,,False,,,0.03023758099352052,0.03023758099352052,0.06060606060606061,14.0,463.0,1.0,1.0,0.0,1.0,False,False,,,,,invoice,jpeg_q10
surya,stress,syn003_invoice__low_contrast,2.9416789787500193,,False,,,0.12095032397408208,0.12095032397408208,0.15151515151515152,56.0,463.0,1.0,1.0,0.0,1.0,False,False,,,,,invoice,low_contrast
surya,stress,syn003_invoice__photocopy,2.9416789787500193,,False,,,0.11663066954643629,0.11663066954643629,0.18181818181818182,54.0,463.0,1.0,1.0,0.0,1.0,False,False,,,,,invoice,photocopy
surya,stress,syn003_invoice__phone_photo,2.9416789787500193,,False,,,0.2570194384449244,0.2570194384449244,0.3333333333333333,119.0,463.0,1.0,1.0,0.0,1.0,False,False,,,,,invoice,phone_photo
surya,stress,syn004_prose__clean,2.9416789787500193,,False,,,0.0,0.0,0.0,0.0,2242.0,1.0,1.0,0.0,1.0,False,False,,,,,prose,clean
surya,stress,syn004_prose__dpi150,2.9416789787500193,,False,,,0.0,0.0,0.0,0.0,2242.0,1.0,1.0,0.0,1.0,False,False,,,,,prose,dpi150
surya,stress,syn004_prose__dpi75,2.9416789787500193,,False,,,0.0,0.0,0.0,0.0,2242.0,1.0,1.0,0.0,1.0,False,False,,,,,prose,dpi75
surya,stress,syn004_prose__blur,2.9416789787500193,,False,,,0.0,0.0,0.0,0.0,2242.0,1.0,1.0,0.0,1.0,False,False,,,,,prose,blur
surya,stress,syn004_prose__noise,6.312901911714367,,False,,,0.0,0.0,0.0,0.0,2242.0,1.0,1.0,0.0,1.0,False,False,,,,,prose,noise
surya,stress,syn004_prose__rotate3,6.312901911714367,,False,,,0.0031222123104371097,0.0031222123104371097,0.0025575447570332483,7.0,2242.0,0.9974619289340102,1.0,0.0,0.9968777876895629,False,False,,,,,prose,rotate3
surya,stress,syn004_prose__rotate8,6.312901911714367,,False,,,0.038804638715432646,0.038804638715432646,0.03324808184143223,87.0,2242.0,0.9670050761421319,1.0,0.0,0.9611953612845674,False,False,,,,,prose,rotate8
surya,stress,syn004_prose__jpeg_q10,6.312901911714367,,False,,,0.0,0.0,0.0,0.0,2242.0,1.0,1.0,0.0,1.0,False,False,,,,,prose,jpeg_q10
surya,stress,syn004_prose__low_contrast,6.312901911714367,,False,,,0.0,0.0,0.0,0.0,2242.0,1.0,1.0,0.0,1.0,False,False,,,,,prose,low_contrast
surya,stress,syn004_prose__photocopy,6.312901911714367,,False,,,0.0,0.0,0.0,0.0,2242.0,1.0,1.0,0.0,1.0,False,False,,,,,prose,photocopy
surya,stress,syn004_prose__phone_photo,6.312901911714367,,False,,,0.0031222123104371097,0.0031222123104371097,0.0025575447570332483,7.0,2242.0,0.9974619289340102,1.0,0.0,0.9968777876895629,False,False,,,,,prose,phone_photo
tesseract,books,birdsofgreatbrit02butl_0093_full,1.5359439815000044,,False,birdsofgreatbrit02butl,en,0.017482517482517484,0.009154315605928508,0.03773584905660377,21.0,2294.0,0.9844559585492227,0.9819121447028424,0.01808785529715762,1.001743679163034,False,False,,,,,,
tesseract,books,birdsofgreatbrit02butl_0126_full,1.5359439815000044,,False,birdsofgreatbrit02butl,en,0.014799154334038054,0.004577464788732394,0.01735357917570499,13.0,2840.0,0.9879032258064516,0.9879032258064516,0.012096774193548387,1.0014084507042254,False,False,,,,,,
tesseract,books,birdsofgreatbrit02butl_0156_full,1.5359439815000044,,False,birdsofgreatbrit02butl,en,0.013978494623655914,0.0032085561497326204,0.023026315789473683,6.0,1870.0,0.9903846153846154,0.9903846153846154,0.009615384615384616,1.0005347593582887,False,False,,,,,,
tesseract,books,birdsofgreatbrit02butl_0159_full,1.5359439815000044,,False,birdsofgreatbrit02butl,en,0.013499480789200415,0.007939247497411116,0.023166023166023165,23.0,2897.0,0.9906367041198502,0.9924953095684803,0.0075046904315197,0.9993096306523991,False,False,,,,,,
tesseract,books,birdsofgreatbrit02butl_0172_full,1.5359439815000044,,False,birdsofgreatbrit02butl,en,0.019316022799240027,0.003771213073538655,0.015517241379310345,12.0,3182.0,0.9898305084745763,0.9915110356536503,0.008488964346349746,0.9996857322438718,False,False,,,,,,
tesseract,books,birdsofgreatbrit02butl_0308_full,1.5359439815000044,,False,birdsofgreatbrit02butl,en,0.007123287671232876,0.001095290251916758,0.009146341463414634,2.0,1826.0,0.9970326409495549,0.9970326409495549,0.002967359050445104,1.0,False,False,,,,,,
tesseract,books,birdsofgreatbrit02butl_0312_full,1.5359439815000044,,False,birdsofgreatbrit02butl,en,0.011194029850746268,0.007455731593662628,0.028089887640449437,8.0,1073.0,0.9835164835164835,0.9781420765027322,0.02185792349726776,1.0009319664492078,False,False,,,,,,
tesseract,books,birdsofgreatbrit02butl_0320_full,1.5359439815000044,,False,birdsofgreatbrit02butl,en,0.004551661356395084,0.0018198362147406734,0.0136986301369863,4.0,2198.0,0.9921875,0.9921875,0.0078125,1.0,False,False,,,,,,
tesseract,books,birdsofgreatbrit02butl_0328_full,1.5359439815000044,,False,birdsofgreatbrit02butl,en,0.07704160246533127,0.07550077041602465,0.28421052631578947,49.0,649.0,0.8679245283018868,0.8214285714285714,0.17857142857142858,1.0154083204930662,False,False,,,,,,
tesseract,books,conchologiaiconi05reev_0039_full,1.5359439815000044,,False,conchologiaiconi05reev,en,0.04402035623409669,0.03411405295315682,0.11208406304728546,134.0,3928.0,0.9008547008547009,0.9008547008547009,0.09914529914529914,1.000763747454175,False,False,,,,,,
tesseract,books,conchologiaiconi05reev_0127_full,1.5359439815000044,,False,conchologiaiconi05reev,en,0.13385633733758273,0.12281565345803594,0.24517374517374518,499.0,4063.0,0.8420074349442379,0.8420074349442379,0.1579925650557621,1.0009844942160966,False,False,,,,,,
tesseract,books,conchologiaiconi05reev_0200_full,1.5359439815000044,,False,conchologiaiconi05reev,en,0.06264682850430697,0.052603892688058915,0.15705765407554673,200.0,3802.0,0.867816091954023,0.867816091954023,0.13218390804597702,1.0002630194634403,False,False,,,,,,
tesseract,books,conchologiaiconi05reev_0235_full,1.5359439815000044,,False,conchologiaiconi05reev,en,0.05403158769742311,0.043309272626318715,0.19782608695652174,156.0,3602.0,0.8368200836820083,0.8385744234800838,0.16142557651991615,1.0008328706274292,False,False,,,,,,
tesseract,books,conchologiaiconi05reev_0271_full,1.5359439815000044,,False,conchologiaiconi05reev,en,0.06002143622722401,0.046879185641575144,0.19957983193277312,175.0,3733.0,0.8275862068965517,0.8275862068965517,0.1724137931034483,1.000267881060809,False,False,,,,,,
tesseract,books,conchologiaiconi05reev_0276_full,1.5359439815000044,,False,conchologiaiconi05reev,en,0.1121311475409836,0.10278325662941047,0.20209059233449478,469.0,4563.0,0.8458961474036851,0.8444816053511706,0.15551839464882944,1.0004383081306158,False,False,,,,,,
tesseract,books,conchologiaiconi05reev_0350_full,1.5359439815000044,,False,conchologiaiconi05reev,en,0.07048054919908467,0.05604042259990813,0.16271186440677965,122.0,2177.0,0.8543046357615894,0.8543046357615894,0.1456953642384106,1.0004593477262287,False,False,,,,,,
tesseract,books,conchologiaiconi05reev_0354_full,1.3288570516874998,,False,conchologiaiconi05reev,en,0.05510261456283385,0.04103428892636313,0.17721518987341772,146.0,3558.0,0.8559837728194726,0.8559837728194726,0.1440162271805274,1.0005621135469365,False,False,,,,,,
tesseract,books,conchologiaiconi05reev_0433_full,1.3288570516874998,,False,conchologiaiconi05reev,en,0.05659355537503385,0.049728260869565215,0.1782608695652174,183.0,3680.0,0.8583162217659137,0.8583162217659137,0.14168377823408623,1.0016304347826086,False,False,,,,,,
tesseract,books,daschitinskelett00prel_0011_full,1.3288570516874998,,False,daschitinskelett00prel,de,0.0025429116338207248,0.0025526483726866626,0.020737327188940093,8.0,3134.0,0.9860788863109049,0.9883720930232558,0.011627906976744186,0.9993618379068283,False,False,,,,,,
tesseract,books,daschitinskelett00prel_0021_full,1.3288570516874998,,False,daschitinskelett00prel,de,0.006475006475006475,0.005972474681900805,0.026595744680851064,23.0,3851.0,0.9804270462633452,0.9804270462633452,0.019572953736654804,1.0,False,False,,,,,,
tesseract,books,daschitinskelett00prel_0034_full,1.3288570516874998,,False,daschitinskelett00prel,de,0.006028131279303416,0.006036217303822937,0.025821596244131457,18.0,2982.0,0.9835294117647059,0.9835294117647059,0.01647058823529412,0.9976525821596244,False,False,,,,,,
tesseract,books,daschitinskelett00prel_0037_full,1.3288570516874998,,False,daschitinskelett00prel,de,0.005278437582475587,0.003444621091679915,0.02185792349726776,13.0,3774.0,0.9817518248175182,0.9853479853479854,0.014652014652014652,0.9992050874403816,False,False,,,,,,
tesseract,books,daschitinskelett00prel_0038_full,1.3288570516874998,,False,daschitinskelett00prel,de,0.004148301788955146,0.002343139807341838,0.020754716981132074,9.0,3841.0,0.9849056603773585,0.9830508474576272,0.01694915254237288,0.9997396511325176,False,False,,,,,,
tesseract,books,daschitinskelett00prel_0051_full,1.3288570516874998,,False,daschitinskelett00prel,de,0.003024955886059995,0.003034134007585335,0.01607142857142857,12.0,3955.0,0.989247311827957,0.9874776386404294,0.012522361359570662,1.000252844500632,False,False,,,,,,
tesseract,books,daschitinskelett00prel_0057_full,1.3288570516874998,,False,daschitinskelett00prel,de,0.0043004587155963305,0.004305396096440872,0.023109243697478993,15.0,3484.0,0.9852941176470589,0.9791231732776617,0.020876826722338204,1.0011481056257177,False,False,,,,,,
tesseract,books,daschitinskelett00prel_0060_full,1.3288570516874998,,False,daschitinskelett00prel,de,0.0022172949002217295,0.002232142857142857,0.024793388429752067,2.0,896.0,0.9831932773109243,0.975,0.025,1.0011160714285714,False,False,,,,,,
tesseract,books,histoirenaturell10cuvi_0014_full,1.3288570516874998,,False,histoirenaturell10cuvi,fr,0.011764705882352941,0.007627118644067797,0.0625,9.0,1180.0,0.973404255319149,0.9786096256684492,0.0213903743315508,1.0008474576271187,False,False,,,,,,
tesseract,books,histoirenaturell10cuvi_0070_full,1.3288570516874998,,False,histoirenaturell10cuvi,fr,0.08801955990220049,0.07078189300411522,0.18932038834951456,86.0,1215.0,0.8699551569506726,0.8858447488584474,0.1141552511415525,1.002469135802469,False,False,,,,,,
tesseract,books,histoirenaturell10cuvi_0172_full,1.3288570516874998,,False,histoirenaturell10cuvi,fr,0.023417172593235037,0.013043478260869565,0.07614213197969544,15.0,1150.0,0.9439252336448598,0.9528301886792453,0.04716981132075472,1.0017391304347827,False,False,,,,,,
tesseract,books,histoirenaturell10cuvi_0188_full,1.3288570516874998,,False,histoirenaturell10cuvi,fr,0.030244530244530245,0.015463917525773196,0.06792452830188679,24.0,1552.0,0.9322033898305084,0.9385665529010239,0.06143344709897611,1.0006443298969072,False,False,,,,,,
tesseract,books,histoirenaturell10cuvi_0251_full,1.3288570516874998,,False,histoirenaturell10cuvi,fr,0.028156996587030716,0.014667817083692839,0.09950248756218906,17.0,1159.0,0.9299065420560748,0.9386792452830188,0.06132075471698113,1.001725625539258,False,False,,,,,,
tesseract,books,histoirenaturell10cuvi_0343_full,1.3288570516874998,,False,histoirenaturell10cuvi,fr,0.0398749022673964,0.030039525691699605,0.07537688442211055,38.0,1265.0,0.9607843137254902,0.937799043062201,0.06220095693779904,1.0031620553359684,False,False,,,,,,
tesseract,books,histoirenaturell10cuvi_0369_full,1.5844275788124946,,False,histoirenaturell10cuvi,fr,0.027692307692307693,0.013147718484145398,0.09545454545454546,17.0,1293.0,0.9051724137931034,0.9333333333333333,0.06666666666666667,0.9945862335653519,False,False,,,,,,
tesseract,books,histoirenaturell10cuvi_0425_full,1.5844275788124946,,False,histoirenaturell10cuvi,fr,0.023432552248258392,0.006361323155216285,0.039711191335740074,10.0,1572.0,0.9625850340136054,0.9658703071672355,0.034129692832764506,0.9993638676844784,False,False,,,,,,
tesseract,books,pisciumquerelaee00sche_0012_full,1.5844275788124946,,False,pisciumquerelaee00sche,la,0.12745681953543775,0.12236286919831224,0.5084745762711864,203.0,1659.0,0.5057471264367817,0.5739130434782609,0.4260869565217391,1.030741410488246,False,False,,,,,,
tesseract,books,pisciumquerelaee00sche_0013_full,1.5844275788124946,,False,pisciumquerelaee00sche,la,0.10482921083627797,0.10166468489892984,0.425,171.0,1682.0,0.5655430711610487,0.6371308016877637,0.3628691983122363,1.0214030915576695,False,False,,,,,,
tesseract,books,pisciumquerelaee00sche_0016_full,1.5844275788124946,,False,pisciumquerelaee00sche,la,0.103125,0.1032298923369221,0.4801762114537445,163.0,1579.0,0.5619834710743802,0.5887445887445888,0.41125541125541126,1.0246991766941103,False,False,,,,,,
tesseract,books,pisciumquerelaee00sche_0035_full,1.5844275788124946,,False,pisciumquerelaee00sche,la,0.13902439024390245,0.1270718232044199,0.4780701754385965,207.0,1629.0,0.573170731707317,0.6157205240174672,0.38427947598253276,1.0276243093922652,False,False,,,,,,
tesseract,books,pisciumquerelaee00sche_0038_full,1.5844275788124946,,False,pisciumquerelaee00sche,la,0.14603616133518776,0.14628975265017669,0.467005076142132,207.0,1415.0,0.6237623762376238,0.65625,0.34375,1.0353356890459364,False,False,,,,,,
tesseract,books,pisciumquerelaee00sche_0040_full,1.5844275788124946,,False,pisciumquerelaee00sche,la,0.14590347923681257,0.14560906515580738,0.5955882352941176,257.0,1765.0,0.5662251655629139,0.6404494382022472,0.3595505617977528,1.0430594900849859,False,False,,,,,,
tesseract,books,pisciumquerelaee00sche_0041_full,1.5844275788124946,,False,pisciumquerelaee00sche,la,0.11389236545682102,0.10865445356917246,0.42916666666666664,172.0,1583.0,0.5670498084291188,0.6548672566371682,0.34513274336283184,1.0277953253316487,False,False,,,,,,
tesseract,books,pisciumquerelaee00sche_0044_full,1.5844275788124946,,False,pisciumquerelaee00sche,la,0.19117647058823528,0.19306930693069307,0.5178571428571429,78.0,404.0,0.5471698113207547,0.5087719298245614,0.49122807017543857,1.0396039603960396,False,False,,,,,,
tesseract,books,trudyrusskagoent161881russ_0098_full,1.5844275788124946,,False,trudyrusskagoent161881russ,fr+de,0.17994505494505494,0.17618719889883,0.3333333333333333,256.0,1453.0,0.9296482412060302,0.9113300492610837,0.08866995073891626,0.9944941500344116,False,False,,,,,,
tesseract,books,trudyrusskagoent161881russ_0121_full,1.5844275788124946,,False,trudyrusskagoent161881russ,fr+de,0.018577494692144373,0.006914893617021276,0.04844290657439446,13.0,1880.0,0.9790209790209791,0.9722222222222222,0.027777777777777776,0.997872340425532,False,False,,,,,,
tesseract,books,trudyrusskagoent161881russ_0276_full,1.5844275788124946,,False,trudyrusskagoent161881russ,fr+de,0.011574074074074073,0.004629629629629629,0.027888446215139442,8.0,1728.0,0.9878542510121457,0.9878542510121457,0.012145748987854251,1.0005787037037037,False,False,,,,,,
tesseract,books,trudyrusskagoent161881russ_0329_full,1.5844275788124946,,False,trudyrusskagoent161881russ,fr+de,0.007159904534606206,0.0019175455417066154,0.010273972602739725,4.0,2086.0,0.9896551724137931,0.9896551724137931,0.010344827586206896,1.0004793863854267,False,False,,,,,,
tesseract,books,trudyrusskagoent161881russ_0357_full,1.5844275788124946,,False,trudyrusskagoent161881russ,fr+de,0.012687427912341407,0.009286128845037725,0.058091286307053944,16.0,1723.0,0.9628099173553719,0.9549180327868853,0.045081967213114756,1.0,False,False,,,,,,
tesseract,books,trudyrusskagoent161881russ_0379_full,1.5844275788124946,,False,trudyrusskagoent161881russ,fr+de,0.017982017982017984,0.015052684395383844,0.08490566037735849,30.0,1993.0,0.93993993993994,0.9427710843373494,0.0572289156626506,0.9964877069744105,False,False,,,,,,
tesseract,books,trudyrusskagoent161881russ_0388_full,3.2245028399999,,False,trudyrusskagoent161881russ,fr+de,0.018569087930092845,0.009304871373836891,0.05387205387205387,17.0,1827.0,0.9676375404530745,0.9614147909967846,0.03858520900321544,1.0,False,False,,,,,,
tesseract,books,trudyrusskagoent161881russ_0446_full,3.2245028399999,,False,trudyrusskagoent161881russ,fr+de,0.022304832713754646,0.018691588785046728,0.09424083769633508,20.0,1070.0,0.965,0.9414634146341463,0.05853658536585366,0.9981308411214953,False,False,,,,,,
tesseract,docs,headers_footers__0b8de922246569bf96136cd5bb1d9643b2d269fe_page_10_processed,1.7156180039375073,,False,,,,,,,,,,,,False,,headers_footers,2.0,2.0,"[{""id"": ""0b8de922246569bf96136cd5bb1d9643b2d269fe_page_10_processed.pdf_manual_00"", ""type"": ""absent"", ""passed"": true, ""category"": ""headers_footers""}, {""id"": ""auto_baseline"", ""type"": ""baseline"", ""passed"": true, ""category"": ""baseline""}]",,
tesseract,docs,headers_footers__12e836a20227be4b63f7dcdebb2498e9d189d4da_page_5_processed,1.7156180039375073,,False,,,,,,,,,,,,False,,headers_footers,4.0,4.0,"[{""id"": ""12e836a20227be4b63f7dcdebb2498e9d189d4da_page_5_processed_pg1_header_00"", ""type"": ""absent"", ""passed"": true, ""category"": ""headers_footers""}, {""id"": ""12e836a20227be4b63f7dcdebb2498e9d189d4da_page_5_processed_pg1_header_01"", ""type"": ""absent"", ""passed"": true, ""category"": ""headers_footers""}, {""id"": ""12e836a20227be4b63f7dcdebb2498e9d189d4da_page_5_processed_pg1_header_02"", ""type"": ""absent"", ""passed"": true, ""category"": ""headers_footers""}, {""id"": ""auto_baseline"", ""type"": ""baseline"", ""passed"": true, ""category"": ""baseline""}]",,
tesseract,docs,headers_footers__17ce5025be595d7fc2c3a347b6a2fa4e4d06419d_page_1,1.7156180039375073,,False,,,,,,,,,,,,False,,headers_footers,2.0,1.0,"[{""id"": ""17ce5025be595d7fc2c3a347b6a2fa4e4d06419d_page_1_header_00"", ""type"": ""absent"", ""passed"": false, ""category"": ""headers_footers""}, {""id"": ""auto_baseline"", ""type"": ""baseline"", ""passed"": true, ""category"": ""baseline""}]",,
tesseract,docs,headers_footers__1a3e61746b0965df09bce6cb1051c455807363d5_page_1,1.7156180039375073,,False,,,,,,,,,,,,False,,headers_footers,3.0,2.0,"[{""id"": ""1a3e61746b0965df09bce6cb1051c455807363d5_page_1_header_00"", ""type"": ""absent"", ""passed"": false, ""category"": ""headers_footers""}, {""id"": ""1a3e61746b0965df09bce6cb1051c455807363d5_page_1.pdf_manual_00"", ""type"": ""absent"", ""passed"": true, ""category"": ""headers_footers""}, {""id"": ""auto_baseline"", ""type"": ""baseline"", ""passed"": true, ""category"": ""baseline""}]",,
tesseract,docs,headers_footers__2cb8b9fbe5aaac3d7f95d110a3b08132ee09d103_page_2,1.7156180039375073,,False,,,,,,,,,,,,False,,headers_footers,3.0,1.0,"[{""id"": ""2cb8b9fbe5aaac3d7f95d110a3b08132ee09d103_page_2_header_00"", ""type"": ""absent"", ""passed"": false, ""category"": ""headers_footers""}, {""id"": ""2cb8b9fbe5aaac3d7f95d110a3b08132ee09d103_page_2.pdf_manual_00"", ""type"": ""absent"", ""passed"": false, ""category"": ""headers_footers""}, {""id"": ""auto_baseline"", ""type"": ""baseline"", ""passed"": true, ""category"": ""baseline""}]",,
tesseract,docs,headers_footers__363300831b3da664b1bfe972e4f86464fa076da3_page_149,1.7156180039375073,,False,,,,,,,,,,,,False,,headers_footers,6.0,3.0,"[{""id"": ""363300831b3da664b1bfe972e4f86464fa076da3_page_149_header_00"", ""type"": ""absent"", ""passed"": true, ""category"": ""headers_footers""}, {""id"": ""363300831b3da664b1bfe972e4f86464fa076da3_page_149_header_01"", ""type"": ""absent"", ""passed"": false, ""category"": ""headers_footers""}, {""id"": ""363300831b3da664b1bfe972e4f86464fa076da3_page_149_header_15"", ""type"": ""absent"", ""passed"": false, ""category"": ""headers_footers""}, {""id"": ""363300831b3da664b1bfe972e4f86464fa076da3_page_149_header_16"", ""type"": ""absent"", ""passed"": false, ""category"": ""headers_footers""}, {""id"": ""363300831b3da664b1bfe972e4f86464fa076da3_page_149.pdf_manual_00"", ""type"": ""absent"", ""passed"": true, ""category"": ""headers_footers""}, {""id"": ""auto_baseline"", ""type"": ""baseline"", ""passed"": true, ""category"": ""baseline""}]",,
tesseract,docs,headers_footers__62621cef2b1d5356a063aa7c9c735ac396fb2223_page_33,1.7156180039375073,,False,,,,,,,,,,,,False,,headers_footers,4.0,2.0,"[{""id"": ""62621cef2b1d5356a063aa7c9c735ac396fb2223_page_33_header_00"", ""type"": ""absent"", ""passed"": false, ""category"": ""headers_footers""}, {""id"": ""62621cef2b1d5356a063aa7c9c735ac396fb2223_page_33.pdf_manual_00"", ""type"": ""absent"", ""passed"": true, ""category"": ""headers_footers""}, {""id"": ""62621cef2b1d5356a063aa7c9c735ac396fb2223_page_33.pdf_manual_01"", ""type"": ""absent"", ""passed"": false, ""category"": ""headers_footers""}, {""id"": ""auto_baseline"", ""type"": ""baseline"", ""passed"": true, ""category"": ""baseline""}]",,
tesseract,docs,headers_footers__7901d119ed91a89f8fbabf0eef7174d75a7656e3_page_1,1.7156180039375073,,False,,,,,,,,,,,,False,,headers_footers,2.0,1.0,"[{""id"": ""7901d119ed91a89f8fbabf0eef7174d75a7656e3_page_1.pdf_manual_00"", ""type"": ""absent"", ""passed"": false, ""category"": ""headers_footers""}, {""id"": ""auto_baseline"", ""type"": ""baseline"", ""passed"": true, ""category"": ""baseline""}]",,
tesseract,docs,headers_footers__ba10222e40f05d76e2bf1d51c39066a4b1fe82ed_page_11,1.7156180039375073,,False,,,,,,,,,,,,False,,headers_footers,3.0,1.0,"[{""id"": ""ba10222e40f05d76e2bf1d51c39066a4b1fe82ed_page_11_header_00"", ""type"": ""absent"", ""passed"": false, ""category"": ""headers_footers""}, {""id"": ""ba10222e40f05d76e2bf1d51c39066a4b1fe82ed_page_11.pdf_manual_00"", ""type"": ""absent"", ""passed"": false, ""category"": ""headers_footers""}, {""id"": ""auto_baseline"", ""type"": ""baseline"", ""passed"": true, ""category"": ""baseline""}]",,
tesseract,docs,headers_footers__d8b9c4cd0ba9b036e09168c8dccccd1d43315ef4_page_1,1.7156180039375073,,False,,,,,,,,,,,,False,,headers_footers,3.0,2.0,"[{""id"": ""d8b9c4cd0ba9b036e09168c8dccccd1d43315ef4_page_1_header_00"", ""type"": ""absent"", ""passed"": false, ""category"": ""headers_footers""}, {""id"": ""d8b9c4cd0ba9b036e09168c8dccccd1d43315ef4_page_1.pdf_manual_00"", ""type"": ""absent"", ""passed"": true, ""category"": ""headers_footers""}, {""id"": ""auto_baseline"", ""type"": ""baseline"", ""passed"": true, ""category"": ""baseline""}]",,
tesseract,docs,long_tiny_text__11_pg161_pg1,1.7156180039375073,,False,,,,,,,,,,,,False,,long_tiny_text,9.0,9.0,"[{""id"": ""11_pg161_pg1_text_00"", ""type"": ""present"", ""passed"": true, ""category"": ""long_tiny_text""}, {""id"": ""11_pg161_pg1_text_01"", ""type"": ""present"", ""passed"": true, ""category"": ""long_tiny_text""}, {""id"": ""11_pg161_pg1_text_02"", ""type"": ""present"", ""passed"": true, ""category"": ""long_tiny_text""}, {""id"": ""11_pg161_pg1_text_03"", ""type"": ""present"", ""passed"": true, ""category"": ""long_tiny_text""}, {""id"": ""11_pg161_pg1_text_04"", ""type"": ""present"", ""passed"": true, ""category"": ""long_tiny_text""}, {""id"": ""11_pg161_pg1_text_05"", ""type"": ""present"", ""passed"": true, ""category"": ""long_tiny_text""}, {""id"": ""11_pg161_pg1_text_06"", ""type"": ""present"", ""passed"": true, ""category"": ""long_tiny_text""}, {""id"": ""11_pg161_pg1_text_07"", ""type"": ""present"", ""passed"": true, ""category"": ""long_tiny_text""}, {""id"": ""auto_baseline"", ""type"": ""baseline"", ""passed"": true, ""category"": ""baseline""}]",,
tesseract,docs,long_tiny_text__11_pg375_pg1,1.7156180039375073,,False,,,,,,,,,,,,False,,long_tiny_text,4.0,3.0,"[{""id"": ""11_pg375_pg1_text_00"", ""type"": ""present"", ""passed"": true, ""category"": ""long_tiny_text""}, {""id"": ""11_pg375_pg1_text_01"", ""type"": ""present"", ""passed"": true, ""category"": ""long_tiny_text""}, {""id"": ""11_pg375_pg1_text_02"", ""type"": ""present"", ""passed"": false, ""category"": ""long_tiny_text""}, {""id"": ""auto_baseline"", ""type"": ""baseline"", ""passed"": true, ""category"": ""baseline""}]",,
tesseract,docs,long_tiny_text__13_pg556_pg1,1.7156180039375073,,False,,,,,,,,,,,,False,,long_tiny_text,5.0,4.0,"[{""id"": ""13_pg556_pg1_text_00"", ""type"": ""present"", ""passed"": true, ""category"": ""long_tiny_text""}, {""id"": ""13_pg556_pg1_text_01"", ""type"": ""present"", ""passed"": true, ""category"": ""long_tiny_text""}, {""id"": ""13_pg556_pg1_text_02"", ""type"": ""present"", ""passed"": false, ""category"": ""long_tiny_text""}, {""id"": ""13_pg556_pg1_text_03"", ""type"": ""present"", ""passed"": true, ""category"": ""long_tiny_text""}, {""id"": ""auto_baseline"", ""type"": ""baseline"", ""passed"": true, ""category"": ""baseline""}]",,
tesseract,docs,long_tiny_text__13_pg566_pg1,1.7156180039375073,,False,,,,,,,,,,,,False,,long_tiny_text,6.0,5.0,"[{""id"": ""13_pg566_pg1_text_00"", ""type"": ""present"", ""passed"": true, ""category"": ""long_tiny_text""}, {""id"": ""13_pg566_pg1_text_01"", ""type"": ""present"", ""passed"": true, ""category"": ""long_tiny_text""}, {""id"": ""13_pg566_pg1_text_02"", ""type"": ""present"", ""passed"": false, ""category"": ""long_tiny_text""}, {""id"": ""13_pg566_pg1_text_03"", ""type"": ""present"", ""passed"": true, ""category"": ""long_tiny_text""}, {""id"": ""13_pg566_pg1_text_04"", ""type"": ""present"", ""passed"": true, ""category"": ""long_tiny_text""}, {""id"": ""auto_baseline"", ""type"": ""baseline"", ""passed"": true, ""category"": ""baseline""}]",,
tesseract,docs,long_tiny_text__13_pg67_pg1,1.7156180039375073,,False,,,,,,,,,,,,False,,long_tiny_text,6.0,4.0,"[{""id"": ""13_pg67_pg1_text_00"", ""type"": ""present"", ""passed"": false, ""category"": ""long_tiny_text""}, {""id"": ""13_pg67_pg1_text_01"", ""type"": ""present"", ""passed"": true, ""category"": ""long_tiny_text""}, {""id"": ""13_pg67_pg1_text_02"", ""type"": ""present"", ""passed"": true, ""category"": ""long_tiny_text""}, {""id"": ""13_pg67_pg1_text_03"", ""type"": ""present"", ""passed"": false, ""category"": ""long_tiny_text""}, {""id"": ""13_pg67_pg1_text_04"", ""type"": ""present"", ""passed"": true, ""category"": ""long_tiny_text""}, {""id"": ""auto_baseline"", ""type"": ""baseline"", ""passed"": true, ""category"": ""baseline""}]",,
tesseract,docs,long_tiny_text__14a_pg1,1.7156180039375073,,False,,,,,,,,,,,,False,,long_tiny_text,6.0,4.0,"[{""id"": ""14a_pg1_text_01"", ""type"": ""present"", ""passed"": true, ""category"": ""long_tiny_text""}, {""id"": ""14a_pg1_text_02"", ""type"": ""present"", ""passed"": false, ""category"": ""long_tiny_text""}, {""id"": ""14a_pg1_text_04"", ""type"": ""present"", ""passed"": false, ""category"": ""long_tiny_text""}, {""id"": ""14a_pg1_text_05"", ""type"": ""present"", ""passed"": true, ""category"": ""long_tiny_text""}, {""id"": ""14a_pg1_text_06"", ""type"": ""present"", ""passed"": true, ""category"": ""long_tiny_text""}, {""id"": ""auto_baseline"", ""type"": ""baseline"", ""passed"": true, ""category"": ""baseline""}]",,
tesseract,docs,long_tiny_text__15c_pg1,1.8880630413750055,,False,,,,,,,,,,,,False,,long_tiny_text,5.0,3.0,"[{""id"": ""15c_pg1_text_00"", ""type"": ""present"", ""passed"": true, ""category"": ""long_tiny_text""}, {""id"": ""15c_pg1_text_01"", ""type"": ""present"", ""passed"": true, ""category"": ""long_tiny_text""}, {""id"": ""15c_pg1_text_02"", ""type"": ""present"", ""passed"": false, ""category"": ""long_tiny_text""}, {""id"": ""15c_pg1_text_03"", ""type"": ""present"", ""passed"": false, ""category"": ""long_tiny_text""}, {""id"": ""auto_baseline"", ""type"": ""baseline"", ""passed"": true, ""category"": ""baseline""}]",,
tesseract,docs,long_tiny_text__17_pg2_pg1,1.8880630413750055,,False,,,,,,,,,,,,False,,long_tiny_text,40.0,36.0,"[{""id"": ""17_pg2_pg1_text_00"", ""type"": ""present"", ""passed"": true, ""category"": ""long_tiny_text""}, {""id"": ""17_pg2_pg1_text_01"", ""type"": ""present"", ""passed"": true, ""category"": ""long_tiny_text""}, {""id"": ""17_pg2_pg1_text_02"", ""type"": ""present"", ""passed"": false, ""category"": ""long_tiny_text""}, {""id"": ""17_pg2_pg1_text_03"", ""type"": ""present"", ""passed"": true, ""category"": ""long_tiny_text""}, {""id"": ""17_pg2_pg1_text_04"", ""type"": ""present"", ""passed"": true, ""category"": ""long_tiny_text""}, {""id"": ""17_pg2_pg1_text_06"", ""type"": ""present"", ""passed"": true, ""category"": ""long_tiny_text""}, {""id"": ""17_pg2_pg1_text_07"", ""type"": ""present"", ""passed"": true, ""category"": ""long_tiny_text""}, {""id"": ""17_pg2_pg1_text_09"", ""type"": ""present"", ""passed"": true, ""category"": ""long_tiny_text""}, {""id"": ""17_pg2_pg1_text_10"", ""type"": ""present"", ""passed"": true, ""category"": ""long_tiny_text""}, {""id"": ""17_pg2_pg1_text_12"", ""type"": ""present"", ""passed"": true, ""category"": ""long_tiny_text""}, {""id"": ""17_pg2_pg1_text_13"", ""type"": ""present"", ""passed"": true, ""category"": ""long_tiny_text""}, {""id"": ""17_pg2_pg1_text_16"", ""type"": ""present"", ""passed"": true, ""category"": ""long_tiny_text""}, {""id"": ""17_pg2_pg1_text_17"", ""type"": ""present"", ""passed"": false, ""category"": ""long_tiny_text""}, {""id"": ""17_pg2_pg1_text_20"", ""type"": ""present"", ""passed"": false, ""category"": ""long_tiny_text""}, {""id"": ""17_pg2_pg1_text_23"", ""type"": ""present"", ""passed"": true, ""category"": ""long_tiny_text""}, {""id"": ""17_pg2_pg1_text_24"", ""type"": ""present"", ""passed"": true, ""category"": ""long_tiny_text""}, {""id"": ""17_pg2_pg1_text_25"", ""type"": ""present"", ""passed"": true, ""category"": ""long_tiny_text""}, {""id"": ""17_pg2_pg1_text_27"", ""type"": ""present"", ""passed"": true, ""category"": ""long_tiny_text""}, {""id"": ""17_pg2_pg1_text_28"", ""type"": ""present"", ""passed"": true, ""category"": ""long_tiny_text""}, {""id"": ""17_pg2_pg1_text_30"", ""type"": ""present"", ""passed"": true, ""category"": ""long_tiny_text""}, {""id"": ""17_pg2_pg1_text_31"", ""type"": ""present"", ""passed"": true, ""category"": ""long_tiny_text""}, {""id"": ""17_pg2_pg1_text_34"", ""type"": ""present"", ""passed"": true, ""category"": ""long_tiny_text""}, {""id"": ""17_pg2_pg1_text_37"", ""type"": ""present"", ""passed"": true, ""category"": ""long_tiny_text""}, {""id"": ""17_pg2_pg1_text_41"", ""type"": ""present"", ""passed"": true, ""category"": ""long_tiny_text""}, {""id"": ""17_pg2_pg1_text_43"", ""type"": ""present"", ""passed"": true, ""category"": ""long_tiny_text""}, {""id"": ""17_pg2_pg1_text_45"", ""type"": ""present"", ""passed"": true, ""category"": ""long_tiny_text""}, {""id"": ""17_pg2_pg1_text_49"", ""type"": ""present"", ""passed"": false, ""category"": ""long_tiny_text""}, {""id"": ""17_pg2_pg1_text_51"", ""type"": ""present"", ""passed"": true, ""category"": ""long_tiny_text""}, {""id"": ""17_pg2_pg1_text_56"", ""type"": ""present"", ""passed"": true, ""category"": ""long_tiny_text""}, {""id"": ""17_pg2_pg1_text_61"", ""type"": ""present"", ""passed"": true, ""category"": ""long_tiny_text""}, {""id"": ""17_pg2_pg1_text_65"", ""type"": ""present"", ""passed"": true, ""category"": ""long_tiny_text""}, {""id"": ""17_pg2_pg1_text_69"", ""type"": ""present"", ""passed"": true, ""category"": ""long_tiny_text""}, {""id"": ""17_pg2_pg1_text_74"", ""type"": ""present"", ""passed"": true, ""category"": ""long_tiny_text""}, {""id"": ""17_pg2_pg1_text_80"", ""type"": ""present"", ""passed"": true, ""category"": ""long_tiny_text""}, {""id"": ""17_pg2_pg1_text_83"", ""type"": ""present"", ""passed"": true, ""category"": ""long_tiny_text""}, {""id"": ""17_pg2_pg1_text_86"", ""type"": ""present"", ""passed"": true, ""category"": ""long_tiny_text""}, {""id"": ""17_pg2_pg1_text_88"", ""type"": ""present"", ""passed"": true, ""category"": ""long_tiny_text""}, {""id"": ""17_pg2_pg1_text_95"", ""type"": ""present"", ""passed"": true, ""category"": ""long_tiny_text""}, {""id"": ""17_pg2_pg1_text_97"", ""type"": ""present"", ""passed"": true, ""category"": ""long_tiny_text""}, {""id"": ""auto_baseline"", ""type"": ""baseline"", ""passed"": true, ""category"": ""baseline""}]",,
tesseract,docs,long_tiny_text__20_pg40_pg1,1.8880630413750055,,False,,,,,,,,,,,,False,,long_tiny_text,6.0,5.0,"[{""id"": ""20_pg40_pg1_text_00"", ""type"": ""present"", ""passed"": true, ""category"": ""long_tiny_text""}, {""id"": ""20_pg40_pg1_text_01"", ""type"": ""present"", ""passed"": true, ""category"": ""long_tiny_text""}, {""id"": ""20_pg40_pg1_text_02"", ""type"": ""present"", ""passed"": false, ""category"": ""long_tiny_text""}, {""id"": ""20_pg40_pg1_text_03"", ""type"": ""present"", ""passed"": true, ""category"": ""long_tiny_text""}, {""id"": ""20_pg40_pg1_text_04"", ""type"": ""present"", ""passed"": true, ""category"": ""long_tiny_text""}, {""id"": ""auto_baseline"", ""type"": ""baseline"", ""passed"": true, ""category"": ""baseline""}]",,
tesseract,docs,long_tiny_text__20_pg46_pg1,1.8880630413750055,,False,,,,,,,,,,,,False,,long_tiny_text,10.0,6.0,"[{""id"": ""20_pg46_pg1_text_00"", ""type"": ""present"", ""passed"": true, ""category"": ""long_tiny_text""}, {""id"": ""20_pg46_pg1_text_01"", ""type"": ""present"", ""passed"": false, ""category"": ""long_tiny_text""}, {""id"": ""20_pg46_pg1_text_02"", ""type"": ""present"", ""passed"": false, ""category"": ""long_tiny_text""}, {""id"": ""20_pg46_pg1_text_03"", ""type"": ""present"", ""passed"": true, ""category"": ""long_tiny_text""}, {""id"": ""20_pg46_pg1_text_04"", ""type"": ""present"", ""passed"": false, ""category"": ""long_tiny_text""}, {""id"": ""20_pg46_pg1_text_05"", ""type"": ""present"", ""passed"": true, ""category"": ""long_tiny_text""}, {""id"": ""20_pg46_pg1_text_06"", ""type"": ""present"", ""passed"": false, ""category"": ""long_tiny_text""}, {""id"": ""20_pg46_pg1_text_08"", ""type"": ""present"", ""passed"": true, ""category"": ""long_tiny_text""}, {""id"": ""20_pg46_pg1_text_09"", ""type"": ""present"", ""passed"": true, ""category"": ""long_tiny_text""}, {""id"": ""auto_baseline"", ""type"": ""baseline"", ""passed"": true, ""category"": ""baseline""}]",,
tesseract,docs,multi_column__00945e98ea0970dcffb8f548336df3a0137f_page_4_pg1,1.8880630413750055,,False,,,,,,,,,,,,False,,multi_column,4.0,4.0,"[{""id"": ""00945e98ea0970dcffb8f548336df3a0137f_page_4.pdf_order_0a8f368a"", ""type"": ""order"", ""passed"": true, ""category"": ""multi_column""}, {""id"": ""00945e98ea0970dcffb8f548336df3a0137f_page_4.pdf_order_3d4bbd69"", ""type"": ""order"", ""passed"": true, ""category"": ""multi_column""}, {""id"": ""00945e98ea0970dcffb8f548336df3a0137f_page_4.pdf_order_4cbab131"", ""type"": ""order"", ""passed"": true, ""category"": ""multi_column""}, {""id"": ""auto_baseline"", ""type"": ""baseline"", ""passed"": true, ""category"": ""baseline""}]",,
tesseract,docs,multi_column__00e2c7719d58bb49fd4031cce9dcccdddec2_page_1_pg1,1.8880630413750055,,False,,,,,,,,,,,,False,,multi_column,3.0,2.0,"[{""id"": ""00e2c7719d58bb49fd4031cce9dcccdddec2_page_1.pdf_order_85be1097"", ""type"": ""order"", ""passed"": false, ""category"": ""multi_column""}, {""id"": ""00e2c7719d58bb49fd4031cce9dcccdddec2_page_1.pdf_order_b903400b"", ""type"": ""order"", ""passed"": true, ""category"": ""multi_column""}, {""id"": ""auto_baseline"", ""type"": ""baseline"", ""passed"": true, ""category"": ""baseline""}]",,
tesseract,docs,multi_column__0114396ecb251aa3ebaeaeaed6bd4fe50bd2_page_2_pg1,1.8880630413750055,,False,,,,,,,,,,,,False,,multi_column,6.0,6.0,"[{""id"": ""0114396ecb251aa3ebaeaeaed6bd4fe50bd2_page_2.pdf_order_e5d2d945"", ""type"": ""order"", ""passed"": true, ""category"": ""multi_column""}, {""id"": ""0114396ecb251aa3ebaeaeaed6bd4fe50bd2_page_2.pdf_order_6b2daa2b"", ""type"": ""order"", ""passed"": true, ""category"": ""multi_column""}, {""id"": ""0114396ecb251aa3ebaeaeaed6bd4fe50bd2_page_2.pdf_order_f61eafae"", ""type"": ""order"", ""passed"": true, ""category"": ""multi_column""}, {""id"": ""0114396ecb251aa3ebaeaeaed6bd4fe50bd2_page_2.pdf_order_40a2536e"", ""type"": ""order"", ""passed"": true, ""category"": ""multi_column""}, {""id"": ""0114396ecb251aa3ebaeaeaed6bd4fe50bd2_page_2.pdf_order_b8d41298"", ""type"": ""order"", ""passed"": true, ""category"": ""multi_column""}, {""id"": ""auto_baseline"", ""type"": ""baseline"", ""passed"": true, ""category"": ""baseline""}]",,
tesseract,docs,multi_column__019a8841dddeb304774ba62a9f5d8dccb43d_page_2_pg1,1.8880630413750055,,False,,,,,,,,,,,,False,,multi_column,5.0,4.0,"[{""id"": ""019a8841dddeb304774ba62a9f5d8dccb43d_page_2.pdf_order_00d331ca"", ""type"": ""order"", ""passed"": true, ""category"": ""multi_column""}, {""id"": ""019a8841dddeb304774ba62a9f5d8dccb43d_page_2.pdf_order_2410e748"", ""type"": ""order"", ""passed"": true, ""category"": ""multi_column""}, {""id"": ""019a8841dddeb304774ba62a9f5d8dccb43d_page_2.pdf_order_5a8cba0a"", ""type"": ""order"", ""passed"": true, ""category"": ""multi_column""}, {""id"": ""019a8841dddeb304774ba62a9f5d8dccb43d_page_2.pdf_order_6a2477bc"", ""type"": ""order"", ""passed"": false, ""category"": ""multi_column""}, {""id"": ""auto_baseline"", ""type"": ""baseline"", ""passed"": true, ""category"": ""baseline""}]",,
tesseract,docs,multi_column__0208fbb5d6b646f972f4702428ad2cede5c5_page_6_pg1,1.8880630413750055,,False,,,,,,,,,,,,False,,multi_column,2.0,2.0,"[{""id"": ""0208fbb5d6b646f972f4702428ad2cede5c5_page_6.pdf_order_71ab8004"", ""type"": ""order"", ""passed"": true, ""category"": ""multi_column""}, {""id"": ""auto_baseline"", ""type"": ""baseline"", ""passed"": true, ""category"": ""baseline""}]",,
tesseract,docs,multi_column__027c390510b2fd3364f5a382f2bc304af018_page_4_pg1,1.8880630413750055,,False,,,,,,,,,,,,False,,multi_column,5.0,3.0,"[{""id"": ""027c390510b2fd3364f5a382f2bc304af018_page_4.pdf_order_ea693a98"", ""type"": ""order"", ""passed"": false, ""category"": ""multi_column""}, {""id"": ""027c390510b2fd3364f5a382f2bc304af018_page_4.pdf_order_053bda58"", ""type"": ""order"", ""passed"": true, ""category"": ""multi_column""}, {""id"": ""027c390510b2fd3364f5a382f2bc304af018_page_4.pdf_order_9e06820d"", ""type"": ""order"", ""passed"": true, ""category"": ""multi_column""}, {""id"": ""027c390510b2fd3364f5a382f2bc304af018_page_4.pdf_order_97e749bf"", ""type"": ""order"", ""passed"": false, ""category"": ""multi_column""}, {""id"": ""auto_baseline"", ""type"": ""baseline"", ""passed"": true, ""category"": ""baseline""}]",,
tesseract,docs,multi_column__02943986dff2d4a84b7c2dd81abfc51fceea_page_5_pg1,1.8880630413750055,,False,,,,,,,,,,,,False,,multi_column,5.0,5.0,"[{""id"": ""02943986dff2d4a84b7c2dd81abfc51fceea_page_5.pdf_order_3f1adc6b"", ""type"": ""order"", ""passed"": true, ""category"": ""multi_column""}, {""id"": ""02943986dff2d4a84b7c2dd81abfc51fceea_page_5.pdf_order_00ce4e6f"", ""type"": ""order"", ""passed"": true, ""category"": ""multi_column""}, {""id"": ""02943986dff2d4a84b7c2dd81abfc51fceea_page_5.pdf_order_46755e50"", ""type"": ""order"", ""passed"": true, ""category"": ""multi_column""}, {""id"": ""02943986dff2d4a84b7c2dd81abfc51fceea_page_5.pdf_order_13f6999c"", ""type"": ""order"", ""passed"": true, ""category"": ""multi_column""}, {""id"": ""auto_baseline"", ""type"": ""baseline"", ""passed"": true, ""category"": ""baseline""}]",,
tesseract,docs,multi_column__02943986dff2d4a84b7c2dd81abfc51fceea_page_9_pg1,1.8880630413750055,,False,,,,,,,,,,,,False,,multi_column,5.0,2.0,"[{""id"": ""02943986dff2d4a84b7c2dd81abfc51fceea_page_9.pdf_order_babd8e0e"", ""type"": ""order"", ""passed"": false, ""category"": ""multi_column""}, {""id"": ""02943986dff2d4a84b7c2dd81abfc51fceea_page_9.pdf_order_2e6f0ead"", ""type"": ""order"", ""passed"": false, ""category"": ""multi_column""}, {""id"": ""02943986dff2d4a84b7c2dd81abfc51fceea_page_9.pdf_order_7e60c895"", ""type"": ""order"", ""passed"": false, ""category"": ""multi_column""}, {""id"": ""02943986dff2d4a84b7c2dd81abfc51fceea_page_9.pdf_order_81a40b7f"", ""type"": ""order"", ""passed"": true, ""category"": ""multi_column""}, {""id"": ""auto_baseline"", ""type"": ""baseline"", ""passed"": true, ""category"": ""baseline""}]",,
tesseract,docs,multi_column__038650c9dfd95e7495d0c4d301d9dcca735a_page_1_pg1,1.8880630413750055,,False,,,,,,,,,,,,False,,multi_column,5.0,4.0,"[{""id"": ""038650c9dfd95e7495d0c4d301d9dcca735a_page_1.pdf_order_eb32d864"", ""type"": ""order"", ""passed"": true, ""category"": ""multi_column""}, {""id"": ""038650c9dfd95e7495d0c4d301d9dcca735a_page_1.pdf_order_517c20f9"", ""type"": ""order"", ""passed"": true, ""category"": ""multi_column""}, {""id"": ""038650c9dfd95e7495d0c4d301d9dcca735a_page_1.pdf_order_12a7fa3e"", ""type"": ""order"", ""passed"": true, ""category"": ""multi_column""}, {""id"": ""038650c9dfd95e7495d0c4d301d9dcca735a_page_1.pdf_order_cf779f79"", ""type"": ""order"", ""passed"": false, ""category"": ""multi_column""}, {""id"": ""auto_baseline"", ""type"": ""baseline"", ""passed"": true, ""category"": ""baseline""}]",,
tesseract,docs,multi_column__0845863d27c84b14011e17a388821525e783_page_16_pg1,1.8880630413750055,,False,,,,,,,,,,,,False,,multi_column,4.0,2.0,"[{""id"": ""0845863d27c84b14011e17a388821525e783_page_16.pdf_order_dffceb1b"", ""type"": ""order"", ""passed"": true, ""category"": ""multi_column""}, {""id"": ""0845863d27c84b14011e17a388821525e783_page_16.pdf_order_ac24f586"", ""type"": ""order"", ""passed"": false, ""category"": ""multi_column""}, {""id"": ""0845863d27c84b14011e17a388821525e783_page_16.pdf_order_4bda9b61"", ""type"": ""order"", ""passed"": false, ""category"": ""multi_column""}, {""id"": ""auto_baseline"", ""type"": ""baseline"", ""passed"": true, ""category"": ""baseline""}]",,
tesseract,docs,old_scans__1,1.8880630413750055,,False,,,,,,,,,,,,False,,old_scans,6.0,2.0,"[{""id"": ""1_680487"", ""type"": ""present"", ""passed"": false, ""category"": ""old_scans""}, {""id"": ""1_126739"", ""type"": ""absent"", ""passed"": true, ""category"": ""old_scans""}, {""id"": ""1_36225"", ""type"": ""present"", ""passed"": false, ""category"": ""old_scans""}, {""id"": ""1_787572"", ""type"": ""order"", ""passed"": false, ""category"": ""old_scans""}, {""id"": ""1_298389"", ""type"": ""order"", ""passed"": false, ""category"": ""old_scans""}, {""id"": ""auto_baseline"", ""type"": ""baseline"", ""passed"": true, ""category"": ""baseline""}]",,
tesseract,docs,old_scans__21,1.8880630413750055,,False,,,,,,,,,,,,False,,old_scans,8.0,2.0,"[{""id"": ""21_398162"", ""type"": ""present"", ""passed"": false, ""category"": ""old_scans""}, {""id"": ""21_382528"", ""type"": ""order"", ""passed"": false, ""category"": ""old_scans""}, {""id"": ""21_229684"", ""type"": ""absent"", ""passed"": true, ""category"": ""old_scans""}, {""id"": ""21_712729"", ""type"": ""present"", ""passed"": false, ""category"": ""old_scans""}, {""id"": ""21_289946"", ""type"": ""present"", ""passed"": false, ""category"": ""old_scans""}, {""id"": ""21_745911"", ""type"": ""present"", ""passed"": false, ""category"": ""old_scans""}, {""id"": ""21_992153"", ""type"": ""order"", ""passed"": false, ""category"": ""old_scans""}, {""id"": ""auto_baseline"", ""type"": ""baseline"", ""passed"": true, ""category"": ""baseline""}]",,
tesseract,docs,old_scans__23,1.2932464548750033,,False,,,,,,,,,,,,False,,old_scans,6.0,4.0,"[{""id"": ""23_675822"", ""type"": ""present"", ""passed"": false, ""category"": ""old_scans""}, {""id"": ""23_189451"", ""type"": ""order"", ""passed"": false, ""category"": ""old_scans""}, {""id"": ""23_570086"", ""type"": ""absent"", ""passed"": true, ""category"": ""old_scans""}, {""id"": ""23_774544"", ""type"": ""present"", ""passed"": true, ""category"": ""old_scans""}, {""id"": ""23_266702"", ""type"": ""present"", ""passed"": true, ""category"": ""old_scans""}, {""id"": ""auto_baseline"", ""type"": ""baseline"", ""passed"": true, ""category"": ""baseline""}]",,
tesseract,docs,old_scans__26,1.2932464548750033,,False,,,,,,,,,,,,True,,old_scans,5.0,1.0,"[{""id"": ""26_727870"", ""type"": ""present"", ""passed"": false, ""category"": ""old_scans""}, {""id"": ""26_350035"", ""type"": ""order"", ""passed"": false, ""category"": ""old_scans""}, {""id"": ""26_893794"", ""type"": ""absent"", ""passed"": true, ""category"": ""old_scans""}, {""id"": ""26_815635"", ""type"": ""present"", ""passed"": false, ""category"": ""old_scans""}, {""id"": ""auto_baseline"", ""type"": ""baseline"", ""passed"": false, ""category"": ""baseline""}]",,
tesseract,docs,old_scans__52,1.2932464548750033,,False,,,,,,,,,,,,False,,old_scans,4.0,1.0,"[{""id"": ""52_591542"", ""type"": ""present"", ""passed"": false, ""category"": ""old_scans""}, {""id"": ""52_323921"", ""type"": ""present"", ""passed"": false, ""category"": ""old_scans""}, {""id"": ""52_987017"", ""type"": ""present"", ""passed"": false, ""category"": ""old_scans""}, {""id"": ""auto_baseline"", ""type"": ""baseline"", ""passed"": true, ""category"": ""baseline""}]",,
tesseract,docs,old_scans__55,1.2932464548750033,,False,,,,,,,,,,,,False,,old_scans,4.0,1.0,"[{""id"": ""55_930782"", ""type"": ""present"", ""passed"": false, ""category"": ""old_scans""}, {""id"": ""55_150814"", ""type"": ""present"", ""passed"": false, ""category"": ""old_scans""}, {""id"": ""55_287312"", ""type"": ""present"", ""passed"": false, ""category"": ""old_scans""}, {""id"": ""auto_baseline"", ""type"": ""baseline"", ""passed"": true, ""category"": ""baseline""}]",,
tesseract,docs,old_scans__58,1.2932464548750033,,False,,,,,,,,,,,,False,,old_scans,7.0,3.0,"[{""id"": ""58_984036"", ""type"": ""present"", ""passed"": false, ""category"": ""old_scans""}, {""id"": ""58_575492"", ""type"": ""order"", ""passed"": false, ""category"": ""old_scans""}, {""id"": ""58_801952"", ""type"": ""absent"", ""passed"": true, ""category"": ""old_scans""}, {""id"": ""58_775388"", ""type"": ""present"", ""passed"": false, ""category"": ""old_scans""}, {""id"": ""58_733378"", ""type"": ""present"", ""passed"": false, ""category"": ""old_scans""}, {""id"": ""58_220922"", ""type"": ""order"", ""passed"": true, ""category"": ""old_scans""}, {""id"": ""auto_baseline"", ""type"": ""baseline"", ""passed"": true, ""category"": ""baseline""}]",,
tesseract,docs,old_scans__82,1.2932464548750033,,False,,,,,,,,,,,,False,,old_scans,7.0,1.0,"[{""id"": ""82_617314"", ""type"": ""present"", ""passed"": false, ""category"": ""old_scans""}, {""id"": ""82_781476"", ""type"": ""order"", ""passed"": false, ""category"": ""old_scans""}, {""id"": ""82_578532"", ""type"": ""present"", ""passed"": false, ""category"": ""old_scans""}, {""id"": ""82_73918"", ""type"": ""present"", ""passed"": false, ""category"": ""old_scans""}, {""id"": ""82_794309"", ""type"": ""present"", ""passed"": false, ""category"": ""old_scans""}, {""id"": ""82_338838"", ""type"": ""order"", ""passed"": false, ""category"": ""old_scans""}, {""id"": ""auto_baseline"", ""type"": ""baseline"", ""passed"": true, ""category"": ""baseline""}]",,
tesseract,docs,old_scans__85,1.2932464548750033,,False,,,,,,,,,,,,False,,old_scans,7.0,1.0,"[{""id"": ""85_204851"", ""type"": ""present"", ""passed"": false, ""category"": ""old_scans""}, {""id"": ""85_81849"", ""type"": ""order"", ""passed"": false, ""category"": ""old_scans""}, {""id"": ""85_633939"", ""type"": ""present"", ""passed"": false, ""category"": ""old_scans""}, {""id"": ""85_81262"", ""type"": ""present"", ""passed"": false, ""category"": ""old_scans""}, {""id"": ""85_718011"", ""type"": ""present"", ""passed"": false, ""category"": ""old_scans""}, {""id"": ""85_913682"", ""type"": ""order"", ""passed"": false, ""category"": ""old_scans""}, {""id"": ""auto_baseline"", ""type"": ""baseline"", ""passed"": true, ""category"": ""baseline""}]",,
tesseract,docs,old_scans__96,1.2932464548750033,,False,,,,,,,,,,,,False,,old_scans,8.0,1.0,"[{""id"": ""96_686856"", ""type"": ""present"", ""passed"": false, ""category"": ""old_scans""}, {""id"": ""96_324569"", ""type"": ""order"", ""passed"": false, ""category"": ""old_scans""}, {""id"": ""96_489434"", ""type"": ""present"", ""passed"": false, ""category"": ""old_scans""}, {""id"": ""96_341535"", ""type"": ""present"", ""passed"": false, ""category"": ""old_scans""}, {""id"": ""96_984146"", ""type"": ""present"", ""passed"": false, ""category"": ""old_scans""}, {""id"": ""96_798387"", ""type"": ""order"", ""passed"": false, ""category"": ""old_scans""}, {""id"": ""96_991188"", ""type"": ""order"", ""passed"": false, ""category"": ""old_scans""}, {""id"": ""auto_baseline"", ""type"": ""baseline"", ""passed"": true, ""category"": ""baseline""}]",,
tesseract,docs,tables__2d54e996d1247bd36695d872863eefebd8f8_pg4,1.2932464548750033,,False,,,,,,,,,,,,False,,table_tests,5.0,1.0,"[{""id"": ""2d54e996d1247bd36695d872863eefebd8f8_pg4_table_00"", ""type"": ""table"", ""passed"": false, ""category"": ""table_tests""}, {""id"": ""2d54e996d1247bd36695d872863eefebd8f8_pg4_table_01"", ""type"": ""table"", ""passed"": false, ""category"": ""table_tests""}, {""id"": ""2d54e996d1247bd36695d872863eefebd8f8_pg4_table_02"", ""type"": ""table"", ""passed"": false, ""category"": ""table_tests""}, {""id"": ""2d54e996d1247bd36695d872863eefebd8f8_pg4_table_03"", ""type"": ""table"", ""passed"": false, ""category"": ""table_tests""}, {""id"": ""auto_baseline"", ""type"": ""baseline"", ""passed"": true, ""category"": ""baseline""}]",,
tesseract,docs,tables__2d932ac96ad0d8ccf81a56bd105fa18fdcbb_pg7,1.2932464548750033,,False,,,,,,,,,,,,False,,table_tests,2.0,1.0,"[{""id"": ""2d932ac96ad0d8ccf81a56bd105fa18fdcbb_pg7_table_00"", ""type"": ""table"", ""passed"": false, ""category"": ""table_tests""}, {""id"": ""auto_baseline"", ""type"": ""baseline"", ""passed"": true, ""category"": ""baseline""}]",,
tesseract,docs,tables__4fafd7de9caa1cf3c0fad313d7bb24b2e685_pg9,1.2932464548750033,,False,,,,,,,,,,,,False,,table_tests,5.0,1.0,"[{""id"": ""4fafd7de9caa1cf3c0fad313d7bb24b2e685_pg9_table_00"", ""type"": ""table"", ""passed"": false, ""category"": ""table_tests""}, {""id"": ""4fafd7de9caa1cf3c0fad313d7bb24b2e685_pg9_table_01"", ""type"": ""table"", ""passed"": false, ""category"": ""table_tests""}, {""id"": ""4fafd7de9caa1cf3c0fad313d7bb24b2e685_pg9_table_02"", ""type"": ""table"", ""passed"": false, ""category"": ""table_tests""}, {""id"": ""4fafd7de9caa1cf3c0fad313d7bb24b2e685_pg9_table_03"", ""type"": ""table"", ""passed"": false, ""category"": ""table_tests""}, {""id"": ""auto_baseline"", ""type"": ""baseline"", ""passed"": true, ""category"": ""baseline""}]",,
tesseract,docs,tables__529eeb84602e4fba7df7a4b127af6c830f97_pg12,1.2932464548750033,,False,,,,,,,,,,,,False,,table_tests,4.0,1.0,"[{""id"": ""529eeb84602e4fba7df7a4b127af6c830f97_pg12_table_00"", ""type"": ""table"", ""passed"": false, ""category"": ""table_tests""}, {""id"": ""529eeb84602e4fba7df7a4b127af6c830f97_pg12_table_01"", ""type"": ""table"", ""passed"": false, ""category"": ""table_tests""}, {""id"": ""529eeb84602e4fba7df7a4b127af6c830f97_pg12_table_04"", ""type"": ""table"", ""passed"": false, ""category"": ""table_tests""}, {""id"": ""auto_baseline"", ""type"": ""baseline"", ""passed"": true, ""category"": ""baseline""}]",,
tesseract,docs,tables__a70c1fc81feccfd878dabffd3dc5617b584c_pg5,1.2932464548750033,,False,,,,,,,,,,,,False,,table_tests,6.0,1.0,"[{""id"": ""a70c1fc81feccfd878dabffd3dc5617b584c_pg5_table_00"", ""type"": ""table"", ""passed"": false, ""category"": ""table_tests""}, {""id"": ""a70c1fc81feccfd878dabffd3dc5617b584c_pg5_table_01"", ""type"": ""table"", ""passed"": false, ""category"": ""table_tests""}, {""id"": ""a70c1fc81feccfd878dabffd3dc5617b584c_pg5_table_02"", ""type"": ""table"", ""passed"": false, ""category"": ""table_tests""}, {""id"": ""a70c1fc81feccfd878dabffd3dc5617b584c_pg5_table_03"", ""type"": ""table"", ""passed"": false, ""category"": ""table_tests""}, {""id"": ""a70c1fc81feccfd878dabffd3dc5617b584c_pg5_table_04"", ""type"": ""table"", ""passed"": false, ""category"": ""table_tests""}, {""id"": ""auto_baseline"", ""type"": ""baseline"", ""passed"": true, ""category"": ""baseline""}]",,
tesseract,docs,tables__b2a4c508f7839c1fbd2bb29a0d56c46bc00e_pg13_pg1,1.2932464548750033,,False,,,,,,,,,,,,False,,table_tests,11.0,1.0,"[{""id"": ""b2a4c508f7839c1fbd2bb29a0d56c46bc00e_pg13_table_00"", ""type"": ""table"", ""passed"": false, ""category"": ""table_tests""}, {""id"": ""b2a4c508f7839c1fbd2bb29a0d56c46bc00e_pg13_table_01"", ""type"": ""table"", ""passed"": false, ""category"": ""table_tests""}, {""id"": ""b2a4c508f7839c1fbd2bb29a0d56c46bc00e_pg13_table_02"", ""type"": ""table"", ""passed"": false, ""category"": ""table_tests""}, {""id"": ""b2a4c508f7839c1fbd2bb29a0d56c46bc00e_pg13_table_03"", ""type"": ""table"", ""passed"": false, ""category"": ""table_tests""}, {""id"": ""b2a4c508f7839c1fbd2bb29a0d56c46bc00e_pg13_table_04"", ""type"": ""table"", ""passed"": false, ""category"": ""table_tests""}, {""id"": ""b2a4c508f7839c1fbd2bb29a0d56c46bc00e_pg13_table_05"", ""type"": ""table"", ""passed"": false, ""category"": ""table_tests""}, {""id"": ""b2a4c508f7839c1fbd2bb29a0d56c46bc00e_pg13_table_06"", ""type"": ""table"", ""passed"": false, ""category"": ""table_tests""}, {""id"": ""b2a4c508f7839c1fbd2bb29a0d56c46bc00e_pg13_table_07"", ""type"": ""table"", ""passed"": false, ""category"": ""table_tests""}, {""id"": ""b2a4c508f7839c1fbd2bb29a0d56c46bc00e_pg13_table_08"", ""type"": ""table"", ""passed"": false, ""category"": ""table_tests""}, {""id"": ""b2a4c508f7839c1fbd2bb29a0d56c46bc00e_pg13_table_09"", ""type"": ""table"", ""passed"": false, ""category"": ""table_tests""}, {""id"": ""auto_baseline"", ""type"": ""baseline"", ""passed"": true, ""category"": ""baseline""}]",,
tesseract,docs,tables__b45c138c634308a84b8b2e67997bef8aa70b_pg15,1.2932464548750033,,False,,,,,,,,,,,,False,,table_tests,6.0,1.0,"[{""id"": ""b45c138c634308a84b8b2e67997bef8aa70b_pg15_table_00"", ""type"": ""table"", ""passed"": false, ""category"": ""table_tests""}, {""id"": ""b45c138c634308a84b8b2e67997bef8aa70b_pg15_table_01"", ""type"": ""table"", ""passed"": false, ""category"": ""table_tests""}, {""id"": ""b45c138c634308a84b8b2e67997bef8aa70b_pg15_table_02"", ""type"": ""table"", ""passed"": false, ""category"": ""table_tests""}, {""id"": ""b45c138c634308a84b8b2e67997bef8aa70b_pg15_table_03"", ""type"": ""table"", ""passed"": false, ""category"": ""table_tests""}, {""id"": ""b45c138c634308a84b8b2e67997bef8aa70b_pg15_table_04"", ""type"": ""table"", ""passed"": false, ""category"": ""table_tests""}, {""id"": ""auto_baseline"", ""type"": ""baseline"", ""passed"": true, ""category"": ""baseline""}]",,
tesseract,docs,tables__b5d9db350b31304da912832bcbafc47b64d8_pg2_pg1,1.2932464548750033,,False,,,,,,,,,,,,False,,table_tests,6.0,1.0,"[{""id"": ""b5d9db350b31304da912832bcbafc47b64d8_pg2_table_00"", ""type"": ""table"", ""passed"": false, ""category"": ""table_tests""}, {""id"": ""b5d9db350b31304da912832bcbafc47b64d8_pg2_table_01"", ""type"": ""table"", ""passed"": false, ""category"": ""table_tests""}, {""id"": ""b5d9db350b31304da912832bcbafc47b64d8_pg2_table_02"", ""type"": ""table"", ""passed"": false, ""category"": ""table_tests""}, {""id"": ""b5d9db350b31304da912832bcbafc47b64d8_pg2_table_03"", ""type"": ""table"", ""passed"": false, ""category"": ""table_tests""}, {""id"": ""b5d9db350b31304da912832bcbafc47b64d8_pg2_table_04"", ""type"": ""table"", ""passed"": false, ""category"": ""table_tests""}, {""id"": ""auto_baseline"", ""type"": ""baseline"", ""passed"": true, ""category"": ""baseline""}]",,
tesseract,docs,tables__b773892dc3e755672b9e085e9eeb8ad18690_pg1_pg1,2.088788538500012,,False,,,,,,,,,,,,False,,table_tests,6.0,1.0,"[{""id"": ""b773892dc3e755672b9e085e9eeb8ad18690_pg1_table_00"", ""type"": ""table"", ""passed"": false, ""category"": ""table_tests""}, {""id"": ""b773892dc3e755672b9e085e9eeb8ad18690_pg1_table_01"", ""type"": ""table"", ""passed"": false, ""category"": ""table_tests""}, {""id"": ""b773892dc3e755672b9e085e9eeb8ad18690_pg1_table_02"", ""type"": ""table"", ""passed"": false, ""category"": ""table_tests""}, {""id"": ""b773892dc3e755672b9e085e9eeb8ad18690_pg1_table_03"", ""type"": ""table"", ""passed"": false, ""category"": ""table_tests""}, {""id"": ""b773892dc3e755672b9e085e9eeb8ad18690_pg1_table_04"", ""type"": ""table"", ""passed"": false, ""category"": ""table_tests""}, {""id"": ""auto_baseline"", ""type"": ""baseline"", ""passed"": true, ""category"": ""baseline""}]",,
tesseract,docs,tables__fd6cb6dfe3a918390855052669d9a194231a_pg3,2.088788538500012,,False,,,,,,,,,,,,False,,table_tests,6.0,1.0,"[{""id"": ""fd6cb6dfe3a918390855052669d9a194231a_pg3_table_00"", ""type"": ""table"", ""passed"": false, ""category"": ""table_tests""}, {""id"": ""fd6cb6dfe3a918390855052669d9a194231a_pg3_table_01"", ""type"": ""table"", ""passed"": false, ""category"": ""table_tests""}, {""id"": ""fd6cb6dfe3a918390855052669d9a194231a_pg3_table_02"", ""type"": ""table"", ""passed"": false, ""category"": ""table_tests""}, {""id"": ""fd6cb6dfe3a918390855052669d9a194231a_pg3_table_03"", ""type"": ""table"", ""passed"": false, ""category"": ""table_tests""}, {""id"": ""fd6cb6dfe3a918390855052669d9a194231a_pg3_table_04"", ""type"": ""table"", ""passed"": false, ""category"": ""table_tests""}, {""id"": ""auto_baseline"", ""type"": ""baseline"", ""passed"": true, ""category"": ""baseline""}]",,
tesseract,handwriting,iam_00023,0.13824079556249558,,False,,,1.0,1.0,1.0,40.0,40.0,0.0,0.0,0.0,0.0,True,False,,,,,,
tesseract,handwriting,iam_00030,0.13824079556249558,,False,,,0.43636363636363634,0.43636363636363634,1.0,24.0,55.0,0.25,0.2222222222222222,0.7777777777777778,0.8181818181818182,False,False,,,,,,
tesseract,handwriting,iam_00059,0.13824079556249558,,False,,,0.4883720930232558,0.4883720930232558,0.8571428571428571,21.0,43.0,0.14285714285714285,0.16666666666666666,0.8333333333333334,0.7906976744186046,False,False,,,,,,
tesseract,handwriting,iam_00064,0.13824079556249558,,False,,,0.6619718309859155,0.6619718309859155,1.0833333333333333,47.0,71.0,0.0,0.0,1.0,0.8028169014084507,False,False,,,,,,
tesseract,handwriting,iam_00071,0.13824079556249558,,False,,,0.1282051282051282,0.1282051282051282,0.375,5.0,39.0,0.875,0.875,0.125,0.9743589743589743,False,False,,,,,,
tesseract,handwriting,iam_00079,0.13824079556249558,,False,,,0.8372093023255814,0.8372093023255814,1.1428571428571428,36.0,43.0,0.14285714285714285,0.14285714285714285,0.8571428571428571,0.5116279069767442,False,False,,,,,,
tesseract,handwriting,iam_00126,0.13824079556249558,,False,,,0.30612244897959184,0.30612244897959184,0.8181818181818182,15.0,49.0,0.36363636363636365,0.36363636363636365,0.6363636363636364,0.9591836734693877,False,False,,,,,,
tesseract,handwriting,iam_00143,0.13824079556249558,,False,,,0.7435897435897436,0.7435897435897436,1.1428571428571428,29.0,39.0,0.0,0.0,1.0,0.717948717948718,False,False,,,,,,
tesseract,handwriting,iam_00188,0.13824079556249558,,False,,,0.2222222222222222,0.2222222222222222,0.7142857142857143,10.0,45.0,0.5,0.5,0.5,0.9333333333333333,False,False,,,,,,
tesseract,handwriting,iam_00258,0.13824079556249558,,False,,,0.5769230769230769,0.5769230769230769,1.875,30.0,52.0,0.0,0.0,1.0,1.0769230769230769,False,False,,,,,,
tesseract,handwriting,iam_00264,0.13824079556249558,,False,,,0.4067796610169492,0.4067796610169492,0.8181818181818182,24.0,59.0,0.2,0.2,0.8,0.8305084745762712,False,False,,,,,,
tesseract,handwriting,iam_00280,0.13824079556249558,,False,,,0.5116279069767442,0.5348837209302325,1.0,23.0,43.0,0.16666666666666666,0.16666666666666666,0.8333333333333334,0.9069767441860465,False,False,,,,,,
tesseract,handwriting,iam_00289,0.13824079556249558,,False,,,0.3333333333333333,0.3333333333333333,0.6666666666666666,20.0,60.0,0.3333333333333333,0.3333333333333333,0.6666666666666666,0.8666666666666667,False,False,,,,,,
tesseract,handwriting,iam_00343,0.13824079556249558,,False,,,0.37254901960784315,0.37254901960784315,1.0,19.0,51.0,0.0,0.0,1.0,0.8627450980392157,False,False,,,,,,
tesseract,handwriting,iam_00364,0.13824079556249558,,False,,,0.5555555555555556,0.5555555555555556,1.3333333333333333,20.0,36.0,0.16666666666666666,0.125,0.875,1.0277777777777777,False,False,,,,,,
tesseract,handwriting,iam_00371,0.13824079556249558,,False,,,1.0,1.0,1.0,44.0,44.0,0.0,0.0,0.0,0.0,True,False,,,,,,
tesseract,handwriting,iam_00373,0.14039963943750422,,False,,,1.0,1.0,1.0,32.0,32.0,0.0,0.0,0.0,0.0,True,False,,,,,,
tesseract,handwriting,iam_00403,0.14039963943750422,,False,,,0.7777777777777778,0.7777777777777778,1.0,28.0,36.0,0.16666666666666666,0.14285714285714285,0.8571428571428571,0.7222222222222222,False,False,,,,,,
tesseract,handwriting,iam_00468,0.14039963943750422,,False,,,0.5945945945945946,0.5945945945945946,0.8571428571428571,22.0,37.0,0.14285714285714285,0.14285714285714285,0.8571428571428571,0.8378378378378378,False,False,,,,,,
tesseract,handwriting,iam_00478,0.14039963943750422,,False,,,1.0,1.0,1.0,29.0,29.0,0.0,0.0,0.0,0.0,True,False,,,,,,
tesseract,handwriting,iam_00588,0.14039963943750422,,False,,,0.5106382978723404,0.5106382978723404,1.125,24.0,47.0,0.0,0.0,1.0,0.8723404255319149,False,False,,,,,,
tesseract,handwriting,iam_00608,0.14039963943750422,,False,,,0.7692307692307693,0.7307692307692307,1.2222222222222223,38.0,52.0,0.125,0.08333333333333333,0.9166666666666666,0.9807692307692307,False,False,,,,,,
tesseract,handwriting,iam_00749,0.14039963943750422,,False,,,0.8333333333333334,0.8333333333333334,1.5,10.0,12.0,0.0,0.0,1.0,1.0,False,False,,,,,,
tesseract,handwriting,iam_00819,0.14039963943750422,,False,,,0.7906976744186046,0.7906976744186046,1.0,34.0,43.0,0.0,0.0,1.0,0.4418604651162791,False,False,,,,,,
tesseract,handwriting,iam_00969,0.14039963943750422,,False,,,0.475,0.475,1.0,19.0,40.0,0.14285714285714285,0.14285714285714285,0.8571428571428571,1.125,False,False,,,,,,
tesseract,handwriting,iam_01020,0.14039963943750422,,False,,,0.5714285714285714,0.5714285714285714,0.875,20.0,35.0,0.125,0.1111111111111111,0.8888888888888888,0.9428571428571428,False,False,,,,,,
tesseract,handwriting,iam_01023,0.14039963943750422,,False,,,0.3829787234042553,0.3829787234042553,0.7142857142857143,18.0,47.0,0.2857142857142857,0.2857142857142857,0.7142857142857143,0.9148936170212766,False,False,,,,,,
tesseract,handwriting,iam_01091,0.14039963943750422,,False,,,0.23529411764705882,0.23529411764705882,0.7777777777777778,12.0,51.0,0.3,0.3333333333333333,0.6666666666666666,0.9411764705882353,False,False,,,,,,
tesseract,handwriting,iam_01104,0.14039963943750422,,False,,,0.4838709677419355,0.4838709677419355,1.0,15.0,31.0,0.0,0.0,1.0,0.8709677419354839,False,False,,,,,,
tesseract,handwriting,iam_01238,0.14039963943750422,,False,,,0.525,0.525,1.0,21.0,40.0,0.16666666666666666,0.14285714285714285,0.8571428571428571,0.65,False,False,,,,,,
tesseract,handwriting,iam_01366,0.14039963943750422,,False,,,0.425531914893617,0.425531914893617,0.8888888888888888,20.0,47.0,0.1111111111111111,0.1111111111111111,0.8888888888888888,0.8936170212765957,False,False,,,,,,
tesseract,handwriting,iam_01417,0.14039963943750422,,False,,,0.22641509433962265,0.22641509433962265,0.5,12.0,53.0,0.6363636363636364,0.6363636363636364,0.36363636363636365,0.9056603773584906,False,False,,,,,,
tesseract,handwriting,iam_01452,0.14124189143750243,,False,,,0.3137254901960784,0.3137254901960784,0.625,16.0,51.0,0.375,0.3333333333333333,0.6666666666666666,0.8823529411764706,False,False,,,,,,
tesseract,handwriting,iam_01455,0.14124189143750243,,False,,,1.0,1.0,1.0,5.0,5.0,0.0,0.0,0.0,0.0,True,False,,,,,,
tesseract,handwriting,iam_01805,0.14124189143750243,,False,,,0.6052631578947368,0.6052631578947368,0.875,23.0,38.0,0.25,0.25,0.75,0.9736842105263158,False,False,,,,,,
tesseract,handwriting,iam_01857,0.14124189143750243,,False,,,1.0,1.0,1.0,37.0,37.0,0.0,0.0,0.0,0.0,True,False,,,,,,
tesseract,handwriting,iam_01898,0.14124189143750243,,False,,,0.16,0.16,0.4,8.0,50.0,0.7,0.6363636363636364,0.36363636363636365,0.98,False,False,,,,,,
tesseract,handwriting,iam_01908,0.14124189143750243,,False,,,0.3018867924528302,0.3018867924528302,0.7272727272727273,16.0,53.0,0.5454545454545454,0.5454545454545454,0.45454545454545453,0.9622641509433962,False,False,,,,,,
tesseract,handwriting,iam_01970,0.14124189143750243,,False,,,0.625,0.625,0.875,25.0,40.0,0.2857142857142857,0.2222222222222222,0.7777777777777778,0.85,False,False,,,,,,
tesseract,handwriting,iam_01983,0.14124189143750243,,False,,,0.5652173913043478,0.5652173913043478,0.8,26.0,46.0,0.1111111111111111,0.1111111111111111,0.8888888888888888,0.717391304347826,False,False,,,,,,
tesseract,handwriting,iam_01993,0.14124189143750243,,False,,,0.13043478260869565,0.13043478260869565,0.4444444444444444,6.0,46.0,0.6666666666666666,0.6666666666666666,0.3333333333333333,0.9782608695652174,False,False,,,,,,
tesseract,handwriting,iam_02060,0.14124189143750243,,False,,,0.6122448979591837,0.6122448979591837,1.0,30.0,49.0,0.0,0.0,1.0,0.5918367346938775,False,False,,,,,,
tesseract,handwriting,iam_02081,0.14124189143750243,,False,,,0.6444444444444445,0.6444444444444445,1.0,29.0,45.0,0.0,0.0,1.0,0.6888888888888889,False,False,,,,,,
tesseract,handwriting,iam_02109,0.14124189143750243,,False,,,0.813953488372093,0.813953488372093,1.1111111111111112,35.0,43.0,0.0,0.0,1.0,0.6976744186046512,False,False,,,,,,
tesseract,handwriting,iam_02171,0.14124189143750243,,False,,,0.1,0.1,0.4,4.0,40.0,0.6,0.6,0.4,1.025,False,False,,,,,,
tesseract,handwriting,iam_02216,0.14124189143750243,,False,,,0.3902439024390244,0.3902439024390244,1.0,16.0,41.0,0.0,0.0,1.0,0.8292682926829268,False,False,,,,,,
tesseract,handwriting,iam_02279,0.14124189143750243,,False,,,0.5510204081632653,0.5510204081632653,1.2,27.0,49.0,0.09090909090909091,0.07692307692307693,0.9230769230769231,0.8979591836734694,False,False,,,,,,
tesseract,handwriting,iam_02371,0.14124189143750243,,False,,,0.9090909090909091,0.9090909090909091,1.0,20.0,22.0,0.0,0.0,1.0,0.22727272727272727,False,False,,,,,,
tesseract,handwriting,iam_02384,0.14336379799999577,,False,,,0.6666666666666666,0.6666666666666666,0.8,26.0,39.0,0.2,0.3333333333333333,0.6666666666666666,0.4358974358974359,False,False,,,,,,
tesseract,handwriting,iam_02463,0.14336379799999577,,False,,,0.525,0.525,0.875,21.0,40.0,0.2,0.25,0.75,0.8,False,False,,,,,,
tesseract,handwriting,iam_02522,0.14336379799999577,,False,,,0.6938775510204082,0.6938775510204082,1.5714285714285714,34.0,49.0,0.0,0.0,1.0,0.8163265306122449,False,False,,,,,,
tesseract,handwriting,iam_02552,0.14336379799999577,,False,,,0.43902439024390244,0.43902439024390244,0.9,18.0,41.0,0.2727272727272727,0.3333333333333333,0.6666666666666666,0.975609756097561,False,False,,,,,,
tesseract,handwriting,iam_02640,0.14336379799999577,,False,,,0.5510204081632653,0.5510204081632653,1.2222222222222223,27.0,49.0,0.0,0.0,1.0,0.8775510204081632,False,False,,,,,,
tesseract,handwriting,iam_02655,0.14336379799999577,,False,,,0.49019607843137253,0.49019607843137253,0.8,25.0,51.0,0.2727272727272727,0.3333333333333333,0.6666666666666666,0.6666666666666666,False,False,,,,,,
tesseract,handwriting,iam_02684,0.14336379799999577,,False,,,0.3684210526315789,0.3684210526315789,0.7857142857142857,21.0,57.0,0.2857142857142857,0.2857142857142857,0.7142857142857143,0.8771929824561403,False,False,,,,,,
tesseract,handwriting,iam_02725,0.14336379799999577,,False,,,0.543859649122807,0.543859649122807,1.0,31.0,57.0,0.0,0.0,1.0,0.6842105263157895,False,False,,,,,,
tesseract,handwriting,iam_02733,0.14336379799999577,,False,,,0.20512820512820512,0.20512820512820512,0.6666666666666666,8.0,39.0,0.3333333333333333,0.3333333333333333,0.6666666666666666,0.9487179487179487,False,False,,,,,,
tesseract,handwriting,iam_02750,0.14336379799999577,,False,,,0.75,0.75,1.7142857142857142,30.0,40.0,0.14285714285714285,0.07692307692307693,0.9230769230769231,1.0,False,False,,,,,,
tesseract,handwriting,iam_02765,0.14336379799999577,,False,,,1.0,1.0,1.0,38.0,38.0,0.0,0.0,0.0,0.0,True,False,,,,,,
tesseract,handwriting,iam_02838,0.14336379799999577,,False,,,0.5185185185185185,0.5185185185185185,1.1666666666666667,14.0,27.0,0.16666666666666666,0.125,0.875,1.037037037037037,False,False,,,,,,
tesseract,stress,syn000_prose__clean,0.7924512433124988,,False,,,0.0,0.0,0.0,0.0,2182.0,1.0,1.0,0.0,1.0,False,False,,,,,prose,clean
tesseract,stress,syn000_prose__dpi150,0.7924512433124988,,False,,,0.3153318077803204,0.31668194317140236,0.39331619537275064,691.0,2182.0,0.9722921914357683,0.9530864197530864,0.04691358024691358,1.0050412465627865,False,False,,,,,prose,dpi150
tesseract,stress,syn000_prose__dpi75,0.7924512433124988,,False,,,0.02471395881006865,0.02474793767186068,0.06426735218508997,54.0,2182.0,0.9445843828715366,0.97911227154047,0.020887728459530026,0.9784601283226397,False,False,,,,,prose,dpi75
tesseract,stress,syn000_prose__blur,0.7924512433124988,,False,,,0.006864988558352402,0.005041246562786435,0.015424164524421594,11.0,2182.0,0.9848866498740554,0.9974489795918368,0.002551020408163265,0.995417048579285,False,False,,,,,prose,blur
tesseract,stress,syn000_prose__noise,0.7924512433124988,,False,,,0.12906178489702516,0.12603116406966086,0.35218508997429304,275.0,2182.0,0.9269521410579346,0.8251121076233184,0.17488789237668162,1.0595783684692943,False,False,,,,,prose,noise
tesseract,stress,syn000_prose__rotate3,0.7924512433124988,,False,,,0.0,0.0,0.0,0.0,2182.0,1.0,1.0,0.0,1.0,False,False,,,,,prose,rotate3
tesseract,stress,syn000_prose__rotate8,0.7924512433124988,,False,,,1.0,1.0,1.0,2182.0,2182.0,0.0,0.0,0.0,0.0,True,False,,,,,prose,rotate8
tesseract,stress,syn000_prose__jpeg_q10,0.7924512433124988,,False,,,0.0009153318077803204,0.0009165902841429881,0.005141388174807198,2.0,2182.0,0.9974811083123426,0.9974811083123426,0.0025188916876574307,1.0,False,False,,,,,prose,jpeg_q10
tesseract,stress,syn000_prose__low_contrast,0.7924512433124988,,False,,,0.0004576659038901602,0.00045829514207149406,0.002570694087403599,1.0,2182.0,0.9974811083123426,0.9974811083123426,0.0025188916876574307,1.0,False,False,,,,,prose,low_contrast
tesseract,stress,syn000_prose__photocopy,0.7924512433124988,,False,,,0.009153318077803204,0.008249312557286892,0.02570694087403599,18.0,2182.0,0.9949622166246851,0.992462311557789,0.007537688442211055,1.005499541704858,False,False,,,,,prose,photocopy
tesseract,stress,syn000_prose__phone_photo,0.7924512433124988,,False,,,0.15469107551487415,0.15490375802016498,0.14910025706940874,338.0,2182.0,0.9949622166246851,0.9899749373433584,0.010025062656641603,1.0013748854262146,False,False,,,,,prose,phone_photo
tesseract,stress,syn001_two_column__clean,0.7924512433124988,,False,,,0.004377431906614786,0.0038910505836575876,0.010723860589812333,8.0,2056.0,0.9893333333333333,1.0,0.0,0.9961089494163424,False,False,,,,,two_column,clean
tesseract,stress,syn001_two_column__dpi150,0.7924512433124988,,False,,,0.005350194552529183,0.004377431906614786,0.0160857908847185,9.0,2056.0,0.984,0.9972972972972973,0.002702702702702703,0.9956225680933852,False,False,,,,,two_column,dpi150
tesseract,stress,syn001_two_column__dpi75,0.7924512433124988,,False,,,0.026750972762645913,0.02529182879377432,0.13136729222520108,52.0,2056.0,0.896,0.9180327868852459,0.08196721311475409,0.9844357976653697,False,False,,,,,two_column,dpi75
tesseract,stress,syn001_two_column__blur,0.7924512433124988,,False,,,0.05787937743190662,0.055933852140077824,0.19302949061662197,115.0,2056.0,0.9013333333333333,0.9110512129380054,0.0889487870619946,0.9766536964980544,False,False,,,,,two_column,blur
tesseract,stress,syn001_two_column__noise,0.7924512433124988,,False,,,0.5155642023346303,0.5126459143968871,0.7506702412868632,1054.0,2056.0,0.9306666666666666,0.8329355608591885,0.16706443914081145,1.0617704280155642,False,False,,,,,two_column,noise
tesseract,stress,syn001_two_column__rotate3,7.687476057312509,,False,,,0.007782101167315175,0.007782101167315175,0.02680965147453083,16.0,2056.0,0.984,0.9946091644204852,0.005390835579514825,0.9961089494163424,False,False,,,,,two_column,rotate3
tesseract,stress,syn001_two_column__rotate8,7.687476057312509,,False,,,0.28793774319066145,0.28793774319066145,0.5978552278820375,592.0,2056.0,0.6,0.7165605095541401,0.28343949044585987,0.7757782101167315,False,False,,,,,two_column,rotate8
tesseract,stress,syn001_two_column__jpeg_q10,7.687476057312509,,False,,,0.00632295719844358,0.005350194552529183,0.021447721179624665,11.0,2056.0,0.984,0.9972972972972973,0.002702702702702703,0.9956225680933852,False,False,,,,,two_column,jpeg_q10
tesseract,stress,syn001_two_column__low_contrast,7.687476057312509,,False,,,0.0038910505836575876,0.0029182879377431907,0.00804289544235925,6.0,2056.0,0.992,1.0,0.0,0.9970817120622568,False,False,,,,,two_column,low_contrast
tesseract,stress,syn001_two_column__photocopy,7.687476057312509,,False,,,0.01264591439688716,0.012159533073929961,0.05361930294906166,25.0,2056.0,0.984,0.9892761394101877,0.010723860589812333,1.0019455252918288,False,False,,,,,two_column,photocopy
tesseract,stress,syn001_two_column__phone_photo,7.687476057312509,,False,,,0.21546692607003892,0.21546692607003892,0.26541554959785524,443.0,2056.0,0.976,0.9786096256684492,0.0213903743315508,1.0,False,False,,,,,two_column,phone_photo
tesseract,stress,syn002_table__clean,7.687476057312509,,False,,,0.002347417840375587,0.002347417840375587,0.015384615384615385,1.0,426.0,0.9888888888888889,0.9888888888888889,0.011111111111111112,1.0,False,False,,,,,table,clean
tesseract,stress,syn002_table__dpi150,7.687476057312509,,False,,,0.0,0.0,0.0,0.0,426.0,1.0,1.0,0.0,1.0,False,False,,,,,table,dpi150
tesseract,stress,syn002_table__dpi75,7.687476057312509,,False,,,0.10328638497652583,0.10328638497652583,0.3076923076923077,44.0,426.0,0.7,0.7875,0.2125,0.9671361502347418,False,False,,,,,table,dpi75
tesseract,stress,syn002_table__blur,7.687476057312509,,False,,,0.12441314553990611,0.12441314553990611,0.35384615384615387,53.0,426.0,0.7111111111111111,0.7901234567901234,0.20987654320987653,0.9460093896713615,False,False,,,,,table,blur
tesseract,stress,syn002_table__noise,7.687476057312509,,False,,,1.0,1.0,1.0,426.0,426.0,0.0,0.0,0.0,0.0,True,False,,,,,table,noise
tesseract,stress,syn002_table__rotate3,7.687476057312509,,False,,,0.002347417840375587,0.002347417840375587,0.03076923076923077,1.0,426.0,0.9777777777777777,0.9887640449438202,0.011235955056179775,0.9976525821596244,False,False,,,,,table,rotate3
tesseract,stress,syn002_table__rotate8,7.687476057312509,,False,,,1.0,1.0,1.0,426.0,426.0,0.0,0.0,0.0,0.0,True,False,,,,,table,rotate8
tesseract,stress,syn002_table__jpeg_q10,7.687476057312509,,False,,,0.004694835680751174,0.004694835680751174,0.03076923076923077,2.0,426.0,0.9777777777777777,0.9777777777777777,0.022222222222222223,1.0023474178403755,False,False,,,,,table,jpeg_q10
tesseract,stress,syn002_table__low_contrast,7.687476057312509,,False,,,0.002347417840375587,0.002347417840375587,0.015384615384615385,1.0,426.0,0.9888888888888889,0.9888888888888889,0.011111111111111112,1.0,False,False,,,,,table,low_contrast
tesseract,stress,syn002_table__photocopy,7.687476057312509,,False,,,0.6713615023474179,0.6713615023474179,0.9230769230769231,286.0,426.0,0.9,0.8617021276595744,0.13829787234042554,1.068075117370892,False,False,,,,,table,photocopy
tesseract,stress,syn002_table__phone_photo,0.33552720412500037,,False,,,0.38967136150234744,0.38967136150234744,0.4461538461538462,166.0,426.0,1.0,1.0,0.0,1.0,False,False,,,,,table,phone_photo
tesseract,stress,syn003_invoice__clean,0.33552720412500037,,False,,,0.0,0.0,0.0,0.0,463.0,1.0,1.0,0.0,1.0,False,False,,,,,invoice,clean
tesseract,stress,syn003_invoice__dpi150,0.33552720412500037,,False,,,0.0,0.0,0.0,0.0,463.0,1.0,1.0,0.0,1.0,False,False,,,,,invoice,dpi150
tesseract,stress,syn003_invoice__dpi75,0.33552720412500037,,False,,,0.06263498920086392,0.06263498920086392,0.2727272727272727,29.0,463.0,0.782608695652174,0.8470588235294118,0.15294117647058825,0.9892008639308856,False,False,,,,,invoice,dpi75
tesseract,stress,syn003_invoice__blur,0.33552720412500037,,False,,,0.12958963282937366,0.12958963282937366,0.3939393939393939,60.0,463.0,0.8913043478260869,0.9534883720930233,0.046511627906976744,0.9136069114470843,False,False,,,,,invoice,blur
tesseract,stress,syn003_invoice__noise,0.33552720412500037,,False,,,1.0,1.0,1.0,463.0,463.0,0.0,0.0,0.0,0.0,True,False,,,,,invoice,noise
tesseract,stress,syn003_invoice__rotate3,0.33552720412500037,,False,,,0.0,0.0,0.0,0.0,463.0,1.0,1.0,0.0,1.0,False,False,,,,,invoice,rotate3
tesseract,stress,syn003_invoice__rotate8,0.33552720412500037,,False,,,1.0,1.0,1.0,463.0,463.0,0.0,0.0,0.0,0.0,True,False,,,,,invoice,rotate8
tesseract,stress,syn003_invoice__jpeg_q10,0.33552720412500037,,False,,,0.0064794816414686825,0.0064794816414686825,0.030303030303030304,3.0,463.0,0.9782608695652174,0.9782608695652174,0.021739130434782608,0.9978401727861771,False,False,,,,,invoice,jpeg_q10
tesseract,stress,syn003_invoice__low_contrast,0.33552720412500037,,False,,,0.0,0.0,0.0,0.0,463.0,1.0,1.0,0.0,1.0,False,False,,,,,invoice,low_contrast
tesseract,stress,syn003_invoice__photocopy,0.33552720412500037,,False,,,0.2505399568034557,0.24838012958963282,0.5151515151515151,115.0,463.0,0.5869565217391305,0.7105263157894737,0.2894736842105263,0.9092872570194385,False,False,,,,,invoice,photocopy
tesseract,stress,syn003_invoice__phone_photo,0.33552720412500037,,False,,,0.31317494600431967,0.31317494600431967,0.3333333333333333,145.0,463.0,0.9239130434782609,0.9883720930232558,0.011627906976744186,0.9611231101511879,False,False,,,,,invoice,phone_photo
tesseract,stress,syn004_prose__clean,0.33552720412500037,,False,,,0.00044603033006244426,0.00044603033006244426,0.0025575447570332483,1.0,2242.0,0.9974619289340102,0.9974619289340102,0.0025380710659898475,1.0,False,False,,,,,prose,clean
tesseract,stress,syn004_prose__dpi150,0.33552720412500037,,False,,,0.0008920606601248885,0.0008920606601248885,0.0025575447570332483,2.0,2242.0,0.9974619289340102,0.9974619289340102,0.0025380710659898475,1.0004460303300624,False,False,,,,,prose,dpi150
tesseract,stress,syn004_prose__dpi75,0.33552720412500037,,False,,,0.0044603033006244425,0.0044603033006244425,0.02557544757033248,10.0,2242.0,0.9847715736040609,0.9872773536895675,0.01272264631043257,0.9995539696699376,False,False,,,,,prose,dpi75
tesseract,stress,syn004_prose__blur,0.33552720412500037,,False,,,0.006244424620874219,0.006244424620874219,0.017902813299232736,14.0,2242.0,0.9822335025380711,0.9974226804123711,0.002577319587628866,0.9942016057091883,False,False,,,,,prose,blur
tesseract,stress,syn004_prose__noise,0.9248777358571455,,False,,,0.13782337198929528,0.13470115967885815,0.37084398976982097,302.0,2242.0,0.9111675126903553,0.804932735426009,0.19506726457399104,1.0664585191793041,False,False,,,,,prose,noise
tesseract,stress,syn004_prose__rotate3,0.9248777358571455,,False,,,0.0026761819803746653,0.0026761819803746653,0.01278772378516624,6.0,2242.0,0.9873096446700508,0.9923469387755102,0.007653061224489796,0.9991079393398751,False,False,,,,,prose,rotate3
tesseract,stress,syn004_prose__rotate8,0.9248777358571455,,False,,,0.8064228367528992,0.8064228367528992,0.8618925831202046,1808.0,2242.0,0.18274111675126903,0.9,0.1,0.20695807314897413,False,False,,,,,prose,rotate8
tesseract,stress,syn004_prose__jpeg_q10,0.9248777358571455,,False,,,0.0013380909901873326,0.0013380909901873326,0.005115089514066497,3.0,2242.0,0.9949238578680203,0.9949238578680203,0.005076142131979695,1.0004460303300624,False,False,,,,,prose,jpeg_q10
tesseract,stress,syn004_prose__low_contrast,0.9248777358571455,,False,,,0.00044603033006244426,0.00044603033006244426,0.0025575447570332483,1.0,2242.0,0.9974619289340102,0.9974619289340102,0.0025380710659898475,1.0,False,False,,,,,prose,low_contrast
tesseract,stress,syn004_prose__photocopy,0.9248777358571455,,False,,,0.0026761819803746653,0.0022301516503122213,0.01278772378516624,5.0,2242.0,0.9898477157360406,0.9923664122137404,0.007633587786259542,0.9995539696699376,False,False,,,,,prose,photocopy
tesseract,stress,syn004_prose__phone_photo,0.9248777358571455,,False,,,0.6480820695807314,0.6480820695807314,0.8593350383631714,1453.0,2242.0,0.9086294416243654,0.8325581395348837,0.16744186046511628,1.0249776984834968,False,False,,,,,prose,phone_photo
