engine,track,id,seconds,n_tokens,page_error,meta_book,meta_lang,cer_dip,cer,wer,cer_edits,ref_chars,bow_recall,bow_precision,over_extraction,len_ratio,empty,loop,meta_category,tests_total,tests_passed,test_results,meta_layout,meta_level
dots-mocr,books,birdsofgreatbrit02butl_0093_full,9.113091541250014,556,False,birdsofgreatbrit02butl,en,0.04020979020979021,0.03138622493461203,0.018867924528301886,72.0,2294.0,0.9740932642487047,0.9947089947089947,0.005291005291005291,0.969485614646905,False,False,,,,,,
dots-mocr,books,birdsofgreatbrit02butl_0126_full,9.113091541250014,695,False,birdsofgreatbrit02butl,en,0.016913319238900635,0.006690140845070422,0.010845986984815618,19.0,2840.0,0.9899193548387096,0.9919191919191919,0.00808080808080808,0.9947183098591549,False,False,,,,,,
dots-mocr,books,birdsofgreatbrit02butl_0156_full,9.113091541250014,459,False,birdsofgreatbrit02butl,en,0.02956989247311828,0.019251336898395723,0.029605263157894735,36.0,1870.0,0.967948717948718,0.9901639344262295,0.009836065573770493,0.9823529411764705,False,False,,,,,,
dots-mocr,books,birdsofgreatbrit02butl_0159_full,9.113091541250014,689,False,birdsofgreatbrit02butl,en,0.013499480789200415,0.007248878149810148,0.005791505791505791,21.0,2897.0,0.9925093632958801,1.0,0.0,0.9927511218501899,False,False,,,,,,
dots-mocr,books,birdsofgreatbrit02butl_0172_full,112.43161168003121,709,False,birdsofgreatbrit02butl,en,0.026282457251424952,0.010370835952231301,0.015517241379310345,33.0,3182.0,0.9847457627118644,0.9931623931623932,0.006837606837606838,0.9908862350722816,False,False,,,,,,
dots-mocr,books,birdsofgreatbrit02butl_0308_full,112.43161168003121,432,False,birdsofgreatbrit02butl,en,0.019178082191780823,0.011500547645125958,0.012195121951219513,21.0,1826.0,0.9881305637982196,1.0,0.0,0.988499452354874,False,False,,,,,,
dots-mocr,books,birdsofgreatbrit02butl_0312_full,112.43161168003121,265,False,birdsofgreatbrit02butl,en,0.022388059701492536,0.01863932898415657,0.033707865168539325,20.0,1073.0,0.9725274725274725,0.9888268156424581,0.0111731843575419,0.983224603914259,False,False,,,,,,
dots-mocr,books,birdsofgreatbrit02butl_0320_full,112.43161168003121,512,False,birdsofgreatbrit02butl,en,0.012289485662266727,0.008644222020018199,0.00821917808219178,19.0,2198.0,0.9895833333333334,1.0,0.0,0.9913557779799818,False,False,,,,,,
dots-mocr,books,birdsofgreatbrit02butl_0328_full,112.43161168003121,256,False,birdsofgreatbrit02butl,en,0.04160246533127889,0.04160246533127889,0.25263157894736843,27.0,649.0,0.9622641509433962,0.9622641509433962,0.03773584905660377,1.0015408320493067,False,False,,,,,,
dots-mocr,books,conchologiaiconi05reev_0039_full,112.43161168003121,1186,False,conchologiaiconi05reev,en,0.019083969465648856,0.009164969450101833,0.014010507880910683,36.0,3928.0,0.9880341880341881,0.996551724137931,0.0034482758620689655,0.9913441955193483,False,False,,,,,,
dots-mocr,books,conchologiaiconi05reev_0127_full,112.43161168003121,1254,False,conchologiaiconi05reev,en,0.018632017651385144,0.004430223972434162,0.015444015444015444,18.0,4063.0,0.9851301115241635,0.9833024118738405,0.016697588126159554,0.9975387644597588,False,False,,,,,,
dots-mocr,books,conchologiaiconi05reev_0200_full,112.43161168003121,1231,False,conchologiaiconi05reev,en,0.02244844688071,0.008153603366649132,0.02186878727634195,31.0,3802.0,0.9865900383141762,0.9903846153846154,0.009615384615384616,0.9947396107311941,False,False,,,,,,
dots-mocr,books,conchologiaiconi05reev_0235_full,112.43161168003121,1128,False,conchologiaiconi05reev,en,0.020781379883624274,0.005830094392004442,0.013043478260869565,21.0,3602.0,0.9874476987447699,0.989517819706499,0.010482180293501049,0.9955580233203776,False,False,,,,,,
dots-mocr,books,conchologiaiconi05reev_0271_full,112.43161168003121,1272,False,conchologiaiconi05reev,en,0.01527331189710611,0.0034824537905170103,0.0273109243697479,13.0,3733.0,0.973630831643002,0.9542743538767395,0.04572564612326044,1.00267881060809,False,False,,,,,,
dots-mocr,books,conchologiaiconi05reev_0276_full,112.43161168003121,1566,False,conchologiaiconi05reev,en,0.03103825136612022,0.018628095551172473,0.02613240418118467,85.0,4563.0,0.983249581239531,0.9882154882154882,0.011784511784511785,0.995178610563226,False,False,,,,,,
dots-mocr,books,conchologiaiconi05reev_0350_full,112.43161168003121,620,False,conchologiaiconi05reev,en,0.030205949656750573,0.013780431786862656,0.02711864406779661,30.0,2177.0,0.9701986754966887,0.9766666666666667,0.023333333333333334,0.9903536977491961,False,False,,,,,,
dots-mocr,books,conchologiaiconi05reev_0354_full,112.43161168003121,1138,False,conchologiaiconi05reev,en,0.023053134664042733,0.008712759977515458,0.023206751054852322,31.0,3558.0,0.9797160243407708,0.9757575757575757,0.024242424242424242,0.9946599213041034,False,False,,,,,,
dots-mocr,books,conchologiaiconi05reev_0433_full,112.43161168003121,1147,False,conchologiaiconi05reev,en,0.01380991064175467,0.004619565217391305,0.015217391304347827,17.0,3680.0,0.9897330595482546,0.9938144329896907,0.006185567010309278,0.9967391304347826,False,False,,,,,,
dots-mocr,books,daschitinskelett00prel_0011_full,112.43161168003121,843,False,daschitinskelett00prel,de,0.011760966306420852,0.00797702616464582,0.020737327188940093,25.0,3134.0,0.988399071925754,0.9976580796252927,0.00234192037470726,0.9929802169751116,False,False,,,,,,
dots-mocr,books,daschitinskelett00prel_0021_full,112.43161168003121,1120,False,daschitinskelett00prel,de,0.004921004921004921,0.002077382498052454,0.0070921985815602835,8.0,3851.0,0.99644128113879,0.9982174688057041,0.0017825311942959,0.9984419631264606,False,False,,,,,,
dots-mocr,books,daschitinskelett00prel_0034_full,112.43161168003121,837,False,daschitinskelett00prel,de,0.003683858004018754,0.002347417840375587,0.007042253521126761,7.0,2982.0,0.9976470588235294,1.0,0.0,0.9976525821596244,False,False,,,,,,
dots-mocr,books,daschitinskelett00prel_0037_full,112.43161168003121,1080,False,daschitinskelett00prel,de,0.007125890736342043,0.0023847376788553257,0.009107468123861567,9.0,3774.0,0.9945255474452555,0.9981684981684982,0.0018315018315018315,0.998145204027557,False,False,,,,,,
dots-mocr,books,daschitinskelett00prel_0038_full,112.43161168003121,1086,False,daschitinskelett00prel,de,0.00622245268343272,0.002082790939859412,0.009433962264150943,8.0,3841.0,0.9962264150943396,0.9962264150943396,0.0037735849056603774,0.9984379067951055,False,False,,,,,,
dots-mocr,books,daschitinskelett00prel_0051_full,112.43161168003121,1098,False,daschitinskelett00prel,de,0.007562389715149987,0.010619469026548672,0.039285714285714285,42.0,3955.0,0.974910394265233,0.974910394265233,0.025089605734767026,0.995448798988622,False,False,,,,,,
dots-mocr,books,daschitinskelett00prel_0057_full,112.43161168003121,961,False,daschitinskelett00prel,de,0.0031536697247706424,0.0020091848450057405,0.0063025210084033615,7.0,3484.0,0.9978991596638656,1.0,0.0,0.9979908151549942,False,False,,,,,,
dots-mocr,books,daschitinskelett00prel_0060_full,112.43161168003121,252,False,daschitinskelett00prel,de,0.014412416851441241,0.0078125,0.024793388429752067,7.0,896.0,0.9915966386554622,1.0,0.0,0.9921875,False,False,,,,,,
dots-mocr,books,histoirenaturell10cuvi_0014_full,112.43161168003121,317,False,histoirenaturell10cuvi,fr,0.03277310924369748,0.0211864406779661,0.03409090909090909,25.0,1180.0,0.9680851063829787,0.9732620320855615,0.026737967914438502,0.985593220338983,False,False,,,,,,
dots-mocr,books,histoirenaturell10cuvi_0070_full,112.43161168003121,441,False,histoirenaturell10cuvi,fr,0.09209453952730236,0.06748971193415639,0.09223300970873786,82.0,1215.0,0.9596412556053812,0.9727272727272728,0.02727272727272727,0.9786008230452675,False,False,,,,,,
dots-mocr,books,histoirenaturell10cuvi_0172_full,112.43161168003121,335,False,histoirenaturell10cuvi,fr,0.033824804856895055,0.02,0.02030456852791878,23.0,1150.0,0.9813084112149533,1.0,0.0,0.98,False,False,,,,,,
dots-mocr,books,histoirenaturell10cuvi_0188_full,112.43161168003121,493,False,histoirenaturell10cuvi,fr,0.03667953667953668,0.019329896907216496,0.04150943396226415,30.0,1552.0,0.9627118644067797,0.9759450171821306,0.024054982817869417,0.9851804123711341,False,False,,,,,,
dots-mocr,books,histoirenaturell10cuvi_0251_full,112.43161168003121,381,False,histoirenaturell10cuvi,fr,0.04522184300341297,0.024158757549611734,0.029850746268656716,28.0,1159.0,0.9719626168224299,0.9904761904761905,0.009523809523809525,0.9784296807592753,False,False,,,,,,
dots-mocr,books,histoirenaturell10cuvi_0343_full,112.43161168003121,394,False,histoirenaturell10cuvi,fr,0.06645817044566067,0.05217391304347826,0.05527638190954774,66.0,1265.0,0.9656862745098039,0.9752475247524752,0.024752475247524754,0.9683794466403162,False,False,,,,,,
dots-mocr,books,histoirenaturell10cuvi_0369_full,112.43161168003121,401,False,histoirenaturell10cuvi,fr,0.03923076923076923,0.02242846094354215,0.031818181818181815,29.0,1293.0,0.978448275862069,0.9956140350877193,0.0043859649122807015,0.9783449342614076,False,False,,,,,,
dots-mocr,books,histoirenaturell10cuvi_0425_full,112.43161168003121,464,False,histoirenaturell10cuvi,fr,0.034198860037998734,0.015267175572519083,0.01444043321299639,24.0,1572.0,0.9863945578231292,1.0,0.0,0.9847328244274809,False,False,,,,,,
dots-mocr,books,pisciumquerelaee00sche_0012_full,112.43161168003121,688,False,pisciumquerelaee00sche,la,0.08338296605122096,0.0699216395418927,0.2245762711864407,116.0,1659.0,0.7049808429118773,0.7965367965367965,0.20346320346320346,1.0235081374321882,False,False,,,,,,
dots-mocr,books,pisciumquerelaee00sche_0013_full,112.43161168003121,714,False,pisciumquerelaee00sche,la,0.0712603062426384,0.06718192627824018,0.2791666666666667,113.0,1682.0,0.7340823970037453,0.8200836820083682,0.1799163179916318,1.0249702734839476,False,False,,,,,,
glm-ocr,books,birdsofgreatbrit02butl_0093_full,19.334685948750007,613,False,birdsofgreatbrit02butl,en,0.04195804195804196,0.03312990409764603,0.0215633423180593,76.0,2294.0,0.9740932642487047,0.9947089947089947,0.005291005291005291,0.969485614646905,False,False,,,,,,
glm-ocr,books,birdsofgreatbrit02butl_0126_full,19.334685948750007,753,False,birdsofgreatbrit02butl,en,0.01656095842142354,0.006690140845070422,0.010845986984815618,19.0,2840.0,0.9899193548387096,0.9919191919191919,0.00808080808080808,0.9947183098591549,False,False,,,,,,
glm-ocr,books,birdsofgreatbrit02butl_0156_full,19.334685948750007,489,False,birdsofgreatbrit02butl,en,0.03225806451612903,0.021925133689839574,0.03289473684210526,41.0,1870.0,0.967948717948718,0.9901639344262295,0.009836065573770493,0.9834224598930481,False,False,,,,,,
glm-ocr,books,birdsofgreatbrit02butl_0159_full,19.334685948750007,730,False,birdsofgreatbrit02butl,en,0.012461059190031152,0.007248878149810148,0.005791505791505791,21.0,2897.0,0.9925093632958801,1.0,0.0,0.9927511218501899,False,False,,,,,,
glm-ocr,books,birdsofgreatbrit02butl_0172_full,19.334685948750007,755,False,birdsofgreatbrit02butl,en,0.026915769474350856,0.010999371464487744,0.017241379310344827,35.0,3182.0,0.9847457627118644,0.9931623931623932,0.006837606837606838,0.9915147705845381,False,False,,,,,,
glm-ocr,books,birdsofgreatbrit02butl_0308_full,19.334685948750007,458,False,birdsofgreatbrit02butl,en,0.023013698630136987,0.014786418400876232,0.021341463414634148,27.0,1826.0,0.9821958456973294,0.993993993993994,0.006006006006006006,0.9895947426067908,False,False,,,,,,
glm-ocr,books,birdsofgreatbrit02butl_0312_full,19.334685948750007,281,False,birdsofgreatbrit02butl,en,0.027052238805970148,0.02516309412861137,0.05056179775280899,27.0,1073.0,0.967032967032967,0.9777777777777777,0.022222222222222223,0.9850885368126747,False,False,,,,,,
glm-ocr,books,birdsofgreatbrit02butl_0320_full,19.334685948750007,548,False,birdsofgreatbrit02butl,en,0.02321347291761493,0.019563239308462238,0.024657534246575342,43.0,2198.0,0.9739583333333334,0.9894179894179894,0.010582010582010581,0.9818016378525932,False,False,,,,,,
glm-ocr,books,birdsofgreatbrit02butl_0328_full,19.334685948750007,245,False,birdsofgreatbrit02butl,en,0.04314329738058552,0.04314329738058552,0.1368421052631579,28.0,649.0,0.9150943396226415,0.9065420560747663,0.09345794392523364,1.0107858243451464,False,False,,,,,,
glm-ocr,books,conchologiaiconi05reev_0039_full,19.334685948750007,1240,False,conchologiaiconi05reev,en,0.029516539440203562,0.01960285132382892,0.07005253940455342,77.0,3928.0,0.9452991452991453,0.9485420240137221,0.051457975986277875,0.9966904276985743,False,False,,,,,,
glm-ocr,books,conchologiaiconi05reev_0127_full,19.334685948750007,1303,False,conchologiaiconi05reev,en,0.029173817112037263,0.013782919025350726,0.08494208494208494,56.0,4063.0,0.9163568773234201,0.9163568773234201,0.08364312267657993,0.9972926409057347,False,False,,,,,,
glm-ocr,books,conchologiaiconi05reev_0200_full,19.334685948750007,1273,False,conchologiaiconi05reev,en,0.033150613416862436,0.020515518148342977,0.09145129224652088,78.0,3802.0,0.9157088122605364,0.9139579349904398,0.08604206500956023,0.9957916885849553,False,False,,,,,,
glm-ocr,books,conchologiaiconi05reev_0235_full,19.334685948750007,1191,False,conchologiaiconi05reev,en,0.033527292878913824,0.018878400888395337,0.10869565217391304,68.0,3602.0,0.897489539748954,0.897489539748954,0.10251046025104603,0.9969461410327596,False,False,,,,,,
glm-ocr,books,conchologiaiconi05reev_0271_full,19.334685948750007,1251,False,conchologiaiconi05reev,en,0.08654876741693462,0.07152424323600322,0.20798319327731093,267.0,3733.0,0.8600405679513184,0.8565656565656565,0.14343434343434344,0.999196356817573,False,False,,,,,,
glm-ocr,books,conchologiaiconi05reev_0276_full,19.334685948750007,1583,False,conchologiaiconi05reev,en,0.043934426229508196,0.031119877273723427,0.10975609756097561,142.0,4563.0,0.9011725293132329,0.9072512647554806,0.09274873524451939,0.995178610563226,False,False,,,,,,
glm-ocr,books,conchologiaiconi05reev_0350_full,19.334685948750007,626,False,conchologiaiconi05reev,en,0.08695652173913043,0.0707395498392283,0.1694915254237288,154.0,2177.0,0.8940397350993378,0.9,0.1,0.9908130454754249,False,False,,,,,,
glm-ocr,books,conchologiaiconi05reev_0354_full,19.334685948750007,1165,False,conchologiaiconi05reev,en,0.06353668822041046,0.048060708263069137,0.14135021097046413,171.0,3558.0,0.8945233265720081,0.8945233265720081,0.10547667342799188,0.9921304103428893,False,False,,,,,,
glm-ocr,books,conchologiaiconi05reev_0433_full,19.334685948750007,1197,False,conchologiaiconi05reev,en,0.07202816138640672,0.06358695652173912,0.17391304347826086,234.0,3680.0,0.8993839835728953,0.9012345679012346,0.09876543209876543,0.9970108695652173,False,False,,,,,,
glm-ocr,books,daschitinskelett00prel_0011_full,19.334685948750007,860,False,daschitinskelett00prel,de,0.012078830260648443,0.009572431397574984,0.029953917050691243,30.0,3134.0,0.9791183294663574,0.9836829836829837,0.016317016317016316,0.9926611359285259,False,False,,,,,,
glm-ocr,books,daschitinskelett00prel_0021_full,19.334685948750007,1132,False,daschitinskelett00prel,de,0.006475006475006475,0.002856400934822124,0.014184397163120567,11.0,3851.0,0.9893238434163701,0.9928571428571429,0.007142857142857143,0.9974032718774344,False,False,,,,,,
glm-ocr,books,daschitinskelett00prel_0034_full,19.334685948750007,846,False,daschitinskelett00prel,de,0.0053583389149363695,0.004024144869215292,0.018779342723004695,12.0,2982.0,0.9858823529411764,0.9882075471698113,0.01179245283018868,0.9973172367538564,False,False,,,,,,
glm-ocr,books,daschitinskelett00prel_0037_full,19.334685948750007,1110,False,daschitinskelett00prel,de,0.007125890736342043,0.003179650238473768,0.014571948998178506,12.0,3774.0,0.9890510948905109,0.9890510948905109,0.010948905109489052,0.9984101748807631,False,False,,,,,,
glm-ocr,books,daschitinskelett00prel_0038_full,19.334685948750007,1096,False,daschitinskelett00prel,de,0.0077780658542909,0.004165581879718824,0.024528301886792454,16.0,3841.0,0.9830188679245283,0.9811676082862524,0.018832391713747645,0.9989586045300703,False,False,,,,,,
glm-ocr,books,daschitinskelett00prel_0051_full,19.334685948750007,1115,False,daschitinskelett00prel,de,0.011595664229896647,0.009102402022756004,0.026785714285714284,36.0,3955.0,0.978494623655914,0.9837837837837838,0.016216216216216217,0.993173198482933,False,False,,,,,,
glm-ocr,books,daschitinskelett00prel_0057_full,19.334685948750007,960,False,daschitinskelett00prel,de,0.0045871559633027525,0.003444316877152698,0.01680672268907563,12.0,3484.0,0.9915966386554622,0.9915966386554622,0.008403361344537815,0.9979908151549942,False,False,,,,,,
glm-ocr,books,daschitinskelett00prel_0060_full,19.334685948750007,255,False,daschitinskelett00prel,de,0.015521064301552107,0.008928571428571428,0.03305785123966942,8.0,896.0,0.9831932773109243,0.9915254237288136,0.00847457627118644,0.9910714285714286,False,False,,,,,,
glm-ocr,books,histoirenaturell10cuvi_0014_full,19.334685948750007,332,False,histoirenaturell10cuvi,fr,0.031092436974789917,0.019491525423728815,0.028409090909090908,23.0,1180.0,0.973404255319149,0.9786096256684492,0.0213903743315508,0.9838983050847457,False,False,,,,,,
glm-ocr,books,histoirenaturell10cuvi_0070_full,19.334685948750007,428,False,histoirenaturell10cuvi,fr,0.09698451507742462,0.0691358024691358,0.10194174757281553,84.0,1215.0,0.9461883408071748,0.9590909090909091,0.04090909090909091,0.9786008230452675,False,False,,,,,,
glm-ocr,books,histoirenaturell10cuvi_0172_full,19.334685948750007,352,False,histoirenaturell10cuvi,fr,0.029488291413703384,0.01565217391304348,0.02030456852791878,18.0,1150.0,0.9953271028037384,1.0,0.0,0.9965217391304347,False,False,,,,,,
glm-ocr,books,histoirenaturell10cuvi_0188_full,19.334685948750007,482,False,histoirenaturell10cuvi,fr,0.043114543114543116,0.02577319587628866,0.05660377358490566,40.0,1552.0,0.9423728813559322,0.9586206896551724,0.041379310344827586,0.9877577319587629,False,False,,,,,,
glm-ocr,books,histoirenaturell10cuvi_0251_full,19.334685948750007,402,False,histoirenaturell10cuvi,fr,0.027303754266211604,0.006902502157031924,0.01990049751243781,8.0,1159.0,0.9813084112149533,0.9813084112149533,0.018691588785046728,0.998274374460742,False,False,,,,,,
glm-ocr,books,histoirenaturell10cuvi_0343_full,19.334685948750007,383,False,histoirenaturell10cuvi,fr,0.0656763096168882,0.05217391304347826,0.06532663316582915,66.0,1265.0,0.9607843137254902,0.9607843137254902,0.0392156862745098,0.9699604743083003,False,False,,,,,,
glm-ocr,books,histoirenaturell10cuvi_0369_full,17.641205181500027,381,False,histoirenaturell10cuvi,fr,0.054615384615384614,0.03402938901778809,0.04090909090909091,44.0,1293.0,0.978448275862069,0.9956140350877193,0.0043859649122807015,0.9783449342614076,False,False,,,,,,
glm-ocr,books,histoirenaturell10cuvi_0425_full,17.641205181500027,479,False,histoirenaturell10cuvi,fr,0.034198860037998734,0.015267175572519083,0.01444043321299639,24.0,1572.0,0.9863945578231292,1.0,0.0,0.9847328244274809,False,False,,,,,,
glm-ocr,books,pisciumquerelaee00sche_0012_full,17.641205181500027,628,False,pisciumquerelaee00sche,la,0.1125670041691483,0.07956600361663653,0.2966101694915254,132.0,1659.0,0.6436781609195402,0.702928870292887,0.29707112970711297,1.0301386377335744,False,False,,,,,,
glm-ocr,books,pisciumquerelaee00sche_0013_full,17.641205181500027,604,False,pisciumquerelaee00sche,la,0.10541813898704358,0.07193816884661118,0.2916666666666667,121.0,1682.0,0.7153558052434457,0.799163179916318,0.200836820083682,1.0214030915576695,False,False,,,,,,
glm-ocr,books,pisciumquerelaee00sche_0016_full,17.641205181500027,627,False,pisciumquerelaee00sche,la,0.079375,0.0512982900569981,0.21585903083700442,81.0,1579.0,0.78099173553719,0.8289473684210527,0.17105263157894737,1.0183660544648512,False,False,,,,,,
glm-ocr,books,pisciumquerelaee00sche_0035_full,17.641205181500027,611,False,pisciumquerelaee00sche,la,0.11768292682926829,0.08103130755064457,0.30701754385964913,132.0,1629.0,0.7601626016260162,0.8025751072961373,0.19742489270386265,1.0257826887661141,False,False,,,,,,
glm-ocr,books,pisciumquerelaee00sche_0038_full,21.34092365000015,533,False,pisciumquerelaee00sche,la,0.11265646731571627,0.09469964664310954,0.3350253807106599,134.0,1415.0,0.698019801980198,0.734375,0.265625,1.0226148409893994,False,False,,,,,,
glm-ocr,books,pisciumquerelaee00sche_0040_full,17.099204071181784,717,False,pisciumquerelaee00sche,la,0.10662177328843996,0.08951841359773371,0.29411764705882354,158.0,1765.0,0.6655629139072847,0.7556390977443609,0.24436090225563908,1.0379603399433428,False,False,,,,,,
glm-ocr,books,pisciumquerelaee00sche_0041_full,17.099204071181784,566,False,pisciumquerelaee00sche,la,0.10700876095118898,0.08654453569172457,0.32916666666666666,137.0,1583.0,0.6628352490421456,0.7554585152838428,0.2445414847161572,1.0259001895135818,False,False,,,,,,
glm-ocr,books,pisciumquerelaee00sche_0044_full,17.099204071181784,172,False,pisciumquerelaee00sche,la,0.16911764705882354,0.1608910891089109,0.35714285714285715,65.0,404.0,0.660377358490566,0.6481481481481481,0.35185185185185186,1.0198019801980198,False,False,,,,,,
glm-ocr,books,trudyrusskagoent161881russ_0098_full,17.099204071181784,688,False,trudyrusskagoent161881russ,fr+de,0.016483516483516484,0.009635237439779766,0.0392156862745098,14.0,1453.0,0.9748743718592965,0.9748743718592965,0.02512562814070352,0.9944941500344116,False,False,,,,,,
glm-ocr,books,trudyrusskagoent161881russ_0121_full,17.099204071181784,568,False,trudyrusskagoent161881russ,fr+de,0.022823779193205943,0.007978723404255319,0.04152249134948097,15.0,1880.0,0.986013986013986,0.9929577464788732,0.007042253521126761,0.9936170212765958,False,False,,,,,,
glm-ocr,books,trudyrusskagoent161881russ_0276_full,17.099204071181784,514,False,trudyrusskagoent161881russ,fr+de,0.016203703703703703,0.005787037037037037,0.01593625498007968,10.0,1728.0,0.9959514170040485,1.0,0.0,0.9942129629629629,False,False,,,,,,
glm-ocr,books,trudyrusskagoent161881russ_0329_full,17.099204071181784,642,False,trudyrusskagoent161881russ,fr+de,0.017183770883054894,0.0052732502396931925,0.0273972602739726,11.0,2086.0,0.9827586206896551,0.986159169550173,0.01384083044982699,0.9956855225311602,False,False,,,,,,
glm-ocr,books,trudyrusskagoent161881russ_0357_full,17.099204071181784,559,False,trudyrusskagoent161881russ,fr+de,0.02191464821222607,0.011607661056297156,0.05394190871369295,20.0,1723.0,0.9710743801652892,0.975103734439834,0.024896265560165973,0.9930354033662218,False,False,,,,,,
glm-ocr,books,trudyrusskagoent161881russ_0379_full,17.099204071181784,615,False,trudyrusskagoent161881russ,fr+de,0.022477522477522476,0.01154039136979428,0.05660377358490566,23.0,1993.0,0.975975975975976,0.975975975975976,0.024024024024024024,0.9939789262418465,False,False,,,,,,
glm-ocr,books,trudyrusskagoent161881russ_0388_full,17.099204071181784,599,False,trudyrusskagoent161881russ,fr+de,0.015292190060076462,0.007662835249042145,0.04713804713804714,14.0,1827.0,0.9935275080906149,0.9935275080906149,0.006472491909385114,0.993431855500821,False,False,,,,,,
glm-ocr,books,trudyrusskagoent161881russ_0446_full,17.099204071181784,385,False,trudyrusskagoent161881russ,fr+de,0.02137546468401487,0.01588785046728972,0.06282722513089005,17.0,1070.0,0.98,0.9702970297029703,0.0297029702970297,0.9925233644859813,False,False,,,,,,
glm-ocr,docs,headers_footers__0b8de922246569bf96136cd5bb1d9643b2d269fe_page_10_processed,20.2353798190625,380,False,,,,,,,,,,,,False,,headers_footers,2.0,2.0,"[{""id"": ""0b8de922246569bf96136cd5bb1d9643b2d269fe_page_10_processed.pdf_manual_00"", ""type"": ""absent"", ""passed"": true, ""category"": ""headers_footers""}, {""id"": ""auto_baseline"", ""type"": ""baseline"", ""passed"": true, ""category"": ""baseline""}]",,
glm-ocr,docs,headers_footers__12e836a20227be4b63f7dcdebb2498e9d189d4da_page_5_processed,20.2353798190625,8192,False,,,,,,,,,,,,False,,headers_footers,4.0,4.0,"[{""id"": ""12e836a20227be4b63f7dcdebb2498e9d189d4da_page_5_processed_pg1_header_00"", ""type"": ""absent"", ""passed"": true, ""category"": ""headers_footers""}, {""id"": ""12e836a20227be4b63f7dcdebb2498e9d189d4da_page_5_processed_pg1_header_01"", ""type"": ""absent"", ""passed"": true, ""category"": ""headers_footers""}, {""id"": ""12e836a20227be4b63f7dcdebb2498e9d189d4da_page_5_processed_pg1_header_02"", ""type"": ""absent"", ""passed"": true, ""category"": ""headers_footers""}, {""id"": ""auto_baseline"", ""type"": ""baseline"", ""passed"": true, ""category"": ""baseline""}]",,
glm-ocr,docs,headers_footers__17ce5025be595d7fc2c3a347b6a2fa4e4d06419d_page_1,20.2353798190625,220,False,,,,,,,,,,,,False,,headers_footers,2.0,2.0,"[{""id"": ""17ce5025be595d7fc2c3a347b6a2fa4e4d06419d_page_1_header_00"", ""type"": ""absent"", ""passed"": true, ""category"": ""headers_footers""}, {""id"": ""auto_baseline"", ""type"": ""baseline"", ""passed"": true, ""category"": ""baseline""}]",,
glm-ocr,docs,headers_footers__1a3e61746b0965df09bce6cb1051c455807363d5_page_1,20.2353798190625,1234,False,,,,,,,,,,,,False,,headers_footers,3.0,3.0,"[{""id"": ""1a3e61746b0965df09bce6cb1051c455807363d5_page_1_header_00"", ""type"": ""absent"", ""passed"": true, ""category"": ""headers_footers""}, {""id"": ""1a3e61746b0965df09bce6cb1051c455807363d5_page_1.pdf_manual_00"", ""type"": ""absent"", ""passed"": true, ""category"": ""headers_footers""}, {""id"": ""auto_baseline"", ""type"": ""baseline"", ""passed"": true, ""category"": ""baseline""}]",,
glm-ocr,docs,headers_footers__2cb8b9fbe5aaac3d7f95d110a3b08132ee09d103_page_2,20.2353798190625,521,False,,,,,,,,,,,,False,,headers_footers,3.0,3.0,"[{""id"": ""2cb8b9fbe5aaac3d7f95d110a3b08132ee09d103_page_2_header_00"", ""type"": ""absent"", ""passed"": true, ""category"": ""headers_footers""}, {""id"": ""2cb8b9fbe5aaac3d7f95d110a3b08132ee09d103_page_2.pdf_manual_00"", ""type"": ""absent"", ""passed"": true, ""category"": ""headers_footers""}, {""id"": ""auto_baseline"", ""type"": ""baseline"", ""passed"": true, ""category"": ""baseline""}]",,
glm-ocr,docs,headers_footers__363300831b3da664b1bfe972e4f86464fa076da3_page_149,20.2353798190625,1029,False,,,,,,,,,,,,False,,headers_footers,6.0,6.0,"[{""id"": ""363300831b3da664b1bfe972e4f86464fa076da3_page_149_header_00"", ""type"": ""absent"", ""passed"": true, ""category"": ""headers_footers""}, {""id"": ""363300831b3da664b1bfe972e4f86464fa076da3_page_149_header_01"", ""type"": ""absent"", ""passed"": true, ""category"": ""headers_footers""}, {""id"": ""363300831b3da664b1bfe972e4f86464fa076da3_page_149_header_15"", ""type"": ""absent"", ""passed"": true, ""category"": ""headers_footers""}, {""id"": ""363300831b3da664b1bfe972e4f86464fa076da3_page_149_header_16"", ""type"": ""absent"", ""passed"": true, ""category"": ""headers_footers""}, {""id"": ""363300831b3da664b1bfe972e4f86464fa076da3_page_149.pdf_manual_00"", ""type"": ""absent"", ""passed"": true, ""category"": ""headers_footers""}, {""id"": ""auto_baseline"", ""type"": ""baseline"", ""passed"": true, ""category"": ""baseline""}]",,
glm-ocr,docs,headers_footers__62621cef2b1d5356a063aa7c9c735ac396fb2223_page_33,20.2353798190625,691,False,,,,,,,,,,,,False,,headers_footers,4.0,4.0,"[{""id"": ""62621cef2b1d5356a063aa7c9c735ac396fb2223_page_33_header_00"", ""type"": ""absent"", ""passed"": true, ""category"": ""headers_footers""}, {""id"": ""62621cef2b1d5356a063aa7c9c735ac396fb2223_page_33.pdf_manual_00"", ""type"": ""absent"", ""passed"": true, ""category"": ""headers_footers""}, {""id"": ""62621cef2b1d5356a063aa7c9c735ac396fb2223_page_33.pdf_manual_01"", ""type"": ""absent"", ""passed"": true, ""category"": ""headers_footers""}, {""id"": ""auto_baseline"", ""type"": ""baseline"", ""passed"": true, ""category"": ""baseline""}]",,
glm-ocr,docs,headers_footers__7901d119ed91a89f8fbabf0eef7174d75a7656e3_page_1,20.2353798190625,346,False,,,,,,,,,,,,False,,headers_footers,2.0,2.0,"[{""id"": ""7901d119ed91a89f8fbabf0eef7174d75a7656e3_page_1.pdf_manual_00"", ""type"": ""absent"", ""passed"": true, ""category"": ""headers_footers""}, {""id"": ""auto_baseline"", ""type"": ""baseline"", ""passed"": true, ""category"": ""baseline""}]",,
glm-ocr,docs,headers_footers__ba10222e40f05d76e2bf1d51c39066a4b1fe82ed_page_11,20.2353798190625,839,False,,,,,,,,,,,,False,,headers_footers,3.0,3.0,"[{""id"": ""ba10222e40f05d76e2bf1d51c39066a4b1fe82ed_page_11_header_00"", ""type"": ""absent"", ""passed"": true, ""category"": ""headers_footers""}, {""id"": ""ba10222e40f05d76e2bf1d51c39066a4b1fe82ed_page_11.pdf_manual_00"", ""type"": ""absent"", ""passed"": true, ""category"": ""headers_footers""}, {""id"": ""auto_baseline"", ""type"": ""baseline"", ""passed"": true, ""category"": ""baseline""}]",,
glm-ocr,docs,headers_footers__d8b9c4cd0ba9b036e09168c8dccccd1d43315ef4_page_1,20.2353798190625,1062,False,,,,,,,,,,,,False,,headers_footers,3.0,3.0,"[{""id"": ""d8b9c4cd0ba9b036e09168c8dccccd1d43315ef4_page_1_header_00"", ""type"": ""absent"", ""passed"": true, ""category"": ""headers_footers""}, {""id"": ""d8b9c4cd0ba9b036e09168c8dccccd1d43315ef4_page_1.pdf_manual_00"", ""type"": ""absent"", ""passed"": true, ""category"": ""headers_footers""}, {""id"": ""auto_baseline"", ""type"": ""baseline"", ""passed"": true, ""category"": ""baseline""}]",,
glm-ocr,docs,long_tiny_text__11_pg161_pg1,20.2353798190625,1619,False,,,,,,,,,,,,False,,long_tiny_text,9.0,9.0,"[{""id"": ""11_pg161_pg1_text_00"", ""type"": ""present"", ""passed"": true, ""category"": ""long_tiny_text""}, {""id"": ""11_pg161_pg1_text_01"", ""type"": ""present"", ""passed"": true, ""category"": ""long_tiny_text""}, {""id"": ""11_pg161_pg1_text_02"", ""type"": ""present"", ""passed"": true, ""category"": ""long_tiny_text""}, {""id"": ""11_pg161_pg1_text_03"", ""type"": ""present"", ""passed"": true, ""category"": ""long_tiny_text""}, {""id"": ""11_pg161_pg1_text_04"", ""type"": ""present"", ""passed"": true, ""category"": ""long_tiny_text""}, {""id"": ""11_pg161_pg1_text_05"", ""type"": ""present"", ""passed"": true, ""category"": ""long_tiny_text""}, {""id"": ""11_pg161_pg1_text_06"", ""type"": ""present"", ""passed"": true, ""category"": ""long_tiny_text""}, {""id"": ""11_pg161_pg1_text_07"", ""type"": ""present"", ""passed"": true, ""category"": ""long_tiny_text""}, {""id"": ""auto_baseline"", ""type"": ""baseline"", ""passed"": true, ""category"": ""baseline""}]",,
glm-ocr,docs,long_tiny_text__11_pg375_pg1,20.2353798190625,1738,False,,,,,,,,,,,,False,,long_tiny_text,4.0,4.0,"[{""id"": ""11_pg375_pg1_text_00"", ""type"": ""present"", ""passed"": true, ""category"": ""long_tiny_text""}, {""id"": ""11_pg375_pg1_text_01"", ""type"": ""present"", ""passed"": true, ""category"": ""long_tiny_text""}, {""id"": ""11_pg375_pg1_text_02"", ""type"": ""present"", ""passed"": true, ""category"": ""long_tiny_text""}, {""id"": ""auto_baseline"", ""type"": ""baseline"", ""passed"": true, ""category"": ""baseline""}]",,
glm-ocr,docs,long_tiny_text__13_pg556_pg1,20.2353798190625,2483,False,,,,,,,,,,,,False,,long_tiny_text,5.0,5.0,"[{""id"": ""13_pg556_pg1_text_00"", ""type"": ""present"", ""passed"": true, ""category"": ""long_tiny_text""}, {""id"": ""13_pg556_pg1_text_01"", ""type"": ""present"", ""passed"": true, ""category"": ""long_tiny_text""}, {""id"": ""13_pg556_pg1_text_02"", ""type"": ""present"", ""passed"": true, ""category"": ""long_tiny_text""}, {""id"": ""13_pg556_pg1_text_03"", ""type"": ""present"", ""passed"": true, ""category"": ""long_tiny_text""}, {""id"": ""auto_baseline"", ""type"": ""baseline"", ""passed"": true, ""category"": ""baseline""}]",,
glm-ocr,docs,long_tiny_text__13_pg566_pg1,20.2353798190625,2085,False,,,,,,,,,,,,False,,long_tiny_text,6.0,6.0,"[{""id"": ""13_pg566_pg1_text_00"", ""type"": ""present"", ""passed"": true, ""category"": ""long_tiny_text""}, {""id"": ""13_pg566_pg1_text_01"", ""type"": ""present"", ""passed"": true, ""category"": ""long_tiny_text""}, {""id"": ""13_pg566_pg1_text_02"", ""type"": ""present"", ""passed"": true, ""category"": ""long_tiny_text""}, {""id"": ""13_pg566_pg1_text_03"", ""type"": ""present"", ""passed"": true, ""category"": ""long_tiny_text""}, {""id"": ""13_pg566_pg1_text_04"", ""type"": ""present"", ""passed"": true, ""category"": ""long_tiny_text""}, {""id"": ""auto_baseline"", ""type"": ""baseline"", ""passed"": true, ""category"": ""baseline""}]",,
glm-ocr,docs,long_tiny_text__13_pg67_pg1,20.2353798190625,2812,False,,,,,,,,,,,,False,,long_tiny_text,6.0,4.0,"[{""id"": ""13_pg67_pg1_text_00"", ""type"": ""present"", ""passed"": false, ""category"": ""long_tiny_text""}, {""id"": ""13_pg67_pg1_text_01"", ""type"": ""present"", ""passed"": true, ""category"": ""long_tiny_text""}, {""id"": ""13_pg67_pg1_text_02"", ""type"": ""present"", ""passed"": false, ""category"": ""long_tiny_text""}, {""id"": ""13_pg67_pg1_text_03"", ""type"": ""present"", ""passed"": true, ""category"": ""long_tiny_text""}, {""id"": ""13_pg67_pg1_text_04"", ""type"": ""present"", ""passed"": true, ""category"": ""long_tiny_text""}, {""id"": ""auto_baseline"", ""type"": ""baseline"", ""passed"": true, ""category"": ""baseline""}]",,
glm-ocr,docs,long_tiny_text__14a_pg1,20.2353798190625,3206,False,,,,,,,,,,,,False,,long_tiny_text,6.0,6.0,"[{""id"": ""14a_pg1_text_01"", ""type"": ""present"", ""passed"": true, ""category"": ""long_tiny_text""}, {""id"": ""14a_pg1_text_02"", ""type"": ""present"", ""passed"": true, ""category"": ""long_tiny_text""}, {""id"": ""14a_pg1_text_04"", ""type"": ""present"", ""passed"": true, ""category"": ""long_tiny_text""}, {""id"": ""14a_pg1_text_05"", ""type"": ""present"", ""passed"": true, ""category"": ""long_tiny_text""}, {""id"": ""14a_pg1_text_06"", ""type"": ""present"", ""passed"": true, ""category"": ""long_tiny_text""}, {""id"": ""auto_baseline"", ""type"": ""baseline"", ""passed"": true, ""category"": ""baseline""}]",,
glm-ocr,docs,long_tiny_text__15c_pg1,20.2353798190625,1956,False,,,,,,,,,,,,False,,long_tiny_text,5.0,4.0,"[{""id"": ""15c_pg1_text_00"", ""type"": ""present"", ""passed"": true, ""category"": ""long_tiny_text""}, {""id"": ""15c_pg1_text_01"", ""type"": ""present"", ""passed"": true, ""category"": ""long_tiny_text""}, {""id"": ""15c_pg1_text_02"", ""type"": ""present"", ""passed"": true, ""category"": ""long_tiny_text""}, {""id"": ""15c_pg1_text_03"", ""type"": ""present"", ""passed"": false, ""category"": ""long_tiny_text""}, {""id"": ""auto_baseline"", ""type"": ""baseline"", ""passed"": true, ""category"": ""baseline""}]",,
glm-ocr,docs,long_tiny_text__17_pg2_pg1,20.2353798190625,1385,False,,,,,,,,,,,,False,,long_tiny_text,40.0,39.0,"[{""id"": ""17_pg2_pg1_text_00"", ""type"": ""present"", ""passed"": true, ""category"": ""long_tiny_text""}, {""id"": ""17_pg2_pg1_text_01"", ""type"": ""present"", ""passed"": true, ""category"": ""long_tiny_text""}, {""id"": ""17_pg2_pg1_text_02"", ""type"": ""present"", ""passed"": true, ""category"": ""long_tiny_text""}, {""id"": ""17_pg2_pg1_text_03"", ""type"": ""present"", ""passed"": true, ""category"": ""long_tiny_text""}, {""id"": ""17_pg2_pg1_text_04"", ""type"": ""present"", ""passed"": true, ""category"": ""long_tiny_text""}, {""id"": ""17_pg2_pg1_text_06"", ""type"": ""present"", ""passed"": true, ""category"": ""long_tiny_text""}, {""id"": ""17_pg2_pg1_text_07"", ""type"": ""present"", ""passed"": true, ""category"": ""long_tiny_text""}, {""id"": ""17_pg2_pg1_text_09"", ""type"": ""present"", ""passed"": true, ""category"": ""long_tiny_text""}, {""id"": ""17_pg2_pg1_text_10"", ""type"": ""present"", ""passed"": true, ""category"": ""long_tiny_text""}, {""id"": ""17_pg2_pg1_text_12"", ""type"": ""present"", ""passed"": true, ""category"": ""long_tiny_text""}, {""id"": ""17_pg2_pg1_text_13"", ""type"": ""present"", ""passed"": true, ""category"": ""long_tiny_text""}, {""id"": ""17_pg2_pg1_text_16"", ""type"": ""present"", ""passed"": true, ""category"": ""long_tiny_text""}, {""id"": ""17_pg2_pg1_text_17"", ""type"": ""present"", ""passed"": false, ""category"": ""long_tiny_text""}, {""id"": ""17_pg2_pg1_text_20"", ""type"": ""present"", ""passed"": true, ""category"": ""long_tiny_text""}, {""id"": ""17_pg2_pg1_text_23"", ""type"": ""present"", ""passed"": true, ""category"": ""long_tiny_text""}, {""id"": ""17_pg2_pg1_text_24"", ""type"": ""present"", ""passed"": true, ""category"": ""long_tiny_text""}, {""id"": ""17_pg2_pg1_text_25"", ""type"": ""present"", ""passed"": true, ""category"": ""long_tiny_text""}, {""id"": ""17_pg2_pg1_text_27"", ""type"": ""present"", ""passed"": true, ""category"": ""long_tiny_text""}, {""id"": ""17_pg2_pg1_text_28"", ""type"": ""present"", ""passed"": true, ""category"": ""long_tiny_text""}, {""id"": ""17_pg2_pg1_text_30"", ""type"": ""present"", ""passed"": true, ""category"": ""long_tiny_text""}, {""id"": ""17_pg2_pg1_text_31"", ""type"": ""present"", ""passed"": true, ""category"": ""long_tiny_text""}, {""id"": ""17_pg2_pg1_text_34"", ""type"": ""present"", ""passed"": true, ""category"": ""long_tiny_text""}, {""id"": ""17_pg2_pg1_text_37"", ""type"": ""present"", ""passed"": true, ""category"": ""long_tiny_text""}, {""id"": ""17_pg2_pg1_text_41"", ""type"": ""present"", ""passed"": true, ""category"": ""long_tiny_text""}, {""id"": ""17_pg2_pg1_text_43"", ""type"": ""present"", ""passed"": true, ""category"": ""long_tiny_text""}, {""id"": ""17_pg2_pg1_text_45"", ""type"": ""present"", ""passed"": true, ""category"": ""long_tiny_text""}, {""id"": ""17_pg2_pg1_text_49"", ""type"": ""present"", ""passed"": true, ""category"": ""long_tiny_text""}, {""id"": ""17_pg2_pg1_text_51"", ""type"": ""present"", ""passed"": true, ""category"": ""long_tiny_text""}, {""id"": ""17_pg2_pg1_text_56"", ""type"": ""present"", ""passed"": true, ""category"": ""long_tiny_text""}, {""id"": ""17_pg2_pg1_text_61"", ""type"": ""present"", ""passed"": true, ""category"": ""long_tiny_text""}, {""id"": ""17_pg2_pg1_text_65"", ""type"": ""present"", ""passed"": true, ""category"": ""long_tiny_text""}, {""id"": ""17_pg2_pg1_text_69"", ""type"": ""present"", ""passed"": true, ""category"": ""long_tiny_text""}, {""id"": ""17_pg2_pg1_text_74"", ""type"": ""present"", ""passed"": true, ""category"": ""long_tiny_text""}, {""id"": ""17_pg2_pg1_text_80"", ""type"": ""present"", ""passed"": true, ""category"": ""long_tiny_text""}, {""id"": ""17_pg2_pg1_text_83"", ""type"": ""present"", ""passed"": true, ""category"": ""long_tiny_text""}, {""id"": ""17_pg2_pg1_text_86"", ""type"": ""present"", ""passed"": true, ""category"": ""long_tiny_text""}, {""id"": ""17_pg2_pg1_text_88"", ""type"": ""present"", ""passed"": true, ""category"": ""long_tiny_text""}, {""id"": ""17_pg2_pg1_text_95"", ""type"": ""present"", ""passed"": true, ""category"": ""long_tiny_text""}, {""id"": ""17_pg2_pg1_text_97"", ""type"": ""present"", ""passed"": true, ""category"": ""long_tiny_text""}, {""id"": ""auto_baseline"", ""type"": ""baseline"", ""passed"": true, ""category"": ""baseline""}]",,
glm-ocr,docs,long_tiny_text__20_pg40_pg1,20.2353798190625,1882,False,,,,,,,,,,,,False,,long_tiny_text,6.0,6.0,"[{""id"": ""20_pg40_pg1_text_00"", ""type"": ""present"", ""passed"": true, ""category"": ""long_tiny_text""}, {""id"": ""20_pg40_pg1_text_01"", ""type"": ""present"", ""passed"": true, ""category"": ""long_tiny_text""}, {""id"": ""20_pg40_pg1_text_02"", ""type"": ""present"", ""passed"": true, ""category"": ""long_tiny_text""}, {""id"": ""20_pg40_pg1_text_03"", ""type"": ""present"", ""passed"": true, ""category"": ""long_tiny_text""}, {""id"": ""20_pg40_pg1_text_04"", ""type"": ""present"", ""passed"": true, ""category"": ""long_tiny_text""}, {""id"": ""auto_baseline"", ""type"": ""baseline"", ""passed"": true, ""category"": ""baseline""}]",,
glm-ocr,docs,long_tiny_text__20_pg46_pg1,20.2353798190625,1166,False,,,,,,,,,,,,False,,long_tiny_text,10.0,9.0,"[{""id"": ""20_pg46_pg1_text_00"", ""type"": ""present"", ""passed"": true, ""category"": ""long_tiny_text""}, {""id"": ""20_pg46_pg1_text_01"", ""type"": ""present"", ""passed"": true, ""category"": ""long_tiny_text""}, {""id"": ""20_pg46_pg1_text_02"", ""type"": ""present"", ""passed"": true, ""category"": ""long_tiny_text""}, {""id"": ""20_pg46_pg1_text_03"", ""type"": ""present"", ""passed"": true, ""category"": ""long_tiny_text""}, {""id"": ""20_pg46_pg1_text_04"", ""type"": ""present"", ""passed"": false, ""category"": ""long_tiny_text""}, {""id"": ""20_pg46_pg1_text_05"", ""type"": ""present"", ""passed"": true, ""category"": ""long_tiny_text""}, {""id"": ""20_pg46_pg1_text_06"", ""type"": ""present"", ""passed"": true, ""category"": ""long_tiny_text""}, {""id"": ""20_pg46_pg1_text_08"", ""type"": ""present"", ""passed"": true, ""category"": ""long_tiny_text""}, {""id"": ""20_pg46_pg1_text_09"", ""type"": ""present"", ""passed"": true, ""category"": ""long_tiny_text""}, {""id"": ""auto_baseline"", ""type"": ""baseline"", ""passed"": true, ""category"": ""baseline""}]",,
glm-ocr,docs,multi_column__00945e98ea0970dcffb8f548336df3a0137f_page_4_pg1,20.2353798190625,678,False,,,,,,,,,,,,False,,multi_column,4.0,4.0,"[{""id"": ""00945e98ea0970dcffb8f548336df3a0137f_page_4.pdf_order_0a8f368a"", ""type"": ""order"", ""passed"": true, ""category"": ""multi_column""}, {""id"": ""00945e98ea0970dcffb8f548336df3a0137f_page_4.pdf_order_3d4bbd69"", ""type"": ""order"", ""passed"": true, ""category"": ""multi_column""}, {""id"": ""00945e98ea0970dcffb8f548336df3a0137f_page_4.pdf_order_4cbab131"", ""type"": ""order"", ""passed"": true, ""category"": ""multi_column""}, {""id"": ""auto_baseline"", ""type"": ""baseline"", ""passed"": true, ""category"": ""baseline""}]",,
glm-ocr,docs,multi_column__00e2c7719d58bb49fd4031cce9dcccdddec2_page_1_pg1,20.2353798190625,749,False,,,,,,,,,,,,False,,multi_column,3.0,3.0,"[{""id"": ""00e2c7719d58bb49fd4031cce9dcccdddec2_page_1.pdf_order_85be1097"", ""type"": ""order"", ""passed"": true, ""category"": ""multi_column""}, {""id"": ""00e2c7719d58bb49fd4031cce9dcccdddec2_page_1.pdf_order_b903400b"", ""type"": ""order"", ""passed"": true, ""category"": ""multi_column""}, {""id"": ""auto_baseline"", ""type"": ""baseline"", ""passed"": true, ""category"": ""baseline""}]",,
glm-ocr,docs,multi_column__0114396ecb251aa3ebaeaeaed6bd4fe50bd2_page_2_pg1,20.2353798190625,1101,False,,,,,,,,,,,,False,,multi_column,6.0,6.0,"[{""id"": ""0114396ecb251aa3ebaeaeaed6bd4fe50bd2_page_2.pdf_order_e5d2d945"", ""type"": ""order"", ""passed"": true, ""category"": ""multi_column""}, {""id"": ""0114396ecb251aa3ebaeaeaed6bd4fe50bd2_page_2.pdf_order_6b2daa2b"", ""type"": ""order"", ""passed"": true, ""category"": ""multi_column""}, {""id"": ""0114396ecb251aa3ebaeaeaed6bd4fe50bd2_page_2.pdf_order_f61eafae"", ""type"": ""order"", ""passed"": true, ""category"": ""multi_column""}, {""id"": ""0114396ecb251aa3ebaeaeaed6bd4fe50bd2_page_2.pdf_order_40a2536e"", ""type"": ""order"", ""passed"": true, ""category"": ""multi_column""}, {""id"": ""0114396ecb251aa3ebaeaeaed6bd4fe50bd2_page_2.pdf_order_b8d41298"", ""type"": ""order"", ""passed"": true, ""category"": ""multi_column""}, {""id"": ""auto_baseline"", ""type"": ""baseline"", ""passed"": true, ""category"": ""baseline""}]",,
glm-ocr,docs,multi_column__019a8841dddeb304774ba62a9f5d8dccb43d_page_2_pg1,20.2353798190625,2024,False,,,,,,,,,,,,False,,multi_column,5.0,3.0,"[{""id"": ""019a8841dddeb304774ba62a9f5d8dccb43d_page_2.pdf_order_00d331ca"", ""type"": ""order"", ""passed"": true, ""category"": ""multi_column""}, {""id"": ""019a8841dddeb304774ba62a9f5d8dccb43d_page_2.pdf_order_2410e748"", ""type"": ""order"", ""passed"": false, ""category"": ""multi_column""}, {""id"": ""019a8841dddeb304774ba62a9f5d8dccb43d_page_2.pdf_order_5a8cba0a"", ""type"": ""order"", ""passed"": false, ""category"": ""multi_column""}, {""id"": ""019a8841dddeb304774ba62a9f5d8dccb43d_page_2.pdf_order_6a2477bc"", ""type"": ""order"", ""passed"": true, ""category"": ""multi_column""}, {""id"": ""auto_baseline"", ""type"": ""baseline"", ""passed"": true, ""category"": ""baseline""}]",,
glm-ocr,docs,multi_column__0208fbb5d6b646f972f4702428ad2cede5c5_page_6_pg1,20.2353798190625,339,False,,,,,,,,,,,,False,,multi_column,2.0,2.0,"[{""id"": ""0208fbb5d6b646f972f4702428ad2cede5c5_page_6.pdf_order_71ab8004"", ""type"": ""order"", ""passed"": true, ""category"": ""multi_column""}, {""id"": ""auto_baseline"", ""type"": ""baseline"", ""passed"": true, ""category"": ""baseline""}]",,
glm-ocr,docs,multi_column__027c390510b2fd3364f5a382f2bc304af018_page_4_pg1,20.2353798190625,1977,False,,,,,,,,,,,,False,,multi_column,5.0,3.0,"[{""id"": ""027c390510b2fd3364f5a382f2bc304af018_page_4.pdf_order_ea693a98"", ""type"": ""order"", ""passed"": false, ""category"": ""multi_column""}, {""id"": ""027c390510b2fd3364f5a382f2bc304af018_page_4.pdf_order_053bda58"", ""type"": ""order"", ""passed"": true, ""category"": ""multi_column""}, {""id"": ""027c390510b2fd3364f5a382f2bc304af018_page_4.pdf_order_9e06820d"", ""type"": ""order"", ""passed"": true, ""category"": ""multi_column""}, {""id"": ""027c390510b2fd3364f5a382f2bc304af018_page_4.pdf_order_97e749bf"", ""type"": ""order"", ""passed"": false, ""category"": ""multi_column""}, {""id"": ""auto_baseline"", ""type"": ""baseline"", ""passed"": true, ""category"": ""baseline""}]",,
glm-ocr,docs,multi_column__02943986dff2d4a84b7c2dd81abfc51fceea_page_5_pg1,20.2353798190625,960,False,,,,,,,,,,,,False,,multi_column,5.0,5.0,"[{""id"": ""02943986dff2d4a84b7c2dd81abfc51fceea_page_5.pdf_order_3f1adc6b"", ""type"": ""order"", ""passed"": true, ""category"": ""multi_column""}, {""id"": ""02943986dff2d4a84b7c2dd81abfc51fceea_page_5.pdf_order_00ce4e6f"", ""type"": ""order"", ""passed"": true, ""category"": ""multi_column""}, {""id"": ""02943986dff2d4a84b7c2dd81abfc51fceea_page_5.pdf_order_46755e50"", ""type"": ""order"", ""passed"": true, ""category"": ""multi_column""}, {""id"": ""02943986dff2d4a84b7c2dd81abfc51fceea_page_5.pdf_order_13f6999c"", ""type"": ""order"", ""passed"": true, ""category"": ""multi_column""}, {""id"": ""auto_baseline"", ""type"": ""baseline"", ""passed"": true, ""category"": ""baseline""}]",,
glm-ocr,docs,multi_column__02943986dff2d4a84b7c2dd81abfc51fceea_page_9_pg1,20.2353798190625,1057,False,,,,,,,,,,,,False,,multi_column,5.0,5.0,"[{""id"": ""02943986dff2d4a84b7c2dd81abfc51fceea_page_9.pdf_order_babd8e0e"", ""type"": ""order"", ""passed"": true, ""category"": ""multi_column""}, {""id"": ""02943986dff2d4a84b7c2dd81abfc51fceea_page_9.pdf_order_2e6f0ead"", ""type"": ""order"", ""passed"": true, ""category"": ""multi_column""}, {""id"": ""02943986dff2d4a84b7c2dd81abfc51fceea_page_9.pdf_order_7e60c895"", ""type"": ""order"", ""passed"": true, ""category"": ""multi_column""}, {""id"": ""02943986dff2d4a84b7c2dd81abfc51fceea_page_9.pdf_order_81a40b7f"", ""type"": ""order"", ""passed"": true, ""category"": ""multi_column""}, {""id"": ""auto_baseline"", ""type"": ""baseline"", ""passed"": true, ""category"": ""baseline""}]",,
glm-ocr,docs,multi_column__038650c9dfd95e7495d0c4d301d9dcca735a_page_1_pg1,20.2353798190625,1365,False,,,,,,,,,,,,False,,multi_column,5.0,5.0,"[{""id"": ""038650c9dfd95e7495d0c4d301d9dcca735a_page_1.pdf_order_eb32d864"", ""type"": ""order"", ""passed"": true, ""category"": ""multi_column""}, {""id"": ""038650c9dfd95e7495d0c4d301d9dcca735a_page_1.pdf_order_517c20f9"", ""type"": ""order"", ""passed"": true, ""category"": ""multi_column""}, {""id"": ""038650c9dfd95e7495d0c4d301d9dcca735a_page_1.pdf_order_12a7fa3e"", ""type"": ""order"", ""passed"": true, ""category"": ""multi_column""}, {""id"": ""038650c9dfd95e7495d0c4d301d9dcca735a_page_1.pdf_order_cf779f79"", ""type"": ""order"", ""passed"": true, ""category"": ""multi_column""}, {""id"": ""auto_baseline"", ""type"": ""baseline"", ""passed"": true, ""category"": ""baseline""}]",,
glm-ocr,docs,multi_column__0845863d27c84b14011e17a388821525e783_page_16_pg1,20.2353798190625,4359,False,,,,,,,,,,,,False,,multi_column,4.0,3.0,"[{""id"": ""0845863d27c84b14011e17a388821525e783_page_16.pdf_order_dffceb1b"", ""type"": ""order"", ""passed"": true, ""category"": ""multi_column""}, {""id"": ""0845863d27c84b14011e17a388821525e783_page_16.pdf_order_ac24f586"", ""type"": ""order"", ""passed"": true, ""category"": ""multi_column""}, {""id"": ""0845863d27c84b14011e17a388821525e783_page_16.pdf_order_4bda9b61"", ""type"": ""order"", ""passed"": false, ""category"": ""multi_column""}, {""id"": ""auto_baseline"", ""type"": ""baseline"", ""passed"": true, ""category"": ""baseline""}]",,
glm-ocr,docs,old_scans__1,20.2353798190625,201,False,,,,,,,,,,,,False,,old_scans,6.0,2.0,"[{""id"": ""1_680487"", ""type"": ""present"", ""passed"": false, ""category"": ""old_scans""}, {""id"": ""1_126739"", ""type"": ""absent"", ""passed"": true, ""category"": ""old_scans""}, {""id"": ""1_36225"", ""type"": ""present"", ""passed"": false, ""category"": ""old_scans""}, {""id"": ""1_787572"", ""type"": ""order"", ""passed"": false, ""category"": ""old_scans""}, {""id"": ""1_298389"", ""type"": ""order"", ""passed"": false, ""category"": ""old_scans""}, {""id"": ""auto_baseline"", ""type"": ""baseline"", ""passed"": true, ""category"": ""baseline""}]",,
glm-ocr,docs,old_scans__21,20.2353798190625,141,False,,,,,,,,,,,,False,,old_scans,8.0,2.0,"[{""id"": ""21_398162"", ""type"": ""present"", ""passed"": false, ""category"": ""old_scans""}, {""id"": ""21_382528"", ""type"": ""order"", ""passed"": false, ""category"": ""old_scans""}, {""id"": ""21_229684"", ""type"": ""absent"", ""passed"": true, ""category"": ""old_scans""}, {""id"": ""21_712729"", ""type"": ""present"", ""passed"": false, ""category"": ""old_scans""}, {""id"": ""21_289946"", ""type"": ""present"", ""passed"": false, ""category"": ""old_scans""}, {""id"": ""21_745911"", ""type"": ""present"", ""passed"": false, ""category"": ""old_scans""}, {""id"": ""21_992153"", ""type"": ""order"", ""passed"": false, ""category"": ""old_scans""}, {""id"": ""auto_baseline"", ""type"": ""baseline"", ""passed"": true, ""category"": ""baseline""}]",,
glm-ocr,docs,old_scans__23,10.359723872444444,131,False,,,,,,,,,,,,False,,old_scans,6.0,3.0,"[{""id"": ""23_675822"", ""type"": ""present"", ""passed"": false, ""category"": ""old_scans""}, {""id"": ""23_189451"", ""type"": ""order"", ""passed"": false, ""category"": ""old_scans""}, {""id"": ""23_570086"", ""type"": ""absent"", ""passed"": true, ""category"": ""old_scans""}, {""id"": ""23_774544"", ""type"": ""present"", ""passed"": false, ""category"": ""old_scans""}, {""id"": ""23_266702"", ""type"": ""present"", ""passed"": true, ""category"": ""old_scans""}, {""id"": ""auto_baseline"", ""type"": ""baseline"", ""passed"": true, ""category"": ""baseline""}]",,
glm-ocr,docs,old_scans__26,10.359723872444444,127,False,,,,,,,,,,,,False,,old_scans,5.0,2.0,"[{""id"": ""26_727870"", ""type"": ""present"", ""passed"": false, ""category"": ""old_scans""}, {""id"": ""26_350035"", ""type"": ""order"", ""passed"": false, ""category"": ""old_scans""}, {""id"": ""26_893794"", ""type"": ""absent"", ""passed"": true, ""category"": ""old_scans""}, {""id"": ""26_815635"", ""type"": ""present"", ""passed"": false, ""category"": ""old_scans""}, {""id"": ""auto_baseline"", ""type"": ""baseline"", ""passed"": true, ""category"": ""baseline""}]",,
glm-ocr,docs,old_scans__52,10.359723872444444,117,False,,,,,,,,,,,,False,,old_scans,4.0,1.0,"[{""id"": ""52_591542"", ""type"": ""present"", ""passed"": false, ""category"": ""old_scans""}, {""id"": ""52_323921"", ""type"": ""present"", ""passed"": false, ""category"": ""old_scans""}, {""id"": ""52_987017"", ""type"": ""present"", ""passed"": false, ""category"": ""old_scans""}, {""id"": ""auto_baseline"", ""type"": ""baseline"", ""passed"": true, ""category"": ""baseline""}]",,
glm-ocr,docs,old_scans__55,10.359723872444444,210,False,,,,,,,,,,,,False,,old_scans,4.0,1.0,"[{""id"": ""55_930782"", ""type"": ""present"", ""passed"": false, ""category"": ""old_scans""}, {""id"": ""55_150814"", ""type"": ""present"", ""passed"": false, ""category"": ""old_scans""}, {""id"": ""55_287312"", ""type"": ""present"", ""passed"": false, ""category"": ""old_scans""}, {""id"": ""auto_baseline"", ""type"": ""baseline"", ""passed"": true, ""category"": ""baseline""}]",,
glm-ocr,docs,old_scans__58,10.359723872444444,951,False,,,,,,,,,,,,False,,old_scans,7.0,6.0,"[{""id"": ""58_984036"", ""type"": ""present"", ""passed"": true, ""category"": ""old_scans""}, {""id"": ""58_575492"", ""type"": ""order"", ""passed"": false, ""category"": ""old_scans""}, {""id"": ""58_801952"", ""type"": ""absent"", ""passed"": true, ""category"": ""old_scans""}, {""id"": ""58_775388"", ""type"": ""present"", ""passed"": true, ""category"": ""old_scans""}, {""id"": ""58_733378"", ""type"": ""present"", ""passed"": true, ""category"": ""old_scans""}, {""id"": ""58_220922"", ""type"": ""order"", ""passed"": true, ""category"": ""old_scans""}, {""id"": ""auto_baseline"", ""type"": ""baseline"", ""passed"": true, ""category"": ""baseline""}]",,
glm-ocr,docs,old_scans__82,10.359723872444444,386,False,,,,,,,,,,,,False,,old_scans,7.0,1.0,"[{""id"": ""82_617314"", ""type"": ""present"", ""passed"": false, ""category"": ""old_scans""}, {""id"": ""82_781476"", ""type"": ""order"", ""passed"": false, ""category"": ""old_scans""}, {""id"": ""82_578532"", ""type"": ""present"", ""passed"": false, ""category"": ""old_scans""}, {""id"": ""82_73918"", ""type"": ""present"", ""passed"": false, ""category"": ""old_scans""}, {""id"": ""82_794309"", ""type"": ""present"", ""passed"": false, ""category"": ""old_scans""}, {""id"": ""82_338838"", ""type"": ""order"", ""passed"": false, ""category"": ""old_scans""}, {""id"": ""auto_baseline"", ""type"": ""baseline"", ""passed"": true, ""category"": ""baseline""}]",,
glm-ocr,docs,old_scans__85,10.359723872444444,412,False,,,,,,,,,,,,False,,old_scans,7.0,1.0,"[{""id"": ""85_204851"", ""type"": ""present"", ""passed"": false, ""category"": ""old_scans""}, {""id"": ""85_81849"", ""type"": ""order"", ""passed"": false, ""category"": ""old_scans""}, {""id"": ""85_633939"", ""type"": ""present"", ""passed"": false, ""category"": ""old_scans""}, {""id"": ""85_81262"", ""type"": ""present"", ""passed"": false, ""category"": ""old_scans""}, {""id"": ""85_718011"", ""type"": ""present"", ""passed"": false, ""category"": ""old_scans""}, {""id"": ""85_913682"", ""type"": ""order"", ""passed"": false, ""category"": ""old_scans""}, {""id"": ""auto_baseline"", ""type"": ""baseline"", ""passed"": true, ""category"": ""baseline""}]",,
glm-ocr,docs,old_scans__96,10.359723872444444,215,False,,,,,,,,,,,,False,,old_scans,8.0,3.0,"[{""id"": ""96_686856"", ""type"": ""present"", ""passed"": false, ""category"": ""old_scans""}, {""id"": ""96_324569"", ""type"": ""order"", ""passed"": false, ""category"": ""old_scans""}, {""id"": ""96_489434"", ""type"": ""present"", ""passed"": true, ""category"": ""old_scans""}, {""id"": ""96_341535"", ""type"": ""present"", ""passed"": false, ""category"": ""old_scans""}, {""id"": ""96_984146"", ""type"": ""present"", ""passed"": false, ""category"": ""old_scans""}, {""id"": ""96_798387"", ""type"": ""order"", ""passed"": true, ""category"": ""old_scans""}, {""id"": ""96_991188"", ""type"": ""order"", ""passed"": false, ""category"": ""old_scans""}, {""id"": ""auto_baseline"", ""type"": ""baseline"", ""passed"": true, ""category"": ""baseline""}]",,
glm-ocr,docs,tables__2d54e996d1247bd36695d872863eefebd8f8_pg4,10.359723872444444,1729,False,,,,,,,,,,,,False,,table_tests,5.0,1.0,"[{""id"": ""2d54e996d1247bd36695d872863eefebd8f8_pg4_table_00"", ""type"": ""table"", ""passed"": false, ""category"": ""table_tests""}, {""id"": ""2d54e996d1247bd36695d872863eefebd8f8_pg4_table_01"", ""type"": ""table"", ""passed"": false, ""category"": ""table_tests""}, {""id"": ""2d54e996d1247bd36695d872863eefebd8f8_pg4_table_02"", ""type"": ""table"", ""passed"": false, ""category"": ""table_tests""}, {""id"": ""2d54e996d1247bd36695d872863eefebd8f8_pg4_table_03"", ""type"": ""table"", ""passed"": false, ""category"": ""table_tests""}, {""id"": ""auto_baseline"", ""type"": ""baseline"", ""passed"": true, ""category"": ""baseline""}]",,
glm-ocr,docs,tables__2d932ac96ad0d8ccf81a56bd105fa18fdcbb_pg7,10.359723872444444,494,False,,,,,,,,,,,,False,,table_tests,2.0,2.0,"[{""id"": ""2d932ac96ad0d8ccf81a56bd105fa18fdcbb_pg7_table_00"", ""type"": ""table"", ""passed"": true, ""category"": ""table_tests""}, {""id"": ""auto_baseline"", ""type"": ""baseline"", ""passed"": true, ""category"": ""baseline""}]",,
glm-ocr,docs,tables__4fafd7de9caa1cf3c0fad313d7bb24b2e685_pg9,10.359723872444444,807,False,,,,,,,,,,,,False,,table_tests,5.0,5.0,"[{""id"": ""4fafd7de9caa1cf3c0fad313d7bb24b2e685_pg9_table_00"", ""type"": ""table"", ""passed"": true, ""category"": ""table_tests""}, {""id"": ""4fafd7de9caa1cf3c0fad313d7bb24b2e685_pg9_table_01"", ""type"": ""table"", ""passed"": true, ""category"": ""table_tests""}, {""id"": ""4fafd7de9caa1cf3c0fad313d7bb24b2e685_pg9_table_02"", ""type"": ""table"", ""passed"": true, ""category"": ""table_tests""}, {""id"": ""4fafd7de9caa1cf3c0fad313d7bb24b2e685_pg9_table_03"", ""type"": ""table"", ""passed"": true, ""category"": ""table_tests""}, {""id"": ""auto_baseline"", ""type"": ""baseline"", ""passed"": true, ""category"": ""baseline""}]",,
glm-ocr,docs,tables__529eeb84602e4fba7df7a4b127af6c830f97_pg12,10.359723872444444,395,False,,,,,,,,,,,,False,,table_tests,4.0,1.0,"[{""id"": ""529eeb84602e4fba7df7a4b127af6c830f97_pg12_table_00"", ""type"": ""table"", ""passed"": false, ""category"": ""table_tests""}, {""id"": ""529eeb84602e4fba7df7a4b127af6c830f97_pg12_table_01"", ""type"": ""table"", ""passed"": false, ""category"": ""table_tests""}, {""id"": ""529eeb84602e4fba7df7a4b127af6c830f97_pg12_table_04"", ""type"": ""table"", ""passed"": false, ""category"": ""table_tests""}, {""id"": ""auto_baseline"", ""type"": ""baseline"", ""passed"": true, ""category"": ""baseline""}]",,
glm-ocr,docs,tables__a70c1fc81feccfd878dabffd3dc5617b584c_pg5,10.359723872444444,246,False,,,,,,,,,,,,False,,table_tests,6.0,1.0,"[{""id"": ""a70c1fc81feccfd878dabffd3dc5617b584c_pg5_table_00"", ""type"": ""table"", ""passed"": false, ""category"": ""table_tests""}, {""id"": ""a70c1fc81feccfd878dabffd3dc5617b584c_pg5_table_01"", ""type"": ""table"", ""passed"": false, ""category"": ""table_tests""}, {""id"": ""a70c1fc81feccfd878dabffd3dc5617b584c_pg5_table_02"", ""type"": ""table"", ""passed"": false, ""category"": ""table_tests""}, {""id"": ""a70c1fc81feccfd878dabffd3dc5617b584c_pg5_table_03"", ""type"": ""table"", ""passed"": false, ""category"": ""table_tests""}, {""id"": ""a70c1fc81feccfd878dabffd3dc5617b584c_pg5_table_04"", ""type"": ""table"", ""passed"": false, ""category"": ""table_tests""}, {""id"": ""auto_baseline"", ""type"": ""baseline"", ""passed"": true, ""category"": ""baseline""}]",,
glm-ocr,docs,tables__b2a4c508f7839c1fbd2bb29a0d56c46bc00e_pg13_pg1,10.359723872444444,1276,False,,,,,,,,,,,,False,,table_tests,11.0,6.0,"[{""id"": ""b2a4c508f7839c1fbd2bb29a0d56c46bc00e_pg13_table_00"", ""type"": ""table"", ""passed"": false, ""category"": ""table_tests""}, {""id"": ""b2a4c508f7839c1fbd2bb29a0d56c46bc00e_pg13_table_01"", ""type"": ""table"", ""passed"": false, ""category"": ""table_tests""}, {""id"": ""b2a4c508f7839c1fbd2bb29a0d56c46bc00e_pg13_table_02"", ""type"": ""table"", ""passed"": false, ""category"": ""table_tests""}, {""id"": ""b2a4c508f7839c1fbd2bb29a0d56c46bc00e_pg13_table_03"", ""type"": ""table"", ""passed"": false, ""category"": ""table_tests""}, {""id"": ""b2a4c508f7839c1fbd2bb29a0d56c46bc00e_pg13_table_04"", ""type"": ""table"", ""passed"": false, ""category"": ""table_tests""}, {""id"": ""b2a4c508f7839c1fbd2bb29a0d56c46bc00e_pg13_table_05"", ""type"": ""table"", ""passed"": true, ""category"": ""table_tests""}, {""id"": ""b2a4c508f7839c1fbd2bb29a0d56c46bc00e_pg13_table_06"", ""type"": ""table"", ""passed"": true, ""category"": ""table_tests""}, {""id"": ""b2a4c508f7839c1fbd2bb29a0d56c46bc00e_pg13_table_07"", ""type"": ""table"", ""passed"": true, ""category"": ""table_tests""}, {""id"": ""b2a4c508f7839c1fbd2bb29a0d56c46bc00e_pg13_table_08"", ""type"": ""table"", ""passed"": true, ""category"": ""table_tests""}, {""id"": ""b2a4c508f7839c1fbd2bb29a0d56c46bc00e_pg13_table_09"", ""type"": ""table"", ""passed"": true, ""category"": ""table_tests""}, {""id"": ""auto_baseline"", ""type"": ""baseline"", ""passed"": true, ""category"": ""baseline""}]",,
glm-ocr,docs,tables__b45c138c634308a84b8b2e67997bef8aa70b_pg15,10.359723872444444,1146,False,,,,,,,,,,,,False,,table_tests,6.0,6.0,"[{""id"": ""b45c138c634308a84b8b2e67997bef8aa70b_pg15_table_00"", ""type"": ""table"", ""passed"": true, ""category"": ""table_tests""}, {""id"": ""b45c138c634308a84b8b2e67997bef8aa70b_pg15_table_01"", ""type"": ""table"", ""passed"": true, ""category"": ""table_tests""}, {""id"": ""b45c138c634308a84b8b2e67997bef8aa70b_pg15_table_02"", ""type"": ""table"", ""passed"": true, ""category"": ""table_tests""}, {""id"": ""b45c138c634308a84b8b2e67997bef8aa70b_pg15_table_03"", ""type"": ""table"", ""passed"": true, ""category"": ""table_tests""}, {""id"": ""b45c138c634308a84b8b2e67997bef8aa70b_pg15_table_04"", ""type"": ""table"", ""passed"": true, ""category"": ""table_tests""}, {""id"": ""auto_baseline"", ""type"": ""baseline"", ""passed"": true, ""category"": ""baseline""}]",,
glm-ocr,docs,tables__b5d9db350b31304da912832bcbafc47b64d8_pg2_pg1,10.359723872444444,1475,False,,,,,,,,,,,,False,,table_tests,6.0,1.0,"[{""id"": ""b5d9db350b31304da912832bcbafc47b64d8_pg2_table_00"", ""type"": ""table"", ""passed"": false, ""category"": ""table_tests""}, {""id"": ""b5d9db350b31304da912832bcbafc47b64d8_pg2_table_01"", ""type"": ""table"", ""passed"": false, ""category"": ""table_tests""}, {""id"": ""b5d9db350b31304da912832bcbafc47b64d8_pg2_table_02"", ""type"": ""table"", ""passed"": false, ""category"": ""table_tests""}, {""id"": ""b5d9db350b31304da912832bcbafc47b64d8_pg2_table_03"", ""type"": ""table"", ""passed"": false, ""category"": ""table_tests""}, {""id"": ""b5d9db350b31304da912832bcbafc47b64d8_pg2_table_04"", ""type"": ""table"", ""passed"": false, ""category"": ""table_tests""}, {""id"": ""auto_baseline"", ""type"": ""baseline"", ""passed"": true, ""category"": ""baseline""}]",,
glm-ocr,docs,tables__b773892dc3e755672b9e085e9eeb8ad18690_pg1_pg1,10.359723872444444,338,False,,,,,,,,,,,,False,,table_tests,6.0,1.0,"[{""id"": ""b773892dc3e755672b9e085e9eeb8ad18690_pg1_table_00"", ""type"": ""table"", ""passed"": false, ""category"": ""table_tests""}, {""id"": ""b773892dc3e755672b9e085e9eeb8ad18690_pg1_table_01"", ""type"": ""table"", ""passed"": false, ""category"": ""table_tests""}, {""id"": ""b773892dc3e755672b9e085e9eeb8ad18690_pg1_table_02"", ""type"": ""table"", ""passed"": false, ""category"": ""table_tests""}, {""id"": ""b773892dc3e755672b9e085e9eeb8ad18690_pg1_table_03"", ""type"": ""table"", ""passed"": false, ""category"": ""table_tests""}, {""id"": ""b773892dc3e755672b9e085e9eeb8ad18690_pg1_table_04"", ""type"": ""table"", ""passed"": false, ""category"": ""table_tests""}, {""id"": ""auto_baseline"", ""type"": ""baseline"", ""passed"": true, ""category"": ""baseline""}]",,
glm-ocr,docs,tables__fd6cb6dfe3a918390855052669d9a194231a_pg3,10.359723872444444,681,False,,,,,,,,,,,,False,,table_tests,6.0,1.0,"[{""id"": ""fd6cb6dfe3a918390855052669d9a194231a_pg3_table_00"", ""type"": ""table"", ""passed"": false, ""category"": ""table_tests""}, {""id"": ""fd6cb6dfe3a918390855052669d9a194231a_pg3_table_01"", ""type"": ""table"", ""passed"": false, ""category"": ""table_tests""}, {""id"": ""fd6cb6dfe3a918390855052669d9a194231a_pg3_table_02"", ""type"": ""table"", ""passed"": false, ""category"": ""table_tests""}, {""id"": ""fd6cb6dfe3a918390855052669d9a194231a_pg3_table_03"", ""type"": ""table"", ""passed"": false, ""category"": ""table_tests""}, {""id"": ""fd6cb6dfe3a918390855052669d9a194231a_pg3_table_04"", ""type"": ""table"", ""passed"": false, ""category"": ""table_tests""}, {""id"": ""auto_baseline"", ""type"": ""baseline"", ""passed"": true, ""category"": ""baseline""}]",,
glm-ocr,handwriting,iam_00023,0.14666533115624247,10,False,,,0.025,0.025,0.125,1.0,40.0,1.0,1.0,0.0,1.0,False,False,,,,,,
glm-ocr,handwriting,iam_00030,0.14666533115624247,18,False,,,0.0,0.0,0.0,0.0,55.0,1.0,1.0,0.0,1.0,False,False,,,,,,
glm-ocr,handwriting,iam_00059,0.14666533115624247,9,False,,,0.0,0.0,0.0,0.0,43.0,1.0,1.0,0.0,1.0,False,False,,,,,,
glm-ocr,handwriting,iam_00064,0.14666533115624247,13,False,,,0.014084507042253521,0.014084507042253521,0.08333333333333333,1.0,71.0,0.9166666666666666,0.9166666666666666,0.08333333333333333,0.9859154929577465,False,False,,,,,,
glm-ocr,handwriting,iam_00071,0.14666533115624247,10,False,,,0.0,0.0,0.0,0.0,39.0,1.0,1.0,0.0,1.0,False,False,,,,,,
glm-ocr,handwriting,iam_00079,0.14666533115624247,10,False,,,0.0,0.0,0.0,0.0,43.0,1.0,1.0,0.0,1.0,False,False,,,,,,
glm-ocr,handwriting,iam_00126,0.14666533115624247,13,False,,,0.02040816326530612,0.02040816326530612,0.09090909090909091,1.0,49.0,1.0,1.0,0.0,1.0,False,False,,,,,,
glm-ocr,handwriting,iam_00143,0.14666533115624247,9,False,,,0.10256410256410256,0.10256410256410256,0.14285714285714285,4.0,39.0,0.8571428571428571,0.8571428571428571,0.14285714285714285,1.0256410256410255,False,False,,,,,,
glm-ocr,handwriting,iam_00188,0.14666533115624247,15,False,,,0.044444444444444446,0.044444444444444446,0.14285714285714285,2.0,45.0,0.875,0.875,0.125,1.0222222222222221,False,False,,,,,,
glm-ocr,handwriting,iam_00258,0.14666533115624247,17,False,,,0.0,0.0,0.0,0.0,52.0,1.0,1.0,0.0,1.0,False,False,,,,,,
glm-ocr,handwriting,iam_00264,0.14666533115624247,22,False,,,0.03389830508474576,0.03389830508474576,0.36363636363636365,2.0,59.0,1.0,1.0,0.0,1.0338983050847457,False,False,,,,,,
glm-ocr,handwriting,iam_00280,0.14666533115624247,10,False,,,0.13953488372093023,0.16279069767441862,0.4,7.0,43.0,0.6666666666666666,0.8,0.2,0.8372093023255814,False,False,,,,,,
glm-ocr,handwriting,iam_00289,0.14666533115624247,17,False,,,0.05,0.05,0.3333333333333333,3.0,60.0,1.0,1.0,0.0,1.0166666666666666,False,False,,,,,,
glm-ocr,handwriting,iam_00343,0.14666533115624247,12,False,,,0.0196078431372549,0.0196078431372549,0.14285714285714285,1.0,51.0,0.8571428571428571,0.8571428571428571,0.14285714285714285,1.0,False,False,,,,,,
glm-ocr,handwriting,iam_00364,0.14666533115624247,8,False,,,0.0,0.0,0.0,0.0,36.0,1.0,1.0,0.0,1.0,False,False,,,,,,
glm-ocr,handwriting,iam_00371,0.14666533115624247,10,False,,,0.022727272727272728,0.022727272727272728,0.125,1.0,44.0,1.0,1.0,0.0,1.0,False,False,,,,,,
glm-ocr,handwriting,iam_00373,0.14666533115624247,6,False,,,0.0,0.0,0.0,0.0,32.0,1.0,1.0,0.0,1.0,False,False,,,,,,
glm-ocr,handwriting,iam_00403,0.14666533115624247,9,False,,,0.0,0.0,0.0,0.0,36.0,1.0,1.0,0.0,1.0,False,False,,,,,,
glm-ocr,handwriting,iam_00468,0.14666533115624247,9,False,,,0.02702702702702703,0.02702702702702703,0.14285714285714285,1.0,37.0,1.0,1.0,0.0,1.0,False,False,,,,,,
glm-ocr,handwriting,iam_00478,0.14666533115624247,7,False,,,0.0,0.0,0.0,0.0,29.0,1.0,1.0,0.0,1.0,False,False,,,,,,
glm-ocr,handwriting,iam_00588,0.14666533115624247,10,False,,,0.02127659574468085,0.02127659574468085,0.125,1.0,47.0,1.0,1.0,0.0,1.0212765957446808,False,False,,,,,,
glm-ocr,handwriting,iam_00608,0.14666533115624247,11,False,,,0.038461538461538464,0.038461538461538464,0.1111111111111111,2.0,52.0,1.0,1.0,0.0,0.9615384615384616,False,False,,,,,,
glm-ocr,handwriting,iam_00749,0.14666533115624247,4,False,,,0.0,0.0,0.0,0.0,12.0,1.0,1.0,0.0,1.0,False,False,,,,,,
glm-ocr,handwriting,iam_00819,0.14666533115624247,9,False,,,0.06976744186046512,0.06976744186046512,0.14285714285714285,3.0,43.0,1.0,0.875,0.125,1.069767441860465,False,False,,,,,,
glm-ocr,handwriting,iam_00969,0.14666533115624247,11,False,,,0.025,0.025,0.14285714285714285,1.0,40.0,0.8571428571428571,0.8571428571428571,0.14285714285714285,1.025,False,False,,,,,,
glm-ocr,handwriting,iam_01020,0.14666533115624247,11,False,,,0.02857142857142857,0.02857142857142857,0.125,1.0,35.0,1.0,1.0,0.0,1.0,False,False,,,,,,
glm-ocr,handwriting,iam_01023,0.14666533115624247,11,False,,,0.0,0.0,0.0,0.0,47.0,1.0,1.0,0.0,1.0,False,False,,,,,,
glm-ocr,handwriting,iam_01091,0.14666533115624247,16,False,,,0.0,0.0,0.0,0.0,51.0,1.0,1.0,0.0,1.0,False,False,,,,,,
glm-ocr,handwriting,iam_01104,0.14666533115624247,8,False,,,0.0,0.0,0.0,0.0,31.0,1.0,1.0,0.0,1.0,False,False,,,,,,
glm-ocr,handwriting,iam_01238,0.14666533115624247,10,False,,,0.225,0.225,0.5,9.0,40.0,0.6666666666666666,0.6666666666666666,0.3333333333333333,0.925,False,False,,,,,,
glm-ocr,handwriting,iam_01366,0.14666533115624247,12,False,,,0.02127659574468085,0.02127659574468085,0.1111111111111111,1.0,47.0,0.8888888888888888,0.8888888888888888,0.1111111111111111,1.0,False,False,,,,,,
glm-ocr,handwriting,iam_01417,0.14666533115624247,15,False,,,0.0,0.0,0.0,0.0,53.0,1.0,1.0,0.0,1.0,False,False,,,,,,
glm-ocr,handwriting,iam_01452,0.14354367524999492,12,False,,,0.0196078431372549,0.0196078431372549,0.125,1.0,51.0,0.875,0.875,0.125,1.0,False,False,,,,,,
glm-ocr,handwriting,iam_01455,0.14354367524999492,3,False,,,0.0,0.0,0.0,0.0,5.0,1.0,1.0,0.0,1.0,False,False,,,,,,
glm-ocr,handwriting,iam_01805,0.14354367524999492,9,False,,,0.0,0.0,0.0,0.0,38.0,1.0,1.0,0.0,1.0,False,False,,,,,,
glm-ocr,handwriting,iam_01857,0.14354367524999492,11,False,,,0.10810810810810811,0.10810810810810811,0.14285714285714285,4.0,37.0,0.8571428571428571,0.8571428571428571,0.14285714285714285,1.0,False,False,,,,,,
glm-ocr,handwriting,iam_01898,0.14354367524999492,16,False,,,0.0,0.0,0.0,0.0,50.0,1.0,1.0,0.0,1.0,False,False,,,,,,
glm-ocr,handwriting,iam_01908,0.14354367524999492,14,False,,,0.05660377358490566,0.05660377358490566,0.2727272727272727,3.0,53.0,1.0,1.0,0.0,1.0,False,False,,,,,,
glm-ocr,handwriting,iam_01970,0.14354367524999492,11,False,,,0.0,0.0,0.0,0.0,40.0,1.0,1.0,0.0,1.0,False,False,,,,,,
glm-ocr,handwriting,iam_01983,0.14354367524999492,12,False,,,0.06521739130434782,0.06521739130434782,0.4,3.0,46.0,0.8888888888888888,0.8888888888888888,0.1111111111111111,0.9565217391304348,False,False,,,,,,
glm-ocr,handwriting,iam_01993,0.14354367524999492,11,False,,,0.021739130434782608,0.021739130434782608,0.1111111111111111,1.0,46.0,1.0,1.0,0.0,1.0217391304347827,False,False,,,,,,
glm-ocr,handwriting,iam_02060,0.14354367524999492,14,False,,,0.0,0.0,0.0,0.0,49.0,1.0,1.0,0.0,1.0,False,False,,,,,,
glm-ocr,handwriting,iam_02081,0.14354367524999492,15,False,,,0.022222222222222223,0.022222222222222223,0.1,1.0,45.0,1.0,1.0,0.0,1.0,False,False,,,,,,
glm-ocr,handwriting,iam_02109,0.14354367524999492,14,False,,,0.023255813953488372,0.023255813953488372,0.1111111111111111,1.0,43.0,1.0,1.0,0.0,1.0,False,False,,,,,,
glm-ocr,handwriting,iam_02171,0.14354367524999492,10,False,,,0.0,0.0,0.0,0.0,40.0,1.0,1.0,0.0,1.0,False,False,,,,,,
glm-ocr,handwriting,iam_02216,0.14354367524999492,13,False,,,0.024390243902439025,0.024390243902439025,0.14285714285714285,1.0,41.0,0.8571428571428571,0.8571428571428571,0.14285714285714285,1.0,False,False,,,,,,
glm-ocr,handwriting,iam_02279,0.14354367524999492,16,False,,,0.10204081632653061,0.10204081632653061,0.5,5.0,49.0,0.9090909090909091,0.9090909090909091,0.09090909090909091,1.0204081632653061,False,False,,,,,,
glm-ocr,handwriting,iam_02371,0.14354367524999492,7,False,,,0.13636363636363635,0.13636363636363635,0.4,3.0,22.0,1.0,1.0,0.0,0.9090909090909091,False,False,,,,,,
glm-ocr,handwriting,iam_02384,0.14354367524999492,13,False,,,0.1282051282051282,0.1282051282051282,0.3,5.0,39.0,0.9,0.9,0.1,1.0,False,False,,,,,,
glm-ocr,handwriting,iam_02463,0.14354367524999492,13,False,,,0.05,0.05,0.5,2.0,40.0,1.0,1.0,0.0,1.05,False,False,,,,,,
glm-ocr,handwriting,iam_02522,0.14354367524999492,14,False,,,0.061224489795918366,0.061224489795918366,0.8571428571428571,3.0,49.0,1.0,1.0,0.0,1.0612244897959184,False,False,,,,,,
glm-ocr,handwriting,iam_02552,0.14354367524999492,12,False,,,0.0,0.0,0.0,0.0,41.0,1.0,1.0,0.0,1.0,False,False,,,,,,
glm-ocr,handwriting,iam_02640,0.14354367524999492,15,False,,,0.0,0.0,0.0,0.0,49.0,1.0,1.0,0.0,1.0,False,False,,,,,,
glm-ocr,handwriting,iam_02655,0.14354367524999492,20,False,,,0.058823529411764705,0.058823529411764705,0.6,3.0,51.0,1.0,1.0,0.0,1.0588235294117647,False,False,,,,,,
glm-ocr,handwriting,iam_02684,0.14354367524999492,16,False,,,0.0,0.0,0.0,0.0,57.0,1.0,1.0,0.0,1.0,False,False,,,,,,
glm-ocr,handwriting,iam_02725,0.14354367524999492,11,False,,,0.0,0.0,0.0,0.0,57.0,1.0,1.0,0.0,1.0,False,False,,,,,,
glm-ocr,handwriting,iam_02733,0.14354367524999492,10,False,,,0.0,0.0,0.0,0.0,39.0,1.0,1.0,0.0,1.0,False,False,,,,,,
glm-ocr,handwriting,iam_02750,0.14354367524999492,13,False,,,0.0,0.0,0.0,0.0,40.0,1.0,1.0,0.0,1.0,False,False,,,,,,
glm-ocr,handwriting,iam_02765,0.14354367524999492,16,False,,,0.05263157894736842,0.05263157894736842,0.375,2.0,38.0,1.0,1.0,0.0,1.0,False,False,,,,,,
glm-ocr,handwriting,iam_02838,0.14354367524999492,9,False,,,0.07407407407407407,0.07407407407407407,0.3333333333333333,2.0,27.0,0.6666666666666666,0.6666666666666666,0.3333333333333333,1.037037037037037,False,False,,,,,,
glm-ocr,stress,syn000_prose__clean,10.804400129375011,539,False,,,0.0,0.0,0.0,0.0,2182.0,1.0,1.0,0.0,1.0,False,False,,,,,prose,clean
glm-ocr,stress,syn000_prose__dpi150,10.804400129375011,530,False,,,0.008237986270022883,0.008249312557286892,0.007712082262210797,18.0,2182.0,0.9924433249370277,1.0,0.0,0.9917506874427131,False,False,,,,,prose,dpi150
glm-ocr,stress,syn000_prose__dpi75,10.804400129375011,539,False,,,0.0009153318077803204,0.0009165902841429881,0.002570694087403599,2.0,2182.0,0.9974811083123426,0.9974811083123426,0.0025188916876574307,1.0,False,False,,,,,prose,dpi75
glm-ocr,stress,syn000_prose__blur,10.804400129375011,540,False,,,0.0009153318077803204,0.0,0.0,0.0,2182.0,1.0,1.0,0.0,1.0,False,False,,,,,prose,blur
glm-ocr,stress,syn000_prose__noise,10.804400129375011,540,False,,,0.0,0.0,0.0,0.0,2182.0,1.0,1.0,0.0,1.0,False,False,,,,,prose,noise
glm-ocr,stress,syn000_prose__rotate3,10.804400129375011,540,False,,,0.0,0.0,0.0,0.0,2182.0,1.0,1.0,0.0,1.0,False,False,,,,,prose,rotate3
glm-ocr,stress,syn000_prose__rotate8,10.804400129375011,539,False,,,0.0,0.0,0.0,0.0,2182.0,1.0,1.0,0.0,1.0,False,False,,,,,prose,rotate8
glm-ocr,stress,syn000_prose__jpeg_q10,10.804400129375011,530,False,,,0.008237986270022883,0.008249312557286892,0.007712082262210797,18.0,2182.0,0.9924433249370277,1.0,0.0,0.9917506874427131,False,False,,,,,prose,jpeg_q10
glm-ocr,stress,syn000_prose__low_contrast,10.804400129375011,539,False,,,0.0,0.0,0.0,0.0,2182.0,1.0,1.0,0.0,1.0,False,False,,,,,prose,low_contrast
glm-ocr,stress,syn000_prose__photocopy,10.804400129375011,539,False,,,0.0,0.0,0.0,0.0,2182.0,1.0,1.0,0.0,1.0,False,False,,,,,prose,photocopy
glm-ocr,stress,syn000_prose__phone_photo,10.804400129375011,530,False,,,0.008237986270022883,0.008249312557286892,0.007712082262210797,18.0,2182.0,0.9924433249370277,1.0,0.0,0.9917506874427131,False,False,,,,,prose,phone_photo
glm-ocr,stress,syn001_two_column__clean,10.804400129375011,462,False,,,0.0,0.0,0.0,0.0,2056.0,1.0,1.0,0.0,1.0,False,False,,,,,two_column,clean
glm-ocr,stress,syn001_two_column__dpi150,10.804400129375011,462,False,,,0.0,0.0,0.0,0.0,2056.0,1.0,1.0,0.0,1.0,False,False,,,,,two_column,dpi150
glm-ocr,stress,syn001_two_column__dpi75,10.804400129375011,461,False,,,0.0009727626459143969,0.0009727626459143969,0.002680965147453083,2.0,2056.0,0.9973333333333333,0.9946808510638298,0.005319148936170213,1.0,False,False,,,,,two_column,dpi75
glm-ocr,stress,syn001_two_column__blur,10.804400129375011,462,False,,,0.0,0.0,0.0,0.0,2056.0,1.0,1.0,0.0,1.0,False,False,,,,,two_column,blur
glm-ocr,stress,syn001_two_column__noise,10.804400129375011,462,False,,,0.0,0.0,0.0,0.0,2056.0,1.0,1.0,0.0,1.0,False,False,,,,,two_column,noise
glm-ocr,stress,syn001_two_column__rotate3,10.804400129375011,462,False,,,0.0,0.0,0.0,0.0,2056.0,1.0,1.0,0.0,1.0,False,False,,,,,two_column,rotate3
glm-ocr,stress,syn001_two_column__rotate8,10.804400129375011,462,False,,,0.0,0.0,0.0,0.0,2056.0,1.0,1.0,0.0,1.0,False,False,,,,,two_column,rotate8
glm-ocr,stress,syn001_two_column__jpeg_q10,10.804400129375011,462,False,,,0.0,0.0,0.0,0.0,2056.0,1.0,1.0,0.0,1.0,False,False,,,,,two_column,jpeg_q10
glm-ocr,stress,syn001_two_column__low_contrast,10.804400129375011,462,False,,,0.0,0.0,0.0,0.0,2056.0,1.0,1.0,0.0,1.0,False,False,,,,,two_column,low_contrast
glm-ocr,stress,syn001_two_column__photocopy,10.804400129375011,462,False,,,0.0,0.0,0.0,0.0,2056.0,1.0,1.0,0.0,1.0,False,False,,,,,two_column,photocopy
glm-ocr,stress,syn001_two_column__phone_photo,10.804400129375011,462,False,,,0.0,0.0,0.0,0.0,2056.0,1.0,1.0,0.0,1.0,False,False,,,,,two_column,phone_photo
glm-ocr,stress,syn002_table__clean,10.804400129375011,291,False,,,0.0,0.0,0.0,0.0,426.0,1.0,1.0,0.0,1.0,False,False,,,,,table,clean
glm-ocr,stress,syn002_table__dpi150,10.804400129375011,291,False,,,0.0,0.0,0.0,0.0,426.0,1.0,1.0,0.0,1.0,False,False,,,,,table,dpi150
glm-ocr,stress,syn002_table__dpi75,10.804400129375011,461,False,,,0.09859154929577464,0.09859154929577464,0.09230769230769231,42.0,426.0,0.9333333333333333,1.0,0.0,0.9014084507042254,False,False,,,,,table,dpi75
glm-ocr,stress,syn002_table__blur,10.804400129375011,291,False,,,0.0,0.0,0.0,0.0,426.0,1.0,1.0,0.0,1.0,False,False,,,,,table,blur
glm-ocr,stress,syn002_table__noise,10.804400129375011,291,False,,,0.0,0.0,0.0,0.0,426.0,1.0,1.0,0.0,1.0,False,False,,,,,table,noise
glm-ocr,stress,syn002_table__rotate3,10.804400129375011,291,False,,,0.0,0.0,0.0,0.0,426.0,1.0,1.0,0.0,1.0,False,False,,,,,table,rotate3
glm-ocr,stress,syn002_table__rotate8,10.804400129375011,291,False,,,0.0,0.0,0.0,0.0,426.0,1.0,1.0,0.0,1.0,False,False,,,,,table,rotate8
glm-ocr,stress,syn002_table__jpeg_q10,10.804400129375011,291,False,,,0.0,0.0,0.0,0.0,426.0,1.0,1.0,0.0,1.0,False,False,,,,,table,jpeg_q10
glm-ocr,stress,syn002_table__low_contrast,10.804400129375011,291,False,,,0.0,0.0,0.0,0.0,426.0,1.0,1.0,0.0,1.0,False,False,,,,,table,low_contrast
glm-ocr,stress,syn002_table__photocopy,10.804400129375011,291,False,,,0.0,0.0,0.0,0.0,426.0,1.0,1.0,0.0,1.0,False,False,,,,,table,photocopy
glm-ocr,stress,syn002_table__phone_photo,10.845971309652194,291,False,,,0.0,0.0,0.0,0.0,426.0,1.0,1.0,0.0,1.0,False,False,,,,,table,phone_photo
glm-ocr,stress,syn003_invoice__clean,10.845971309652194,261,False,,,0.0,0.0,0.0,0.0,463.0,1.0,1.0,0.0,1.0,False,False,,,,,invoice,clean
glm-ocr,stress,syn003_invoice__dpi150,10.845971309652194,261,False,,,0.0,0.0,0.0,0.0,463.0,1.0,1.0,0.0,1.0,False,False,,,,,invoice,dpi150
glm-ocr,stress,syn003_invoice__dpi75,10.845971309652194,261,False,,,0.0,0.0,0.0,0.0,463.0,1.0,1.0,0.0,1.0,False,False,,,,,invoice,dpi75
glm-ocr,stress,syn003_invoice__blur,10.845971309652194,261,False,,,0.0,0.0,0.0,0.0,463.0,1.0,1.0,0.0,1.0,False,False,,,,,invoice,blur
glm-ocr,stress,syn003_invoice__noise,10.845971309652194,261,False,,,0.0,0.0,0.0,0.0,463.0,1.0,1.0,0.0,1.0,False,False,,,,,invoice,noise
glm-ocr,stress,syn003_invoice__rotate3,10.845971309652194,261,False,,,0.0,0.0,0.0,0.0,463.0,1.0,1.0,0.0,1.0,False,False,,,,,invoice,rotate3
glm-ocr,stress,syn003_invoice__rotate8,10.845971309652194,273,False,,,0.0,0.0,0.0,0.0,463.0,1.0,1.0,0.0,1.0,False,False,,,,,invoice,rotate8
glm-ocr,stress,syn003_invoice__jpeg_q10,10.845971309652194,261,False,,,0.0,0.0,0.0,0.0,463.0,1.0,1.0,0.0,1.0,False,False,,,,,invoice,jpeg_q10
glm-ocr,stress,syn003_invoice__low_contrast,10.845971309652194,261,False,,,0.0,0.0,0.0,0.0,463.0,1.0,1.0,0.0,1.0,False,False,,,,,invoice,low_contrast
glm-ocr,stress,syn003_invoice__photocopy,10.845971309652194,261,False,,,0.0,0.0,0.0,0.0,463.0,1.0,1.0,0.0,1.0,False,False,,,,,invoice,photocopy
glm-ocr,stress,syn003_invoice__phone_photo,10.845971309652194,261,False,,,0.0,0.0,0.0,0.0,463.0,1.0,1.0,0.0,1.0,False,False,,,,,invoice,phone_photo
glm-ocr,stress,syn004_prose__clean,10.845971309652194,538,False,,,0.0,0.0,0.0,0.0,2242.0,1.0,1.0,0.0,1.0,False,False,,,,,prose,clean
glm-ocr,stress,syn004_prose__dpi150,10.845971309652194,538,False,,,0.0,0.0,0.0,0.0,2242.0,1.0,1.0,0.0,1.0,False,False,,,,,prose,dpi150
glm-ocr,stress,syn004_prose__dpi75,10.845971309652194,538,False,,,0.00044603033006244426,0.00044603033006244426,0.0025575447570332483,1.0,2242.0,0.9974619289340102,0.9974619289340102,0.0025380710659898475,0.9995539696699376,False,False,,,,,prose,dpi75
glm-ocr,stress,syn004_prose__blur,10.845971309652194,539,False,,,0.0,0.0,0.0,0.0,2242.0,1.0,1.0,0.0,1.0,False,False,,,,,prose,blur
glm-ocr,stress,syn004_prose__noise,10.845971309652194,538,False,,,0.0,0.0,0.0,0.0,2242.0,1.0,1.0,0.0,1.0,False,False,,,,,prose,noise
glm-ocr,stress,syn004_prose__rotate3,10.845971309652194,538,False,,,0.0,0.0,0.0,0.0,2242.0,1.0,1.0,0.0,1.0,False,False,,,,,prose,rotate3
glm-ocr,stress,syn004_prose__rotate8,10.845971309652194,538,False,,,0.0,0.0,0.0,0.0,2242.0,1.0,1.0,0.0,1.0,False,False,,,,,prose,rotate8
glm-ocr,stress,syn004_prose__jpeg_q10,10.845971309652194,538,False,,,0.0,0.0,0.0,0.0,2242.0,1.0,1.0,0.0,1.0,False,False,,,,,prose,jpeg_q10
glm-ocr,stress,syn004_prose__low_contrast,10.845971309652194,539,False,,,0.0,0.0,0.0,0.0,2242.0,1.0,1.0,0.0,1.0,False,False,,,,,prose,low_contrast
glm-ocr,stress,syn004_prose__photocopy,10.845971309652194,539,False,,,0.0,0.0,0.0,0.0,2242.0,1.0,1.0,0.0,1.0,False,False,,,,,prose,photocopy
glm-ocr,stress,syn004_prose__phone_photo,10.845971309652194,539,False,,,0.0,0.0,0.0,0.0,2242.0,1.0,1.0,0.0,1.0,False,False,,,,,prose,phone_photo
lightonocr2,books,birdsofgreatbrit02butl_0093_full,16.7265547886875,580,False,birdsofgreatbrit02butl,en,0.008304195804195804,0.0008718395815170009,0.005390835579514825,2.0,2294.0,0.9948186528497409,0.9922480620155039,0.007751937984496124,1.0004359197907584,False,False,,,,,,
lightonocr2,books,birdsofgreatbrit02butl_0126_full,16.7265547886875,709,False,birdsofgreatbrit02butl,en,0.011627906976744186,0.0017605633802816902,0.010845986984815618,5.0,2840.0,0.9899193548387096,0.9859437751004017,0.014056224899598393,1.0007042253521128,False,False,,,,,,
lightonocr2,books,birdsofgreatbrit02butl_0156_full,16.7265547886875,457,False,birdsofgreatbrit02butl,en,0.03064516129032258,0.020320855614973262,0.029605263157894735,38.0,1870.0,0.967948717948718,0.9901639344262295,0.009836065573770493,0.9834224598930481,False,False,,,,,,
lightonocr2,books,birdsofgreatbrit02butl_0159_full,16.7265547886875,700,False,birdsofgreatbrit02butl,en,0.005538248528902735,0.0,0.0,0.0,2897.0,1.0,1.0,0.0,1.0,False,False,,,,,,
lightonocr2,books,birdsofgreatbrit02butl_0172_full,16.7265547886875,716,False,birdsofgreatbrit02butl,en,0.023432552248258392,0.00754242614707731,0.01206896551724138,24.0,3182.0,0.9898305084745763,0.9931972789115646,0.006802721088435374,0.9956002514142049,False,False,,,,,,
lightonocr2,books,birdsofgreatbrit02butl_0308_full,16.7265547886875,429,False,birdsofgreatbrit02butl,en,0.019726027397260273,0.012048192771084338,0.01524390243902439,22.0,1826.0,0.9851632047477745,0.996996996996997,0.003003003003003003,0.988499452354874,False,False,,,,,,
lightonocr2,books,birdsofgreatbrit02butl_0312_full,16.7265547886875,269,False,birdsofgreatbrit02butl,en,0.0065298507462686565,0.004659832246039142,0.016853932584269662,5.0,1073.0,0.989010989010989,0.989010989010989,0.01098901098901099,0.9972041006523765,False,False,,,,,,
lightonocr2,books,birdsofgreatbrit02butl_0320_full,16.7265547886875,518,False,birdsofgreatbrit02butl,en,0.006827492034592627,0.0031847133757961785,0.00821917808219178,7.0,2198.0,0.9921875,0.9947780678851175,0.005221932114882507,0.9986351228389445,False,False,,,,,,
lightonocr2,books,birdsofgreatbrit02butl_0328_full,16.7265547886875,232,False,birdsofgreatbrit02butl,en,0.01386748844375963,0.01386748844375963,0.08421052631578947,9.0,649.0,0.9433962264150944,0.9345794392523364,0.06542056074766354,1.0015408320493067,False,False,,,,,,
lightonocr2,books,conchologiaiconi05reev_0039_full,16.7265547886875,1172,False,conchologiaiconi05reev,en,0.02188295165394402,0.011965376782077392,0.07355516637478109,47.0,3928.0,0.9316239316239316,0.9316239316239316,0.06837606837606838,0.9987270875763747,False,False,,,,,,
lightonocr2,books,conchologiaiconi05reev_0127_full,16.7265547886875,1223,False,conchologiaiconi05reev,en,0.03481245403285119,0.02067437853802609,0.11196911196911197,84.0,4063.0,0.8977695167286245,0.8927911275415896,0.10720887245841035,1.000246123554024,False,False,,,,,,
lightonocr2,books,conchologiaiconi05reev_0200_full,16.7265547886875,1198,False,conchologiaiconi05reev,en,0.03445575567736883,0.021304576538663862,0.10536779324055666,81.0,3802.0,0.9022988505747126,0.9022988505747126,0.09770114942528736,0.9950026301946344,False,False,,,,,,
lightonocr2,books,conchologiaiconi05reev_0235_full,16.7265547886875,1126,False,conchologiaiconi05reev,en,0.03214186755333887,0.01693503609106052,0.11521739130434783,61.0,3602.0,0.8891213389121339,0.8872651356993737,0.1127348643006263,1.0,False,False,,,,,,
lightonocr2,books,conchologiaiconi05reev_0271_full,16.7265547886875,1216,False,conchologiaiconi05reev,en,0.0334941050375134,0.01741226895258505,0.1323529411764706,65.0,3733.0,0.8722109533468559,0.8704453441295547,0.12955465587044535,1.000267881060809,False,False,,,,,,
lightonocr2,books,conchologiaiconi05reev_0276_full,16.7265547886875,1490,False,conchologiaiconi05reev,en,0.04546448087431694,0.03265395573087881,0.1289198606271777,149.0,4563.0,0.88107202680067,0.8855218855218855,0.11447811447811448,0.9962743808897655,False,False,,,,,,
lightonocr2,books,conchologiaiconi05reev_0350_full,16.7265547886875,620,False,conchologiaiconi05reev,en,0.034324942791762014,0.014699127239320165,0.09491525423728814,32.0,2177.0,0.9072847682119205,0.9042904290429042,0.09570957095709572,1.0013780431786863,False,False,,,,,,
lightonocr2,books,conchologiaiconi05reev_0354_full,16.7265547886875,1109,False,conchologiaiconi05reev,en,0.03373629463030644,0.017144463181562677,0.12025316455696203,61.0,3558.0,0.8884381338742393,0.8866396761133604,0.11336032388663968,0.9997189432265318,False,False,,,,,,
lightonocr2,books,conchologiaiconi05reev_0433_full,16.7265547886875,1121,False,conchologiaiconi05reev,en,0.025182778229082048,0.01576086956521739,0.1282608695652174,58.0,3680.0,0.8829568788501027,0.8829568788501027,0.11704312114989733,1.0002717391304348,False,False,,,,,,
lightonocr2,books,daschitinskelett00prel_0011_full,16.7265547886875,849,False,daschitinskelett00prel,de,0.0050858232676414495,0.0012763241863433313,0.01152073732718894,4.0,3134.0,0.9976798143851509,0.9976798143851509,0.002320185614849188,0.9996809189534142,False,False,,,,,,
lightonocr2,books,daschitinskelett00prel_0021_full,16.7265547886875,1136,False,daschitinskelett00prel,de,0.004662004662004662,0.001038691249026227,0.0070921985815602835,4.0,3851.0,0.9928825622775801,0.9928825622775801,0.0071174377224199285,0.9994806543754868,False,False,,,,,,
lightonocr2,books,daschitinskelett00prel_0034_full,16.7265547886875,872,False,daschitinskelett00prel,de,0.015405224380442064,0.014084507042253521,0.107981220657277,42.0,2982.0,0.9811764705882353,0.9025974025974026,0.09740259740259741,1.012407780013414,False,False,,,,,,
lightonocr2,books,daschitinskelett00prel_0037_full,16.7265547886875,1067,False,daschitinskelett00prel,de,0.007653734494589602,0.0029146793852676206,0.012750455373406194,11.0,3774.0,0.9908759124087592,0.9945054945054945,0.005494505494505495,0.9984101748807631,False,False,,,,,,
lightonocr2,books,daschitinskelett00prel_0038_full,16.7265547886875,1117,False,daschitinskelett00prel,de,0.012963443090484833,0.008851861494402499,0.07735849056603773,34.0,3841.0,0.9867924528301887,0.9273049645390071,0.0726950354609929,1.0088518614944024,False,False,,,,,,
lightonocr2,books,daschitinskelett00prel_0051_full,16.7265547886875,1101,False,daschitinskelett00prel,de,0.0065540710864633225,0.0035398230088495575,0.01607142857142857,14.0,3955.0,0.992831541218638,0.9981981981981982,0.0018018018018018018,0.9982300884955753,False,False,,,,,,
lightonocr2,books,daschitinskelett00prel_0057_full,16.7265547886875,972,False,daschitinskelett00prel,de,0.0017201834862385322,0.000574052812858783,0.004201680672268907,2.0,3484.0,0.9957983193277311,0.9957983193277311,0.004201680672268907,0.9997129735935706,False,False,,,,,,
lightonocr2,books,daschitinskelett00prel_0060_full,16.7265547886875,263,False,daschitinskelett00prel,de,0.0066518847006651885,0.0,0.0,0.0,896.0,1.0,1.0,0.0,1.0,False,False,,,,,,
lightonocr2,books,histoirenaturell10cuvi_0014_full,16.7265547886875,325,False,histoirenaturell10cuvi,fr,0.01764705882352941,0.005932203389830509,0.022727272727272728,7.0,1180.0,0.9840425531914894,0.9788359788359788,0.021164021164021163,0.9983050847457627,False,False,,,,,,
lightonocr2,books,histoirenaturell10cuvi_0070_full,16.7265547886875,408,False,histoirenaturell10cuvi,fr,0.10105949470252648,0.0757201646090535,0.11650485436893204,92.0,1215.0,0.9327354260089686,0.9411764705882353,0.058823529411764705,0.9794238683127572,False,False,,,,,,
lightonocr2,books,histoirenaturell10cuvi_0172_full,16.7265547886875,335,False,histoirenaturell10cuvi,fr,0.033824804856895055,0.02,0.02030456852791878,23.0,1150.0,0.9813084112149533,1.0,0.0,0.98,False,False,,,,,,
lightonocr2,books,histoirenaturell10cuvi_0188_full,16.7265547886875,463,False,histoirenaturell10cuvi,fr,0.03861003861003861,0.01997422680412371,0.045283018867924525,31.0,1552.0,0.9593220338983051,0.9691780821917808,0.030821917808219176,0.9858247422680413,False,False,,,,,,
lightonocr2,books,histoirenaturell10cuvi_0251_full,16.7265547886875,386,False,histoirenaturell10cuvi,fr,0.028156996587030716,0.006902502157031924,0.01990049751243781,8.0,1159.0,0.9813084112149533,0.9859154929577465,0.014084507042253521,0.998274374460742,False,False,,,,,,
lightonocr2,books,histoirenaturell10cuvi_0343_full,16.7265547886875,394,False,histoirenaturell10cuvi,fr,0.03674745895230649,0.019762845849802372,0.035175879396984924,25.0,1265.0,1.0,0.9807692307692307,0.019230769230769232,0.9992094861660079,False,False,,,,,,
lightonocr2,books,histoirenaturell10cuvi_0369_full,30.686606524333325,368,False,histoirenaturell10cuvi,fr,0.054615384615384614,0.03480278422273782,0.045454545454545456,45.0,1293.0,0.9741379310344828,0.9912280701754386,0.008771929824561403,0.9791183294663574,False,False,,,,,,
lightonocr2,books,histoirenaturell10cuvi_0425_full,30.686606524333325,464,False,histoirenaturell10cuvi,fr,0.03356554781507283,0.015267175572519083,0.01444043321299639,24.0,1572.0,0.9863945578231292,1.0,0.0,0.9847328244274809,False,False,,,,,,
lightonocr2,books,pisciumquerelaee00sche_0012_full,30.686606524333325,669,False,pisciumquerelaee00sche,la,0.23466349017272187,0.19288728149487644,0.2288135593220339,320.0,1659.0,0.7164750957854407,0.6951672862453532,0.3048327137546468,1.1488848704038577,False,False,,,,,,
lightonocr2,books,pisciumquerelaee00sche_0013_full,30.686606524333325,605,False,pisciumquerelaee00sche,la,0.13604240282685512,0.10166468489892984,0.3,171.0,1682.0,0.7340823970037453,0.7871485943775101,0.21285140562248997,1.0594530321046374,False,False,,,,,,
lightonocr2,books,pisciumquerelaee00sche_0016_full,30.686606524333325,4096,False,pisciumquerelaee00sche,la,4.77,4.84230525649145,3.0088105726872247,7646.0,1579.0,0.004132231404958678,0.0007326007326007326,0.9992673992673993,5.1887270424319185,False,True,,,,,,
lightonocr2,books,pisciumquerelaee00sche_0035_full,30.686606524333325,613,False,pisciumquerelaee00sche,la,0.12073170731707317,0.08287292817679558,0.3201754385964912,135.0,1629.0,0.7764227642276422,0.8059071729957806,0.1940928270042194,1.0380601596071208,False,False,,,,,,
lightonocr2,books,pisciumquerelaee00sche_0038_full,30.686606524333325,4096,False,pisciumquerelaee00sche,la,5.340751043115438,5.436042402826855,3.467005076142132,7692.0,1415.0,0.0,0.0,1.0,5.790106007067138,False,True,,,,,,
lightonocr2,books,pisciumquerelaee00sche_0040_full,30.686606524333325,4096,False,pisciumquerelaee00sche,la,4.258136924803591,4.304815864022663,2.511029411764706,7598.0,1765.0,0.0033112582781456954,0.0007326007326007326,0.9992673992673993,4.641926345609066,False,True,,,,,,
lightonocr2,books,pisciumquerelaee00sche_0041_full,30.686606524333325,522,False,pisciumquerelaee00sche,la,0.10763454317897372,0.08591282375236892,0.3416666666666667,136.0,1583.0,0.6436781609195402,0.7466666666666667,0.25333333333333335,1.0252684775742262,False,False,,,,,,
lightonocr2,books,pisciumquerelaee00sche_0044_full,30.686606524333325,339,False,pisciumquerelaee00sche,la,1.4436274509803921,1.4504950495049505,1.6785714285714286,586.0,404.0,0.6792452830188679,0.27692307692307694,0.7230769230769231,2.3316831683168315,False,False,,,,,,
lightonocr2,books,trudyrusskagoent161881russ_0098_full,30.686606524333325,603,False,trudyrusskagoent161881russ,fr+de,0.014423076923076924,0.007570543702684102,0.03431372549019608,11.0,1453.0,0.9849246231155779,0.9849246231155779,0.01507537688442211,0.9951823812801102,False,False,,,,,,
lightonocr2,books,trudyrusskagoent161881russ_0121_full,30.686606524333325,574,False,trudyrusskagoent161881russ,fr+de,0.01592356687898089,0.0010638297872340426,0.01384083044982699,2.0,1880.0,0.993006993006993,0.9964912280701754,0.0035087719298245615,0.9989361702127659,False,False,,,,,,
lightonocr2,books,trudyrusskagoent161881russ_0276_full,12.609095623166619,508,False,trudyrusskagoent161881russ,fr+de,0.018518518518518517,0.008101851851851851,0.01593625498007968,14.0,1728.0,0.9959514170040485,0.9959514170040485,0.004048582995951417,0.9982638888888888,False,False,,,,,,
lightonocr2,books,trudyrusskagoent161881russ_0329_full,12.609095623166619,647,False,trudyrusskagoent161881russ,fr+de,0.012410501193317422,0.00047938638542665386,0.003424657534246575,1.0,2086.0,0.996551724137931,0.996551724137931,0.0034482758620689655,1.0004793863854267,False,False,,,,,,
lightonocr2,books,trudyrusskagoent161881russ_0357_full,12.609095623166619,547,False,trudyrusskagoent161881russ,fr+de,0.034025374855824686,0.022054556006964595,0.03734439834024896,38.0,1723.0,0.9834710743801653,0.9754098360655737,0.02459016393442623,1.0058038305281485,False,False,,,,,,
lightonocr2,books,trudyrusskagoent161881russ_0379_full,12.609095623166619,632,False,trudyrusskagoent161881russ,fr+de,0.014485514485514486,0.01154039136979428,0.05345911949685535,23.0,1993.0,0.978978978978979,0.9819277108433735,0.018072289156626505,0.994982438534872,False,False,,,,,,
lightonocr2,books,trudyrusskagoent161881russ_0388_full,12.609095623166619,628,False,trudyrusskagoent161881russ,fr+de,0.04696886947023485,0.03940886699507389,0.07407407407407407,72.0,1827.0,0.9967637540453075,0.9595015576323987,0.040498442367601244,1.0361247947454844,False,False,,,,,,
lightonocr2,books,trudyrusskagoent161881russ_0446_full,12.609095623166619,386,False,trudyrusskagoent161881russ,fr+de,0.08921933085501858,0.08037383177570094,0.07853403141361257,86.0,1070.0,0.99,0.9339622641509434,0.0660377358490566,1.0523364485981308,False,False,,,,,,
lightonocr2,docs,headers_footers__0b8de922246569bf96136cd5bb1d9643b2d269fe_page_10_processed,25.276047857708324,367,False,,,,,,,,,,,,False,,headers_footers,2.0,1.0,"[{""id"": ""0b8de922246569bf96136cd5bb1d9643b2d269fe_page_10_processed.pdf_manual_00"", ""type"": ""absent"", ""passed"": false, ""category"": ""headers_footers""}, {""id"": ""auto_baseline"", ""type"": ""baseline"", ""passed"": true, ""category"": ""baseline""}]",,
lightonocr2,docs,headers_footers__12e836a20227be4b63f7dcdebb2498e9d189d4da_page_5_processed,25.276047857708324,1006,False,,,,,,,,,,,,False,,headers_footers,4.0,1.0,"[{""id"": ""12e836a20227be4b63f7dcdebb2498e9d189d4da_page_5_processed_pg1_header_00"", ""type"": ""absent"", ""passed"": false, ""category"": ""headers_footers""}, {""id"": ""12e836a20227be4b63f7dcdebb2498e9d189d4da_page_5_processed_pg1_header_01"", ""type"": ""absent"", ""passed"": false, ""category"": ""headers_footers""}, {""id"": ""12e836a20227be4b63f7dcdebb2498e9d189d4da_page_5_processed_pg1_header_02"", ""type"": ""absent"", ""passed"": false, ""category"": ""headers_footers""}, {""id"": ""auto_baseline"", ""type"": ""baseline"", ""passed"": true, ""category"": ""baseline""}]",,
lightonocr2,docs,headers_footers__17ce5025be595d7fc2c3a347b6a2fa4e4d06419d_page_1,25.276047857708324,409,False,,,,,,,,,,,,False,,headers_footers,2.0,1.0,"[{""id"": ""17ce5025be595d7fc2c3a347b6a2fa4e4d06419d_page_1_header_00"", ""type"": ""absent"", ""passed"": false, ""category"": ""headers_footers""}, {""id"": ""auto_baseline"", ""type"": ""baseline"", ""passed"": true, ""category"": ""baseline""}]",,
lightonocr2,docs,headers_footers__1a3e61746b0965df09bce6cb1051c455807363d5_page_1,25.276047857708324,1252,False,,,,,,,,,,,,False,,headers_footers,3.0,2.0,"[{""id"": ""1a3e61746b0965df09bce6cb1051c455807363d5_page_1_header_00"", ""type"": ""absent"", ""passed"": false, ""category"": ""headers_footers""}, {""id"": ""1a3e61746b0965df09bce6cb1051c455807363d5_page_1.pdf_manual_00"", ""type"": ""absent"", ""passed"": true, ""category"": ""headers_footers""}, {""id"": ""auto_baseline"", ""type"": ""baseline"", ""passed"": true, ""category"": ""baseline""}]",,
lightonocr2,docs,headers_footers__2cb8b9fbe5aaac3d7f95d110a3b08132ee09d103_page_2,25.276047857708324,949,False,,,,,,,,,,,,False,,headers_footers,3.0,1.0,"[{""id"": ""2cb8b9fbe5aaac3d7f95d110a3b08132ee09d103_page_2_header_00"", ""type"": ""absent"", ""passed"": false, ""category"": ""headers_footers""}, {""id"": ""2cb8b9fbe5aaac3d7f95d110a3b08132ee09d103_page_2.pdf_manual_00"", ""type"": ""absent"", ""passed"": false, ""category"": ""headers_footers""}, {""id"": ""auto_baseline"", ""type"": ""baseline"", ""passed"": true, ""category"": ""baseline""}]",,
lightonocr2,docs,headers_footers__363300831b3da664b1bfe972e4f86464fa076da3_page_149,25.276047857708324,1078,False,,,,,,,,,,,,False,,headers_footers,6.0,2.0,"[{""id"": ""363300831b3da664b1bfe972e4f86464fa076da3_page_149_header_00"", ""type"": ""absent"", ""passed"": false, ""category"": ""headers_footers""}, {""id"": ""363300831b3da664b1bfe972e4f86464fa076da3_page_149_header_01"", ""type"": ""absent"", ""passed"": false, ""category"": ""headers_footers""}, {""id"": ""363300831b3da664b1bfe972e4f86464fa076da3_page_149_header_15"", ""type"": ""absent"", ""passed"": false, ""category"": ""headers_footers""}, {""id"": ""363300831b3da664b1bfe972e4f86464fa076da3_page_149_header_16"", ""type"": ""absent"", ""passed"": false, ""category"": ""headers_footers""}, {""id"": ""363300831b3da664b1bfe972e4f86464fa076da3_page_149.pdf_manual_00"", ""type"": ""absent"", ""passed"": true, ""category"": ""headers_footers""}, {""id"": ""auto_baseline"", ""type"": ""baseline"", ""passed"": true, ""category"": ""baseline""}]",,
lightonocr2,docs,headers_footers__62621cef2b1d5356a063aa7c9c735ac396fb2223_page_33,25.276047857708324,738,False,,,,,,,,,,,,False,,headers_footers,4.0,2.0,"[{""id"": ""62621cef2b1d5356a063aa7c9c735ac396fb2223_page_33_header_00"", ""type"": ""absent"", ""passed"": false, ""category"": ""headers_footers""}, {""id"": ""62621cef2b1d5356a063aa7c9c735ac396fb2223_page_33.pdf_manual_00"", ""type"": ""absent"", ""passed"": true, ""category"": ""headers_footers""}, {""id"": ""62621cef2b1d5356a063aa7c9c735ac396fb2223_page_33.pdf_manual_01"", ""type"": ""absent"", ""passed"": false, ""category"": ""headers_footers""}, {""id"": ""auto_baseline"", ""type"": ""baseline"", ""passed"": true, ""category"": ""baseline""}]",,
lightonocr2,docs,headers_footers__7901d119ed91a89f8fbabf0eef7174d75a7656e3_page_1,25.276047857708324,493,False,,,,,,,,,,,,False,,headers_footers,2.0,1.0,"[{""id"": ""7901d119ed91a89f8fbabf0eef7174d75a7656e3_page_1.pdf_manual_00"", ""type"": ""absent"", ""passed"": false, ""category"": ""headers_footers""}, {""id"": ""auto_baseline"", ""type"": ""baseline"", ""passed"": true, ""category"": ""baseline""}]",,
lightonocr2,docs,headers_footers__ba10222e40f05d76e2bf1d51c39066a4b1fe82ed_page_11,25.276047857708324,1326,False,,,,,,,,,,,,False,,headers_footers,3.0,1.0,"[{""id"": ""ba10222e40f05d76e2bf1d51c39066a4b1fe82ed_page_11_header_00"", ""type"": ""absent"", ""passed"": false, ""category"": ""headers_footers""}, {""id"": ""ba10222e40f05d76e2bf1d51c39066a4b1fe82ed_page_11.pdf_manual_00"", ""type"": ""absent"", ""passed"": false, ""category"": ""headers_footers""}, {""id"": ""auto_baseline"", ""type"": ""baseline"", ""passed"": true, ""category"": ""baseline""}]",,
lightonocr2,docs,headers_footers__d8b9c4cd0ba9b036e09168c8dccccd1d43315ef4_page_1,25.276047857708324,1050,False,,,,,,,,,,,,False,,headers_footers,3.0,1.0,"[{""id"": ""d8b9c4cd0ba9b036e09168c8dccccd1d43315ef4_page_1_header_00"", ""type"": ""absent"", ""passed"": false, ""category"": ""headers_footers""}, {""id"": ""d8b9c4cd0ba9b036e09168c8dccccd1d43315ef4_page_1.pdf_manual_00"", ""type"": ""absent"", ""passed"": false, ""category"": ""headers_footers""}, {""id"": ""auto_baseline"", ""type"": ""baseline"", ""passed"": true, ""category"": ""baseline""}]",,
lightonocr2,docs,long_tiny_text__11_pg161_pg1,25.276047857708324,1494,False,,,,,,,,,,,,False,,long_tiny_text,9.0,9.0,"[{""id"": ""11_pg161_pg1_text_00"", ""type"": ""present"", ""passed"": true, ""category"": ""long_tiny_text""}, {""id"": ""11_pg161_pg1_text_01"", ""type"": ""present"", ""passed"": true, ""category"": ""long_tiny_text""}, {""id"": ""11_pg161_pg1_text_02"", ""type"": ""present"", ""passed"": true, ""category"": ""long_tiny_text""}, {""id"": ""11_pg161_pg1_text_03"", ""type"": ""present"", ""passed"": true, ""category"": ""long_tiny_text""}, {""id"": ""11_pg161_pg1_text_04"", ""type"": ""present"", ""passed"": true, ""category"": ""long_tiny_text""}, {""id"": ""11_pg161_pg1_text_05"", ""type"": ""present"", ""passed"": true, ""category"": ""long_tiny_text""}, {""id"": ""11_pg161_pg1_text_06"", ""type"": ""present"", ""passed"": true, ""category"": ""long_tiny_text""}, {""id"": ""11_pg161_pg1_text_07"", ""type"": ""present"", ""passed"": true, ""category"": ""long_tiny_text""}, {""id"": ""auto_baseline"", ""type"": ""baseline"", ""passed"": true, ""category"": ""baseline""}]",,
lightonocr2,docs,long_tiny_text__11_pg375_pg1,25.276047857708324,1654,False,,,,,,,,,,,,False,,long_tiny_text,4.0,4.0,"[{""id"": ""11_pg375_pg1_text_00"", ""type"": ""present"", ""passed"": true, ""category"": ""long_tiny_text""}, {""id"": ""11_pg375_pg1_text_01"", ""type"": ""present"", ""passed"": true, ""category"": ""long_tiny_text""}, {""id"": ""11_pg375_pg1_text_02"", ""type"": ""present"", ""passed"": true, ""category"": ""long_tiny_text""}, {""id"": ""auto_baseline"", ""type"": ""baseline"", ""passed"": true, ""category"": ""baseline""}]",,
lightonocr2,docs,long_tiny_text__13_pg556_pg1,25.276047857708324,2298,False,,,,,,,,,,,,False,,long_tiny_text,5.0,5.0,"[{""id"": ""13_pg556_pg1_text_00"", ""type"": ""present"", ""passed"": true, ""category"": ""long_tiny_text""}, {""id"": ""13_pg556_pg1_text_01"", ""type"": ""present"", ""passed"": true, ""category"": ""long_tiny_text""}, {""id"": ""13_pg556_pg1_text_02"", ""type"": ""present"", ""passed"": true, ""category"": ""long_tiny_text""}, {""id"": ""13_pg556_pg1_text_03"", ""type"": ""present"", ""passed"": true, ""category"": ""long_tiny_text""}, {""id"": ""auto_baseline"", ""type"": ""baseline"", ""passed"": true, ""category"": ""baseline""}]",,
lightonocr2,docs,long_tiny_text__13_pg566_pg1,25.276047857708324,1903,False,,,,,,,,,,,,False,,long_tiny_text,6.0,6.0,"[{""id"": ""13_pg566_pg1_text_00"", ""type"": ""present"", ""passed"": true, ""category"": ""long_tiny_text""}, {""id"": ""13_pg566_pg1_text_01"", ""type"": ""present"", ""passed"": true, ""category"": ""long_tiny_text""}, {""id"": ""13_pg566_pg1_text_02"", ""type"": ""present"", ""passed"": true, ""category"": ""long_tiny_text""}, {""id"": ""13_pg566_pg1_text_03"", ""type"": ""present"", ""passed"": true, ""category"": ""long_tiny_text""}, {""id"": ""13_pg566_pg1_text_04"", ""type"": ""present"", ""passed"": true, ""category"": ""long_tiny_text""}, {""id"": ""auto_baseline"", ""type"": ""baseline"", ""passed"": true, ""category"": ""baseline""}]",,
lightonocr2,docs,long_tiny_text__13_pg67_pg1,25.276047857708324,2654,False,,,,,,,,,,,,False,,long_tiny_text,6.0,5.0,"[{""id"": ""13_pg67_pg1_text_00"", ""type"": ""present"", ""passed"": true, ""category"": ""long_tiny_text""}, {""id"": ""13_pg67_pg1_text_01"", ""type"": ""present"", ""passed"": true, ""category"": ""long_tiny_text""}, {""id"": ""13_pg67_pg1_text_02"", ""type"": ""present"", ""passed"": false, ""category"": ""long_tiny_text""}, {""id"": ""13_pg67_pg1_text_03"", ""type"": ""present"", ""passed"": true, ""category"": ""long_tiny_text""}, {""id"": ""13_pg67_pg1_text_04"", ""type"": ""present"", ""passed"": true, ""category"": ""long_tiny_text""}, {""id"": ""auto_baseline"", ""type"": ""baseline"", ""passed"": true, ""category"": ""baseline""}]",,
lightonocr2,docs,long_tiny_text__14a_pg1,25.276047857708324,3004,False,,,,,,,,,,,,False,,long_tiny_text,6.0,6.0,"[{""id"": ""14a_pg1_text_01"", ""type"": ""present"", ""passed"": true, ""category"": ""long_tiny_text""}, {""id"": ""14a_pg1_text_02"", ""type"": ""present"", ""passed"": true, ""category"": ""long_tiny_text""}, {""id"": ""14a_pg1_text_04"", ""type"": ""present"", ""passed"": true, ""category"": ""long_tiny_text""}, {""id"": ""14a_pg1_text_05"", ""type"": ""present"", ""passed"": true, ""category"": ""long_tiny_text""}, {""id"": ""14a_pg1_text_06"", ""type"": ""present"", ""passed"": true, ""category"": ""long_tiny_text""}, {""id"": ""auto_baseline"", ""type"": ""baseline"", ""passed"": true, ""category"": ""baseline""}]",,
lightonocr2,docs,long_tiny_text__15c_pg1,25.276047857708324,1819,False,,,,,,,,,,,,False,,long_tiny_text,5.0,5.0,"[{""id"": ""15c_pg1_text_00"", ""type"": ""present"", ""passed"": true, ""category"": ""long_tiny_text""}, {""id"": ""15c_pg1_text_01"", ""type"": ""present"", ""passed"": true, ""category"": ""long_tiny_text""}, {""id"": ""15c_pg1_text_02"", ""type"": ""present"", ""passed"": true, ""category"": ""long_tiny_text""}, {""id"": ""15c_pg1_text_03"", ""type"": ""present"", ""passed"": true, ""category"": ""long_tiny_text""}, {""id"": ""auto_baseline"", ""type"": ""baseline"", ""passed"": true, ""category"": ""baseline""}]",,
lightonocr2,docs,long_tiny_text__17_pg2_pg1,25.276047857708324,1284,False,,,,,,,,,,,,False,,long_tiny_text,40.0,39.0,"[{""id"": ""17_pg2_pg1_text_00"", ""type"": ""present"", ""passed"": true, ""category"": ""long_tiny_text""}, {""id"": ""17_pg2_pg1_text_01"", ""type"": ""present"", ""passed"": true, ""category"": ""long_tiny_text""}, {""id"": ""17_pg2_pg1_text_02"", ""type"": ""present"", ""passed"": true, ""category"": ""long_tiny_text""}, {""id"": ""17_pg2_pg1_text_03"", ""type"": ""present"", ""passed"": true, ""category"": ""long_tiny_text""}, {""id"": ""17_pg2_pg1_text_04"", ""type"": ""present"", ""passed"": true, ""category"": ""long_tiny_text""}, {""id"": ""17_pg2_pg1_text_06"", ""type"": ""present"", ""passed"": true, ""category"": ""long_tiny_text""}, {""id"": ""17_pg2_pg1_text_07"", ""type"": ""present"", ""passed"": true, ""category"": ""long_tiny_text""}, {""id"": ""17_pg2_pg1_text_09"", ""type"": ""present"", ""passed"": true, ""category"": ""long_tiny_text""}, {""id"": ""17_pg2_pg1_text_10"", ""type"": ""present"", ""passed"": true, ""category"": ""long_tiny_text""}, {""id"": ""17_pg2_pg1_text_12"", ""type"": ""present"", ""passed"": true, ""category"": ""long_tiny_text""}, {""id"": ""17_pg2_pg1_text_13"", ""type"": ""present"", ""passed"": true, ""category"": ""long_tiny_text""}, {""id"": ""17_pg2_pg1_text_16"", ""type"": ""present"", ""passed"": true, ""category"": ""long_tiny_text""}, {""id"": ""17_pg2_pg1_text_17"", ""type"": ""present"", ""passed"": false, ""category"": ""long_tiny_text""}, {""id"": ""17_pg2_pg1_text_20"", ""type"": ""present"", ""passed"": true, ""category"": ""long_tiny_text""}, {""id"": ""17_pg2_pg1_text_23"", ""type"": ""present"", ""passed"": true, ""category"": ""long_tiny_text""}, {""id"": ""17_pg2_pg1_text_24"", ""type"": ""present"", ""passed"": true, ""category"": ""long_tiny_text""}, {""id"": ""17_pg2_pg1_text_25"", ""type"": ""present"", ""passed"": true, ""category"": ""long_tiny_text""}, {""id"": ""17_pg2_pg1_text_27"", ""type"": ""present"", ""passed"": true, ""category"": ""long_tiny_text""}, {""id"": ""17_pg2_pg1_text_28"", ""type"": ""present"", ""passed"": true, ""category"": ""long_tiny_text""}, {""id"": ""17_pg2_pg1_text_30"", ""type"": ""present"", ""passed"": true, ""category"": ""long_tiny_text""}, {""id"": ""17_pg2_pg1_text_31"", ""type"": ""present"", ""passed"": true, ""category"": ""long_tiny_text""}, {""id"": ""17_pg2_pg1_text_34"", ""type"": ""present"", ""passed"": true, ""category"": ""long_tiny_text""}, {""id"": ""17_pg2_pg1_text_37"", ""type"": ""present"", ""passed"": true, ""category"": ""long_tiny_text""}, {""id"": ""17_pg2_pg1_text_41"", ""type"": ""present"", ""passed"": true, ""category"": ""long_tiny_text""}, {""id"": ""17_pg2_pg1_text_43"", ""type"": ""present"", ""passed"": true, ""category"": ""long_tiny_text""}, {""id"": ""17_pg2_pg1_text_45"", ""type"": ""present"", ""passed"": true, ""category"": ""long_tiny_text""}, {""id"": ""17_pg2_pg1_text_49"", ""type"": ""present"", ""passed"": true, ""category"": ""long_tiny_text""}, {""id"": ""17_pg2_pg1_text_51"", ""type"": ""present"", ""passed"": true, ""category"": ""long_tiny_text""}, {""id"": ""17_pg2_pg1_text_56"", ""type"": ""present"", ""passed"": true, ""category"": ""long_tiny_text""}, {""id"": ""17_pg2_pg1_text_61"", ""type"": ""present"", ""passed"": true, ""category"": ""long_tiny_text""}, {""id"": ""17_pg2_pg1_text_65"", ""type"": ""present"", ""passed"": true, ""category"": ""long_tiny_text""}, {""id"": ""17_pg2_pg1_text_69"", ""type"": ""present"", ""passed"": true, ""category"": ""long_tiny_text""}, {""id"": ""17_pg2_pg1_text_74"", ""type"": ""present"", ""passed"": true, ""category"": ""long_tiny_text""}, {""id"": ""17_pg2_pg1_text_80"", ""type"": ""present"", ""passed"": true, ""category"": ""long_tiny_text""}, {""id"": ""17_pg2_pg1_text_83"", ""type"": ""present"", ""passed"": true, ""category"": ""long_tiny_text""}, {""id"": ""17_pg2_pg1_text_86"", ""type"": ""present"", ""passed"": true, ""category"": ""long_tiny_text""}, {""id"": ""17_pg2_pg1_text_88"", ""type"": ""present"", ""passed"": true, ""category"": ""long_tiny_text""}, {""id"": ""17_pg2_pg1_text_95"", ""type"": ""present"", ""passed"": true, ""category"": ""long_tiny_text""}, {""id"": ""17_pg2_pg1_text_97"", ""type"": ""present"", ""passed"": true, ""category"": ""long_tiny_text""}, {""id"": ""auto_baseline"", ""type"": ""baseline"", ""passed"": true, ""category"": ""baseline""}]",,
lightonocr2,docs,long_tiny_text__20_pg40_pg1,25.276047857708324,1890,False,,,,,,,,,,,,False,,long_tiny_text,6.0,6.0,"[{""id"": ""20_pg40_pg1_text_00"", ""type"": ""present"", ""passed"": true, ""category"": ""long_tiny_text""}, {""id"": ""20_pg40_pg1_text_01"", ""type"": ""present"", ""passed"": true, ""category"": ""long_tiny_text""}, {""id"": ""20_pg40_pg1_text_02"", ""type"": ""present"", ""passed"": true, ""category"": ""long_tiny_text""}, {""id"": ""20_pg40_pg1_text_03"", ""type"": ""present"", ""passed"": true, ""category"": ""long_tiny_text""}, {""id"": ""20_pg40_pg1_text_04"", ""type"": ""present"", ""passed"": true, ""category"": ""long_tiny_text""}, {""id"": ""auto_baseline"", ""type"": ""baseline"", ""passed"": true, ""category"": ""baseline""}]",,
lightonocr2,docs,long_tiny_text__20_pg46_pg1,25.276047857708324,1509,False,,,,,,,,,,,,False,,long_tiny_text,10.0,9.0,"[{""id"": ""20_pg46_pg1_text_00"", ""type"": ""present"", ""passed"": true, ""category"": ""long_tiny_text""}, {""id"": ""20_pg46_pg1_text_01"", ""type"": ""present"", ""passed"": false, ""category"": ""long_tiny_text""}, {""id"": ""20_pg46_pg1_text_02"", ""type"": ""present"", ""passed"": true, ""category"": ""long_tiny_text""}, {""id"": ""20_pg46_pg1_text_03"", ""type"": ""present"", ""passed"": true, ""category"": ""long_tiny_text""}, {""id"": ""20_pg46_pg1_text_04"", ""type"": ""present"", ""passed"": true, ""category"": ""long_tiny_text""}, {""id"": ""20_pg46_pg1_text_05"", ""type"": ""present"", ""passed"": true, ""category"": ""long_tiny_text""}, {""id"": ""20_pg46_pg1_text_06"", ""type"": ""present"", ""passed"": true, ""category"": ""long_tiny_text""}, {""id"": ""20_pg46_pg1_text_08"", ""type"": ""present"", ""passed"": true, ""category"": ""long_tiny_text""}, {""id"": ""20_pg46_pg1_text_09"", ""type"": ""present"", ""passed"": true, ""category"": ""long_tiny_text""}, {""id"": ""auto_baseline"", ""type"": ""baseline"", ""passed"": true, ""category"": ""baseline""}]",,
lightonocr2,docs,multi_column__00945e98ea0970dcffb8f548336df3a0137f_page_4_pg1,25.276047857708324,747,False,,,,,,,,,,,,False,,multi_column,4.0,4.0,"[{""id"": ""00945e98ea0970dcffb8f548336df3a0137f_page_4.pdf_order_0a8f368a"", ""type"": ""order"", ""passed"": true, ""category"": ""multi_column""}, {""id"": ""00945e98ea0970dcffb8f548336df3a0137f_page_4.pdf_order_3d4bbd69"", ""type"": ""order"", ""passed"": true, ""category"": ""multi_column""}, {""id"": ""00945e98ea0970dcffb8f548336df3a0137f_page_4.pdf_order_4cbab131"", ""type"": ""order"", ""passed"": true, ""category"": ""multi_column""}, {""id"": ""auto_baseline"", ""type"": ""baseline"", ""passed"": true, ""category"": ""baseline""}]",,
lightonocr2,docs,multi_column__00e2c7719d58bb49fd4031cce9dcccdddec2_page_1_pg1,25.276047857708324,803,False,,,,,,,,,,,,False,,multi_column,3.0,3.0,"[{""id"": ""00e2c7719d58bb49fd4031cce9dcccdddec2_page_1.pdf_order_85be1097"", ""type"": ""order"", ""passed"": true, ""category"": ""multi_column""}, {""id"": ""00e2c7719d58bb49fd4031cce9dcccdddec2_page_1.pdf_order_b903400b"", ""type"": ""order"", ""passed"": true, ""category"": ""multi_column""}, {""id"": ""auto_baseline"", ""type"": ""baseline"", ""passed"": true, ""category"": ""baseline""}]",,
lightonocr2,docs,multi_column__0114396ecb251aa3ebaeaeaed6bd4fe50bd2_page_2_pg1,25.276047857708324,1102,False,,,,,,,,,,,,False,,multi_column,6.0,6.0,"[{""id"": ""0114396ecb251aa3ebaeaeaed6bd4fe50bd2_page_2.pdf_order_e5d2d945"", ""type"": ""order"", ""passed"": true, ""category"": ""multi_column""}, {""id"": ""0114396ecb251aa3ebaeaeaed6bd4fe50bd2_page_2.pdf_order_6b2daa2b"", ""type"": ""order"", ""passed"": true, ""category"": ""multi_column""}, {""id"": ""0114396ecb251aa3ebaeaeaed6bd4fe50bd2_page_2.pdf_order_f61eafae"", ""type"": ""order"", ""passed"": true, ""category"": ""multi_column""}, {""id"": ""0114396ecb251aa3ebaeaeaed6bd4fe50bd2_page_2.pdf_order_40a2536e"", ""type"": ""order"", ""passed"": true, ""category"": ""multi_column""}, {""id"": ""0114396ecb251aa3ebaeaeaed6bd4fe50bd2_page_2.pdf_order_b8d41298"", ""type"": ""order"", ""passed"": true, ""category"": ""multi_column""}, {""id"": ""auto_baseline"", ""type"": ""baseline"", ""passed"": true, ""category"": ""baseline""}]",,
lightonocr2,docs,multi_column__019a8841dddeb304774ba62a9f5d8dccb43d_page_2_pg1,25.276047857708324,2345,False,,,,,,,,,,,,False,,multi_column,5.0,5.0,"[{""id"": ""019a8841dddeb304774ba62a9f5d8dccb43d_page_2.pdf_order_00d331ca"", ""type"": ""order"", ""passed"": true, ""category"": ""multi_column""}, {""id"": ""019a8841dddeb304774ba62a9f5d8dccb43d_page_2.pdf_order_2410e748"", ""type"": ""order"", ""passed"": true, ""category"": ""multi_column""}, {""id"": ""019a8841dddeb304774ba62a9f5d8dccb43d_page_2.pdf_order_5a8cba0a"", ""type"": ""order"", ""passed"": true, ""category"": ""multi_column""}, {""id"": ""019a8841dddeb304774ba62a9f5d8dccb43d_page_2.pdf_order_6a2477bc"", ""type"": ""order"", ""passed"": true, ""category"": ""multi_column""}, {""id"": ""auto_baseline"", ""type"": ""baseline"", ""passed"": true, ""category"": ""baseline""}]",,
lightonocr2,docs,multi_column__0208fbb5d6b646f972f4702428ad2cede5c5_page_6_pg1,41.91299364400038,1464,False,,,,,,,,,,,,False,,multi_column,2.0,2.0,"[{""id"": ""0208fbb5d6b646f972f4702428ad2cede5c5_page_6.pdf_order_71ab8004"", ""type"": ""order"", ""passed"": true, ""category"": ""multi_column""}, {""id"": ""auto_baseline"", ""type"": ""baseline"", ""passed"": true, ""category"": ""baseline""}]",,
lightonocr2,docs,multi_column__027c390510b2fd3364f5a382f2bc304af018_page_4_pg1,22.94281626412001,2470,False,,,,,,,,,,,,False,,multi_column,5.0,4.0,"[{""id"": ""027c390510b2fd3364f5a382f2bc304af018_page_4.pdf_order_ea693a98"", ""type"": ""order"", ""passed"": true, ""category"": ""multi_column""}, {""id"": ""027c390510b2fd3364f5a382f2bc304af018_page_4.pdf_order_053bda58"", ""type"": ""order"", ""passed"": true, ""category"": ""multi_column""}, {""id"": ""027c390510b2fd3364f5a382f2bc304af018_page_4.pdf_order_9e06820d"", ""type"": ""order"", ""passed"": true, ""category"": ""multi_column""}, {""id"": ""027c390510b2fd3364f5a382f2bc304af018_page_4.pdf_order_97e749bf"", ""type"": ""order"", ""passed"": false, ""category"": ""multi_column""}, {""id"": ""auto_baseline"", ""type"": ""baseline"", ""passed"": true, ""category"": ""baseline""}]",,
lightonocr2,docs,multi_column__02943986dff2d4a84b7c2dd81abfc51fceea_page_5_pg1,22.94281626412001,973,False,,,,,,,,,,,,False,,multi_column,5.0,5.0,"[{""id"": ""02943986dff2d4a84b7c2dd81abfc51fceea_page_5.pdf_order_3f1adc6b"", ""type"": ""order"", ""passed"": true, ""category"": ""multi_column""}, {""id"": ""02943986dff2d4a84b7c2dd81abfc51fceea_page_5.pdf_order_00ce4e6f"", ""type"": ""order"", ""passed"": true, ""category"": ""multi_column""}, {""id"": ""02943986dff2d4a84b7c2dd81abfc51fceea_page_5.pdf_order_46755e50"", ""type"": ""order"", ""passed"": true, ""category"": ""multi_column""}, {""id"": ""02943986dff2d4a84b7c2dd81abfc51fceea_page_5.pdf_order_13f6999c"", ""type"": ""order"", ""passed"": true, ""category"": ""multi_column""}, {""id"": ""auto_baseline"", ""type"": ""baseline"", ""passed"": true, ""category"": ""baseline""}]",,
lightonocr2,docs,multi_column__02943986dff2d4a84b7c2dd81abfc51fceea_page_9_pg1,22.94281626412001,1081,False,,,,,,,,,,,,False,,multi_column,5.0,5.0,"[{""id"": ""02943986dff2d4a84b7c2dd81abfc51fceea_page_9.pdf_order_babd8e0e"", ""type"": ""order"", ""passed"": true, ""category"": ""multi_column""}, {""id"": ""02943986dff2d4a84b7c2dd81abfc51fceea_page_9.pdf_order_2e6f0ead"", ""type"": ""order"", ""passed"": true, ""category"": ""multi_column""}, {""id"": ""02943986dff2d4a84b7c2dd81abfc51fceea_page_9.pdf_order_7e60c895"", ""type"": ""order"", ""passed"": true, ""category"": ""multi_column""}, {""id"": ""02943986dff2d4a84b7c2dd81abfc51fceea_page_9.pdf_order_81a40b7f"", ""type"": ""order"", ""passed"": true, ""category"": ""multi_column""}, {""id"": ""auto_baseline"", ""type"": ""baseline"", ""passed"": true, ""category"": ""baseline""}]",,
lightonocr2,docs,multi_column__038650c9dfd95e7495d0c4d301d9dcca735a_page_1_pg1,22.94281626412001,1244,False,,,,,,,,,,,,False,,multi_column,5.0,5.0,"[{""id"": ""038650c9dfd95e7495d0c4d301d9dcca735a_page_1.pdf_order_eb32d864"", ""type"": ""order"", ""passed"": true, ""category"": ""multi_column""}, {""id"": ""038650c9dfd95e7495d0c4d301d9dcca735a_page_1.pdf_order_517c20f9"", ""type"": ""order"", ""passed"": true, ""category"": ""multi_column""}, {""id"": ""038650c9dfd95e7495d0c4d301d9dcca735a_page_1.pdf_order_12a7fa3e"", ""type"": ""order"", ""passed"": true, ""category"": ""multi_column""}, {""id"": ""038650c9dfd95e7495d0c4d301d9dcca735a_page_1.pdf_order_cf779f79"", ""type"": ""order"", ""passed"": true, ""category"": ""multi_column""}, {""id"": ""auto_baseline"", ""type"": ""baseline"", ""passed"": true, ""category"": ""baseline""}]",,
lightonocr2,docs,multi_column__0845863d27c84b14011e17a388821525e783_page_16_pg1,22.94281626412001,4096,False,,,,,,,,,,,,False,,multi_column,4.0,3.0,"[{""id"": ""0845863d27c84b14011e17a388821525e783_page_16.pdf_order_dffceb1b"", ""type"": ""order"", ""passed"": true, ""category"": ""multi_column""}, {""id"": ""0845863d27c84b14011e17a388821525e783_page_16.pdf_order_ac24f586"", ""type"": ""order"", ""passed"": true, ""category"": ""multi_column""}, {""id"": ""0845863d27c84b14011e17a388821525e783_page_16.pdf_order_4bda9b61"", ""type"": ""order"", ""passed"": false, ""category"": ""multi_column""}, {""id"": ""auto_baseline"", ""type"": ""baseline"", ""passed"": true, ""category"": ""baseline""}]",,
lightonocr2,docs,old_scans__1,22.94281626412001,206,False,,,,,,,,,,,,False,,old_scans,6.0,2.0,"[{""id"": ""1_680487"", ""type"": ""present"", ""passed"": false, ""category"": ""old_scans""}, {""id"": ""1_126739"", ""type"": ""absent"", ""passed"": true, ""category"": ""old_scans""}, {""id"": ""1_36225"", ""type"": ""present"", ""passed"": false, ""category"": ""old_scans""}, {""id"": ""1_787572"", ""type"": ""order"", ""passed"": false, ""category"": ""old_scans""}, {""id"": ""1_298389"", ""type"": ""order"", ""passed"": false, ""category"": ""old_scans""}, {""id"": ""auto_baseline"", ""type"": ""baseline"", ""passed"": true, ""category"": ""baseline""}]",,
lightonocr2,docs,old_scans__21,22.94281626412001,140,False,,,,,,,,,,,,False,,old_scans,8.0,4.0,"[{""id"": ""21_398162"", ""type"": ""present"", ""passed"": false, ""category"": ""old_scans""}, {""id"": ""21_382528"", ""type"": ""order"", ""passed"": false, ""category"": ""old_scans""}, {""id"": ""21_229684"", ""type"": ""absent"", ""passed"": true, ""category"": ""old_scans""}, {""id"": ""21_712729"", ""type"": ""present"", ""passed"": true, ""category"": ""old_scans""}, {""id"": ""21_289946"", ""type"": ""present"", ""passed"": false, ""category"": ""old_scans""}, {""id"": ""21_745911"", ""type"": ""present"", ""passed"": true, ""category"": ""old_scans""}, {""id"": ""21_992153"", ""type"": ""order"", ""passed"": false, ""category"": ""old_scans""}, {""id"": ""auto_baseline"", ""type"": ""baseline"", ""passed"": true, ""category"": ""baseline""}]",,
lightonocr2,docs,old_scans__23,22.94281626412001,125,False,,,,,,,,,,,,False,,old_scans,6.0,3.0,"[{""id"": ""23_675822"", ""type"": ""present"", ""passed"": false, ""category"": ""old_scans""}, {""id"": ""23_189451"", ""type"": ""order"", ""passed"": false, ""category"": ""old_scans""}, {""id"": ""23_570086"", ""type"": ""absent"", ""passed"": true, ""category"": ""old_scans""}, {""id"": ""23_774544"", ""type"": ""present"", ""passed"": false, ""category"": ""old_scans""}, {""id"": ""23_266702"", ""type"": ""present"", ""passed"": true, ""category"": ""old_scans""}, {""id"": ""auto_baseline"", ""type"": ""baseline"", ""passed"": true, ""category"": ""baseline""}]",,
lightonocr2,docs,old_scans__26,22.94281626412001,172,False,,,,,,,,,,,,False,,old_scans,5.0,2.0,"[{""id"": ""26_727870"", ""type"": ""present"", ""passed"": false, ""category"": ""old_scans""}, {""id"": ""26_350035"", ""type"": ""order"", ""passed"": false, ""category"": ""old_scans""}, {""id"": ""26_893794"", ""type"": ""absent"", ""passed"": false, ""category"": ""old_scans""}, {""id"": ""26_815635"", ""type"": ""present"", ""passed"": true, ""category"": ""old_scans""}, {""id"": ""auto_baseline"", ""type"": ""baseline"", ""passed"": true, ""category"": ""baseline""}]",,
lightonocr2,docs,old_scans__52,22.94281626412001,108,False,,,,,,,,,,,,False,,old_scans,4.0,1.0,"[{""id"": ""52_591542"", ""type"": ""present"", ""passed"": false, ""category"": ""old_scans""}, {""id"": ""52_323921"", ""type"": ""present"", ""passed"": false, ""category"": ""old_scans""}, {""id"": ""52_987017"", ""type"": ""present"", ""passed"": false, ""category"": ""old_scans""}, {""id"": ""auto_baseline"", ""type"": ""baseline"", ""passed"": true, ""category"": ""baseline""}]",,
lightonocr2,docs,old_scans__55,22.94281626412001,211,False,,,,,,,,,,,,False,,old_scans,4.0,3.0,"[{""id"": ""55_930782"", ""type"": ""present"", ""passed"": true, ""category"": ""old_scans""}, {""id"": ""55_150814"", ""type"": ""present"", ""passed"": true, ""category"": ""old_scans""}, {""id"": ""55_287312"", ""type"": ""present"", ""passed"": false, ""category"": ""old_scans""}, {""id"": ""auto_baseline"", ""type"": ""baseline"", ""passed"": true, ""category"": ""baseline""}]",,
lightonocr2,docs,old_scans__58,22.94281626412001,887,False,,,,,,,,,,,,False,,old_scans,7.0,7.0,"[{""id"": ""58_984036"", ""type"": ""present"", ""passed"": true, ""category"": ""old_scans""}, {""id"": ""58_575492"", ""type"": ""order"", ""passed"": true, ""category"": ""old_scans""}, {""id"": ""58_801952"", ""type"": ""absent"", ""passed"": true, ""category"": ""old_scans""}, {""id"": ""58_775388"", ""type"": ""present"", ""passed"": true, ""category"": ""old_scans""}, {""id"": ""58_733378"", ""type"": ""present"", ""passed"": true, ""category"": ""old_scans""}, {""id"": ""58_220922"", ""type"": ""order"", ""passed"": true, ""category"": ""old_scans""}, {""id"": ""auto_baseline"", ""type"": ""baseline"", ""passed"": true, ""category"": ""baseline""}]",,
lightonocr2,docs,old_scans__82,22.94281626412001,377,False,,,,,,,,,,,,False,,old_scans,7.0,1.0,"[{""id"": ""82_617314"", ""type"": ""present"", ""passed"": false, ""category"": ""old_scans""}, {""id"": ""82_781476"", ""type"": ""order"", ""passed"": false, ""category"": ""old_scans""}, {""id"": ""82_578532"", ""type"": ""present"", ""passed"": false, ""category"": ""old_scans""}, {""id"": ""82_73918"", ""type"": ""present"", ""passed"": false, ""category"": ""old_scans""}, {""id"": ""82_794309"", ""type"": ""present"", ""passed"": false, ""category"": ""old_scans""}, {""id"": ""82_338838"", ""type"": ""order"", ""passed"": false, ""category"": ""old_scans""}, {""id"": ""auto_baseline"", ""type"": ""baseline"", ""passed"": true, ""category"": ""baseline""}]",,
lightonocr2,docs,old_scans__85,22.94281626412001,380,False,,,,,,,,,,,,False,,old_scans,7.0,4.0,"[{""id"": ""85_204851"", ""type"": ""present"", ""passed"": true, ""category"": ""old_scans""}, {""id"": ""85_81849"", ""type"": ""order"", ""passed"": false, ""category"": ""old_scans""}, {""id"": ""85_633939"", ""type"": ""present"", ""passed"": true, ""category"": ""old_scans""}, {""id"": ""85_81262"", ""type"": ""present"", ""passed"": false, ""category"": ""old_scans""}, {""id"": ""85_718011"", ""type"": ""present"", ""passed"": true, ""category"": ""old_scans""}, {""id"": ""85_913682"", ""type"": ""order"", ""passed"": false, ""category"": ""old_scans""}, {""id"": ""auto_baseline"", ""type"": ""baseline"", ""passed"": true, ""category"": ""baseline""}]",,
lightonocr2,docs,old_scans__96,22.94281626412001,186,False,,,,,,,,,,,,False,,old_scans,8.0,3.0,"[{""id"": ""96_686856"", ""type"": ""present"", ""passed"": false, ""category"": ""old_scans""}, {""id"": ""96_324569"", ""type"": ""order"", ""passed"": false, ""category"": ""old_scans""}, {""id"": ""96_489434"", ""type"": ""present"", ""passed"": true, ""category"": ""old_scans""}, {""id"": ""96_341535"", ""type"": ""present"", ""passed"": false, ""category"": ""old_scans""}, {""id"": ""96_984146"", ""type"": ""present"", ""passed"": false, ""category"": ""old_scans""}, {""id"": ""96_798387"", ""type"": ""order"", ""passed"": true, ""category"": ""old_scans""}, {""id"": ""96_991188"", ""type"": ""order"", ""passed"": false, ""category"": ""old_scans""}, {""id"": ""auto_baseline"", ""type"": ""baseline"", ""passed"": true, ""category"": ""baseline""}]",,
lightonocr2,docs,tables__2d54e996d1247bd36695d872863eefebd8f8_pg4,22.94281626412001,1963,False,,,,,,,,,,,,False,,table_tests,5.0,5.0,"[{""id"": ""2d54e996d1247bd36695d872863eefebd8f8_pg4_table_00"", ""type"": ""table"", ""passed"": true, ""category"": ""table_tests""}, {""id"": ""2d54e996d1247bd36695d872863eefebd8f8_pg4_table_01"", ""type"": ""table"", ""passed"": true, ""category"": ""table_tests""}, {""id"": ""2d54e996d1247bd36695d872863eefebd8f8_pg4_table_02"", ""type"": ""table"", ""passed"": true, ""category"": ""table_tests""}, {""id"": ""2d54e996d1247bd36695d872863eefebd8f8_pg4_table_03"", ""type"": ""table"", ""passed"": true, ""category"": ""table_tests""}, {""id"": ""auto_baseline"", ""type"": ""baseline"", ""passed"": true, ""category"": ""baseline""}]",,
lightonocr2,docs,tables__2d932ac96ad0d8ccf81a56bd105fa18fdcbb_pg7,22.94281626412001,641,False,,,,,,,,,,,,False,,table_tests,2.0,2.0,"[{""id"": ""2d932ac96ad0d8ccf81a56bd105fa18fdcbb_pg7_table_00"", ""type"": ""table"", ""passed"": true, ""category"": ""table_tests""}, {""id"": ""auto_baseline"", ""type"": ""baseline"", ""passed"": true, ""category"": ""baseline""}]",,
lightonocr2,docs,tables__4fafd7de9caa1cf3c0fad313d7bb24b2e685_pg9,22.94281626412001,957,False,,,,,,,,,,,,False,,table_tests,5.0,5.0,"[{""id"": ""4fafd7de9caa1cf3c0fad313d7bb24b2e685_pg9_table_00"", ""type"": ""table"", ""passed"": true, ""category"": ""table_tests""}, {""id"": ""4fafd7de9caa1cf3c0fad313d7bb24b2e685_pg9_table_01"", ""type"": ""table"", ""passed"": true, ""category"": ""table_tests""}, {""id"": ""4fafd7de9caa1cf3c0fad313d7bb24b2e685_pg9_table_02"", ""type"": ""table"", ""passed"": true, ""category"": ""table_tests""}, {""id"": ""4fafd7de9caa1cf3c0fad313d7bb24b2e685_pg9_table_03"", ""type"": ""table"", ""passed"": true, ""category"": ""table_tests""}, {""id"": ""auto_baseline"", ""type"": ""baseline"", ""passed"": true, ""category"": ""baseline""}]",,
lightonocr2,docs,tables__529eeb84602e4fba7df7a4b127af6c830f97_pg12,22.94281626412001,605,False,,,,,,,,,,,,False,,table_tests,4.0,3.0,"[{""id"": ""529eeb84602e4fba7df7a4b127af6c830f97_pg12_table_00"", ""type"": ""table"", ""passed"": true, ""category"": ""table_tests""}, {""id"": ""529eeb84602e4fba7df7a4b127af6c830f97_pg12_table_01"", ""type"": ""table"", ""passed"": false, ""category"": ""table_tests""}, {""id"": ""529eeb84602e4fba7df7a4b127af6c830f97_pg12_table_04"", ""type"": ""table"", ""passed"": true, ""category"": ""table_tests""}, {""id"": ""auto_baseline"", ""type"": ""baseline"", ""passed"": true, ""category"": ""baseline""}]",,
lightonocr2,docs,tables__a70c1fc81feccfd878dabffd3dc5617b584c_pg5,22.94281626412001,1333,False,,,,,,,,,,,,False,,table_tests,6.0,6.0,"[{""id"": ""a70c1fc81feccfd878dabffd3dc5617b584c_pg5_table_00"", ""type"": ""table"", ""passed"": true, ""category"": ""table_tests""}, {""id"": ""a70c1fc81feccfd878dabffd3dc5617b584c_pg5_table_01"", ""type"": ""table"", ""passed"": true, ""category"": ""table_tests""}, {""id"": ""a70c1fc81feccfd878dabffd3dc5617b584c_pg5_table_02"", ""type"": ""table"", ""passed"": true, ""category"": ""table_tests""}, {""id"": ""a70c1fc81feccfd878dabffd3dc5617b584c_pg5_table_03"", ""type"": ""table"", ""passed"": true, ""category"": ""table_tests""}, {""id"": ""a70c1fc81feccfd878dabffd3dc5617b584c_pg5_table_04"", ""type"": ""table"", ""passed"": true, ""category"": ""table_tests""}, {""id"": ""auto_baseline"", ""type"": ""baseline"", ""passed"": true, ""category"": ""baseline""}]",,
lightonocr2,docs,tables__b2a4c508f7839c1fbd2bb29a0d56c46bc00e_pg13_pg1,22.94281626412001,2365,False,,,,,,,,,,,,False,,table_tests,11.0,11.0,"[{""id"": ""b2a4c508f7839c1fbd2bb29a0d56c46bc00e_pg13_table_00"", ""type"": ""table"", ""passed"": true, ""category"": ""table_tests""}, {""id"": ""b2a4c508f7839c1fbd2bb29a0d56c46bc00e_pg13_table_01"", ""type"": ""table"", ""passed"": true, ""category"": ""table_tests""}, {""id"": ""b2a4c508f7839c1fbd2bb29a0d56c46bc00e_pg13_table_02"", ""type"": ""table"", ""passed"": true, ""category"": ""table_tests""}, {""id"": ""b2a4c508f7839c1fbd2bb29a0d56c46bc00e_pg13_table_03"", ""type"": ""table"", ""passed"": true, ""category"": ""table_tests""}, {""id"": ""b2a4c508f7839c1fbd2bb29a0d56c46bc00e_pg13_table_04"", ""type"": ""table"", ""passed"": true, ""category"": ""table_tests""}, {""id"": ""b2a4c508f7839c1fbd2bb29a0d56c46bc00e_pg13_table_05"", ""type"": ""table"", ""passed"": true, ""category"": ""table_tests""}, {""id"": ""b2a4c508f7839c1fbd2bb29a0d56c46bc00e_pg13_table_06"", ""type"": ""table"", ""passed"": true, ""category"": ""table_tests""}, {""id"": ""b2a4c508f7839c1fbd2bb29a0d56c46bc00e_pg13_table_07"", ""type"": ""table"", ""passed"": true, ""category"": ""table_tests""}, {""id"": ""b2a4c508f7839c1fbd2bb29a0d56c46bc00e_pg13_table_08"", ""type"": ""table"", ""passed"": true, ""category"": ""table_tests""}, {""id"": ""b2a4c508f7839c1fbd2bb29a0d56c46bc00e_pg13_table_09"", ""type"": ""table"", ""passed"": true, ""category"": ""table_tests""}, {""id"": ""auto_baseline"", ""type"": ""baseline"", ""passed"": true, ""category"": ""baseline""}]",,
lightonocr2,docs,tables__b45c138c634308a84b8b2e67997bef8aa70b_pg15,22.94281626412001,2201,False,,,,,,,,,,,,False,,table_tests,6.0,6.0,"[{""id"": ""b45c138c634308a84b8b2e67997bef8aa70b_pg15_table_00"", ""type"": ""table"", ""passed"": true, ""category"": ""table_tests""}, {""id"": ""b45c138c634308a84b8b2e67997bef8aa70b_pg15_table_01"", ""type"": ""table"", ""passed"": true, ""category"": ""table_tests""}, {""id"": ""b45c138c634308a84b8b2e67997bef8aa70b_pg15_table_02"", ""type"": ""table"", ""passed"": true, ""category"": ""table_tests""}, {""id"": ""b45c138c634308a84b8b2e67997bef8aa70b_pg15_table_03"", ""type"": ""table"", ""passed"": true, ""category"": ""table_tests""}, {""id"": ""b45c138c634308a84b8b2e67997bef8aa70b_pg15_table_04"", ""type"": ""table"", ""passed"": true, ""category"": ""table_tests""}, {""id"": ""auto_baseline"", ""type"": ""baseline"", ""passed"": true, ""category"": ""baseline""}]",,
lightonocr2,docs,tables__b5d9db350b31304da912832bcbafc47b64d8_pg2_pg1,22.94281626412001,1607,False,,,,,,,,,,,,False,,table_tests,6.0,1.0,"[{""id"": ""b5d9db350b31304da912832bcbafc47b64d8_pg2_table_00"", ""type"": ""table"", ""passed"": false, ""category"": ""table_tests""}, {""id"": ""b5d9db350b31304da912832bcbafc47b64d8_pg2_table_01"", ""type"": ""table"", ""passed"": false, ""category"": ""table_tests""}, {""id"": ""b5d9db350b31304da912832bcbafc47b64d8_pg2_table_02"", ""type"": ""table"", ""passed"": false, ""category"": ""table_tests""}, {""id"": ""b5d9db350b31304da912832bcbafc47b64d8_pg2_table_03"", ""type"": ""table"", ""passed"": false, ""category"": ""table_tests""}, {""id"": ""b5d9db350b31304da912832bcbafc47b64d8_pg2_table_04"", ""type"": ""table"", ""passed"": false, ""category"": ""table_tests""}, {""id"": ""auto_baseline"", ""type"": ""baseline"", ""passed"": true, ""category"": ""baseline""}]",,
lightonocr2,docs,tables__b773892dc3e755672b9e085e9eeb8ad18690_pg1_pg1,22.94281626412001,704,False,,,,,,,,,,,,False,,table_tests,6.0,6.0,"[{""id"": ""b773892dc3e755672b9e085e9eeb8ad18690_pg1_table_00"", ""type"": ""table"", ""passed"": true, ""category"": ""table_tests""}, {""id"": ""b773892dc3e755672b9e085e9eeb8ad18690_pg1_table_01"", ""type"": ""table"", ""passed"": true, ""category"": ""table_tests""}, {""id"": ""b773892dc3e755672b9e085e9eeb8ad18690_pg1_table_02"", ""type"": ""table"", ""passed"": true, ""category"": ""table_tests""}, {""id"": ""b773892dc3e755672b9e085e9eeb8ad18690_pg1_table_03"", ""type"": ""table"", ""passed"": true, ""category"": ""table_tests""}, {""id"": ""b773892dc3e755672b9e085e9eeb8ad18690_pg1_table_04"", ""type"": ""table"", ""passed"": true, ""category"": ""table_tests""}, {""id"": ""auto_baseline"", ""type"": ""baseline"", ""passed"": true, ""category"": ""baseline""}]",,
lightonocr2,docs,tables__fd6cb6dfe3a918390855052669d9a194231a_pg3,22.94281626412001,2176,False,,,,,,,,,,,,False,,table_tests,6.0,6.0,"[{""id"": ""fd6cb6dfe3a918390855052669d9a194231a_pg3_table_00"", ""type"": ""table"", ""passed"": true, ""category"": ""table_tests""}, {""id"": ""fd6cb6dfe3a918390855052669d9a194231a_pg3_table_01"", ""type"": ""table"", ""passed"": true, ""category"": ""table_tests""}, {""id"": ""fd6cb6dfe3a918390855052669d9a194231a_pg3_table_02"", ""type"": ""table"", ""passed"": true, ""category"": ""table_tests""}, {""id"": ""fd6cb6dfe3a918390855052669d9a194231a_pg3_table_03"", ""type"": ""table"", ""passed"": true, ""category"": ""table_tests""}, {""id"": ""fd6cb6dfe3a918390855052669d9a194231a_pg3_table_04"", ""type"": ""table"", ""passed"": true, ""category"": ""table_tests""}, {""id"": ""auto_baseline"", ""type"": ""baseline"", ""passed"": true, ""category"": ""baseline""}]",,
lightonocr2,handwriting,iam_00023,0.4227161222812583,10,False,,,0.025,0.025,0.125,1.0,40.0,0.875,0.875,0.125,1.0,False,False,,,,,,
lightonocr2,handwriting,iam_00030,0.4227161222812583,17,False,,,0.03636363636363636,0.03636363636363636,0.125,2.0,55.0,0.875,0.875,0.125,1.0,False,False,,,,,,
lightonocr2,handwriting,iam_00059,0.4227161222812583,9,False,,,0.0,0.0,0.0,0.0,43.0,1.0,1.0,0.0,1.0,False,False,,,,,,
lightonocr2,handwriting,iam_00064,0.4227161222812583,13,False,,,0.014084507042253521,0.014084507042253521,0.08333333333333333,1.0,71.0,1.0,1.0,0.0,1.0,False,False,,,,,,
lightonocr2,handwriting,iam_00071,0.4227161222812583,10,False,,,0.0,0.0,0.0,0.0,39.0,1.0,1.0,0.0,1.0,False,False,,,,,,
lightonocr2,handwriting,iam_00079,0.4227161222812583,9,False,,,0.0,0.0,0.0,0.0,43.0,1.0,1.0,0.0,1.0,False,False,,,,,,
lightonocr2,handwriting,iam_00126,0.4227161222812583,13,False,,,0.0,0.0,0.0,0.0,49.0,1.0,1.0,0.0,1.0,False,False,,,,,,
lightonocr2,handwriting,iam_00143,0.4227161222812583,11,False,,,0.10256410256410256,0.10256410256410256,0.2857142857142857,4.0,39.0,0.7142857142857143,0.7142857142857143,0.2857142857142857,1.0256410256410255,False,False,,,,,,
lightonocr2,handwriting,iam_00188,0.4227161222812583,13,False,,,0.022222222222222223,0.022222222222222223,0.14285714285714285,1.0,45.0,0.875,0.875,0.125,1.0,False,False,,,,,,
lightonocr2,handwriting,iam_00258,0.4227161222812583,15,False,,,0.0,0.0,0.0,0.0,52.0,1.0,1.0,0.0,1.0,False,False,,,,,,
lightonocr2,handwriting,iam_00264,0.4227161222812583,19,False,,,0.03389830508474576,0.03389830508474576,0.2727272727272727,2.0,59.0,0.9,0.9,0.1,0.9830508474576272,False,False,,,,,,
lightonocr2,handwriting,iam_00280,0.4227161222812583,17,False,,,0.23255813953488372,0.23255813953488372,0.8,10.0,43.0,0.16666666666666666,0.2,0.8,0.8604651162790697,False,False,,,,,,
lightonocr2,handwriting,iam_00289,0.4227161222812583,16,False,,,0.03333333333333333,0.03333333333333333,0.08333333333333333,2.0,60.0,0.9166666666666666,0.9166666666666666,0.08333333333333333,1.0,False,False,,,,,,
lightonocr2,handwriting,iam_00343,0.4227161222812583,9,False,,,0.0196078431372549,0.0196078431372549,0.14285714285714285,1.0,51.0,0.8571428571428571,0.8571428571428571,0.14285714285714285,1.0,False,False,,,,,,
lightonocr2,handwriting,iam_00364,0.4227161222812583,8,False,,,0.0,0.0,0.0,0.0,36.0,1.0,1.0,0.0,1.0,False,False,,,,,,
lightonocr2,handwriting,iam_00371,0.4227161222812583,10,False,,,0.0,0.0,0.0,0.0,44.0,1.0,1.0,0.0,1.0,False,False,,,,,,
lightonocr2,handwriting,iam_00373,0.4227161222812583,6,False,,,0.0,0.0,0.0,0.0,32.0,1.0,1.0,0.0,1.0,False,False,,,,,,
lightonocr2,handwriting,iam_00403,0.4227161222812583,7,False,,,0.0,0.0,0.0,0.0,36.0,1.0,1.0,0.0,1.0,False,False,,,,,,
lightonocr2,handwriting,iam_00468,0.4227161222812583,8,False,,,0.0,0.0,0.0,0.0,37.0,1.0,1.0,0.0,1.0,False,False,,,,,,
lightonocr2,handwriting,iam_00478,0.4227161222812583,7,False,,,0.0,0.0,0.0,0.0,29.0,1.0,1.0,0.0,1.0,False,False,,,,,,
lightonocr2,handwriting,iam_00588,0.4227161222812583,9,False,,,0.0,0.0,0.0,0.0,47.0,1.0,1.0,0.0,1.0,False,False,,,,,,
lightonocr2,handwriting,iam_00608,0.4227161222812583,10,False,,,0.038461538461538464,0.038461538461538464,0.1111111111111111,2.0,52.0,1.0,1.0,0.0,0.9615384615384616,False,False,,,,,,
lightonocr2,handwriting,iam_00749,0.4227161222812583,4,False,,,0.0,0.0,0.0,0.0,12.0,1.0,1.0,0.0,1.0,False,False,,,,,,
lightonocr2,handwriting,iam_00819,0.4227161222812583,8,False,,,0.0,0.0,0.0,0.0,43.0,1.0,1.0,0.0,1.0,False,False,,,,,,
lightonocr2,handwriting,iam_00969,0.4227161222812583,10,False,,,0.0,0.0,0.0,0.0,40.0,1.0,1.0,0.0,1.0,False,False,,,,,,
lightonocr2,handwriting,iam_01020,0.4227161222812583,10,False,,,0.0,0.0,0.0,0.0,35.0,1.0,1.0,0.0,1.0,False,False,,,,,,
lightonocr2,handwriting,iam_01023,0.4227161222812583,10,False,,,0.02127659574468085,0.02127659574468085,0.14285714285714285,1.0,47.0,0.8571428571428571,0.8571428571428571,0.14285714285714285,1.0212765957446808,False,False,,,,,,
lightonocr2,handwriting,iam_01091,0.4227161222812583,12,False,,,0.0196078431372549,0.0196078431372549,0.1111111111111111,1.0,51.0,0.9,0.9,0.1,1.0,False,False,,,,,,
lightonocr2,handwriting,iam_01104,0.4227161222812583,7,False,,,0.03225806451612903,0.03225806451612903,0.16666666666666666,1.0,31.0,0.8333333333333334,0.8333333333333334,0.16666666666666666,1.0,False,False,,,,,,
lightonocr2,handwriting,iam_01238,0.4227161222812583,10,False,,,0.025,0.025,0.16666666666666666,1.0,40.0,0.8333333333333334,0.8333333333333334,0.16666666666666666,1.0,False,False,,,,,,
lightonocr2,handwriting,iam_01366,0.4227161222812583,11,False,,,0.0,0.0,0.0,0.0,47.0,1.0,1.0,0.0,1.0,False,False,,,,,,
lightonocr2,handwriting,iam_01417,0.4227161222812583,15,False,,,0.0,0.0,0.0,0.0,53.0,1.0,1.0,0.0,1.0,False,False,,,,,,
lightonocr2,handwriting,iam_01452,0.4267162887500068,12,False,,,0.0,0.0,0.0,0.0,51.0,1.0,1.0,0.0,1.0,False,False,,,,,,
lightonocr2,handwriting,iam_01455,0.4267162887500068,3,False,,,0.2,0.2,1.0,1.0,5.0,1.0,1.0,0.0,1.0,False,False,,,,,,
lightonocr2,handwriting,iam_01805,0.4267162887500068,10,False,,,0.10526315789473684,0.10526315789473684,0.125,4.0,38.0,0.875,0.875,0.125,1.0263157894736843,False,False,,,,,,
lightonocr2,handwriting,iam_01857,0.4267162887500068,11,False,,,0.02702702702702703,0.02702702702702703,0.14285714285714285,1.0,37.0,0.8571428571428571,0.8571428571428571,0.14285714285714285,1.0,False,False,,,,,,
lightonocr2,handwriting,iam_01898,0.4267162887500068,13,False,,,0.04,0.04,0.1,2.0,50.0,1.0,1.0,0.0,0.96,False,False,,,,,,
lightonocr2,handwriting,iam_01908,0.4267162887500068,15,False,,,0.018867924528301886,0.018867924528301886,0.09090909090909091,1.0,53.0,1.0,1.0,0.0,1.0188679245283019,False,False,,,,,,
lightonocr2,handwriting,iam_01970,0.4267162887500068,9,False,,,0.025,0.025,0.25,1.0,40.0,1.0,1.0,0.0,0.975,False,False,,,,,,
lightonocr2,handwriting,iam_01983,0.4267162887500068,12,False,,,0.021739130434782608,0.021739130434782608,0.2,1.0,46.0,1.0,1.0,0.0,0.9782608695652174,False,False,,,,,,
lightonocr2,handwriting,iam_01993,0.4267162887500068,10,False,,,0.0,0.0,0.0,0.0,46.0,1.0,1.0,0.0,1.0,False,False,,,,,,
lightonocr2,handwriting,iam_02060,0.4267162887500068,19,False,,,0.32653061224489793,0.32653061224489793,0.4444444444444444,16.0,49.0,0.8888888888888888,0.6666666666666666,0.3333333333333333,1.3061224489795917,False,False,,,,,,
lightonocr2,handwriting,iam_02081,0.4267162887500068,14,False,,,0.022222222222222223,0.022222222222222223,0.2,1.0,45.0,1.0,1.0,0.0,0.9777777777777777,False,False,,,,,,
lightonocr2,handwriting,iam_02109,0.4267162887500068,12,False,,,0.0,0.0,0.0,0.0,43.0,1.0,1.0,0.0,1.0,False,False,,,,,,
lightonocr2,handwriting,iam_02171,0.4267162887500068,9,False,,,0.0,0.0,0.0,0.0,40.0,1.0,1.0,0.0,1.0,False,False,,,,,,
lightonocr2,handwriting,iam_02216,0.4267162887500068,12,False,,,0.0975609756097561,0.0975609756097561,0.42857142857142855,4.0,41.0,0.7142857142857143,0.7142857142857143,0.2857142857142857,0.975609756097561,False,False,,,,,,
lightonocr2,handwriting,iam_02279,0.4267162887500068,13,False,,,0.08163265306122448,0.08163265306122448,0.2,4.0,49.0,0.8181818181818182,0.8181818181818182,0.18181818181818182,1.0,False,False,,,,,,
lightonocr2,handwriting,iam_02371,0.4267162887500068,6,False,,,0.09090909090909091,0.09090909090909091,0.2,2.0,22.0,1.0,1.0,0.0,0.9090909090909091,False,False,,,,,,
lightonocr2,handwriting,iam_02384,0.4267162887500068,16,False,,,0.1794871794871795,0.1794871794871795,0.3,7.0,39.0,0.9,0.8181818181818182,0.18181818181818182,1.1025641025641026,False,False,,,,,,
lightonocr2,handwriting,iam_02463,0.4267162887500068,11,False,,,0.0,0.0,0.0,0.0,40.0,1.0,1.0,0.0,1.0,False,False,,,,,,
lightonocr2,handwriting,iam_02522,0.4267162887500068,12,False,,,0.08163265306122448,0.08163265306122448,0.5714285714285714,4.0,49.0,1.0,1.0,0.0,1.0,False,False,,,,,,
lightonocr2,handwriting,iam_02552,0.4267162887500068,13,False,,,0.0,0.0,0.0,0.0,41.0,1.0,1.0,0.0,1.0,False,False,,,,,,
lightonocr2,handwriting,iam_02640,0.4267162887500068,14,False,,,0.0,0.0,0.0,0.0,49.0,1.0,1.0,0.0,1.0,False,False,,,,,,
lightonocr2,handwriting,iam_02655,0.4267162887500068,17,False,,,0.0196078431372549,0.0196078431372549,0.2,1.0,51.0,1.0,1.0,0.0,0.9803921568627451,False,False,,,,,,
lightonocr2,handwriting,iam_02684,0.4267162887500068,16,False,,,0.0,0.0,0.0,0.0,57.0,1.0,1.0,0.0,1.0,False,False,,,,,,
lightonocr2,handwriting,iam_02725,0.4267162887500068,12,False,,,0.0,0.0,0.0,0.0,57.0,1.0,1.0,0.0,1.0,False,False,,,,,,
lightonocr2,handwriting,iam_02733,0.4267162887500068,8,False,,,0.0,0.0,0.0,0.0,39.0,1.0,1.0,0.0,1.0,False,False,,,,,,
lightonocr2,handwriting,iam_02750,0.4267162887500068,10,False,,,0.0,0.0,0.0,0.0,40.0,1.0,1.0,0.0,1.0,False,False,,,,,,
lightonocr2,handwriting,iam_02765,0.4267162887500068,13,False,,,0.10526315789473684,0.10526315789473684,0.5,4.0,38.0,1.0,1.0,0.0,1.0,False,False,,,,,,
lightonocr2,handwriting,iam_02838,0.4267162887500068,8,False,,,0.07407407407407407,0.07407407407407407,0.3333333333333333,2.0,27.0,0.6666666666666666,0.6666666666666666,0.3333333333333333,1.0,False,False,,,,,,
lightonocr2,stress,syn000_prose__clean,13.11937016112499,508,False,,,0.0,0.0,0.0,0.0,2182.0,1.0,1.0,0.0,1.0,False,False,,,,,prose,clean
lightonocr2,stress,syn000_prose__dpi150,13.11937016112499,508,False,,,0.0,0.0,0.0,0.0,2182.0,1.0,1.0,0.0,1.0,False,False,,,,,prose,dpi150
lightonocr2,stress,syn000_prose__dpi75,13.11937016112499,508,False,,,0.0036613272311212816,0.0,0.0,0.0,2182.0,1.0,1.0,0.0,1.0,False,False,,,,,prose,dpi75
lightonocr2,stress,syn000_prose__blur,13.11937016112499,508,False,,,0.0036613272311212816,0.0,0.0,0.0,2182.0,1.0,1.0,0.0,1.0,False,False,,,,,prose,blur
lightonocr2,stress,syn000_prose__noise,13.11937016112499,508,False,,,0.0,0.0,0.0,0.0,2182.0,1.0,1.0,0.0,1.0,False,False,,,,,prose,noise
lightonocr2,stress,syn000_prose__rotate3,13.11937016112499,508,False,,,0.0,0.0,0.0,0.0,2182.0,1.0,1.0,0.0,1.0,False,False,,,,,prose,rotate3
lightonocr2,stress,syn000_prose__rotate8,13.11937016112499,508,False,,,0.0,0.0,0.0,0.0,2182.0,1.0,1.0,0.0,1.0,False,False,,,,,prose,rotate8
lightonocr2,stress,syn000_prose__jpeg_q10,13.11937016112499,508,False,,,0.0,0.0,0.0,0.0,2182.0,1.0,1.0,0.0,1.0,False,False,,,,,prose,jpeg_q10
lightonocr2,stress,syn000_prose__low_contrast,13.11937016112499,508,False,,,0.0,0.0,0.0,0.0,2182.0,1.0,1.0,0.0,1.0,False,False,,,,,prose,low_contrast
lightonocr2,stress,syn000_prose__photocopy,13.11937016112499,508,False,,,0.0,0.0,0.0,0.0,2182.0,1.0,1.0,0.0,1.0,False,False,,,,,prose,photocopy
lightonocr2,stress,syn000_prose__phone_photo,13.11937016112499,508,False,,,0.0,0.0,0.0,0.0,2182.0,1.0,1.0,0.0,1.0,False,False,,,,,prose,phone_photo
lightonocr2,stress,syn001_two_column__clean,13.11937016112499,439,False,,,0.0,0.0,0.0,0.0,2056.0,1.0,1.0,0.0,1.0,False,False,,,,,two_column,clean
lightonocr2,stress,syn001_two_column__dpi150,13.11937016112499,439,False,,,0.0,0.0,0.0,0.0,2056.0,1.0,1.0,0.0,1.0,False,False,,,,,two_column,dpi150
lightonocr2,stress,syn001_two_column__dpi75,13.11937016112499,439,False,,,0.0024319066147859923,0.0,0.0,0.0,2056.0,1.0,1.0,0.0,1.0,False,False,,,,,two_column,dpi75
lightonocr2,stress,syn001_two_column__blur,13.11937016112499,439,False,,,0.00048638132295719845,0.00048638132295719845,0.002680965147453083,1.0,2056.0,0.9973333333333333,0.9973333333333333,0.0026666666666666666,1.0,False,False,,,,,two_column,blur
lightonocr2,stress,syn001_two_column__noise,13.11937016112499,439,False,,,0.0,0.0,0.0,0.0,2056.0,1.0,1.0,0.0,1.0,False,False,,,,,two_column,noise
lightonocr2,stress,syn001_two_column__rotate3,13.11937016112499,439,False,,,0.0024319066147859923,0.0,0.0,0.0,2056.0,1.0,1.0,0.0,1.0,False,False,,,,,two_column,rotate3
lightonocr2,stress,syn001_two_column__rotate8,13.11937016112499,439,False,,,0.0,0.0,0.0,0.0,2056.0,1.0,1.0,0.0,1.0,False,False,,,,,two_column,rotate8
lightonocr2,stress,syn001_two_column__jpeg_q10,13.11937016112499,439,False,,,0.0,0.0,0.0,0.0,2056.0,1.0,1.0,0.0,1.0,False,False,,,,,two_column,jpeg_q10
lightonocr2,stress,syn001_two_column__low_contrast,13.11937016112499,439,False,,,0.0,0.0,0.0,0.0,2056.0,1.0,1.0,0.0,1.0,False,False,,,,,two_column,low_contrast
lightonocr2,stress,syn001_two_column__photocopy,13.11937016112499,439,False,,,0.0,0.0,0.0,0.0,2056.0,1.0,1.0,0.0,1.0,False,False,,,,,two_column,photocopy
lightonocr2,stress,syn001_two_column__phone_photo,13.11937016112499,439,False,,,0.0024319066147859923,0.0,0.0,0.0,2056.0,1.0,1.0,0.0,1.0,False,False,,,,,two_column,phone_photo
lightonocr2,stress,syn002_table__clean,13.11937016112499,571,False,,,0.0,0.0,0.0,0.0,426.0,1.0,1.0,0.0,1.0,False,False,,,,,table,clean
lightonocr2,stress,syn002_table__dpi150,13.11937016112499,571,False,,,0.0,0.0,0.0,0.0,426.0,1.0,1.0,0.0,1.0,False,False,,,,,table,dpi150
lightonocr2,stress,syn002_table__dpi75,13.11937016112499,584,False,,,0.0,0.0,0.0,0.0,426.0,1.0,1.0,0.0,1.0,False,False,,,,,table,dpi75
lightonocr2,stress,syn002_table__blur,13.11937016112499,584,False,,,0.0,0.0,0.0,0.0,426.0,1.0,1.0,0.0,1.0,False,False,,,,,table,blur
lightonocr2,stress,syn002_table__noise,13.11937016112499,585,False,,,0.0,0.0,0.0,0.0,426.0,1.0,1.0,0.0,1.0,False,False,,,,,table,noise
lightonocr2,stress,syn002_table__rotate3,13.11937016112499,585,False,,,0.0,0.0,0.0,0.0,426.0,1.0,1.0,0.0,1.0,False,False,,,,,table,rotate3
lightonocr2,stress,syn002_table__rotate8,13.11937016112499,617,False,,,0.26291079812206575,0.26291079812206575,0.4,112.0,426.0,1.0,1.0,0.0,1.0,False,False,,,,,table,rotate8
lightonocr2,stress,syn002_table__jpeg_q10,13.11937016112499,585,False,,,0.0,0.0,0.0,0.0,426.0,1.0,1.0,0.0,1.0,False,False,,,,,table,jpeg_q10
lightonocr2,stress,syn002_table__low_contrast,13.11937016112499,584,False,,,0.0,0.0,0.0,0.0,426.0,1.0,1.0,0.0,1.0,False,False,,,,,table,low_contrast
lightonocr2,stress,syn002_table__photocopy,13.11937016112499,571,False,,,0.0,0.0,0.0,0.0,426.0,1.0,1.0,0.0,1.0,False,False,,,,,table,photocopy
lightonocr2,stress,syn002_table__phone_photo,12.985767431652182,584,False,,,0.0,0.0,0.0,0.0,426.0,1.0,1.0,0.0,1.0,False,False,,,,,table,phone_photo
lightonocr2,stress,syn003_invoice__clean,12.985767431652182,447,False,,,0.0,0.0,0.0,0.0,463.0,1.0,1.0,0.0,1.0,False,False,,,,,invoice,clean
lightonocr2,stress,syn003_invoice__dpi150,12.985767431652182,447,False,,,0.0,0.0,0.0,0.0,463.0,1.0,1.0,0.0,1.0,False,False,,,,,invoice,dpi150
lightonocr2,stress,syn003_invoice__dpi75,12.985767431652182,463,False,,,0.0,0.0,0.0,0.0,463.0,1.0,1.0,0.0,1.0,False,False,,,,,invoice,dpi75
lightonocr2,stress,syn003_invoice__blur,12.985767431652182,463,False,,,0.0,0.0,0.0,0.0,463.0,1.0,1.0,0.0,1.0,False,False,,,,,invoice,blur
lightonocr2,stress,syn003_invoice__noise,12.985767431652182,463,False,,,0.0,0.0,0.0,0.0,463.0,1.0,1.0,0.0,1.0,False,False,,,,,invoice,noise
lightonocr2,stress,syn003_invoice__rotate3,12.985767431652182,447,False,,,0.0,0.0,0.0,0.0,463.0,1.0,1.0,0.0,1.0,False,False,,,,,invoice,rotate3
lightonocr2,stress,syn003_invoice__rotate8,12.985767431652182,531,False,,,0.032397408207343416,0.032397408207343416,0.045454545454545456,15.0,463.0,0.967391304347826,0.967391304347826,0.03260869565217391,1.0,False,False,,,,,invoice,rotate8
lightonocr2,stress,syn003_invoice__jpeg_q10,12.985767431652182,447,False,,,0.0,0.0,0.0,0.0,463.0,1.0,1.0,0.0,1.0,False,False,,,,,invoice,jpeg_q10
lightonocr2,stress,syn003_invoice__low_contrast,12.985767431652182,463,False,,,0.0,0.0,0.0,0.0,463.0,1.0,1.0,0.0,1.0,False,False,,,,,invoice,low_contrast
lightonocr2,stress,syn003_invoice__photocopy,12.985767431652182,463,False,,,0.0,0.0,0.0,0.0,463.0,1.0,1.0,0.0,1.0,False,False,,,,,invoice,photocopy
lightonocr2,stress,syn003_invoice__phone_photo,12.985767431652182,463,False,,,0.0,0.0,0.0,0.0,463.0,1.0,1.0,0.0,1.0,False,False,,,,,invoice,phone_photo
lightonocr2,stress,syn004_prose__clean,12.985767431652182,505,False,,,0.0,0.0,0.0,0.0,2242.0,1.0,1.0,0.0,1.0,False,False,,,,,prose,clean
lightonocr2,stress,syn004_prose__dpi150,12.985767431652182,505,False,,,0.0,0.0,0.0,0.0,2242.0,1.0,1.0,0.0,1.0,False,False,,,,,prose,dpi150
lightonocr2,stress,syn004_prose__dpi75,12.985767431652182,505,False,,,0.0008920606601248885,0.0008920606601248885,0.0025575447570332483,2.0,2242.0,0.9974619289340102,0.9974619289340102,0.0025380710659898475,1.0008920606601248,False,False,,,,,prose,dpi75
lightonocr2,stress,syn004_prose__blur,12.985767431652182,505,False,,,0.0,0.0,0.0,0.0,2242.0,1.0,1.0,0.0,1.0,False,False,,,,,prose,blur
lightonocr2,stress,syn004_prose__noise,12.985767431652182,505,False,,,0.0,0.0,0.0,0.0,2242.0,1.0,1.0,0.0,1.0,False,False,,,,,prose,noise
lightonocr2,stress,syn004_prose__rotate3,12.985767431652182,505,False,,,0.0,0.0,0.0,0.0,2242.0,1.0,1.0,0.0,1.0,False,False,,,,,prose,rotate3
lightonocr2,stress,syn004_prose__rotate8,12.985767431652182,505,False,,,0.0,0.0,0.0,0.0,2242.0,1.0,1.0,0.0,1.0,False,False,,,,,prose,rotate8
lightonocr2,stress,syn004_prose__jpeg_q10,12.985767431652182,505,False,,,0.0,0.0,0.0,0.0,2242.0,1.0,1.0,0.0,1.0,False,False,,,,,prose,jpeg_q10
lightonocr2,stress,syn004_prose__low_contrast,12.985767431652182,505,False,,,0.0,0.0,0.0,0.0,2242.0,1.0,1.0,0.0,1.0,False,False,,,,,prose,low_contrast
lightonocr2,stress,syn004_prose__photocopy,12.985767431652182,505,False,,,0.0,0.0,0.0,0.0,2242.0,1.0,1.0,0.0,1.0,False,False,,,,,prose,photocopy
lightonocr2,stress,syn004_prose__phone_photo,12.985767431652182,505,False,,,0.0,0.0,0.0,0.0,2242.0,1.0,1.0,0.0,1.0,False,False,,,,,prose,phone_photo
qwen2.5-vl-3b,books,birdsofgreatbrit02butl_0093_full,12.927367556687614,576,False,birdsofgreatbrit02butl,en,0.03277972027972028,0.025283347863993024,0.03504043126684636,58.0,2294.0,0.9896373056994818,0.9896373056994818,0.010362694300518135,1.0,False,False,,,,,,
qwen2.5-vl-3b,books,birdsofgreatbrit02butl_0126_full,12.927367556687614,702,False,birdsofgreatbrit02butl,en,0.019027484143763214,0.009154929577464789,0.03036876355748373,26.0,2840.0,0.9778225806451613,0.9758551307847082,0.02414486921529175,0.9992957746478873,False,False,,,,,,
qwen2.5-vl-3b,books,birdsofgreatbrit02butl_0156_full,12.927367556687614,474,False,birdsofgreatbrit02butl,en,0.3897849462365591,0.3780748663101604,0.4440789473684211,707.0,1870.0,0.9903846153846154,0.9935691318327974,0.006430868167202572,0.9994652406417113,False,False,,,,,,
qwen2.5-vl-3b,books,birdsofgreatbrit02butl_0159_full,12.927367556687614,684,False,birdsofgreatbrit02butl,en,0.01557632398753894,0.007939247497411116,0.009652509652509652,23.0,2897.0,0.9887640449438202,0.9962264150943396,0.0037735849056603774,0.9927511218501899,False,False,,,,,,
qwen2.5-vl-3b,books,birdsofgreatbrit02butl_0172_full,12.927367556687614,708,False,birdsofgreatbrit02butl,en,0.026915769474350856,0.010999371464487744,0.017241379310344827,35.0,3182.0,0.9847457627118644,0.9931623931623932,0.006837606837606838,0.9912005028284098,False,False,,,,,,
qwen2.5-vl-3b,books,birdsofgreatbrit02butl_0308_full,12.927367556687614,428,False,birdsofgreatbrit02butl,en,0.027945205479452055,0.020262869660460023,0.027439024390243903,37.0,1826.0,0.9851632047477745,0.996996996996997,0.003003003003003003,0.9890470974808324,False,False,,,,,,
qwen2.5-vl-3b,books,birdsofgreatbrit02butl_0312_full,12.927367556687614,301,False,birdsofgreatbrit02butl,en,0.0046641791044776115,0.0027958993476234857,0.016853932584269662,3.0,1073.0,0.989010989010989,0.9782608695652174,0.021739130434782608,1.0018639328984156,False,False,,,,,,
qwen2.5-vl-3b,books,birdsofgreatbrit02butl_0320_full,12.927367556687614,502,False,birdsofgreatbrit02butl,en,0.028220300409649523,0.02456778889899909,0.024657534246575342,54.0,2198.0,0.9817708333333334,0.9973544973544973,0.0026455026455026454,0.9831665150136488,False,False,,,,,,
qwen2.5-vl-3b,books,birdsofgreatbrit02butl_0328_full,12.927367556687614,224,False,birdsofgreatbrit02butl,en,0.14637904468412943,0.14637904468412943,0.3684210526315789,95.0,649.0,0.8867924528301887,0.8867924528301887,0.11320754716981132,1.0061633281972264,False,False,,,,,,
qwen2.5-vl-3b,books,conchologiaiconi05reev_0039_full,12.927367556687614,1143,False,conchologiaiconi05reev,en,0.12391857506361323,0.11405295315682282,0.2329246935201401,448.0,3928.0,0.8153846153846154,0.8672727272727273,0.13272727272727272,0.9480651731160896,False,False,,,,,,
qwen2.5-vl-3b,books,conchologiaiconi05reev_0127_full,12.927367556687614,1273,False,conchologiaiconi05reev,en,0.11326305467026232,0.09968003937976865,0.2702702702702703,405.0,4063.0,0.7732342007434945,0.7761194029850746,0.22388059701492538,0.9945852818114693,False,False,,,,,,
qwen2.5-vl-3b,books,conchologiaiconi05reev_0200_full,12.927367556687614,598,False,conchologiaiconi05reev,en,0.577133907595928,0.5686480799579169,0.5904572564612326,2162.0,3802.0,0.4425287356321839,0.9314516129032258,0.06854838709677419,0.4476591267753814,False,False,,,,,,
qwen2.5-vl-3b,books,conchologiaiconi05reev_0235_full,12.927367556687614,1141,False,conchologiaiconi05reev,en,0.13300083125519535,0.11799000555247086,0.2956521739130435,425.0,3602.0,0.7740585774058577,0.7805907172995781,0.21940928270042195,0.9991671293725708,False,False,,,,,,
qwen2.5-vl-3b,books,conchologiaiconi05reev_0271_full,12.927367556687614,1233,False,conchologiaiconi05reev,en,0.11307609860664523,0.1007232788641843,0.27941176470588236,376.0,3733.0,0.7971602434077079,0.7923387096774194,0.20766129032258066,0.993570854540584,False,False,,,,,,
qwen2.5-vl-3b,books,conchologiaiconi05reev_0276_full,12.927367556687614,4096,False,conchologiaiconi05reev,en,0.9956284153005465,0.9956169186938417,0.9965156794425087,4543.0,4563.0,0.005025125628140704,1.0,0.0,0.0043830813061582295,False,True,,,,,,
qwen2.5-vl-3b,books,conchologiaiconi05reev_0350_full,12.927367556687614,617,False,conchologiaiconi05reev,en,0.5391304347826087,0.5323840146991272,0.6610169491525424,1159.0,2177.0,0.7019867549668874,0.8313725490196079,0.16862745098039217,0.8589802480477722,False,False,,,,,,
qwen2.5-vl-3b,books,conchologiaiconi05reev_0354_full,13.799848321375066,1161,False,conchologiaiconi05reev,en,0.08574641551869552,0.06913996627318718,0.20675105485232068,246.0,3558.0,0.821501014198783,0.81,0.19,1.016301292861158,False,False,,,,,,
qwen2.5-vl-3b,books,conchologiaiconi05reev_0433_full,13.799848321375066,612,False,conchologiaiconi05reev,en,0.5989710262659085,0.5970108695652174,0.7369565217391304,2197.0,3680.0,0.4086242299794661,0.7991967871485943,0.20080321285140562,0.5070652173913044,False,False,,,,,,
qwen2.5-vl-3b,books,daschitinskelett00prel_0011_full,13.799848321375066,875,False,daschitinskelett00prel,de,0.032104259376986646,0.029036375239310786,0.1728110599078341,91.0,3134.0,0.9535962877030162,0.85625,0.14375,1.0098915124441608,False,False,,,,,,
qwen2.5-vl-3b,books,daschitinskelett00prel_0021_full,13.799848321375066,4096,False,daschitinskelett00prel,de,1.0,1.0,1.0,3851.0,3851.0,0.0,0.0,0.0,0.0,True,True,,,,,,
qwen2.5-vl-3b,books,daschitinskelett00prel_0034_full,13.799848321375066,850,False,daschitinskelett00prel,de,0.025117213663764234,0.025150905432595575,0.13615023474178403,75.0,2982.0,0.96,0.8850325379609545,0.11496746203904555,1.0093896713615023,False,False,,,,,,
qwen2.5-vl-3b,books,daschitinskelett00prel_0037_full,13.799848321375066,1127,False,daschitinskelett00prel,de,0.026128266033254157,0.021462639109697933,0.14571948998178508,81.0,3774.0,0.9616788321167883,0.8739635157545605,0.12603648424543948,1.0132485426603073,False,False,,,,,,
qwen2.5-vl-3b,books,daschitinskelett00prel_0038_full,13.799848321375066,1111,False,daschitinskelett00prel,de,0.015815400570391495,0.01171569903670919,0.09056603773584905,45.0,3841.0,0.9773584905660377,0.9200710479573713,0.07992895204262877,1.0067690705545431,False,False,,,,,,
qwen2.5-vl-3b,books,daschitinskelett00prel_0051_full,13.799848321375066,1086,False,daschitinskelett00prel,de,0.024955886059994957,0.02199747155499368,0.0625,87.0,3955.0,0.953405017921147,0.9602888086642599,0.039711191335740074,0.9926675094816688,False,False,,,,,,
qwen2.5-vl-3b,books,daschitinskelett00prel_0057_full,13.799848321375066,962,False,daschitinskelett00prel,de,0.016341743119266054,0.015212399540757749,0.04411764705882353,53.0,3484.0,0.9621848739495799,0.9662447257383966,0.03375527426160337,0.9936854190585533,False,False,,,,,,
qwen2.5-vl-3b,books,daschitinskelett00prel_0060_full,13.799848321375066,256,False,daschitinskelett00prel,de,0.013303769401330377,0.005580357142857143,0.024793388429752067,5.0,896.0,0.9831932773109243,0.9831932773109243,0.01680672268907563,0.9944196428571429,False,False,,,,,,
qwen2.5-vl-3b,books,histoirenaturell10cuvi_0014_full,13.799848321375066,331,False,histoirenaturell10cuvi,fr,0.02857142857142857,0.022033898305084745,0.0625,26.0,1180.0,0.9468085106382979,0.9417989417989417,0.0582010582010582,0.9957627118644068,False,False,,,,,,
qwen2.5-vl-3b,books,histoirenaturell10cuvi_0070_full,13.799848321375066,417,False,histoirenaturell10cuvi,fr,0.09046454767726161,0.05925925925925926,0.11650485436893204,72.0,1215.0,0.9417040358744395,0.9417040358744395,0.05829596412556054,0.9967078189300411,False,False,,,,,,
qwen2.5-vl-3b,books,histoirenaturell10cuvi_0172_full,13.799848321375066,349,False,histoirenaturell10cuvi,fr,0.013876843018213356,0.0,0.0,0.0,1150.0,1.0,1.0,0.0,1.0,False,False,,,,,,
qwen2.5-vl-3b,books,histoirenaturell10cuvi_0188_full,13.799848321375066,477,False,histoirenaturell10cuvi,fr,0.023809523809523808,0.005154639175257732,0.03018867924528302,8.0,1552.0,0.9728813559322034,0.9695945945945946,0.030405405405405407,1.0006443298969072,False,False,,,,,,
qwen2.5-vl-3b,books,histoirenaturell10cuvi_0251_full,13.799848321375066,388,False,histoirenaturell10cuvi,fr,0.026450511945392493,0.005176876617773943,0.01990049751243781,6.0,1159.0,0.9813084112149533,0.9813084112149533,0.018691588785046728,1.0,False,False,,,,,,
qwen2.5-vl-3b,books,histoirenaturell10cuvi_0343_full,13.799848321375066,391,False,histoirenaturell10cuvi,fr,0.0437842064112588,0.02766798418972332,0.06030150753768844,35.0,1265.0,0.9754901960784313,0.961352657004831,0.03864734299516908,0.9968379446640316,False,False,,,,,,
qwen2.5-vl-3b,books,histoirenaturell10cuvi_0369_full,14.070035555933282,422,False,histoirenaturell10cuvi,fr,0.024615384615384615,0.004640371229698376,0.02727272727272727,6.0,1293.0,0.9827586206896551,0.9827586206896551,0.017241379310344827,1.0,False,False,,,,,,
qwen2.5-vl-3b,books,histoirenaturell10cuvi_0425_full,14.070035555933282,4096,False,histoirenaturell10cuvi,fr,0.9860671310956302,0.9860050890585241,0.9891696750902527,1550.0,1572.0,0.01020408163265306,0.75,0.25,0.014631043256997456,False,True,,,,,,
qwen2.5-vl-3b,books,pisciumquerelaee00sche_0012_full,14.070035555933282,598,False,pisciumquerelaee00sche,la,0.13817748659916618,0.11633514165159735,0.4449152542372881,193.0,1659.0,0.5632183908045977,0.6074380165289256,0.3925619834710744,1.0367691380349608,False,False,,,,,,
qwen2.5-vl-3b,books,pisciumquerelaee00sche_0013_full,14.070035555933282,610,False,pisciumquerelaee00sche,la,0.10306242638398115,0.10225921521997622,0.4125,172.0,1682.0,0.6142322097378277,0.6639676113360324,0.3360323886639676,1.036860879904875,False,False,,,,,,
qwen2.5-vl-3b,books,pisciumquerelaee00sche_0016_full,14.070035555933282,591,False,pisciumquerelaee00sche,la,0.0975,0.09246358454718176,0.43171806167400884,146.0,1579.0,0.6074380165289256,0.630901287553648,0.36909871244635195,1.0227992400253325,False,False,,,,,,
qwen2.5-vl-3b,books,pisciumquerelaee00sche_0035_full,14.070035555933282,584,False,pisciumquerelaee00sche,la,0.12134146341463414,0.10128913443830571,0.4298245614035088,165.0,1629.0,0.6666666666666666,0.6949152542372882,0.3050847457627119,1.0306936771025168,False,False,,,,,,
qwen2.5-vl-3b,books,pisciumquerelaee00sche_0038_full,14.070035555933282,530,False,pisciumquerelaee00sche,la,0.11613351877607789,0.11802120141342756,0.41624365482233505,167.0,1415.0,0.6386138613861386,0.6615384615384615,0.3384615384615385,1.0289752650176678,False,False,,,,,,
qwen2.5-vl-3b,books,pisciumquerelaee00sche_0040_full,14.070035555933282,719,False,pisciumquerelaee00sche,la,0.11616161616161616,0.11841359773371105,0.39705882352941174,209.0,1765.0,0.6192052980132451,0.6925925925925925,0.3074074074074074,1.0521246458923512,False,False,,,,,,
qwen2.5-vl-3b,books,pisciumquerelaee00sche_0041_full,14.070035555933282,536,False,pisciumquerelaee00sche,la,0.10888610763454318,0.10233733417561591,0.4125,162.0,1583.0,0.5862068965517241,0.6594827586206896,0.34051724137931033,1.0277953253316487,False,False,,,,,,
qwen2.5-vl-3b,books,pisciumquerelaee00sche_0044_full,14.070035555933282,4096,False,pisciumquerelaee00sche,la,28.720588235294116,28.995049504950494,35.94642857142857,11714.0,404.0,0.4339622641509434,0.011307767944936086,0.988692232055064,29.78960396039604,False,True,,,,,,
qwen2.5-vl-3b,books,trudyrusskagoent161881russ_0098_full,14.070035555933282,603,False,trudyrusskagoent161881russ,fr+de,0.018543956043956044,0.01032346868547832,0.05392156862745098,15.0,1453.0,0.9849246231155779,0.98989898989899,0.010101010101010102,0.9924294562973159,False,False,,,,,,
qwen2.5-vl-3b,books,trudyrusskagoent161881russ_0121_full,14.070035555933282,544,False,trudyrusskagoent161881russ,fr+de,0.024946921443736732,0.010106382978723405,0.05190311418685121,19.0,1880.0,0.972027972027972,0.9788732394366197,0.02112676056338028,0.9936170212765958,False,False,,,,,,
qwen2.5-vl-3b,books,trudyrusskagoent161881russ_0276_full,14.070035555933282,512,False,trudyrusskagoent161881russ,fr+de,0.017361111111111112,0.006944444444444444,0.03187250996015936,12.0,1728.0,0.9838056680161943,0.9838056680161943,0.016194331983805668,0.9976851851851852,False,False,,,,,,
qwen2.5-vl-3b,books,trudyrusskagoent161881russ_0329_full,14.070035555933282,685,False,trudyrusskagoent161881russ,fr+de,0.016229116945107397,0.004314477468839885,0.023972602739726026,9.0,2086.0,0.9862068965517241,0.9862068965517241,0.013793103448275862,0.99856184084372,False,False,,,,,,
qwen2.5-vl-3b,books,trudyrusskagoent161881russ_0357_full,14.070035555933282,529,False,trudyrusskagoent161881russ,fr+de,0.05478662053056517,0.042948345908299476,0.0995850622406639,74.0,1723.0,0.9297520661157025,0.9698275862068966,0.03017241379310345,0.9628554846198492,False,False,,,,,,
qwen2.5-vl-3b,books,trudyrusskagoent161881russ_0379_full,33.37434432000009,597,False,trudyrusskagoent161881russ,fr+de,0.023976023976023976,0.012042147516307075,0.05660377358490566,24.0,1993.0,0.972972972972973,0.972972972972973,0.02702702702702703,0.9979929754139488,False,False,,,,,,
qwen2.5-vl-3b,books,trudyrusskagoent161881russ_0388_full,13.77014591400075,578,False,trudyrusskagoent161881russ,fr+de,0.025122883670125613,0.016967706622879036,0.04713804713804714,31.0,1827.0,0.9870550161812298,0.9744408945686901,0.025559105431309903,1.0010946907498632,False,False,,,,,,
qwen2.5-vl-3b,books,trudyrusskagoent161881russ_0446_full,13.77014591400075,358,False,trudyrusskagoent161881russ,fr+de,0.026022304832713755,0.018691588785046728,0.07329842931937172,20.0,1070.0,0.965,0.9601990049751243,0.03980099502487562,0.991588785046729,False,False,,,,,,
qwen2.5-vl-3b,docs,headers_footers__0b8de922246569bf96136cd5bb1d9643b2d269fe_page_10_processed,12.943690910375153,345,False,,,,,,,,,,,,False,,headers_footers,2.0,2.0,"[{""id"": ""0b8de922246569bf96136cd5bb1d9643b2d269fe_page_10_processed.pdf_manual_00"", ""type"": ""absent"", ""passed"": true, ""category"": ""headers_footers""}, {""id"": ""auto_baseline"", ""type"": ""baseline"", ""passed"": true, ""category"": ""baseline""}]",,
qwen2.5-vl-3b,docs,headers_footers__12e836a20227be4b63f7dcdebb2498e9d189d4da_page_5_processed,12.943690910375153,938,False,,,,,,,,,,,,False,,headers_footers,4.0,3.0,"[{""id"": ""12e836a20227be4b63f7dcdebb2498e9d189d4da_page_5_processed_pg1_header_00"", ""type"": ""absent"", ""passed"": true, ""category"": ""headers_footers""}, {""id"": ""12e836a20227be4b63f7dcdebb2498e9d189d4da_page_5_processed_pg1_header_01"", ""type"": ""absent"", ""passed"": false, ""category"": ""headers_footers""}, {""id"": ""12e836a20227be4b63f7dcdebb2498e9d189d4da_page_5_processed_pg1_header_02"", ""type"": ""absent"", ""passed"": true, ""category"": ""headers_footers""}, {""id"": ""auto_baseline"", ""type"": ""baseline"", ""passed"": true, ""category"": ""baseline""}]",,
qwen2.5-vl-3b,docs,headers_footers__17ce5025be595d7fc2c3a347b6a2fa4e4d06419d_page_1,12.943690910375153,126,False,,,,,,,,,,,,False,,headers_footers,2.0,2.0,"[{""id"": ""17ce5025be595d7fc2c3a347b6a2fa4e4d06419d_page_1_header_00"", ""type"": ""absent"", ""passed"": true, ""category"": ""headers_footers""}, {""id"": ""auto_baseline"", ""type"": ""baseline"", ""passed"": true, ""category"": ""baseline""}]",,
qwen2.5-vl-3b,docs,headers_footers__1a3e61746b0965df09bce6cb1051c455807363d5_page_1,12.943690910375153,279,False,,,,,,,,,,,,False,,headers_footers,3.0,3.0,"[{""id"": ""1a3e61746b0965df09bce6cb1051c455807363d5_page_1_header_00"", ""type"": ""absent"", ""passed"": true, ""category"": ""headers_footers""}, {""id"": ""1a3e61746b0965df09bce6cb1051c455807363d5_page_1.pdf_manual_00"", ""type"": ""absent"", ""passed"": true, ""category"": ""headers_footers""}, {""id"": ""auto_baseline"", ""type"": ""baseline"", ""passed"": true, ""category"": ""baseline""}]",,
qwen2.5-vl-3b,docs,headers_footers__2cb8b9fbe5aaac3d7f95d110a3b08132ee09d103_page_2,12.943690910375153,686,False,,,,,,,,,,,,False,,headers_footers,3.0,1.0,"[{""id"": ""2cb8b9fbe5aaac3d7f95d110a3b08132ee09d103_page_2_header_00"", ""type"": ""absent"", ""passed"": false, ""category"": ""headers_footers""}, {""id"": ""2cb8b9fbe5aaac3d7f95d110a3b08132ee09d103_page_2.pdf_manual_00"", ""type"": ""absent"", ""passed"": false, ""category"": ""headers_footers""}, {""id"": ""auto_baseline"", ""type"": ""baseline"", ""passed"": true, ""category"": ""baseline""}]",,
qwen2.5-vl-3b,docs,headers_footers__363300831b3da664b1bfe972e4f86464fa076da3_page_149,12.943690910375153,1081,False,,,,,,,,,,,,False,,headers_footers,6.0,4.0,"[{""id"": ""363300831b3da664b1bfe972e4f86464fa076da3_page_149_header_00"", ""type"": ""absent"", ""passed"": true, ""category"": ""headers_footers""}, {""id"": ""363300831b3da664b1bfe972e4f86464fa076da3_page_149_header_01"", ""type"": ""absent"", ""passed"": true, ""category"": ""headers_footers""}, {""id"": ""363300831b3da664b1bfe972e4f86464fa076da3_page_149_header_15"", ""type"": ""absent"", ""passed"": false, ""category"": ""headers_footers""}, {""id"": ""363300831b3da664b1bfe972e4f86464fa076da3_page_149_header_16"", ""type"": ""absent"", ""passed"": false, ""category"": ""headers_footers""}, {""id"": ""363300831b3da664b1bfe972e4f86464fa076da3_page_149.pdf_manual_00"", ""type"": ""absent"", ""passed"": true, ""category"": ""headers_footers""}, {""id"": ""auto_baseline"", ""type"": ""baseline"", ""passed"": true, ""category"": ""baseline""}]",,
qwen2.5-vl-3b,docs,headers_footers__62621cef2b1d5356a063aa7c9c735ac396fb2223_page_33,12.943690910375153,700,False,,,,,,,,,,,,False,,headers_footers,4.0,3.0,"[{""id"": ""62621cef2b1d5356a063aa7c9c735ac396fb2223_page_33_header_00"", ""type"": ""absent"", ""passed"": true, ""category"": ""headers_footers""}, {""id"": ""62621cef2b1d5356a063aa7c9c735ac396fb2223_page_33.pdf_manual_00"", ""type"": ""absent"", ""passed"": true, ""category"": ""headers_footers""}, {""id"": ""62621cef2b1d5356a063aa7c9c735ac396fb2223_page_33.pdf_manual_01"", ""type"": ""absent"", ""passed"": false, ""category"": ""headers_footers""}, {""id"": ""auto_baseline"", ""type"": ""baseline"", ""passed"": true, ""category"": ""baseline""}]",,
qwen2.5-vl-3b,docs,headers_footers__7901d119ed91a89f8fbabf0eef7174d75a7656e3_page_1,12.943690910375153,442,False,,,,,,,,,,,,False,,headers_footers,2.0,2.0,"[{""id"": ""7901d119ed91a89f8fbabf0eef7174d75a7656e3_page_1.pdf_manual_00"", ""type"": ""absent"", ""passed"": true, ""category"": ""headers_footers""}, {""id"": ""auto_baseline"", ""type"": ""baseline"", ""passed"": true, ""category"": ""baseline""}]",,
qwen2.5-vl-3b,docs,headers_footers__ba10222e40f05d76e2bf1d51c39066a4b1fe82ed_page_11,12.943690910375153,440,False,,,,,,,,,,,,False,,headers_footers,3.0,3.0,"[{""id"": ""ba10222e40f05d76e2bf1d51c39066a4b1fe82ed_page_11_header_00"", ""type"": ""absent"", ""passed"": true, ""category"": ""headers_footers""}, {""id"": ""ba10222e40f05d76e2bf1d51c39066a4b1fe82ed_page_11.pdf_manual_00"", ""type"": ""absent"", ""passed"": true, ""category"": ""headers_footers""}, {""id"": ""auto_baseline"", ""type"": ""baseline"", ""passed"": true, ""category"": ""baseline""}]",,
qwen2.5-vl-3b,docs,headers_footers__d8b9c4cd0ba9b036e09168c8dccccd1d43315ef4_page_1,12.943690910375153,995,False,,,,,,,,,,,,False,,headers_footers,3.0,3.0,"[{""id"": ""d8b9c4cd0ba9b036e09168c8dccccd1d43315ef4_page_1_header_00"", ""type"": ""absent"", ""passed"": true, ""category"": ""headers_footers""}, {""id"": ""d8b9c4cd0ba9b036e09168c8dccccd1d43315ef4_page_1.pdf_manual_00"", ""type"": ""absent"", ""passed"": true, ""category"": ""headers_footers""}, {""id"": ""auto_baseline"", ""type"": ""baseline"", ""passed"": true, ""category"": ""baseline""}]",,
qwen2.5-vl-3b,docs,long_tiny_text__11_pg161_pg1,12.943690910375153,1861,False,,,,,,,,,,,,False,,long_tiny_text,9.0,9.0,"[{""id"": ""11_pg161_pg1_text_00"", ""type"": ""present"", ""passed"": true, ""category"": ""long_tiny_text""}, {""id"": ""11_pg161_pg1_text_01"", ""type"": ""present"", ""passed"": true, ""category"": ""long_tiny_text""}, {""id"": ""11_pg161_pg1_text_02"", ""type"": ""present"", ""passed"": true, ""category"": ""long_tiny_text""}, {""id"": ""11_pg161_pg1_text_03"", ""type"": ""present"", ""passed"": true, ""category"": ""long_tiny_text""}, {""id"": ""11_pg161_pg1_text_04"", ""type"": ""present"", ""passed"": true, ""category"": ""long_tiny_text""}, {""id"": ""11_pg161_pg1_text_05"", ""type"": ""present"", ""passed"": true, ""category"": ""long_tiny_text""}, {""id"": ""11_pg161_pg1_text_06"", ""type"": ""present"", ""passed"": true, ""category"": ""long_tiny_text""}, {""id"": ""11_pg161_pg1_text_07"", ""type"": ""present"", ""passed"": true, ""category"": ""long_tiny_text""}, {""id"": ""auto_baseline"", ""type"": ""baseline"", ""passed"": true, ""category"": ""baseline""}]",,
qwen2.5-vl-3b,docs,long_tiny_text__11_pg375_pg1,12.943690910375153,1631,False,,,,,,,,,,,,False,,long_tiny_text,4.0,3.0,"[{""id"": ""11_pg375_pg1_text_00"", ""type"": ""present"", ""passed"": true, ""category"": ""long_tiny_text""}, {""id"": ""11_pg375_pg1_text_01"", ""type"": ""present"", ""passed"": true, ""category"": ""long_tiny_text""}, {""id"": ""11_pg375_pg1_text_02"", ""type"": ""present"", ""passed"": false, ""category"": ""long_tiny_text""}, {""id"": ""auto_baseline"", ""type"": ""baseline"", ""passed"": true, ""category"": ""baseline""}]",,
qwen2.5-vl-3b,docs,long_tiny_text__13_pg556_pg1,12.943690910375153,2095,False,,,,,,,,,,,,False,,long_tiny_text,5.0,5.0,"[{""id"": ""13_pg556_pg1_text_00"", ""type"": ""present"", ""passed"": true, ""category"": ""long_tiny_text""}, {""id"": ""13_pg556_pg1_text_01"", ""type"": ""present"", ""passed"": true, ""category"": ""long_tiny_text""}, {""id"": ""13_pg556_pg1_text_02"", ""type"": ""present"", ""passed"": true, ""category"": ""long_tiny_text""}, {""id"": ""13_pg556_pg1_text_03"", ""type"": ""present"", ""passed"": true, ""category"": ""long_tiny_text""}, {""id"": ""auto_baseline"", ""type"": ""baseline"", ""passed"": true, ""category"": ""baseline""}]",,
qwen2.5-vl-3b,docs,long_tiny_text__13_pg566_pg1,12.943690910375153,1930,False,,,,,,,,,,,,False,,long_tiny_text,6.0,6.0,"[{""id"": ""13_pg566_pg1_text_00"", ""type"": ""present"", ""passed"": true, ""category"": ""long_tiny_text""}, {""id"": ""13_pg566_pg1_text_01"", ""type"": ""present"", ""passed"": true, ""category"": ""long_tiny_text""}, {""id"": ""13_pg566_pg1_text_02"", ""type"": ""present"", ""passed"": true, ""category"": ""long_tiny_text""}, {""id"": ""13_pg566_pg1_text_03"", ""type"": ""present"", ""passed"": true, ""category"": ""long_tiny_text""}, {""id"": ""13_pg566_pg1_text_04"", ""type"": ""present"", ""passed"": true, ""category"": ""long_tiny_text""}, {""id"": ""auto_baseline"", ""type"": ""baseline"", ""passed"": true, ""category"": ""baseline""}]",,
qwen2.5-vl-3b,docs,long_tiny_text__13_pg67_pg1,12.943690910375153,4096,False,,,,,,,,,,,,False,,long_tiny_text,6.0,1.0,"[{""id"": ""13_pg67_pg1_text_00"", ""type"": ""present"", ""passed"": false, ""category"": ""long_tiny_text""}, {""id"": ""13_pg67_pg1_text_01"", ""type"": ""present"", ""passed"": false, ""category"": ""long_tiny_text""}, {""id"": ""13_pg67_pg1_text_02"", ""type"": ""present"", ""passed"": false, ""category"": ""long_tiny_text""}, {""id"": ""13_pg67_pg1_text_03"", ""type"": ""present"", ""passed"": false, ""category"": ""long_tiny_text""}, {""id"": ""13_pg67_pg1_text_04"", ""type"": ""present"", ""passed"": false, ""category"": ""long_tiny_text""}, {""id"": ""auto_baseline"", ""type"": ""baseline"", ""passed"": true, ""category"": ""baseline""}]",,
qwen2.5-vl-3b,docs,long_tiny_text__14a_pg1,12.943690910375153,2648,False,,,,,,,,,,,,False,,long_tiny_text,6.0,3.0,"[{""id"": ""14a_pg1_text_01"", ""type"": ""present"", ""passed"": true, ""category"": ""long_tiny_text""}, {""id"": ""14a_pg1_text_02"", ""type"": ""present"", ""passed"": false, ""category"": ""long_tiny_text""}, {""id"": ""14a_pg1_text_04"", ""type"": ""present"", ""passed"": false, ""category"": ""long_tiny_text""}, {""id"": ""14a_pg1_text_05"", ""type"": ""present"", ""passed"": true, ""category"": ""long_tiny_text""}, {""id"": ""14a_pg1_text_06"", ""type"": ""present"", ""passed"": false, ""category"": ""long_tiny_text""}, {""id"": ""auto_baseline"", ""type"": ""baseline"", ""passed"": true, ""category"": ""baseline""}]",,
qwen2.5-vl-3b,docs,long_tiny_text__15c_pg1,14.394219738875108,4096,False,,,,,,,,,,,,False,,long_tiny_text,5.0,0.0,"[{""id"": ""15c_pg1_text_00"", ""type"": ""present"", ""passed"": false, ""category"": ""long_tiny_text""}, {""id"": ""15c_pg1_text_01"", ""type"": ""present"", ""passed"": false, ""category"": ""long_tiny_text""}, {""id"": ""15c_pg1_text_02"", ""type"": ""present"", ""passed"": false, ""category"": ""long_tiny_text""}, {""id"": ""15c_pg1_text_03"", ""type"": ""present"", ""passed"": false, ""category"": ""long_tiny_text""}, {""id"": ""auto_baseline"", ""type"": ""baseline"", ""passed"": false, ""category"": ""baseline""}]",,
qwen2.5-vl-3b,docs,long_tiny_text__17_pg2_pg1,14.394219738875108,1288,False,,,,,,,,,,,,False,,long_tiny_text,40.0,39.0,"[{""id"": ""17_pg2_pg1_text_00"", ""type"": ""present"", ""passed"": true, ""category"": ""long_tiny_text""}, {""id"": ""17_pg2_pg1_text_01"", ""type"": ""present"", ""passed"": true, ""category"": ""long_tiny_text""}, {""id"": ""17_pg2_pg1_text_02"", ""type"": ""present"", ""passed"": true, ""category"": ""long_tiny_text""}, {""id"": ""17_pg2_pg1_text_03"", ""type"": ""present"", ""passed"": true, ""category"": ""long_tiny_text""}, {""id"": ""17_pg2_pg1_text_04"", ""type"": ""present"", ""passed"": true, ""category"": ""long_tiny_text""}, {""id"": ""17_pg2_pg1_text_06"", ""type"": ""present"", ""passed"": true, ""category"": ""long_tiny_text""}, {""id"": ""17_pg2_pg1_text_07"", ""type"": ""present"", ""passed"": true, ""category"": ""long_tiny_text""}, {""id"": ""17_pg2_pg1_text_09"", ""type"": ""present"", ""passed"": true, ""category"": ""long_tiny_text""}, {""id"": ""17_pg2_pg1_text_10"", ""type"": ""present"", ""passed"": true, ""category"": ""long_tiny_text""}, {""id"": ""17_pg2_pg1_text_12"", ""type"": ""present"", ""passed"": true, ""category"": ""long_tiny_text""}, {""id"": ""17_pg2_pg1_text_13"", ""type"": ""present"", ""passed"": true, ""category"": ""long_tiny_text""}, {""id"": ""17_pg2_pg1_text_16"", ""type"": ""present"", ""passed"": true, ""category"": ""long_tiny_text""}, {""id"": ""17_pg2_pg1_text_17"", ""type"": ""present"", ""passed"": false, ""category"": ""long_tiny_text""}, {""id"": ""17_pg2_pg1_text_20"", ""type"": ""present"", ""passed"": true, ""category"": ""long_tiny_text""}, {""id"": ""17_pg2_pg1_text_23"", ""type"": ""present"", ""passed"": true, ""category"": ""long_tiny_text""}, {""id"": ""17_pg2_pg1_text_24"", ""type"": ""present"", ""passed"": true, ""category"": ""long_tiny_text""}, {""id"": ""17_pg2_pg1_text_25"", ""type"": ""present"", ""passed"": true, ""category"": ""long_tiny_text""}, {""id"": ""17_pg2_pg1_text_27"", ""type"": ""present"", ""passed"": true, ""category"": ""long_tiny_text""}, {""id"": ""17_pg2_pg1_text_28"", ""type"": ""present"", ""passed"": true, ""category"": ""long_tiny_text""}, {""id"": ""17_pg2_pg1_text_30"", ""type"": ""present"", ""passed"": true, ""category"": ""long_tiny_text""}, {""id"": ""17_pg2_pg1_text_31"", ""type"": ""present"", ""passed"": true, ""category"": ""long_tiny_text""}, {""id"": ""17_pg2_pg1_text_34"", ""type"": ""present"", ""passed"": true, ""category"": ""long_tiny_text""}, {""id"": ""17_pg2_pg1_text_37"", ""type"": ""present"", ""passed"": true, ""category"": ""long_tiny_text""}, {""id"": ""17_pg2_pg1_text_41"", ""type"": ""present"", ""passed"": true, ""category"": ""long_tiny_text""}, {""id"": ""17_pg2_pg1_text_43"", ""type"": ""present"", ""passed"": true, ""category"": ""long_tiny_text""}, {""id"": ""17_pg2_pg1_text_45"", ""type"": ""present"", ""passed"": true, ""category"": ""long_tiny_text""}, {""id"": ""17_pg2_pg1_text_49"", ""type"": ""present"", ""passed"": true, ""category"": ""long_tiny_text""}, {""id"": ""17_pg2_pg1_text_51"", ""type"": ""present"", ""passed"": true, ""category"": ""long_tiny_text""}, {""id"": ""17_pg2_pg1_text_56"", ""type"": ""present"", ""passed"": true, ""category"": ""long_tiny_text""}, {""id"": ""17_pg2_pg1_text_61"", ""type"": ""present"", ""passed"": true, ""category"": ""long_tiny_text""}, {""id"": ""17_pg2_pg1_text_65"", ""type"": ""present"", ""passed"": true, ""category"": ""long_tiny_text""}, {""id"": ""17_pg2_pg1_text_69"", ""type"": ""present"", ""passed"": true, ""category"": ""long_tiny_text""}, {""id"": ""17_pg2_pg1_text_74"", ""type"": ""present"", ""passed"": true, ""category"": ""long_tiny_text""}, {""id"": ""17_pg2_pg1_text_80"", ""type"": ""present"", ""passed"": true, ""category"": ""long_tiny_text""}, {""id"": ""17_pg2_pg1_text_83"", ""type"": ""present"", ""passed"": true, ""category"": ""long_tiny_text""}, {""id"": ""17_pg2_pg1_text_86"", ""type"": ""present"", ""passed"": true, ""category"": ""long_tiny_text""}, {""id"": ""17_pg2_pg1_text_88"", ""type"": ""present"", ""passed"": true, ""category"": ""long_tiny_text""}, {""id"": ""17_pg2_pg1_text_95"", ""type"": ""present"", ""passed"": true, ""category"": ""long_tiny_text""}, {""id"": ""17_pg2_pg1_text_97"", ""type"": ""present"", ""passed"": true, ""category"": ""long_tiny_text""}, {""id"": ""auto_baseline"", ""type"": ""baseline"", ""passed"": true, ""category"": ""baseline""}]",,
qwen2.5-vl-3b,docs,long_tiny_text__20_pg40_pg1,14.394219738875108,1269,False,,,,,,,,,,,,False,,long_tiny_text,6.0,2.0,"[{""id"": ""20_pg40_pg1_text_00"", ""type"": ""present"", ""passed"": false, ""category"": ""long_tiny_text""}, {""id"": ""20_pg40_pg1_text_01"", ""type"": ""present"", ""passed"": false, ""category"": ""long_tiny_text""}, {""id"": ""20_pg40_pg1_text_02"", ""type"": ""present"", ""passed"": false, ""category"": ""long_tiny_text""}, {""id"": ""20_pg40_pg1_text_03"", ""type"": ""present"", ""passed"": true, ""category"": ""long_tiny_text""}, {""id"": ""20_pg40_pg1_text_04"", ""type"": ""present"", ""passed"": false, ""category"": ""long_tiny_text""}, {""id"": ""auto_baseline"", ""type"": ""baseline"", ""passed"": true, ""category"": ""baseline""}]",,
qwen2.5-vl-3b,docs,long_tiny_text__20_pg46_pg1,14.394219738875108,4096,False,,,,,,,,,,,,False,,long_tiny_text,10.0,5.0,"[{""id"": ""20_pg46_pg1_text_00"", ""type"": ""present"", ""passed"": true, ""category"": ""long_tiny_text""}, {""id"": ""20_pg46_pg1_text_01"", ""type"": ""present"", ""passed"": false, ""category"": ""long_tiny_text""}, {""id"": ""20_pg46_pg1_text_02"", ""type"": ""present"", ""passed"": false, ""category"": ""long_tiny_text""}, {""id"": ""20_pg46_pg1_text_03"", ""type"": ""present"", ""passed"": true, ""category"": ""long_tiny_text""}, {""id"": ""20_pg46_pg1_text_04"", ""type"": ""present"", ""passed"": false, ""category"": ""long_tiny_text""}, {""id"": ""20_pg46_pg1_text_05"", ""type"": ""present"", ""passed"": false, ""category"": ""long_tiny_text""}, {""id"": ""20_pg46_pg1_text_06"", ""type"": ""present"", ""passed"": true, ""category"": ""long_tiny_text""}, {""id"": ""20_pg46_pg1_text_08"", ""type"": ""present"", ""passed"": true, ""category"": ""long_tiny_text""}, {""id"": ""20_pg46_pg1_text_09"", ""type"": ""present"", ""passed"": false, ""category"": ""long_tiny_text""}, {""id"": ""auto_baseline"", ""type"": ""baseline"", ""passed"": true, ""category"": ""baseline""}]",,
qwen2.5-vl-3b,docs,multi_column__00945e98ea0970dcffb8f548336df3a0137f_page_4_pg1,14.394219738875108,635,False,,,,,,,,,,,,False,,multi_column,4.0,3.0,"[{""id"": ""00945e98ea0970dcffb8f548336df3a0137f_page_4.pdf_order_0a8f368a"", ""type"": ""order"", ""passed"": false, ""category"": ""multi_column""}, {""id"": ""00945e98ea0970dcffb8f548336df3a0137f_page_4.pdf_order_3d4bbd69"", ""type"": ""order"", ""passed"": true, ""category"": ""multi_column""}, {""id"": ""00945e98ea0970dcffb8f548336df3a0137f_page_4.pdf_order_4cbab131"", ""type"": ""order"", ""passed"": true, ""category"": ""multi_column""}, {""id"": ""auto_baseline"", ""type"": ""baseline"", ""passed"": true, ""category"": ""baseline""}]",,
qwen2.5-vl-3b,docs,multi_column__00e2c7719d58bb49fd4031cce9dcccdddec2_page_1_pg1,14.394219738875108,770,False,,,,,,,,,,,,False,,multi_column,3.0,3.0,"[{""id"": ""00e2c7719d58bb49fd4031cce9dcccdddec2_page_1.pdf_order_85be1097"", ""type"": ""order"", ""passed"": true, ""category"": ""multi_column""}, {""id"": ""00e2c7719d58bb49fd4031cce9dcccdddec2_page_1.pdf_order_b903400b"", ""type"": ""order"", ""passed"": true, ""category"": ""multi_column""}, {""id"": ""auto_baseline"", ""type"": ""baseline"", ""passed"": true, ""category"": ""baseline""}]",,
qwen2.5-vl-3b,docs,multi_column__0114396ecb251aa3ebaeaeaed6bd4fe50bd2_page_2_pg1,14.394219738875108,1028,False,,,,,,,,,,,,False,,multi_column,6.0,6.0,"[{""id"": ""0114396ecb251aa3ebaeaeaed6bd4fe50bd2_page_2.pdf_order_e5d2d945"", ""type"": ""order"", ""passed"": true, ""category"": ""multi_column""}, {""id"": ""0114396ecb251aa3ebaeaeaed6bd4fe50bd2_page_2.pdf_order_6b2daa2b"", ""type"": ""order"", ""passed"": true, ""category"": ""multi_column""}, {""id"": ""0114396ecb251aa3ebaeaeaed6bd4fe50bd2_page_2.pdf_order_f61eafae"", ""type"": ""order"", ""passed"": true, ""category"": ""multi_column""}, {""id"": ""0114396ecb251aa3ebaeaeaed6bd4fe50bd2_page_2.pdf_order_40a2536e"", ""type"": ""order"", ""passed"": true, ""category"": ""multi_column""}, {""id"": ""0114396ecb251aa3ebaeaeaed6bd4fe50bd2_page_2.pdf_order_b8d41298"", ""type"": ""order"", ""passed"": true, ""category"": ""multi_column""}, {""id"": ""auto_baseline"", ""type"": ""baseline"", ""passed"": true, ""category"": ""baseline""}]",,
qwen2.5-vl-3b,docs,multi_column__019a8841dddeb304774ba62a9f5d8dccb43d_page_2_pg1,14.394219738875108,897,False,,,,,,,,,,,,False,,multi_column,5.0,1.0,"[{""id"": ""019a8841dddeb304774ba62a9f5d8dccb43d_page_2.pdf_order_00d331ca"", ""type"": ""order"", ""passed"": false, ""category"": ""multi_column""}, {""id"": ""019a8841dddeb304774ba62a9f5d8dccb43d_page_2.pdf_order_2410e748"", ""type"": ""order"", ""passed"": false, ""category"": ""multi_column""}, {""id"": ""019a8841dddeb304774ba62a9f5d8dccb43d_page_2.pdf_order_5a8cba0a"", ""type"": ""order"", ""passed"": false, ""category"": ""multi_column""}, {""id"": ""019a8841dddeb304774ba62a9f5d8dccb43d_page_2.pdf_order_6a2477bc"", ""type"": ""order"", ""passed"": false, ""category"": ""multi_column""}, {""id"": ""auto_baseline"", ""type"": ""baseline"", ""passed"": true, ""category"": ""baseline""}]",,
qwen2.5-vl-3b,docs,multi_column__0208fbb5d6b646f972f4702428ad2cede5c5_page_6_pg1,14.394219738875108,907,False,,,,,,,,,,,,False,,multi_column,2.0,2.0,"[{""id"": ""0208fbb5d6b646f972f4702428ad2cede5c5_page_6.pdf_order_71ab8004"", ""type"": ""order"", ""passed"": true, ""category"": ""multi_column""}, {""id"": ""auto_baseline"", ""type"": ""baseline"", ""passed"": true, ""category"": ""baseline""}]",,
qwen2.5-vl-3b,docs,multi_column__027c390510b2fd3364f5a382f2bc304af018_page_4_pg1,14.394219738875108,1098,False,,,,,,,,,,,,False,,multi_column,5.0,1.0,"[{""id"": ""027c390510b2fd3364f5a382f2bc304af018_page_4.pdf_order_ea693a98"", ""type"": ""order"", ""passed"": false, ""category"": ""multi_column""}, {""id"": ""027c390510b2fd3364f5a382f2bc304af018_page_4.pdf_order_053bda58"", ""type"": ""order"", ""passed"": false, ""category"": ""multi_column""}, {""id"": ""027c390510b2fd3364f5a382f2bc304af018_page_4.pdf_order_9e06820d"", ""type"": ""order"", ""passed"": false, ""category"": ""multi_column""}, {""id"": ""027c390510b2fd3364f5a382f2bc304af018_page_4.pdf_order_97e749bf"", ""type"": ""order"", ""passed"": false, ""category"": ""multi_column""}, {""id"": ""auto_baseline"", ""type"": ""baseline"", ""passed"": true, ""category"": ""baseline""}]",,
qwen2.5-vl-3b,docs,multi_column__02943986dff2d4a84b7c2dd81abfc51fceea_page_5_pg1,14.394219738875108,989,False,,,,,,,,,,,,False,,multi_column,5.0,4.0,"[{""id"": ""02943986dff2d4a84b7c2dd81abfc51fceea_page_5.pdf_order_3f1adc6b"", ""type"": ""order"", ""passed"": true, ""category"": ""multi_column""}, {""id"": ""02943986dff2d4a84b7c2dd81abfc51fceea_page_5.pdf_order_00ce4e6f"", ""type"": ""order"", ""passed"": true, ""category"": ""multi_column""}, {""id"": ""02943986dff2d4a84b7c2dd81abfc51fceea_page_5.pdf_order_46755e50"", ""type"": ""order"", ""passed"": true, ""category"": ""multi_column""}, {""id"": ""02943986dff2d4a84b7c2dd81abfc51fceea_page_5.pdf_order_13f6999c"", ""type"": ""order"", ""passed"": false, ""category"": ""multi_column""}, {""id"": ""auto_baseline"", ""type"": ""baseline"", ""passed"": true, ""category"": ""baseline""}]",,
qwen2.5-vl-3b,docs,multi_column__02943986dff2d4a84b7c2dd81abfc51fceea_page_9_pg1,14.394219738875108,1094,False,,,,,,,,,,,,False,,multi_column,5.0,5.0,"[{""id"": ""02943986dff2d4a84b7c2dd81abfc51fceea_page_9.pdf_order_babd8e0e"", ""type"": ""order"", ""passed"": true, ""category"": ""multi_column""}, {""id"": ""02943986dff2d4a84b7c2dd81abfc51fceea_page_9.pdf_order_2e6f0ead"", ""type"": ""order"", ""passed"": true, ""category"": ""multi_column""}, {""id"": ""02943986dff2d4a84b7c2dd81abfc51fceea_page_9.pdf_order_7e60c895"", ""type"": ""order"", ""passed"": true, ""category"": ""multi_column""}, {""id"": ""02943986dff2d4a84b7c2dd81abfc51fceea_page_9.pdf_order_81a40b7f"", ""type"": ""order"", ""passed"": true, ""category"": ""multi_column""}, {""id"": ""auto_baseline"", ""type"": ""baseline"", ""passed"": true, ""category"": ""baseline""}]",,
qwen2.5-vl-3b,docs,multi_column__038650c9dfd95e7495d0c4d301d9dcca735a_page_1_pg1,14.394219738875108,750,False,,,,,,,,,,,,False,,multi_column,5.0,1.0,"[{""id"": ""038650c9dfd95e7495d0c4d301d9dcca735a_page_1.pdf_order_eb32d864"", ""type"": ""order"", ""passed"": false, ""category"": ""multi_column""}, {""id"": ""038650c9dfd95e7495d0c4d301d9dcca735a_page_1.pdf_order_517c20f9"", ""type"": ""order"", ""passed"": false, ""category"": ""multi_column""}, {""id"": ""038650c9dfd95e7495d0c4d301d9dcca735a_page_1.pdf_order_12a7fa3e"", ""type"": ""order"", ""passed"": false, ""category"": ""multi_column""}, {""id"": ""038650c9dfd95e7495d0c4d301d9dcca735a_page_1.pdf_order_cf779f79"", ""type"": ""order"", ""passed"": false, ""category"": ""multi_column""}, {""id"": ""auto_baseline"", ""type"": ""baseline"", ""passed"": true, ""category"": ""baseline""}]",,
qwen2.5-vl-3b,docs,multi_column__0845863d27c84b14011e17a388821525e783_page_16_pg1,14.394219738875108,4046,False,,,,,,,,,,,,False,,multi_column,4.0,1.0,"[{""id"": ""0845863d27c84b14011e17a388821525e783_page_16.pdf_order_dffceb1b"", ""type"": ""order"", ""passed"": false, ""category"": ""multi_column""}, {""id"": ""0845863d27c84b14011e17a388821525e783_page_16.pdf_order_ac24f586"", ""type"": ""order"", ""passed"": false, ""category"": ""multi_column""}, {""id"": ""0845863d27c84b14011e17a388821525e783_page_16.pdf_order_4bda9b61"", ""type"": ""order"", ""passed"": false, ""category"": ""multi_column""}, {""id"": ""auto_baseline"", ""type"": ""baseline"", ""passed"": true, ""category"": ""baseline""}]",,
qwen2.5-vl-3b,docs,old_scans__1,14.394219738875108,200,False,,,,,,,,,,,,False,,old_scans,6.0,1.0,"[{""id"": ""1_680487"", ""type"": ""present"", ""passed"": false, ""category"": ""old_scans""}, {""id"": ""1_126739"", ""type"": ""absent"", ""passed"": false, ""category"": ""old_scans""}, {""id"": ""1_36225"", ""type"": ""present"", ""passed"": false, ""category"": ""old_scans""}, {""id"": ""1_787572"", ""type"": ""order"", ""passed"": false, ""category"": ""old_scans""}, {""id"": ""1_298389"", ""type"": ""order"", ""passed"": false, ""category"": ""old_scans""}, {""id"": ""auto_baseline"", ""type"": ""baseline"", ""passed"": true, ""category"": ""baseline""}]",,
qwen2.5-vl-3b,docs,old_scans__21,14.394219738875108,134,False,,,,,,,,,,,,False,,old_scans,8.0,2.0,"[{""id"": ""21_398162"", ""type"": ""present"", ""passed"": false, ""category"": ""old_scans""}, {""id"": ""21_382528"", ""type"": ""order"", ""passed"": false, ""category"": ""old_scans""}, {""id"": ""21_229684"", ""type"": ""absent"", ""passed"": true, ""category"": ""old_scans""}, {""id"": ""21_712729"", ""type"": ""present"", ""passed"": false, ""category"": ""old_scans""}, {""id"": ""21_289946"", ""type"": ""present"", ""passed"": false, ""category"": ""old_scans""}, {""id"": ""21_745911"", ""type"": ""present"", ""passed"": false, ""category"": ""old_scans""}, {""id"": ""21_992153"", ""type"": ""order"", ""passed"": false, ""category"": ""old_scans""}, {""id"": ""auto_baseline"", ""type"": ""baseline"", ""passed"": true, ""category"": ""baseline""}]",,
qwen2.5-vl-3b,docs,old_scans__23,6.900936992750151,161,False,,,,,,,,,,,,False,,old_scans,6.0,2.0,"[{""id"": ""23_675822"", ""type"": ""present"", ""passed"": false, ""category"": ""old_scans""}, {""id"": ""23_189451"", ""type"": ""order"", ""passed"": false, ""category"": ""old_scans""}, {""id"": ""23_570086"", ""type"": ""absent"", ""passed"": true, ""category"": ""old_scans""}, {""id"": ""23_774544"", ""type"": ""present"", ""passed"": false, ""category"": ""old_scans""}, {""id"": ""23_266702"", ""type"": ""present"", ""passed"": false, ""category"": ""old_scans""}, {""id"": ""auto_baseline"", ""type"": ""baseline"", ""passed"": true, ""category"": ""baseline""}]",,
qwen2.5-vl-3b,docs,old_scans__26,6.900936992750151,153,False,,,,,,,,,,,,False,,old_scans,5.0,2.0,"[{""id"": ""26_727870"", ""type"": ""present"", ""passed"": false, ""category"": ""old_scans""}, {""id"": ""26_350035"", ""type"": ""order"", ""passed"": false, ""category"": ""old_scans""}, {""id"": ""26_893794"", ""type"": ""absent"", ""passed"": true, ""category"": ""old_scans""}, {""id"": ""26_815635"", ""type"": ""present"", ""passed"": false, ""category"": ""old_scans""}, {""id"": ""auto_baseline"", ""type"": ""baseline"", ""passed"": true, ""category"": ""baseline""}]",,
qwen2.5-vl-3b,docs,old_scans__52,6.900936992750151,105,False,,,,,,,,,,,,False,,old_scans,4.0,1.0,"[{""id"": ""52_591542"", ""type"": ""present"", ""passed"": false, ""category"": ""old_scans""}, {""id"": ""52_323921"", ""type"": ""present"", ""passed"": false, ""category"": ""old_scans""}, {""id"": ""52_987017"", ""type"": ""present"", ""passed"": false, ""category"": ""old_scans""}, {""id"": ""auto_baseline"", ""type"": ""baseline"", ""passed"": true, ""category"": ""baseline""}]",,
qwen2.5-vl-3b,docs,old_scans__55,6.900936992750151,205,False,,,,,,,,,,,,False,,old_scans,4.0,1.0,"[{""id"": ""55_930782"", ""type"": ""present"", ""passed"": false, ""category"": ""old_scans""}, {""id"": ""55_150814"", ""type"": ""present"", ""passed"": false, ""category"": ""old_scans""}, {""id"": ""55_287312"", ""type"": ""present"", ""passed"": false, ""category"": ""old_scans""}, {""id"": ""auto_baseline"", ""type"": ""baseline"", ""passed"": true, ""category"": ""baseline""}]",,
qwen2.5-vl-3b,docs,old_scans__58,6.900936992750151,906,False,,,,,,,,,,,,False,,old_scans,7.0,4.0,"[{""id"": ""58_984036"", ""type"": ""present"", ""passed"": false, ""category"": ""old_scans""}, {""id"": ""58_575492"", ""type"": ""order"", ""passed"": true, ""category"": ""old_scans""}, {""id"": ""58_801952"", ""type"": ""absent"", ""passed"": true, ""category"": ""old_scans""}, {""id"": ""58_775388"", ""type"": ""present"", ""passed"": false, ""category"": ""old_scans""}, {""id"": ""58_733378"", ""type"": ""present"", ""passed"": true, ""category"": ""old_scans""}, {""id"": ""58_220922"", ""type"": ""order"", ""passed"": false, ""category"": ""old_scans""}, {""id"": ""auto_baseline"", ""type"": ""baseline"", ""passed"": true, ""category"": ""baseline""}]",,
qwen2.5-vl-3b,docs,old_scans__82,6.900936992750151,382,False,,,,,,,,,,,,False,,old_scans,7.0,1.0,"[{""id"": ""82_617314"", ""type"": ""present"", ""passed"": false, ""category"": ""old_scans""}, {""id"": ""82_781476"", ""type"": ""order"", ""passed"": false, ""category"": ""old_scans""}, {""id"": ""82_578532"", ""type"": ""present"", ""passed"": false, ""category"": ""old_scans""}, {""id"": ""82_73918"", ""type"": ""present"", ""passed"": false, ""category"": ""old_scans""}, {""id"": ""82_794309"", ""type"": ""present"", ""passed"": false, ""category"": ""old_scans""}, {""id"": ""82_338838"", ""type"": ""order"", ""passed"": false, ""category"": ""old_scans""}, {""id"": ""auto_baseline"", ""type"": ""baseline"", ""passed"": true, ""category"": ""baseline""}]",,
qwen2.5-vl-3b,docs,old_scans__85,6.900936992750151,214,False,,,,,,,,,,,,False,,old_scans,7.0,1.0,"[{""id"": ""85_204851"", ""type"": ""present"", ""passed"": false, ""category"": ""old_scans""}, {""id"": ""85_81849"", ""type"": ""order"", ""passed"": false, ""category"": ""old_scans""}, {""id"": ""85_633939"", ""type"": ""present"", ""passed"": false, ""category"": ""old_scans""}, {""id"": ""85_81262"", ""type"": ""present"", ""passed"": false, ""category"": ""old_scans""}, {""id"": ""85_718011"", ""type"": ""present"", ""passed"": false, ""category"": ""old_scans""}, {""id"": ""85_913682"", ""type"": ""order"", ""passed"": false, ""category"": ""old_scans""}, {""id"": ""auto_baseline"", ""type"": ""baseline"", ""passed"": true, ""category"": ""baseline""}]",,
qwen2.5-vl-3b,docs,old_scans__96,6.900936992750151,192,False,,,,,,,,,,,,False,,old_scans,8.0,2.0,"[{""id"": ""96_686856"", ""type"": ""present"", ""passed"": false, ""category"": ""old_scans""}, {""id"": ""96_324569"", ""type"": ""order"", ""passed"": false, ""category"": ""old_scans""}, {""id"": ""96_489434"", ""type"": ""present"", ""passed"": true, ""category"": ""old_scans""}, {""id"": ""96_341535"", ""type"": ""present"", ""passed"": false, ""category"": ""old_scans""}, {""id"": ""96_984146"", ""type"": ""present"", ""passed"": false, ""category"": ""old_scans""}, {""id"": ""96_798387"", ""type"": ""order"", ""passed"": false, ""category"": ""old_scans""}, {""id"": ""96_991188"", ""type"": ""order"", ""passed"": false, ""category"": ""old_scans""}, {""id"": ""auto_baseline"", ""type"": ""baseline"", ""passed"": true, ""category"": ""baseline""}]",,
qwen2.5-vl-3b,docs,tables__2d54e996d1247bd36695d872863eefebd8f8_pg4,6.900936992750151,1396,False,,,,,,,,,,,,False,,table_tests,5.0,5.0,"[{""id"": ""2d54e996d1247bd36695d872863eefebd8f8_pg4_table_00"", ""type"": ""table"", ""passed"": true, ""category"": ""table_tests""}, {""id"": ""2d54e996d1247bd36695d872863eefebd8f8_pg4_table_01"", ""type"": ""table"", ""passed"": true, ""category"": ""table_tests""}, {""id"": ""2d54e996d1247bd36695d872863eefebd8f8_pg4_table_02"", ""type"": ""table"", ""passed"": true, ""category"": ""table_tests""}, {""id"": ""2d54e996d1247bd36695d872863eefebd8f8_pg4_table_03"", ""type"": ""table"", ""passed"": true, ""category"": ""table_tests""}, {""id"": ""auto_baseline"", ""type"": ""baseline"", ""passed"": true, ""category"": ""baseline""}]",,
qwen2.5-vl-3b,docs,tables__2d932ac96ad0d8ccf81a56bd105fa18fdcbb_pg7,6.900936992750151,288,False,,,,,,,,,,,,False,,table_tests,2.0,2.0,"[{""id"": ""2d932ac96ad0d8ccf81a56bd105fa18fdcbb_pg7_table_00"", ""type"": ""table"", ""passed"": true, ""category"": ""table_tests""}, {""id"": ""auto_baseline"", ""type"": ""baseline"", ""passed"": true, ""category"": ""baseline""}]",,
qwen2.5-vl-3b,docs,tables__4fafd7de9caa1cf3c0fad313d7bb24b2e685_pg9,6.900936992750151,785,False,,,,,,,,,,,,False,,table_tests,5.0,5.0,"[{""id"": ""4fafd7de9caa1cf3c0fad313d7bb24b2e685_pg9_table_00"", ""type"": ""table"", ""passed"": true, ""category"": ""table_tests""}, {""id"": ""4fafd7de9caa1cf3c0fad313d7bb24b2e685_pg9_table_01"", ""type"": ""table"", ""passed"": true, ""category"": ""table_tests""}, {""id"": ""4fafd7de9caa1cf3c0fad313d7bb24b2e685_pg9_table_02"", ""type"": ""table"", ""passed"": true, ""category"": ""table_tests""}, {""id"": ""4fafd7de9caa1cf3c0fad313d7bb24b2e685_pg9_table_03"", ""type"": ""table"", ""passed"": true, ""category"": ""table_tests""}, {""id"": ""auto_baseline"", ""type"": ""baseline"", ""passed"": true, ""category"": ""baseline""}]",,
qwen2.5-vl-3b,docs,tables__529eeb84602e4fba7df7a4b127af6c830f97_pg12,6.900936992750151,403,False,,,,,,,,,,,,False,,table_tests,4.0,2.0,"[{""id"": ""529eeb84602e4fba7df7a4b127af6c830f97_pg12_table_00"", ""type"": ""table"", ""passed"": false, ""category"": ""table_tests""}, {""id"": ""529eeb84602e4fba7df7a4b127af6c830f97_pg12_table_01"", ""type"": ""table"", ""passed"": false, ""category"": ""table_tests""}, {""id"": ""529eeb84602e4fba7df7a4b127af6c830f97_pg12_table_04"", ""type"": ""table"", ""passed"": true, ""category"": ""table_tests""}, {""id"": ""auto_baseline"", ""type"": ""baseline"", ""passed"": true, ""category"": ""baseline""}]",,
qwen2.5-vl-3b,docs,tables__a70c1fc81feccfd878dabffd3dc5617b584c_pg5,30.42744907249956,762,False,,,,,,,,,,,,False,,table_tests,6.0,2.0,"[{""id"": ""a70c1fc81feccfd878dabffd3dc5617b584c_pg5_table_00"", ""type"": ""table"", ""passed"": false, ""category"": ""table_tests""}, {""id"": ""a70c1fc81feccfd878dabffd3dc5617b584c_pg5_table_01"", ""type"": ""table"", ""passed"": false, ""category"": ""table_tests""}, {""id"": ""a70c1fc81feccfd878dabffd3dc5617b584c_pg5_table_02"", ""type"": ""table"", ""passed"": false, ""category"": ""table_tests""}, {""id"": ""a70c1fc81feccfd878dabffd3dc5617b584c_pg5_table_03"", ""type"": ""table"", ""passed"": true, ""category"": ""table_tests""}, {""id"": ""a70c1fc81feccfd878dabffd3dc5617b584c_pg5_table_04"", ""type"": ""table"", ""passed"": false, ""category"": ""table_tests""}, {""id"": ""auto_baseline"", ""type"": ""baseline"", ""passed"": true, ""category"": ""baseline""}]",,
qwen2.5-vl-3b,docs,tables__b2a4c508f7839c1fbd2bb29a0d56c46bc00e_pg13_pg1,30.42744907249956,177,False,,,,,,,,,,,,False,,table_tests,11.0,6.0,"[{""id"": ""b2a4c508f7839c1fbd2bb29a0d56c46bc00e_pg13_table_00"", ""type"": ""table"", ""passed"": true, ""category"": ""table_tests""}, {""id"": ""b2a4c508f7839c1fbd2bb29a0d56c46bc00e_pg13_table_01"", ""type"": ""table"", ""passed"": true, ""category"": ""table_tests""}, {""id"": ""b2a4c508f7839c1fbd2bb29a0d56c46bc00e_pg13_table_02"", ""type"": ""table"", ""passed"": true, ""category"": ""table_tests""}, {""id"": ""b2a4c508f7839c1fbd2bb29a0d56c46bc00e_pg13_table_03"", ""type"": ""table"", ""passed"": true, ""category"": ""table_tests""}, {""id"": ""b2a4c508f7839c1fbd2bb29a0d56c46bc00e_pg13_table_04"", ""type"": ""table"", ""passed"": true, ""category"": ""table_tests""}, {""id"": ""b2a4c508f7839c1fbd2bb29a0d56c46bc00e_pg13_table_05"", ""type"": ""table"", ""passed"": false, ""category"": ""table_tests""}, {""id"": ""b2a4c508f7839c1fbd2bb29a0d56c46bc00e_pg13_table_06"", ""type"": ""table"", ""passed"": false, ""category"": ""table_tests""}, {""id"": ""b2a4c508f7839c1fbd2bb29a0d56c46bc00e_pg13_table_07"", ""type"": ""table"", ""passed"": false, ""category"": ""table_tests""}, {""id"": ""b2a4c508f7839c1fbd2bb29a0d56c46bc00e_pg13_table_08"", ""type"": ""table"", ""passed"": false, ""category"": ""table_tests""}, {""id"": ""b2a4c508f7839c1fbd2bb29a0d56c46bc00e_pg13_table_09"", ""type"": ""table"", ""passed"": false, ""category"": ""table_tests""}, {""id"": ""auto_baseline"", ""type"": ""baseline"", ""passed"": true, ""category"": ""baseline""}]",,
qwen2.5-vl-3b,docs,tables__b45c138c634308a84b8b2e67997bef8aa70b_pg15,30.42744907249956,1102,False,,,,,,,,,,,,False,,table_tests,6.0,5.0,"[{""id"": ""b45c138c634308a84b8b2e67997bef8aa70b_pg15_table_00"", ""type"": ""table"", ""passed"": true, ""category"": ""table_tests""}, {""id"": ""b45c138c634308a84b8b2e67997bef8aa70b_pg15_table_01"", ""type"": ""table"", ""passed"": false, ""category"": ""table_tests""}, {""id"": ""b45c138c634308a84b8b2e67997bef8aa70b_pg15_table_02"", ""type"": ""table"", ""passed"": true, ""category"": ""table_tests""}, {""id"": ""b45c138c634308a84b8b2e67997bef8aa70b_pg15_table_03"", ""type"": ""table"", ""passed"": true, ""category"": ""table_tests""}, {""id"": ""b45c138c634308a84b8b2e67997bef8aa70b_pg15_table_04"", ""type"": ""table"", ""passed"": true, ""category"": ""table_tests""}, {""id"": ""auto_baseline"", ""type"": ""baseline"", ""passed"": true, ""category"": ""baseline""}]",,
qwen2.5-vl-3b,docs,tables__b5d9db350b31304da912832bcbafc47b64d8_pg2_pg1,30.42744907249956,1492,False,,,,,,,,,,,,False,,table_tests,6.0,6.0,"[{""id"": ""b5d9db350b31304da912832bcbafc47b64d8_pg2_table_00"", ""type"": ""table"", ""passed"": true, ""category"": ""table_tests""}, {""id"": ""b5d9db350b31304da912832bcbafc47b64d8_pg2_table_01"", ""type"": ""table"", ""passed"": true, ""category"": ""table_tests""}, {""id"": ""b5d9db350b31304da912832bcbafc47b64d8_pg2_table_02"", ""type"": ""table"", ""passed"": true, ""category"": ""table_tests""}, {""id"": ""b5d9db350b31304da912832bcbafc47b64d8_pg2_table_03"", ""type"": ""table"", ""passed"": true, ""category"": ""table_tests""}, {""id"": ""b5d9db350b31304da912832bcbafc47b64d8_pg2_table_04"", ""type"": ""table"", ""passed"": true, ""category"": ""table_tests""}, {""id"": ""auto_baseline"", ""type"": ""baseline"", ""passed"": true, ""category"": ""baseline""}]",,
qwen2.5-vl-3b,docs,tables__b773892dc3e755672b9e085e9eeb8ad18690_pg1_pg1,30.42744907249956,390,False,,,,,,,,,,,,False,,table_tests,6.0,6.0,"[{""id"": ""b773892dc3e755672b9e085e9eeb8ad18690_pg1_table_00"", ""type"": ""table"", ""passed"": true, ""category"": ""table_tests""}, {""id"": ""b773892dc3e755672b9e085e9eeb8ad18690_pg1_table_01"", ""type"": ""table"", ""passed"": true, ""category"": ""table_tests""}, {""id"": ""b773892dc3e755672b9e085e9eeb8ad18690_pg1_table_02"", ""type"": ""table"", ""passed"": true, ""category"": ""table_tests""}, {""id"": ""b773892dc3e755672b9e085e9eeb8ad18690_pg1_table_03"", ""type"": ""table"", ""passed"": true, ""category"": ""table_tests""}, {""id"": ""b773892dc3e755672b9e085e9eeb8ad18690_pg1_table_04"", ""type"": ""table"", ""passed"": true, ""category"": ""table_tests""}, {""id"": ""auto_baseline"", ""type"": ""baseline"", ""passed"": true, ""category"": ""baseline""}]",,
qwen2.5-vl-3b,docs,tables__fd6cb6dfe3a918390855052669d9a194231a_pg3,30.42744907249956,4096,False,,,,,,,,,,,,False,,table_tests,6.0,0.0,"[{""id"": ""fd6cb6dfe3a918390855052669d9a194231a_pg3_table_00"", ""type"": ""table"", ""passed"": false, ""category"": ""table_tests""}, {""id"": ""fd6cb6dfe3a918390855052669d9a194231a_pg3_table_01"", ""type"": ""table"", ""passed"": false, ""category"": ""table_tests""}, {""id"": ""fd6cb6dfe3a918390855052669d9a194231a_pg3_table_02"", ""type"": ""table"", ""passed"": false, ""category"": ""table_tests""}, {""id"": ""fd6cb6dfe3a918390855052669d9a194231a_pg3_table_03"", ""type"": ""table"", ""passed"": false, ""category"": ""table_tests""}, {""id"": ""fd6cb6dfe3a918390855052669d9a194231a_pg3_table_04"", ""type"": ""table"", ""passed"": false, ""category"": ""table_tests""}, {""id"": ""auto_baseline"", ""type"": ""baseline"", ""passed"": false, ""category"": ""baseline""}]",,
qwen2.5-vl-3b,handwriting,iam_00023,0.24164531637484288,10,False,,,0.0,0.0,0.0,0.0,40.0,1.0,1.0,0.0,1.0,False,False,,,,,,
qwen2.5-vl-3b,handwriting,iam_00030,0.24164531637484288,16,False,,,0.10909090909090909,0.10909090909090909,0.25,6.0,55.0,0.75,0.75,0.25,0.9818181818181818,False,False,,,,,,
qwen2.5-vl-3b,handwriting,iam_00059,0.24164531637484288,9,False,,,0.046511627906976744,0.046511627906976744,0.2857142857142857,2.0,43.0,0.8571428571428571,0.8571428571428571,0.14285714285714285,1.0,False,False,,,,,,
qwen2.5-vl-3b,handwriting,iam_00064,0.24164531637484288,13,False,,,0.028169014084507043,0.028169014084507043,0.08333333333333333,2.0,71.0,0.9166666666666666,0.9166666666666666,0.08333333333333333,1.0,False,False,,,,,,
qwen2.5-vl-3b,handwriting,iam_00071,0.24164531637484288,9,False,,,0.02564102564102564,0.02564102564102564,0.125,1.0,39.0,1.0,1.0,0.0,1.0,False,False,,,,,,
qwen2.5-vl-3b,handwriting,iam_00079,0.24164531637484288,9,False,,,0.0,0.0,0.0,0.0,43.0,1.0,1.0,0.0,1.0,False,False,,,,,,
qwen2.5-vl-3b,handwriting,iam_00126,0.24164531637484288,13,False,,,0.0,0.0,0.0,0.0,49.0,1.0,1.0,0.0,1.0,False,False,,,,,,
qwen2.5-vl-3b,handwriting,iam_00143,0.24164531637484288,9,False,,,0.23076923076923078,0.23076923076923078,0.2857142857142857,9.0,39.0,0.7142857142857143,0.7142857142857143,0.2857142857142857,1.0256410256410255,False,False,,,,,,
qwen2.5-vl-3b,handwriting,iam_00188,0.24164531637484288,13,False,,,0.022222222222222223,0.022222222222222223,0.14285714285714285,1.0,45.0,0.875,0.875,0.125,1.0,False,False,,,,,,
qwen2.5-vl-3b,handwriting,iam_00258,0.24164531637484288,15,False,,,0.019230769230769232,0.019230769230769232,0.125,1.0,52.0,0.875,0.875,0.125,1.0,False,False,,,,,,
qwen2.5-vl-3b,handwriting,iam_00264,0.24164531637484288,19,False,,,0.13559322033898305,0.13559322033898305,0.36363636363636365,8.0,59.0,0.7,0.7,0.3,0.9830508474576272,False,False,,,,,,
qwen2.5-vl-3b,handwriting,iam_00280,0.24164531637484288,21,False,,,0.3023255813953488,0.3023255813953488,1.0,13.0,43.0,0.3333333333333333,0.4,0.6,0.9302325581395349,False,False,,,,,,
qwen2.5-vl-3b,handwriting,iam_00289,0.24164531637484288,16,False,,,0.0,0.0,0.0,0.0,60.0,1.0,1.0,0.0,1.0,False,False,,,,,,
qwen2.5-vl-3b,handwriting,iam_00343,0.24164531637484288,9,False,,,0.0196078431372549,0.0196078431372549,0.14285714285714285,1.0,51.0,0.8571428571428571,0.8571428571428571,0.14285714285714285,1.0,False,False,,,,,,
qwen2.5-vl-3b,handwriting,iam_00364,0.24164531637484288,8,False,,,0.05555555555555555,0.05555555555555555,0.3333333333333333,2.0,36.0,0.8333333333333334,0.8333333333333334,0.16666666666666666,1.0,False,False,,,,,,
qwen2.5-vl-3b,handwriting,iam_00371,0.24164531637484288,10,False,,,0.022727272727272728,0.022727272727272728,0.125,1.0,44.0,1.0,1.0,0.0,1.0,False,False,,,,,,
qwen2.5-vl-3b,handwriting,iam_00373,0.3996066148126829,6,False,,,0.03125,0.03125,0.2,1.0,32.0,1.0,1.0,0.0,1.0,False,False,,,,,,
qwen2.5-vl-3b,handwriting,iam_00403,0.3996066148126829,7,False,,,0.05555555555555555,0.05555555555555555,0.16666666666666666,2.0,36.0,0.8333333333333334,0.8333333333333334,0.16666666666666666,1.0,False,False,,,,,,
qwen2.5-vl-3b,handwriting,iam_00468,0.3996066148126829,8,False,,,0.0,0.0,0.0,0.0,37.0,1.0,1.0,0.0,1.0,False,False,,,,,,
qwen2.5-vl-3b,handwriting,iam_00478,0.3996066148126829,7,False,,,0.10344827586206896,0.10344827586206896,0.2,3.0,29.0,0.8,0.8,0.2,1.0689655172413792,False,False,,,,,,
qwen2.5-vl-3b,handwriting,iam_00588,0.3996066148126829,9,False,,,0.0,0.0,0.0,0.0,47.0,1.0,1.0,0.0,1.0,False,False,,,,,,
qwen2.5-vl-3b,handwriting,iam_00608,0.3996066148126829,10,False,,,0.038461538461538464,0.038461538461538464,0.1111111111111111,2.0,52.0,1.0,1.0,0.0,0.9615384615384616,False,False,,,,,,
qwen2.5-vl-3b,handwriting,iam_00749,0.3996066148126829,4,False,,,0.0,0.0,0.0,0.0,12.0,1.0,1.0,0.0,1.0,False,False,,,,,,
qwen2.5-vl-3b,handwriting,iam_00819,0.3996066148126829,8,False,,,0.0,0.0,0.0,0.0,43.0,1.0,1.0,0.0,1.0,False,False,,,,,,
qwen2.5-vl-3b,handwriting,iam_00969,0.3996066148126829,10,False,,,0.0,0.0,0.0,0.0,40.0,1.0,1.0,0.0,1.0,False,False,,,,,,
qwen2.5-vl-3b,handwriting,iam_01020,0.3996066148126829,10,False,,,0.0,0.0,0.0,0.0,35.0,1.0,1.0,0.0,1.0,False,False,,,,,,
qwen2.5-vl-3b,handwriting,iam_01023,0.3996066148126829,9,False,,,0.0,0.0,0.0,0.0,47.0,1.0,1.0,0.0,1.0,False,False,,,,,,
qwen2.5-vl-3b,handwriting,iam_01091,0.3996066148126829,13,False,,,0.0,0.0,0.0,0.0,51.0,1.0,1.0,0.0,1.0,False,False,,,,,,
qwen2.5-vl-3b,handwriting,iam_01104,0.3996066148126829,7,False,,,0.0,0.0,0.0,0.0,31.0,1.0,1.0,0.0,1.0,False,False,,,,,,
qwen2.5-vl-3b,handwriting,iam_01238,0.3996066148126829,10,False,,,0.2,0.2,0.3333333333333333,8.0,40.0,0.6666666666666666,0.6666666666666666,0.3333333333333333,1.0,False,False,,,,,,
qwen2.5-vl-3b,handwriting,iam_01366,0.3996066148126829,11,False,,,0.02127659574468085,0.02127659574468085,0.1111111111111111,1.0,47.0,1.0,1.0,0.0,1.0,False,False,,,,,,
qwen2.5-vl-3b,handwriting,iam_01417,0.3996066148126829,15,False,,,0.0,0.0,0.0,0.0,53.0,1.0,1.0,0.0,1.0,False,False,,,,,,
qwen2.5-vl-3b,handwriting,iam_01452,0.3141324563125636,12,False,,,0.0,0.0,0.0,0.0,51.0,1.0,1.0,0.0,1.0,False,False,,,,,,
qwen2.5-vl-3b,handwriting,iam_01455,0.3141324563125636,3,False,,,0.0,0.0,0.0,0.0,5.0,1.0,1.0,0.0,1.0,False,False,,,,,,
qwen2.5-vl-3b,handwriting,iam_01805,0.3141324563125636,9,False,,,0.0,0.0,0.0,0.0,38.0,1.0,1.0,0.0,1.0,False,False,,,,,,
qwen2.5-vl-3b,handwriting,iam_01857,0.3141324563125636,10,False,,,0.05405405405405406,0.05405405405405406,0.2857142857142857,2.0,37.0,0.8571428571428571,0.8571428571428571,0.14285714285714285,0.9459459459459459,False,False,,,,,,
qwen2.5-vl-3b,handwriting,iam_01898,0.3141324563125636,14,False,,,0.08,0.08,0.2,4.0,50.0,0.9,0.9,0.1,0.96,False,False,,,,,,
qwen2.5-vl-3b,handwriting,iam_01908,0.3141324563125636,14,False,,,0.018867924528301886,0.018867924528301886,0.09090909090909091,1.0,53.0,1.0,1.0,0.0,1.0,False,False,,,,,,
qwen2.5-vl-3b,handwriting,iam_01970,0.3141324563125636,10,False,,,0.0,0.0,0.0,0.0,40.0,1.0,1.0,0.0,1.0,False,False,,,,,,
qwen2.5-vl-3b,handwriting,iam_01983,0.3141324563125636,11,False,,,0.06521739130434782,0.06521739130434782,0.2,3.0,46.0,1.0,1.0,0.0,0.9565217391304348,False,False,,,,,,
qwen2.5-vl-3b,handwriting,iam_01993,0.3141324563125636,10,False,,,0.0,0.0,0.0,0.0,46.0,1.0,1.0,0.0,1.0,False,False,,,,,,
qwen2.5-vl-3b,handwriting,iam_02060,0.3141324563125636,12,False,,,0.08163265306122448,0.08163265306122448,0.2222222222222222,4.0,49.0,0.7777777777777778,0.875,0.125,0.9387755102040817,False,False,,,,,,
qwen2.5-vl-3b,handwriting,iam_02081,0.3141324563125636,14,False,,,0.044444444444444446,0.044444444444444446,0.3,2.0,45.0,1.0,1.0,0.0,0.9777777777777777,False,False,,,,,,
qwen2.5-vl-3b,handwriting,iam_02109,0.3141324563125636,12,False,,,0.0,0.0,0.0,0.0,43.0,1.0,1.0,0.0,1.0,False,False,,,,,,
qwen2.5-vl-3b,handwriting,iam_02171,0.3141324563125636,9,False,,,0.0,0.0,0.0,0.0,40.0,1.0,1.0,0.0,1.0,False,False,,,,,,
qwen2.5-vl-3b,handwriting,iam_02216,0.3141324563125636,12,False,,,0.04878048780487805,0.04878048780487805,0.14285714285714285,2.0,41.0,0.8571428571428571,0.8571428571428571,0.14285714285714285,0.975609756097561,False,False,,,,,,
qwen2.5-vl-3b,handwriting,iam_02279,0.3141324563125636,14,False,,,0.16326530612244897,0.16326530612244897,0.4,8.0,49.0,0.6363636363636364,0.6363636363636364,0.36363636363636365,1.0612244897959184,False,False,,,,,,
qwen2.5-vl-3b,handwriting,iam_02371,0.3141324563125636,6,False,,,0.13636363636363635,0.13636363636363635,0.4,3.0,22.0,1.0,1.0,0.0,0.9090909090909091,False,False,,,,,,
qwen2.5-vl-3b,handwriting,iam_02384,0.33439071400001313,12,False,,,0.02564102564102564,0.02564102564102564,0.1,1.0,39.0,1.0,1.0,0.0,1.0,False,False,,,,,,
qwen2.5-vl-3b,handwriting,iam_02463,0.33439071400001313,11,False,,,0.0,0.0,0.0,0.0,40.0,1.0,1.0,0.0,1.0,False,False,,,,,,
qwen2.5-vl-3b,handwriting,iam_02522,0.33439071400001313,12,False,,,0.08163265306122448,0.08163265306122448,0.5714285714285714,4.0,49.0,1.0,1.0,0.0,1.0,False,False,,,,,,
qwen2.5-vl-3b,handwriting,iam_02552,0.33439071400001313,13,False,,,0.0,0.0,0.0,0.0,41.0,1.0,1.0,0.0,1.0,False,False,,,,,,
qwen2.5-vl-3b,handwriting,iam_02640,0.33439071400001313,14,False,,,0.0,0.0,0.0,0.0,49.0,1.0,1.0,0.0,1.0,False,False,,,,,,
qwen2.5-vl-3b,handwriting,iam_02655,0.33439071400001313,17,False,,,0.0196078431372549,0.0196078431372549,0.2,1.0,51.0,1.0,1.0,0.0,0.9803921568627451,False,False,,,,,,
qwen2.5-vl-3b,handwriting,iam_02684,0.33439071400001313,16,False,,,0.0,0.0,0.0,0.0,57.0,1.0,1.0,0.0,1.0,False,False,,,,,,
qwen2.5-vl-3b,handwriting,iam_02725,0.33439071400001313,12,False,,,0.05263157894736842,0.05263157894736842,0.2,3.0,57.0,0.9090909090909091,1.0,0.0,0.9649122807017544,False,False,,,,,,
qwen2.5-vl-3b,handwriting,iam_02733,0.33439071400001313,8,False,,,0.0,0.0,0.0,0.0,39.0,1.0,1.0,0.0,1.0,False,False,,,,,,
qwen2.5-vl-3b,handwriting,iam_02750,0.33439071400001313,10,False,,,0.0,0.0,0.0,0.0,40.0,1.0,1.0,0.0,1.0,False,False,,,,,,
qwen2.5-vl-3b,handwriting,iam_02765,0.33439071400001313,13,False,,,0.07894736842105263,0.07894736842105263,0.375,3.0,38.0,1.0,1.0,0.0,0.9736842105263158,False,False,,,,,,
qwen2.5-vl-3b,handwriting,iam_02838,0.33439071400001313,8,False,,,0.07407407407407407,0.07407407407407407,0.3333333333333333,2.0,27.0,0.6666666666666666,0.6666666666666666,0.3333333333333333,1.037037037037037,False,False,,,,,,
qwen2.5-vl-3b,stress,syn000_prose__clean,2.7589647241875355,507,False,,,0.0,0.0,0.0,0.0,2182.0,1.0,1.0,0.0,1.0,False,False,,,,,prose,clean
qwen2.5-vl-3b,stress,syn000_prose__dpi150,2.7589647241875355,507,False,,,0.0004576659038901602,0.0,0.0,0.0,2182.0,1.0,1.0,0.0,1.0,False,False,,,,,prose,dpi150
qwen2.5-vl-3b,stress,syn000_prose__dpi75,2.7589647241875355,506,False,,,0.002288329519450801,0.00229147571035747,0.005141388174807198,5.0,2182.0,0.9949622166246851,0.9949622166246851,0.005037783375314861,0.999083409715857,False,False,,,,,prose,dpi75
qwen2.5-vl-3b,stress,syn000_prose__blur,2.7589647241875355,507,False,,,0.0,0.0,0.0,0.0,2182.0,1.0,1.0,0.0,1.0,False,False,,,,,prose,blur
qwen2.5-vl-3b,stress,syn000_prose__noise,2.7589647241875355,507,False,,,0.0004576659038901602,0.0,0.0,0.0,2182.0,1.0,1.0,0.0,1.0,False,False,,,,,prose,noise
qwen2.5-vl-3b,stress,syn000_prose__rotate3,2.7589647241875355,507,False,,,0.0,0.0,0.0,0.0,2182.0,1.0,1.0,0.0,1.0,False,False,,,,,prose,rotate3
qwen2.5-vl-3b,stress,syn000_prose__rotate8,2.7589647241875355,507,False,,,0.0004576659038901602,0.00045829514207149406,0.002570694087403599,1.0,2182.0,0.9974811083123426,0.9974811083123426,0.0025188916876574307,1.0004582951420715,False,False,,,,,prose,rotate8
qwen2.5-vl-3b,stress,syn000_prose__jpeg_q10,2.7589647241875355,507,False,,,0.0004576659038901602,0.0,0.0,0.0,2182.0,1.0,1.0,0.0,1.0,False,False,,,,,prose,jpeg_q10
qwen2.5-vl-3b,stress,syn000_prose__low_contrast,2.7589647241875355,507,False,,,0.0,0.0,0.0,0.0,2182.0,1.0,1.0,0.0,1.0,False,False,,,,,prose,low_contrast
qwen2.5-vl-3b,stress,syn000_prose__photocopy,2.7589647241875355,507,False,,,0.0004576659038901602,0.0,0.0,0.0,2182.0,1.0,1.0,0.0,1.0,False,False,,,,,prose,photocopy
qwen2.5-vl-3b,stress,syn000_prose__phone_photo,2.7589647241875355,507,False,,,0.0,0.0,0.0,0.0,2182.0,1.0,1.0,0.0,1.0,False,False,,,,,prose,phone_photo
qwen2.5-vl-3b,stress,syn001_two_column__clean,2.7589647241875355,438,False,,,0.0,0.0,0.0,0.0,2056.0,1.0,1.0,0.0,1.0,False,False,,,,,two_column,clean
qwen2.5-vl-3b,stress,syn001_two_column__dpi150,2.7589647241875355,438,False,,,0.0,0.0,0.0,0.0,2056.0,1.0,1.0,0.0,1.0,False,False,,,,,two_column,dpi150
qwen2.5-vl-3b,stress,syn001_two_column__dpi75,2.7589647241875355,438,False,,,0.0009727626459143969,0.0009727626459143969,0.005361930294906166,2.0,2056.0,0.9973333333333333,0.9973333333333333,0.0026666666666666666,1.0004863813229572,False,False,,,,,two_column,dpi75
qwen2.5-vl-3b,stress,syn001_two_column__blur,2.7589647241875355,438,False,,,0.0,0.0,0.0,0.0,2056.0,1.0,1.0,0.0,1.0,False,False,,,,,two_column,blur
qwen2.5-vl-3b,stress,syn001_two_column__noise,2.7589647241875355,438,False,,,0.0,0.0,0.0,0.0,2056.0,1.0,1.0,0.0,1.0,False,False,,,,,two_column,noise
qwen2.5-vl-3b,stress,syn001_two_column__rotate3,3.076833644500084,438,False,,,0.0,0.0,0.0,0.0,2056.0,1.0,1.0,0.0,1.0,False,False,,,,,two_column,rotate3
qwen2.5-vl-3b,stress,syn001_two_column__rotate8,3.076833644500084,438,False,,,0.0,0.0,0.0,0.0,2056.0,1.0,1.0,0.0,1.0,False,False,,,,,two_column,rotate8
qwen2.5-vl-3b,stress,syn001_two_column__jpeg_q10,3.076833644500084,438,False,,,0.0,0.0,0.0,0.0,2056.0,1.0,1.0,0.0,1.0,False,False,,,,,two_column,jpeg_q10
qwen2.5-vl-3b,stress,syn001_two_column__low_contrast,3.076833644500084,438,False,,,0.0,0.0,0.0,0.0,2056.0,1.0,1.0,0.0,1.0,False,False,,,,,two_column,low_contrast
qwen2.5-vl-3b,stress,syn001_two_column__photocopy,3.076833644500084,438,False,,,0.0,0.0,0.0,0.0,2056.0,1.0,1.0,0.0,1.0,False,False,,,,,two_column,photocopy
qwen2.5-vl-3b,stress,syn001_two_column__phone_photo,3.076833644500084,438,False,,,0.0,0.0,0.0,0.0,2056.0,1.0,1.0,0.0,1.0,False,False,,,,,two_column,phone_photo
qwen2.5-vl-3b,stress,syn002_table__clean,3.076833644500084,277,False,,,0.002347417840375587,0.002347417840375587,0.015384615384615385,1.0,426.0,1.0,1.0,0.0,1.0,False,False,,,,,table,clean
qwen2.5-vl-3b,stress,syn002_table__dpi150,3.076833644500084,277,False,,,0.0,0.0,0.0,0.0,426.0,1.0,1.0,0.0,1.0,False,False,,,,,table,dpi150
qwen2.5-vl-3b,stress,syn002_table__dpi75,3.076833644500084,277,False,,,0.002347417840375587,0.002347417840375587,0.015384615384615385,1.0,426.0,0.9888888888888889,0.9888888888888889,0.011111111111111112,1.0,False,False,,,,,table,dpi75
qwen2.5-vl-3b,stress,syn002_table__blur,3.076833644500084,277,False,,,0.0,0.0,0.0,0.0,426.0,1.0,1.0,0.0,1.0,False,False,,,,,table,blur
qwen2.5-vl-3b,stress,syn002_table__noise,3.076833644500084,277,False,,,0.002347417840375587,0.002347417840375587,0.015384615384615385,1.0,426.0,1.0,1.0,0.0,1.0,False,False,,,,,table,noise
qwen2.5-vl-3b,stress,syn002_table__rotate3,3.076833644500084,277,False,,,0.0,0.0,0.0,0.0,426.0,1.0,1.0,0.0,1.0,False,False,,,,,table,rotate3
qwen2.5-vl-3b,stress,syn002_table__rotate8,3.076833644500084,266,False,,,0.09859154929577464,0.09859154929577464,0.09230769230769231,42.0,426.0,0.9333333333333333,1.0,0.0,0.9014084507042254,False,False,,,,,table,rotate8
qwen2.5-vl-3b,stress,syn002_table__jpeg_q10,3.076833644500084,277,False,,,0.0,0.0,0.0,0.0,426.0,1.0,1.0,0.0,1.0,False,False,,,,,table,jpeg_q10
qwen2.5-vl-3b,stress,syn002_table__low_contrast,3.076833644500084,266,False,,,0.1056338028169014,0.1056338028169014,0.13846153846153847,45.0,426.0,0.9111111111111111,0.9761904761904762,0.023809523809523808,0.9014084507042254,False,False,,,,,table,low_contrast
qwen2.5-vl-3b,stress,syn002_table__photocopy,3.076833644500084,277,False,,,0.0,0.0,0.0,0.0,426.0,1.0,1.0,0.0,1.0,False,False,,,,,table,photocopy
qwen2.5-vl-3b,stress,syn002_table__phone_photo,3.07820901125001,266,False,,,0.09859154929577464,0.09859154929577464,0.09230769230769231,42.0,426.0,0.9333333333333333,1.0,0.0,0.9014084507042254,False,False,,,,,table,phone_photo
qwen2.5-vl-3b,stress,syn003_invoice__clean,3.07820901125001,211,False,,,0.31101511879049676,0.31101511879049676,0.30303030303030304,144.0,463.0,0.7391304347826086,1.0,0.0,0.6889848812095032,False,False,,,,,invoice,clean
qwen2.5-vl-3b,stress,syn003_invoice__dpi150,3.07820901125001,211,False,,,0.31101511879049676,0.31101511879049676,0.30303030303030304,144.0,463.0,0.7391304347826086,1.0,0.0,0.6889848812095032,False,False,,,,,invoice,dpi150
qwen2.5-vl-3b,stress,syn003_invoice__dpi75,3.07820901125001,211,False,,,0.31101511879049676,0.31101511879049676,0.30303030303030304,144.0,463.0,0.7391304347826086,1.0,0.0,0.6889848812095032,False,False,,,,,invoice,dpi75
qwen2.5-vl-3b,stress,syn003_invoice__blur,3.07820901125001,211,False,,,0.31101511879049676,0.31101511879049676,0.30303030303030304,144.0,463.0,0.7391304347826086,1.0,0.0,0.6889848812095032,False,False,,,,,invoice,blur
qwen2.5-vl-3b,stress,syn003_invoice__noise,3.07820901125001,211,False,,,0.31101511879049676,0.31101511879049676,0.30303030303030304,144.0,463.0,0.7391304347826086,1.0,0.0,0.6889848812095032,False,False,,,,,invoice,noise
qwen2.5-vl-3b,stress,syn003_invoice__rotate3,3.07820901125001,211,False,,,0.31101511879049676,0.31101511879049676,0.30303030303030304,144.0,463.0,0.7391304347826086,1.0,0.0,0.6889848812095032,False,False,,,,,invoice,rotate3
qwen2.5-vl-3b,stress,syn003_invoice__rotate8,3.07820901125001,211,False,,,0.31101511879049676,0.31101511879049676,0.30303030303030304,144.0,463.0,0.7391304347826086,1.0,0.0,0.6889848812095032,False,False,,,,,invoice,rotate8
qwen2.5-vl-3b,stress,syn003_invoice__jpeg_q10,3.07820901125001,211,False,,,0.31101511879049676,0.31101511879049676,0.30303030303030304,144.0,463.0,0.7391304347826086,1.0,0.0,0.6889848812095032,False,False,,,,,invoice,jpeg_q10
qwen2.5-vl-3b,stress,syn003_invoice__low_contrast,3.07820901125001,211,False,,,0.31101511879049676,0.31101511879049676,0.30303030303030304,144.0,463.0,0.7391304347826086,1.0,0.0,0.6889848812095032,False,False,,,,,invoice,low_contrast
qwen2.5-vl-3b,stress,syn003_invoice__photocopy,3.07820901125001,211,False,,,0.31101511879049676,0.31101511879049676,0.30303030303030304,144.0,463.0,0.7391304347826086,1.0,0.0,0.6889848812095032,False,False,,,,,invoice,photocopy
qwen2.5-vl-3b,stress,syn003_invoice__phone_photo,3.07820901125001,211,False,,,0.31101511879049676,0.31101511879049676,0.30303030303030304,144.0,463.0,0.7391304347826086,1.0,0.0,0.6889848812095032,False,False,,,,,invoice,phone_photo
qwen2.5-vl-3b,stress,syn004_prose__clean,3.07820901125001,521,False,,,0.0008920606601248885,0.0008920606601248885,0.005115089514066497,2.0,2242.0,0.9949238578680203,0.9949238578680203,0.005076142131979695,0.9995539696699376,False,False,,,,,prose,clean
qwen2.5-vl-3b,stress,syn004_prose__dpi150,3.07820901125001,521,False,,,0.00044603033006244426,0.00044603033006244426,0.0025575447570332483,1.0,2242.0,0.9974619289340102,0.9974619289340102,0.0025380710659898475,0.9995539696699376,False,False,,,,,prose,dpi150
qwen2.5-vl-3b,stress,syn004_prose__dpi75,3.07820901125001,519,False,,,0.008920606601248885,0.008920606601248885,0.01278772378516624,20.0,2242.0,0.9873096446700508,0.9923469387755102,0.007653061224489796,0.9973238180196253,False,False,,,,,prose,dpi75
qwen2.5-vl-3b,stress,syn004_prose__blur,3.07820901125001,522,False,,,0.0,0.0,0.0,0.0,2242.0,1.0,1.0,0.0,1.0,False,False,,,,,prose,blur
qwen2.5-vl-3b,stress,syn004_prose__noise,4.987824605286213,521,False,,,0.00044603033006244426,0.00044603033006244426,0.0025575447570332483,1.0,2242.0,0.9974619289340102,0.9974619289340102,0.0025380710659898475,0.9995539696699376,False,False,,,,,prose,noise
qwen2.5-vl-3b,stress,syn004_prose__rotate3,4.987824605286213,521,False,,,0.00044603033006244426,0.00044603033006244426,0.0025575447570332483,1.0,2242.0,0.9974619289340102,0.9974619289340102,0.0025380710659898475,0.9995539696699376,False,False,,,,,prose,rotate3
qwen2.5-vl-3b,stress,syn004_prose__rotate8,4.987824605286213,521,False,,,0.0013380909901873326,0.0013380909901873326,0.005115089514066497,3.0,2242.0,0.9949238578680203,0.9949238578680203,0.005076142131979695,0.9995539696699376,False,False,,,,,prose,rotate8
qwen2.5-vl-3b,stress,syn004_prose__jpeg_q10,4.987824605286213,521,False,,,0.00044603033006244426,0.00044603033006244426,0.0025575447570332483,1.0,2242.0,0.9974619289340102,0.9974619289340102,0.0025380710659898475,0.9995539696699376,False,False,,,,,prose,jpeg_q10
qwen2.5-vl-3b,stress,syn004_prose__low_contrast,4.987824605286213,504,False,,,0.00044603033006244426,0.00044603033006244426,0.0025575447570332483,1.0,2242.0,0.9974619289340102,0.9974619289340102,0.0025380710659898475,0.9995539696699376,False,False,,,,,prose,low_contrast
qwen2.5-vl-3b,stress,syn004_prose__photocopy,4.987824605286213,521,False,,,0.00044603033006244426,0.00044603033006244426,0.0025575447570332483,1.0,2242.0,0.9974619289340102,0.9974619289340102,0.0025380710659898475,0.9995539696699376,False,False,,,,,prose,photocopy
qwen2.5-vl-3b,stress,syn004_prose__phone_photo,4.987824605286213,505,False,,,0.0,0.0,0.0,0.0,2242.0,1.0,1.0,0.0,1.0,False,False,,,,,prose,phone_photo
qwen3.5-2b,books,birdsofgreatbrit02butl_0093_full,13.857636000624893,591,False,birdsofgreatbrit02butl,en,0.007867132867132868,0.00043591979075850045,0.0026954177897574125,1.0,2294.0,0.9974093264248705,0.9948320413436692,0.00516795865633075,1.0004359197907584,False,False,,,,,,
qwen3.5-2b,books,birdsofgreatbrit02butl_0126_full,13.857636000624893,701,False,birdsofgreatbrit02butl,en,0.01726568005637773,0.007394366197183098,0.015184381778741865,21.0,2840.0,0.9858870967741935,0.9878787878787879,0.012121212121212121,0.9954225352112676,False,False,,,,,,
qwen3.5-2b,books,birdsofgreatbrit02butl_0156_full,13.857636000624893,491,False,birdsofgreatbrit02butl,en,0.02849462365591398,0.01818181818181818,0.023026315789473683,34.0,1870.0,0.9743589743589743,0.9967213114754099,0.003278688524590164,0.9823529411764705,False,False,,,,,,
qwen3.5-2b,books,birdsofgreatbrit02butl_0159_full,13.857636000624893,684,False,birdsofgreatbrit02butl,en,0.013845621322256836,0.00862961684501208,0.007722007722007722,25.0,2897.0,0.9906367041198502,0.9981132075471698,0.0018867924528301887,0.9930963065239903,False,False,,,,,,
qwen3.5-2b,books,birdsofgreatbrit02butl_0172_full,13.857636000624893,722,False,birdsofgreatbrit02butl,en,0.022799240025332488,0.0069138906348208675,0.010344827586206896,22.0,3182.0,0.9898305084745763,0.9931972789115646,0.006802721088435374,0.9949717159019484,False,False,,,,,,
qwen3.5-2b,books,birdsofgreatbrit02butl_0308_full,13.857636000624893,439,False,birdsofgreatbrit02butl,en,0.02410958904109589,0.01588170865279299,0.01524390243902439,29.0,1826.0,0.9881305637982196,0.9970059880239521,0.0029940119760479044,0.9923329682365827,False,False,,,,,,
qwen3.5-2b,books,birdsofgreatbrit02butl_0312_full,13.857636000624893,274,False,birdsofgreatbrit02butl,en,0.020522388059701493,0.01863932898415657,0.033707865168539325,20.0,1073.0,0.9725274725274725,0.9888268156424581,0.0111731843575419,0.983224603914259,False,False,,,,,,
qwen3.5-2b,books,birdsofgreatbrit02butl_0320_full,13.857636000624893,524,False,birdsofgreatbrit02butl,en,0.005461993627674101,0.0018198362147406734,0.0027397260273972603,4.0,2198.0,0.9973958333333334,1.0,0.0,0.9981801637852593,False,False,,,,,,
qwen3.5-2b,books,birdsofgreatbrit02butl_0328_full,13.857636000624893,251,False,birdsofgreatbrit02butl,en,0.032357473035439135,0.023112480739599383,0.24210526315789474,15.0,649.0,0.9716981132075472,0.9537037037037037,0.046296296296296294,1.0200308166409862,False,False,,,,,,
qwen3.5-2b,books,conchologiaiconi05reev_0039_full,13.857636000624893,810,False,conchologiaiconi05reev,en,0.328498727735369,0.3210285132382892,0.35901926444833626,1261.0,3928.0,0.6410256410256411,0.9375,0.0625,0.6858452138492872,False,False,,,,,,
qwen3.5-2b,books,conchologiaiconi05reev_0127_full,13.857636000624893,1265,False,conchologiaiconi05reev,en,0.027457710223093897,0.013782919025350726,0.09652509652509653,56.0,4063.0,0.9052044609665427,0.9035250463821892,0.09647495361781076,0.9997538764459759,False,False,,,,,,
qwen3.5-2b,books,conchologiaiconi05reev_0200_full,13.857636000624893,1200,False,conchologiaiconi05reev,en,0.0274079874706343,0.013940031562335612,0.09343936381709742,53.0,3802.0,0.9176245210727969,0.9123809523809524,0.08761904761904762,1.0013150973172014,False,False,,,,,,
qwen3.5-2b,books,conchologiaiconi05reev_0235_full,13.857636000624893,1102,False,conchologiaiconi05reev,en,0.1255195344970906,0.1116046640755136,0.25869565217391305,402.0,3602.0,0.8472803347280334,0.8785249457700651,0.12147505422993492,0.9705719044975014,False,False,,,,,,
qwen3.5-2b,books,conchologiaiconi05reev_0271_full,13.857636000624893,1304,False,conchologiaiconi05reev,en,0.028938906752411574,0.017144387891776053,0.12815126050420167,64.0,3733.0,0.8762677484787018,0.8762677484787018,0.12373225152129817,0.998660594695955,False,False,,,,,,
qwen3.5-2b,books,conchologiaiconi05reev_0276_full,13.857636000624893,1522,False,conchologiaiconi05reev,en,0.04262295081967213,0.031119877273723427,0.10452961672473868,142.0,4563.0,0.9061976549413735,0.9123102866779089,0.08768971332209106,0.9971509971509972,False,False,,,,,,
qwen3.5-2b,books,conchologiaiconi05reev_0350_full,13.857636000624893,556,False,conchologiaiconi05reev,en,0.17116704805491992,0.1598530087276068,0.18983050847457628,348.0,2177.0,0.8079470198675497,0.9721115537848606,0.027888446215139442,0.844281120808452,False,False,,,,,,
qwen3.5-2b,books,conchologiaiconi05reev_0354_full,13.857636000624893,1093,False,conchologiaiconi05reev,en,0.03992128197919595,0.022765598650927487,0.1160337552742616,81.0,3558.0,0.8904665314401623,0.8959183673469387,0.10408163265306122,0.9915682967959528,False,False,,,,,,
qwen3.5-2b,books,conchologiaiconi05reev_0433_full,13.857636000624893,1102,False,conchologiaiconi05reev,en,0.04603303547251557,0.036684782608695655,0.13043478260869565,135.0,3680.0,0.9014373716632443,0.9070247933884298,0.09297520661157024,0.9942934782608696,False,False,,,,,,
qwen3.5-2b,books,daschitinskelett00prel_0011_full,13.857636000624893,688,False,daschitinskelett00prel,de,0.006993006993006993,0.003190810465858328,0.018433179723502304,10.0,3134.0,0.9860788863109049,0.9883720930232558,0.011627906976744186,0.9974473516273133,False,False,,,,,,
qwen3.5-2b,books,daschitinskelett00prel_0021_full,13.857636000624893,969,False,daschitinskelett00prel,de,0.010101010101010102,0.006491820306413918,0.015957446808510637,25.0,3851.0,0.9893238434163701,0.9893238434163701,0.010676156583629894,0.9994806543754868,False,False,,,,,,
qwen3.5-2b,books,daschitinskelett00prel_0034_full,13.857636000624893,722,False,daschitinskelett00prel,de,0.006363027461486939,0.005030181086519115,0.02112676056338028,15.0,2982.0,0.9858823529411764,0.9858823529411764,0.01411764705882353,0.9986586183769283,False,False,,,,,,
qwen3.5-2b,books,daschitinskelett00prel_0037_full,13.857636000624893,938,False,daschitinskelett00prel,de,0.008181578252837161,0.003444621091679915,0.01639344262295082,13.0,3774.0,0.9872262773722628,0.9872262773722628,0.012773722627737226,0.9986751457339693,False,False,,,,,,
qwen3.5-2b,books,daschitinskelett00prel_0038_full,13.857636000624893,8192,False,daschitinskelett00prel,de,0.012963443090484833,0.008851861494402499,0.04716981132075472,34.0,3841.0,0.9773584905660377,0.955719557195572,0.04428044280442804,0.9997396511325176,False,True,,,,,,
qwen3.5-2b,books,daschitinskelett00prel_0051_full,13.857636000624893,936,False,daschitinskelett00prel,de,0.009831106629694983,0.006826801517067004,0.05892857142857143,27.0,3955.0,0.967741935483871,0.9523809523809523,0.047619047619047616,1.0007585335018963,False,False,,,,,,
qwen3.5-2b,books,daschitinskelett00prel_0057_full,13.857636000624893,812,False,daschitinskelett00prel,de,0.006594036697247707,0.0054535017221584384,0.025210084033613446,19.0,3484.0,0.9873949579831933,0.9873949579831933,0.012605042016806723,0.9979908151549942,False,False,,,,,,
qwen3.5-2b,books,daschitinskelett00prel_0060_full,13.857636000624893,226,False,daschitinskelett00prel,de,0.045454545454545456,0.041294642857142856,0.2644628099173554,37.0,896.0,0.957983193277311,0.7916666666666666,0.20833333333333334,1.0178571428571428,False,False,,,,,,
qwen3.5-2b,books,histoirenaturell10cuvi_0014_full,13.857636000624893,289,False,histoirenaturell10cuvi,fr,0.018487394957983194,0.006779661016949152,0.028409090909090908,8.0,1180.0,0.973404255319149,0.9682539682539683,0.031746031746031744,0.9966101694915255,False,False,,,,,,
qwen3.5-2b,books,histoirenaturell10cuvi_0070_full,13.857636000624893,389,False,histoirenaturell10cuvi,fr,0.09942950285248574,0.07489711934156379,0.12135922330097088,91.0,1215.0,0.9506726457399103,0.954954954954955,0.04504504504504504,0.9810699588477366,False,False,,,,,,
qwen3.5-2b,books,histoirenaturell10cuvi_0172_full,13.857636000624893,344,False,histoirenaturell10cuvi,fr,0.01647875108412836,0.004347826086956522,0.01015228426395939,5.0,1150.0,0.9906542056074766,0.9953051643192489,0.004694835680751174,0.9973913043478261,False,False,,,,,,
qwen3.5-2b,books,histoirenaturell10cuvi_0188_full,13.857636000624893,473,False,histoirenaturell10cuvi,fr,0.03796653796653797,0.020618556701030927,0.04905660377358491,32.0,1552.0,0.9525423728813559,0.9689655172413794,0.03103448275862069,0.9845360824742269,False,False,,,,,,
qwen3.5-2b,books,histoirenaturell10cuvi_0251_full,13.857636000624893,409,False,histoirenaturell10cuvi,fr,0.017918088737201365,0.003451251078515962,0.01990049751243781,4.0,1159.0,0.9813084112149533,0.9813084112149533,0.018691588785046728,1.000862812769629,False,False,,,,,,
qwen3.5-2b,books,histoirenaturell10cuvi_0343_full,13.857636000624893,353,False,histoirenaturell10cuvi,fr,0.03752931978107897,0.021343873517786563,0.04522613065326633,27.0,1265.0,0.9901960784313726,0.9711538461538461,0.028846153846153848,0.9984189723320158,False,False,,,,,,
qwen3.5-2b,books,histoirenaturell10cuvi_0369_full,8.70195054177768,379,False,histoirenaturell10cuvi,fr,0.04,0.02397525135344161,0.03636363636363636,31.0,1293.0,0.9741379310344828,0.9912280701754386,0.008771929824561403,0.9775715390564579,False,False,,,,,,
qwen3.5-2b,books,histoirenaturell10cuvi_0425_full,8.70195054177768,472,False,histoirenaturell10cuvi,fr,0.03229892336922103,0.017811704834605598,0.02888086642599278,28.0,1572.0,0.9761904761904762,0.9828767123287672,0.017123287671232876,0.9860050890585241,False,False,,,,,,
qwen3.5-2b,books,pisciumquerelaee00sche_0012_full,8.70195054177768,595,False,pisciumquerelaee00sche,la,0.10780226325193568,0.08016877637130802,0.2838983050847458,133.0,1659.0,0.6513409961685823,0.7327586206896551,0.2672413793103448,1.0229053646775166,False,False,,,,,,
qwen3.5-2b,books,pisciumquerelaee00sche_0013_full,8.70195054177768,600,False,pisciumquerelaee00sche,la,0.10011778563015312,0.07431629013079667,0.31666666666666665,125.0,1682.0,0.700374531835206,0.7759336099585062,0.22406639004149378,1.0267538644470868,False,False,,,,,,
qwen3.5-2b,books,pisciumquerelaee00sche_0016_full,8.70195054177768,575,False,pisciumquerelaee00sche,la,0.08375,0.06143128562381254,0.29955947136563876,97.0,1579.0,0.7479338842975206,0.7637130801687764,0.23628691983122363,1.0177327422419253,False,False,,,,,,
qwen3.5-2b,books,pisciumquerelaee00sche_0035_full,8.70195054177768,610,False,pisciumquerelaee00sche,la,0.10975609756097561,0.07857581338244321,0.32894736842105265,128.0,1629.0,0.7479674796747967,0.7965367965367965,0.20346320346320346,1.0263965623081646,False,False,,,,,,
qwen3.5-2b,books,pisciumquerelaee00sche_0038_full,8.70195054177768,518,False,pisciumquerelaee00sche,la,0.10152990264255911,0.0939929328621908,0.30456852791878175,133.0,1415.0,0.7128712871287128,0.7741935483870968,0.22580645161290322,1.020494699646643,False,False,,,,,,
qwen3.5-2b,books,pisciumquerelaee00sche_0040_full,8.70195054177768,707,False,pisciumquerelaee00sche,la,0.10381593714927048,0.09461756373937677,0.34191176470588236,167.0,1765.0,0.6456953642384106,0.7116788321167883,0.28832116788321166,1.041926345609065,False,False,,,,,,
qwen3.5-2b,books,pisciumquerelaee00sche_0041_full,8.70195054177768,550,False,pisciumquerelaee00sche,la,0.09198998748435544,0.082122552116235,0.2916666666666667,130.0,1583.0,0.6628352490421456,0.7654867256637168,0.2345132743362832,1.0265319014529375,False,False,,,,,,
qwen3.5-2b,books,pisciumquerelaee00sche_0044_full,8.70195054177768,151,False,pisciumquerelaee00sche,la,0.17647058823529413,0.1608910891089109,0.42857142857142855,65.0,404.0,0.5849056603773585,0.5740740740740741,0.42592592592592593,1.0198019801980198,False,False,,,,,,
qwen3.5-2b,books,trudyrusskagoent161881russ_0098_full,8.70195054177768,788,False,trudyrusskagoent161881russ,fr+de,0.14903846153846154,0.14521679284239505,1.0735294117647058,211.0,1453.0,0.8140703517587939,0.42857142857142855,0.5714285714285714,1.1321403991741226,False,False,,,,,,
qwen3.5-2b,books,trudyrusskagoent161881russ_0121_full,8.70195054177768,542,False,trudyrusskagoent161881russ,fr+de,0.01751592356687898,0.0047872340425531915,0.02422145328719723,9.0,1880.0,0.9895104895104895,0.9964788732394366,0.0035211267605633804,0.9952127659574468,False,False,,,,,,
qwen3.5-2b,books,trudyrusskagoent161881russ_0276_full,8.70195054177768,504,False,trudyrusskagoent161881russ,fr+de,0.019097222222222224,0.012152777777777778,0.0199203187250996,21.0,1728.0,0.9919028340080972,0.9879032258064516,0.012096774193548387,1.0017361111111112,False,False,,,,,,
qwen3.5-2b,books,trudyrusskagoent161881russ_0329_full,8.70195054177768,614,False,trudyrusskagoent161881russ,fr+de,0.013842482100238664,0.009108341323106424,0.0410958904109589,19.0,2086.0,0.9724137931034482,0.9724137931034482,0.027586206896551724,0.9952061361457335,False,False,,,,,,
qwen3.5-2b,books,trudyrusskagoent161881russ_0357_full,8.70195054177768,541,False,trudyrusskagoent161881russ,fr+de,0.012687427912341407,0.009286128845037725,0.03734439834024896,16.0,1723.0,0.9834710743801653,0.9875518672199171,0.012448132780082987,0.9941961694718514,False,False,,,,,,
qwen3.5-2b,books,trudyrusskagoent161881russ_0379_full,8.70195054177768,589,False,trudyrusskagoent161881russ,fr+de,0.015484515484515484,0.01154039136979428,0.05660377358490566,23.0,1993.0,0.975975975975976,0.9789156626506024,0.02108433734939759,0.9939789262418465,False,False,,,,,,
qwen3.5-2b,books,trudyrusskagoent161881russ_0388_full,8.70195054177768,635,False,trudyrusskagoent161881russ,fr+de,0.07427635172037138,0.07006020799124248,0.06060606060606061,128.0,1827.0,0.9902912621359223,0.9386503067484663,0.06134969325153374,1.0541871921182266,False,False,,,,,,
qwen3.5-2b,books,trudyrusskagoent161881russ_0446_full,8.70195054177768,439,False,trudyrusskagoent161881russ,fr+de,0.09758364312267657,0.09532710280373832,0.05759162303664921,102.0,1070.0,1.0,0.9259259259259259,0.07407407407407407,1.0785046728971963,False,False,,,,,,
qwen3.5-2b,docs,headers_footers__0b8de922246569bf96136cd5bb1d9643b2d269fe_page_10_processed,7.357227312760078,380,False,,,,,,,,,,,,False,,headers_footers,2.0,1.0,"[{""id"": ""0b8de922246569bf96136cd5bb1d9643b2d269fe_page_10_processed.pdf_manual_00"", ""type"": ""absent"", ""passed"": false, ""category"": ""headers_footers""}, {""id"": ""auto_baseline"", ""type"": ""baseline"", ""passed"": true, ""category"": ""baseline""}]",,
qwen3.5-2b,docs,headers_footers__12e836a20227be4b63f7dcdebb2498e9d189d4da_page_5_processed,7.357227312760078,1588,False,,,,,,,,,,,,False,,headers_footers,4.0,4.0,"[{""id"": ""12e836a20227be4b63f7dcdebb2498e9d189d4da_page_5_processed_pg1_header_00"", ""type"": ""absent"", ""passed"": true, ""category"": ""headers_footers""}, {""id"": ""12e836a20227be4b63f7dcdebb2498e9d189d4da_page_5_processed_pg1_header_01"", ""type"": ""absent"", ""passed"": true, ""category"": ""headers_footers""}, {""id"": ""12e836a20227be4b63f7dcdebb2498e9d189d4da_page_5_processed_pg1_header_02"", ""type"": ""absent"", ""passed"": true, ""category"": ""headers_footers""}, {""id"": ""auto_baseline"", ""type"": ""baseline"", ""passed"": true, ""category"": ""baseline""}]",,
qwen3.5-2b,docs,headers_footers__17ce5025be595d7fc2c3a347b6a2fa4e4d06419d_page_1,7.357227312760078,234,False,,,,,,,,,,,,False,,headers_footers,2.0,1.0,"[{""id"": ""17ce5025be595d7fc2c3a347b6a2fa4e4d06419d_page_1_header_00"", ""type"": ""absent"", ""passed"": false, ""category"": ""headers_footers""}, {""id"": ""auto_baseline"", ""type"": ""baseline"", ""passed"": true, ""category"": ""baseline""}]",,
qwen3.5-2b,docs,headers_footers__1a3e61746b0965df09bce6cb1051c455807363d5_page_1,7.357227312760078,1172,False,,,,,,,,,,,,False,,headers_footers,3.0,2.0,"[{""id"": ""1a3e61746b0965df09bce6cb1051c455807363d5_page_1_header_00"", ""type"": ""absent"", ""passed"": true, ""category"": ""headers_footers""}, {""id"": ""1a3e61746b0965df09bce6cb1051c455807363d5_page_1.pdf_manual_00"", ""type"": ""absent"", ""passed"": false, ""category"": ""headers_footers""}, {""id"": ""auto_baseline"", ""type"": ""baseline"", ""passed"": true, ""category"": ""baseline""}]",,
qwen3.5-2b,docs,headers_footers__2cb8b9fbe5aaac3d7f95d110a3b08132ee09d103_page_2,7.357227312760078,733,False,,,,,,,,,,,,False,,headers_footers,3.0,1.0,"[{""id"": ""2cb8b9fbe5aaac3d7f95d110a3b08132ee09d103_page_2_header_00"", ""type"": ""absent"", ""passed"": false, ""category"": ""headers_footers""}, {""id"": ""2cb8b9fbe5aaac3d7f95d110a3b08132ee09d103_page_2.pdf_manual_00"", ""type"": ""absent"", ""passed"": false, ""category"": ""headers_footers""}, {""id"": ""auto_baseline"", ""type"": ""baseline"", ""passed"": true, ""category"": ""baseline""}]",,
qwen3.5-2b,docs,headers_footers__363300831b3da664b1bfe972e4f86464fa076da3_page_149,7.357227312760078,831,False,,,,,,,,,,,,False,,headers_footers,6.0,4.0,"[{""id"": ""363300831b3da664b1bfe972e4f86464fa076da3_page_149_header_00"", ""type"": ""absent"", ""passed"": true, ""category"": ""headers_footers""}, {""id"": ""363300831b3da664b1bfe972e4f86464fa076da3_page_149_header_01"", ""type"": ""absent"", ""passed"": true, ""category"": ""headers_footers""}, {""id"": ""363300831b3da664b1bfe972e4f86464fa076da3_page_149_header_15"", ""type"": ""absent"", ""passed"": false, ""category"": ""headers_footers""}, {""id"": ""363300831b3da664b1bfe972e4f86464fa076da3_page_149_header_16"", ""type"": ""absent"", ""passed"": false, ""category"": ""headers_footers""}, {""id"": ""363300831b3da664b1bfe972e4f86464fa076da3_page_149.pdf_manual_00"", ""type"": ""absent"", ""passed"": true, ""category"": ""headers_footers""}, {""id"": ""auto_baseline"", ""type"": ""baseline"", ""passed"": true, ""category"": ""baseline""}]",,
qwen3.5-2b,docs,headers_footers__62621cef2b1d5356a063aa7c9c735ac396fb2223_page_33,7.357227312760078,707,False,,,,,,,,,,,,False,,headers_footers,4.0,2.0,"[{""id"": ""62621cef2b1d5356a063aa7c9c735ac396fb2223_page_33_header_00"", ""type"": ""absent"", ""passed"": false, ""category"": ""headers_footers""}, {""id"": ""62621cef2b1d5356a063aa7c9c735ac396fb2223_page_33.pdf_manual_00"", ""type"": ""absent"", ""passed"": true, ""category"": ""headers_footers""}, {""id"": ""62621cef2b1d5356a063aa7c9c735ac396fb2223_page_33.pdf_manual_01"", ""type"": ""absent"", ""passed"": false, ""category"": ""headers_footers""}, {""id"": ""auto_baseline"", ""type"": ""baseline"", ""passed"": true, ""category"": ""baseline""}]",,
qwen3.5-2b,docs,headers_footers__7901d119ed91a89f8fbabf0eef7174d75a7656e3_page_1,7.357227312760078,430,False,,,,,,,,,,,,False,,headers_footers,2.0,1.0,"[{""id"": ""7901d119ed91a89f8fbabf0eef7174d75a7656e3_page_1.pdf_manual_00"", ""type"": ""absent"", ""passed"": false, ""category"": ""headers_footers""}, {""id"": ""auto_baseline"", ""type"": ""baseline"", ""passed"": true, ""category"": ""baseline""}]",,
qwen3.5-2b,docs,headers_footers__ba10222e40f05d76e2bf1d51c39066a4b1fe82ed_page_11,7.357227312760078,871,False,,,,,,,,,,,,False,,headers_footers,3.0,1.0,"[{""id"": ""ba10222e40f05d76e2bf1d51c39066a4b1fe82ed_page_11_header_00"", ""type"": ""absent"", ""passed"": false, ""category"": ""headers_footers""}, {""id"": ""ba10222e40f05d76e2bf1d51c39066a4b1fe82ed_page_11.pdf_manual_00"", ""type"": ""absent"", ""passed"": false, ""category"": ""headers_footers""}, {""id"": ""auto_baseline"", ""type"": ""baseline"", ""passed"": true, ""category"": ""baseline""}]",,
qwen3.5-2b,docs,headers_footers__d8b9c4cd0ba9b036e09168c8dccccd1d43315ef4_page_1,7.357227312760078,861,False,,,,,,,,,,,,False,,headers_footers,3.0,1.0,"[{""id"": ""d8b9c4cd0ba9b036e09168c8dccccd1d43315ef4_page_1_header_00"", ""type"": ""absent"", ""passed"": false, ""category"": ""headers_footers""}, {""id"": ""d8b9c4cd0ba9b036e09168c8dccccd1d43315ef4_page_1.pdf_manual_00"", ""type"": ""absent"", ""passed"": false, ""category"": ""headers_footers""}, {""id"": ""auto_baseline"", ""type"": ""baseline"", ""passed"": true, ""category"": ""baseline""}]",,
qwen3.5-2b,docs,long_tiny_text__11_pg161_pg1,7.357227312760078,1607,False,,,,,,,,,,,,False,,long_tiny_text,9.0,9.0,"[{""id"": ""11_pg161_pg1_text_00"", ""type"": ""present"", ""passed"": true, ""category"": ""long_tiny_text""}, {""id"": ""11_pg161_pg1_text_01"", ""type"": ""present"", ""passed"": true, ""category"": ""long_tiny_text""}, {""id"": ""11_pg161_pg1_text_02"", ""type"": ""present"", ""passed"": true, ""category"": ""long_tiny_text""}, {""id"": ""11_pg161_pg1_text_03"", ""type"": ""present"", ""passed"": true, ""category"": ""long_tiny_text""}, {""id"": ""11_pg161_pg1_text_04"", ""type"": ""present"", ""passed"": true, ""category"": ""long_tiny_text""}, {""id"": ""11_pg161_pg1_text_05"", ""type"": ""present"", ""passed"": true, ""category"": ""long_tiny_text""}, {""id"": ""11_pg161_pg1_text_06"", ""type"": ""present"", ""passed"": true, ""category"": ""long_tiny_text""}, {""id"": ""11_pg161_pg1_text_07"", ""type"": ""present"", ""passed"": true, ""category"": ""long_tiny_text""}, {""id"": ""auto_baseline"", ""type"": ""baseline"", ""passed"": true, ""category"": ""baseline""}]",,
qwen3.5-2b,docs,long_tiny_text__11_pg375_pg1,7.357227312760078,1800,False,,,,,,,,,,,,False,,long_tiny_text,4.0,3.0,"[{""id"": ""11_pg375_pg1_text_00"", ""type"": ""present"", ""passed"": true, ""category"": ""long_tiny_text""}, {""id"": ""11_pg375_pg1_text_01"", ""type"": ""present"", ""passed"": true, ""category"": ""long_tiny_text""}, {""id"": ""11_pg375_pg1_text_02"", ""type"": ""present"", ""passed"": false, ""category"": ""long_tiny_text""}, {""id"": ""auto_baseline"", ""type"": ""baseline"", ""passed"": true, ""category"": ""baseline""}]",,
qwen3.5-2b,docs,long_tiny_text__13_pg556_pg1,7.357227312760078,2309,False,,,,,,,,,,,,False,,long_tiny_text,5.0,5.0,"[{""id"": ""13_pg556_pg1_text_00"", ""type"": ""present"", ""passed"": true, ""category"": ""long_tiny_text""}, {""id"": ""13_pg556_pg1_text_01"", ""type"": ""present"", ""passed"": true, ""category"": ""long_tiny_text""}, {""id"": ""13_pg556_pg1_text_02"", ""type"": ""present"", ""passed"": true, ""category"": ""long_tiny_text""}, {""id"": ""13_pg556_pg1_text_03"", ""type"": ""present"", ""passed"": true, ""category"": ""long_tiny_text""}, {""id"": ""auto_baseline"", ""type"": ""baseline"", ""passed"": true, ""category"": ""baseline""}]",,
qwen3.5-2b,docs,long_tiny_text__13_pg566_pg1,7.357227312760078,1898,False,,,,,,,,,,,,False,,long_tiny_text,6.0,6.0,"[{""id"": ""13_pg566_pg1_text_00"", ""type"": ""present"", ""passed"": true, ""category"": ""long_tiny_text""}, {""id"": ""13_pg566_pg1_text_01"", ""type"": ""present"", ""passed"": true, ""category"": ""long_tiny_text""}, {""id"": ""13_pg566_pg1_text_02"", ""type"": ""present"", ""passed"": true, ""category"": ""long_tiny_text""}, {""id"": ""13_pg566_pg1_text_03"", ""type"": ""present"", ""passed"": true, ""category"": ""long_tiny_text""}, {""id"": ""13_pg566_pg1_text_04"", ""type"": ""present"", ""passed"": true, ""category"": ""long_tiny_text""}, {""id"": ""auto_baseline"", ""type"": ""baseline"", ""passed"": true, ""category"": ""baseline""}]",,
qwen3.5-2b,docs,long_tiny_text__13_pg67_pg1,7.357227312760078,2362,False,,,,,,,,,,,,False,,long_tiny_text,6.0,6.0,"[{""id"": ""13_pg67_pg1_text_00"", ""type"": ""present"", ""passed"": true, ""category"": ""long_tiny_text""}, {""id"": ""13_pg67_pg1_text_01"", ""type"": ""present"", ""passed"": true, ""category"": ""long_tiny_text""}, {""id"": ""13_pg67_pg1_text_02"", ""type"": ""present"", ""passed"": true, ""category"": ""long_tiny_text""}, {""id"": ""13_pg67_pg1_text_03"", ""type"": ""present"", ""passed"": true, ""category"": ""long_tiny_text""}, {""id"": ""13_pg67_pg1_text_04"", ""type"": ""present"", ""passed"": true, ""category"": ""long_tiny_text""}, {""id"": ""auto_baseline"", ""type"": ""baseline"", ""passed"": true, ""category"": ""baseline""}]",,
qwen3.5-2b,docs,long_tiny_text__14a_pg1,7.357227312760078,2960,False,,,,,,,,,,,,False,,long_tiny_text,6.0,6.0,"[{""id"": ""14a_pg1_text_01"", ""type"": ""present"", ""passed"": true, ""category"": ""long_tiny_text""}, {""id"": ""14a_pg1_text_02"", ""type"": ""present"", ""passed"": true, ""category"": ""long_tiny_text""}, {""id"": ""14a_pg1_text_04"", ""type"": ""present"", ""passed"": true, ""category"": ""long_tiny_text""}, {""id"": ""14a_pg1_text_05"", ""type"": ""present"", ""passed"": true, ""category"": ""long_tiny_text""}, {""id"": ""14a_pg1_text_06"", ""type"": ""present"", ""passed"": true, ""category"": ""long_tiny_text""}, {""id"": ""auto_baseline"", ""type"": ""baseline"", ""passed"": true, ""category"": ""baseline""}]",,
qwen3.5-2b,docs,long_tiny_text__15c_pg1,7.357227312760078,1750,False,,,,,,,,,,,,False,,long_tiny_text,5.0,4.0,"[{""id"": ""15c_pg1_text_00"", ""type"": ""present"", ""passed"": true, ""category"": ""long_tiny_text""}, {""id"": ""15c_pg1_text_01"", ""type"": ""present"", ""passed"": true, ""category"": ""long_tiny_text""}, {""id"": ""15c_pg1_text_02"", ""type"": ""present"", ""passed"": true, ""category"": ""long_tiny_text""}, {""id"": ""15c_pg1_text_03"", ""type"": ""present"", ""passed"": false, ""category"": ""long_tiny_text""}, {""id"": ""auto_baseline"", ""type"": ""baseline"", ""passed"": true, ""category"": ""baseline""}]",,
qwen3.5-2b,docs,long_tiny_text__17_pg2_pg1,7.357227312760078,1363,False,,,,,,,,,,,,False,,long_tiny_text,40.0,39.0,"[{""id"": ""17_pg2_pg1_text_00"", ""type"": ""present"", ""passed"": true, ""category"": ""long_tiny_text""}, {""id"": ""17_pg2_pg1_text_01"", ""type"": ""present"", ""passed"": true, ""category"": ""long_tiny_text""}, {""id"": ""17_pg2_pg1_text_02"", ""type"": ""present"", ""passed"": true, ""category"": ""long_tiny_text""}, {""id"": ""17_pg2_pg1_text_03"", ""type"": ""present"", ""passed"": true, ""category"": ""long_tiny_text""}, {""id"": ""17_pg2_pg1_text_04"", ""type"": ""present"", ""passed"": true, ""category"": ""long_tiny_text""}, {""id"": ""17_pg2_pg1_text_06"", ""type"": ""present"", ""passed"": true, ""category"": ""long_tiny_text""}, {""id"": ""17_pg2_pg1_text_07"", ""type"": ""present"", ""passed"": true, ""category"": ""long_tiny_text""}, {""id"": ""17_pg2_pg1_text_09"", ""type"": ""present"", ""passed"": true, ""category"": ""long_tiny_text""}, {""id"": ""17_pg2_pg1_text_10"", ""type"": ""present"", ""passed"": true, ""category"": ""long_tiny_text""}, {""id"": ""17_pg2_pg1_text_12"", ""type"": ""present"", ""passed"": true, ""category"": ""long_tiny_text""}, {""id"": ""17_pg2_pg1_text_13"", ""type"": ""present"", ""passed"": true, ""category"": ""long_tiny_text""}, {""id"": ""17_pg2_pg1_text_16"", ""type"": ""present"", ""passed"": true, ""category"": ""long_tiny_text""}, {""id"": ""17_pg2_pg1_text_17"", ""type"": ""present"", ""passed"": false, ""category"": ""long_tiny_text""}, {""id"": ""17_pg2_pg1_text_20"", ""type"": ""present"", ""passed"": true, ""category"": ""long_tiny_text""}, {""id"": ""17_pg2_pg1_text_23"", ""type"": ""present"", ""passed"": true, ""category"": ""long_tiny_text""}, {""id"": ""17_pg2_pg1_text_24"", ""type"": ""present"", ""passed"": true, ""category"": ""long_tiny_text""}, {""id"": ""17_pg2_pg1_text_25"", ""type"": ""present"", ""passed"": true, ""category"": ""long_tiny_text""}, {""id"": ""17_pg2_pg1_text_27"", ""type"": ""present"", ""passed"": true, ""category"": ""long_tiny_text""}, {""id"": ""17_pg2_pg1_text_28"", ""type"": ""present"", ""passed"": true, ""category"": ""long_tiny_text""}, {""id"": ""17_pg2_pg1_text_30"", ""type"": ""present"", ""passed"": true, ""category"": ""long_tiny_text""}, {""id"": ""17_pg2_pg1_text_31"", ""type"": ""present"", ""passed"": true, ""category"": ""long_tiny_text""}, {""id"": ""17_pg2_pg1_text_34"", ""type"": ""present"", ""passed"": true, ""category"": ""long_tiny_text""}, {""id"": ""17_pg2_pg1_text_37"", ""type"": ""present"", ""passed"": true, ""category"": ""long_tiny_text""}, {""id"": ""17_pg2_pg1_text_41"", ""type"": ""present"", ""passed"": true, ""category"": ""long_tiny_text""}, {""id"": ""17_pg2_pg1_text_43"", ""type"": ""present"", ""passed"": true, ""category"": ""long_tiny_text""}, {""id"": ""17_pg2_pg1_text_45"", ""type"": ""present"", ""passed"": true, ""category"": ""long_tiny_text""}, {""id"": ""17_pg2_pg1_text_49"", ""type"": ""present"", ""passed"": true, ""category"": ""long_tiny_text""}, {""id"": ""17_pg2_pg1_text_51"", ""type"": ""present"", ""passed"": true, ""category"": ""long_tiny_text""}, {""id"": ""17_pg2_pg1_text_56"", ""type"": ""present"", ""passed"": true, ""category"": ""long_tiny_text""}, {""id"": ""17_pg2_pg1_text_61"", ""type"": ""present"", ""passed"": true, ""category"": ""long_tiny_text""}, {""id"": ""17_pg2_pg1_text_65"", ""type"": ""present"", ""passed"": true, ""category"": ""long_tiny_text""}, {""id"": ""17_pg2_pg1_text_69"", ""type"": ""present"", ""passed"": true, ""category"": ""long_tiny_text""}, {""id"": ""17_pg2_pg1_text_74"", ""type"": ""present"", ""passed"": true, ""category"": ""long_tiny_text""}, {""id"": ""17_pg2_pg1_text_80"", ""type"": ""present"", ""passed"": true, ""category"": ""long_tiny_text""}, {""id"": ""17_pg2_pg1_text_83"", ""type"": ""present"", ""passed"": true, ""category"": ""long_tiny_text""}, {""id"": ""17_pg2_pg1_text_86"", ""type"": ""present"", ""passed"": true, ""category"": ""long_tiny_text""}, {""id"": ""17_pg2_pg1_text_88"", ""type"": ""present"", ""passed"": true, ""category"": ""long_tiny_text""}, {""id"": ""17_pg2_pg1_text_95"", ""type"": ""present"", ""passed"": true, ""category"": ""long_tiny_text""}, {""id"": ""17_pg2_pg1_text_97"", ""type"": ""present"", ""passed"": true, ""category"": ""long_tiny_text""}, {""id"": ""auto_baseline"", ""type"": ""baseline"", ""passed"": true, ""category"": ""baseline""}]",,
qwen3.5-2b,docs,long_tiny_text__20_pg40_pg1,7.357227312760078,1532,False,,,,,,,,,,,,False,,long_tiny_text,6.0,5.0,"[{""id"": ""20_pg40_pg1_text_00"", ""type"": ""present"", ""passed"": true, ""category"": ""long_tiny_text""}, {""id"": ""20_pg40_pg1_text_01"", ""type"": ""present"", ""passed"": true, ""category"": ""long_tiny_text""}, {""id"": ""20_pg40_pg1_text_02"", ""type"": ""present"", ""passed"": false, ""category"": ""long_tiny_text""}, {""id"": ""20_pg40_pg1_text_03"", ""type"": ""present"", ""passed"": true, ""category"": ""long_tiny_text""}, {""id"": ""20_pg40_pg1_text_04"", ""type"": ""present"", ""passed"": true, ""category"": ""long_tiny_text""}, {""id"": ""auto_baseline"", ""type"": ""baseline"", ""passed"": true, ""category"": ""baseline""}]",,
qwen3.5-2b,docs,long_tiny_text__20_pg46_pg1,7.357227312760078,1797,False,,,,,,,,,,,,False,,long_tiny_text,10.0,10.0,"[{""id"": ""20_pg46_pg1_text_00"", ""type"": ""present"", ""passed"": true, ""category"": ""long_tiny_text""}, {""id"": ""20_pg46_pg1_text_01"", ""type"": ""present"", ""passed"": true, ""category"": ""long_tiny_text""}, {""id"": ""20_pg46_pg1_text_02"", ""type"": ""present"", ""passed"": true, ""category"": ""long_tiny_text""}, {""id"": ""20_pg46_pg1_text_03"", ""type"": ""present"", ""passed"": true, ""category"": ""long_tiny_text""}, {""id"": ""20_pg46_pg1_text_04"", ""type"": ""present"", ""passed"": true, ""category"": ""long_tiny_text""}, {""id"": ""20_pg46_pg1_text_05"", ""type"": ""present"", ""passed"": true, ""category"": ""long_tiny_text""}, {""id"": ""20_pg46_pg1_text_06"", ""type"": ""present"", ""passed"": true, ""category"": ""long_tiny_text""}, {""id"": ""20_pg46_pg1_text_08"", ""type"": ""present"", ""passed"": true, ""category"": ""long_tiny_text""}, {""id"": ""20_pg46_pg1_text_09"", ""type"": ""present"", ""passed"": true, ""category"": ""long_tiny_text""}, {""id"": ""auto_baseline"", ""type"": ""baseline"", ""passed"": true, ""category"": ""baseline""}]",,
qwen3.5-2b,docs,multi_column__00945e98ea0970dcffb8f548336df3a0137f_page_4_pg1,7.357227312760078,742,False,,,,,,,,,,,,False,,multi_column,4.0,4.0,"[{""id"": ""00945e98ea0970dcffb8f548336df3a0137f_page_4.pdf_order_0a8f368a"", ""type"": ""order"", ""passed"": true, ""category"": ""multi_column""}, {""id"": ""00945e98ea0970dcffb8f548336df3a0137f_page_4.pdf_order_3d4bbd69"", ""type"": ""order"", ""passed"": true, ""category"": ""multi_column""}, {""id"": ""00945e98ea0970dcffb8f548336df3a0137f_page_4.pdf_order_4cbab131"", ""type"": ""order"", ""passed"": true, ""category"": ""multi_column""}, {""id"": ""auto_baseline"", ""type"": ""baseline"", ""passed"": true, ""category"": ""baseline""}]",,
qwen3.5-2b,docs,multi_column__00e2c7719d58bb49fd4031cce9dcccdddec2_page_1_pg1,7.357227312760078,814,False,,,,,,,,,,,,False,,multi_column,3.0,3.0,"[{""id"": ""00e2c7719d58bb49fd4031cce9dcccdddec2_page_1.pdf_order_85be1097"", ""type"": ""order"", ""passed"": true, ""category"": ""multi_column""}, {""id"": ""00e2c7719d58bb49fd4031cce9dcccdddec2_page_1.pdf_order_b903400b"", ""type"": ""order"", ""passed"": true, ""category"": ""multi_column""}, {""id"": ""auto_baseline"", ""type"": ""baseline"", ""passed"": true, ""category"": ""baseline""}]",,
qwen3.5-2b,docs,multi_column__0114396ecb251aa3ebaeaeaed6bd4fe50bd2_page_2_pg1,7.357227312760078,1037,False,,,,,,,,,,,,False,,multi_column,6.0,6.0,"[{""id"": ""0114396ecb251aa3ebaeaeaed6bd4fe50bd2_page_2.pdf_order_e5d2d945"", ""type"": ""order"", ""passed"": true, ""category"": ""multi_column""}, {""id"": ""0114396ecb251aa3ebaeaeaed6bd4fe50bd2_page_2.pdf_order_6b2daa2b"", ""type"": ""order"", ""passed"": true, ""category"": ""multi_column""}, {""id"": ""0114396ecb251aa3ebaeaeaed6bd4fe50bd2_page_2.pdf_order_f61eafae"", ""type"": ""order"", ""passed"": true, ""category"": ""multi_column""}, {""id"": ""0114396ecb251aa3ebaeaeaed6bd4fe50bd2_page_2.pdf_order_40a2536e"", ""type"": ""order"", ""passed"": true, ""category"": ""multi_column""}, {""id"": ""0114396ecb251aa3ebaeaeaed6bd4fe50bd2_page_2.pdf_order_b8d41298"", ""type"": ""order"", ""passed"": true, ""category"": ""multi_column""}, {""id"": ""auto_baseline"", ""type"": ""baseline"", ""passed"": true, ""category"": ""baseline""}]",,
qwen3.5-2b,docs,multi_column__019a8841dddeb304774ba62a9f5d8dccb43d_page_2_pg1,7.357227312760078,1861,False,,,,,,,,,,,,False,,multi_column,5.0,3.0,"[{""id"": ""019a8841dddeb304774ba62a9f5d8dccb43d_page_2.pdf_order_00d331ca"", ""type"": ""order"", ""passed"": true, ""category"": ""multi_column""}, {""id"": ""019a8841dddeb304774ba62a9f5d8dccb43d_page_2.pdf_order_2410e748"", ""type"": ""order"", ""passed"": false, ""category"": ""multi_column""}, {""id"": ""019a8841dddeb304774ba62a9f5d8dccb43d_page_2.pdf_order_5a8cba0a"", ""type"": ""order"", ""passed"": false, ""category"": ""multi_column""}, {""id"": ""019a8841dddeb304774ba62a9f5d8dccb43d_page_2.pdf_order_6a2477bc"", ""type"": ""order"", ""passed"": true, ""category"": ""multi_column""}, {""id"": ""auto_baseline"", ""type"": ""baseline"", ""passed"": true, ""category"": ""baseline""}]",,
qwen3.5-2b,docs,multi_column__0208fbb5d6b646f972f4702428ad2cede5c5_page_6_pg1,7.357227312760078,979,False,,,,,,,,,,,,False,,multi_column,2.0,2.0,"[{""id"": ""0208fbb5d6b646f972f4702428ad2cede5c5_page_6.pdf_order_71ab8004"", ""type"": ""order"", ""passed"": true, ""category"": ""multi_column""}, {""id"": ""auto_baseline"", ""type"": ""baseline"", ""passed"": true, ""category"": ""baseline""}]",,
qwen3.5-2b,docs,multi_column__027c390510b2fd3364f5a382f2bc304af018_page_4_pg1,12.56951464383994,1781,False,,,,,,,,,,,,False,,multi_column,5.0,4.0,"[{""id"": ""027c390510b2fd3364f5a382f2bc304af018_page_4.pdf_order_ea693a98"", ""type"": ""order"", ""passed"": true, ""category"": ""multi_column""}, {""id"": ""027c390510b2fd3364f5a382f2bc304af018_page_4.pdf_order_053bda58"", ""type"": ""order"", ""passed"": true, ""category"": ""multi_column""}, {""id"": ""027c390510b2fd3364f5a382f2bc304af018_page_4.pdf_order_9e06820d"", ""type"": ""order"", ""passed"": true, ""category"": ""multi_column""}, {""id"": ""027c390510b2fd3364f5a382f2bc304af018_page_4.pdf_order_97e749bf"", ""type"": ""order"", ""passed"": false, ""category"": ""multi_column""}, {""id"": ""auto_baseline"", ""type"": ""baseline"", ""passed"": true, ""category"": ""baseline""}]",,
qwen3.5-2b,docs,multi_column__02943986dff2d4a84b7c2dd81abfc51fceea_page_5_pg1,12.56951464383994,835,False,,,,,,,,,,,,False,,multi_column,5.0,5.0,"[{""id"": ""02943986dff2d4a84b7c2dd81abfc51fceea_page_5.pdf_order_3f1adc6b"", ""type"": ""order"", ""passed"": true, ""category"": ""multi_column""}, {""id"": ""02943986dff2d4a84b7c2dd81abfc51fceea_page_5.pdf_order_00ce4e6f"", ""type"": ""order"", ""passed"": true, ""category"": ""multi_column""}, {""id"": ""02943986dff2d4a84b7c2dd81abfc51fceea_page_5.pdf_order_46755e50"", ""type"": ""order"", ""passed"": true, ""category"": ""multi_column""}, {""id"": ""02943986dff2d4a84b7c2dd81abfc51fceea_page_5.pdf_order_13f6999c"", ""type"": ""order"", ""passed"": true, ""category"": ""multi_column""}, {""id"": ""auto_baseline"", ""type"": ""baseline"", ""passed"": true, ""category"": ""baseline""}]",,
qwen3.5-2b,docs,multi_column__02943986dff2d4a84b7c2dd81abfc51fceea_page_9_pg1,12.56951464383994,956,False,,,,,,,,,,,,False,,multi_column,5.0,5.0,"[{""id"": ""02943986dff2d4a84b7c2dd81abfc51fceea_page_9.pdf_order_babd8e0e"", ""type"": ""order"", ""passed"": true, ""category"": ""multi_column""}, {""id"": ""02943986dff2d4a84b7c2dd81abfc51fceea_page_9.pdf_order_2e6f0ead"", ""type"": ""order"", ""passed"": true, ""category"": ""multi_column""}, {""id"": ""02943986dff2d4a84b7c2dd81abfc51fceea_page_9.pdf_order_7e60c895"", ""type"": ""order"", ""passed"": true, ""category"": ""multi_column""}, {""id"": ""02943986dff2d4a84b7c2dd81abfc51fceea_page_9.pdf_order_81a40b7f"", ""type"": ""order"", ""passed"": true, ""category"": ""multi_column""}, {""id"": ""auto_baseline"", ""type"": ""baseline"", ""passed"": true, ""category"": ""baseline""}]",,
qwen3.5-2b,docs,multi_column__038650c9dfd95e7495d0c4d301d9dcca735a_page_1_pg1,12.56951464383994,1267,False,,,,,,,,,,,,False,,multi_column,5.0,5.0,"[{""id"": ""038650c9dfd95e7495d0c4d301d9dcca735a_page_1.pdf_order_eb32d864"", ""type"": ""order"", ""passed"": true, ""category"": ""multi_column""}, {""id"": ""038650c9dfd95e7495d0c4d301d9dcca735a_page_1.pdf_order_517c20f9"", ""type"": ""order"", ""passed"": true, ""category"": ""multi_column""}, {""id"": ""038650c9dfd95e7495d0c4d301d9dcca735a_page_1.pdf_order_12a7fa3e"", ""type"": ""order"", ""passed"": true, ""category"": ""multi_column""}, {""id"": ""038650c9dfd95e7495d0c4d301d9dcca735a_page_1.pdf_order_cf779f79"", ""type"": ""order"", ""passed"": true, ""category"": ""multi_column""}, {""id"": ""auto_baseline"", ""type"": ""baseline"", ""passed"": true, ""category"": ""baseline""}]",,
qwen3.5-2b,docs,multi_column__0845863d27c84b14011e17a388821525e783_page_16_pg1,12.56951464383994,3816,False,,,,,,,,,,,,False,,multi_column,4.0,3.0,"[{""id"": ""0845863d27c84b14011e17a388821525e783_page_16.pdf_order_dffceb1b"", ""type"": ""order"", ""passed"": true, ""category"": ""multi_column""}, {""id"": ""0845863d27c84b14011e17a388821525e783_page_16.pdf_order_ac24f586"", ""type"": ""order"", ""passed"": true, ""category"": ""multi_column""}, {""id"": ""0845863d27c84b14011e17a388821525e783_page_16.pdf_order_4bda9b61"", ""type"": ""order"", ""passed"": false, ""category"": ""multi_column""}, {""id"": ""auto_baseline"", ""type"": ""baseline"", ""passed"": true, ""category"": ""baseline""}]",,
qwen3.5-2b,docs,old_scans__1,12.56951464383994,215,False,,,,,,,,,,,,False,,old_scans,6.0,2.0,"[{""id"": ""1_680487"", ""type"": ""present"", ""passed"": false, ""category"": ""old_scans""}, {""id"": ""1_126739"", ""type"": ""absent"", ""passed"": true, ""category"": ""old_scans""}, {""id"": ""1_36225"", ""type"": ""present"", ""passed"": false, ""category"": ""old_scans""}, {""id"": ""1_787572"", ""type"": ""order"", ""passed"": false, ""category"": ""old_scans""}, {""id"": ""1_298389"", ""type"": ""order"", ""passed"": false, ""category"": ""old_scans""}, {""id"": ""auto_baseline"", ""type"": ""baseline"", ""passed"": true, ""category"": ""baseline""}]",,
qwen3.5-2b,docs,old_scans__21,12.56951464383994,157,False,,,,,,,,,,,,False,,old_scans,8.0,2.0,"[{""id"": ""21_398162"", ""type"": ""present"", ""passed"": false, ""category"": ""old_scans""}, {""id"": ""21_382528"", ""type"": ""order"", ""passed"": false, ""category"": ""old_scans""}, {""id"": ""21_229684"", ""type"": ""absent"", ""passed"": true, ""category"": ""old_scans""}, {""id"": ""21_712729"", ""type"": ""present"", ""passed"": false, ""category"": ""old_scans""}, {""id"": ""21_289946"", ""type"": ""present"", ""passed"": false, ""category"": ""old_scans""}, {""id"": ""21_745911"", ""type"": ""present"", ""passed"": false, ""category"": ""old_scans""}, {""id"": ""21_992153"", ""type"": ""order"", ""passed"": false, ""category"": ""old_scans""}, {""id"": ""auto_baseline"", ""type"": ""baseline"", ""passed"": true, ""category"": ""baseline""}]",,
qwen3.5-2b,docs,old_scans__23,12.56951464383994,139,False,,,,,,,,,,,,False,,old_scans,6.0,5.0,"[{""id"": ""23_675822"", ""type"": ""present"", ""passed"": false, ""category"": ""old_scans""}, {""id"": ""23_189451"", ""type"": ""order"", ""passed"": true, ""category"": ""old_scans""}, {""id"": ""23_570086"", ""type"": ""absent"", ""passed"": true, ""category"": ""old_scans""}, {""id"": ""23_774544"", ""type"": ""present"", ""passed"": true, ""category"": ""old_scans""}, {""id"": ""23_266702"", ""type"": ""present"", ""passed"": true, ""category"": ""old_scans""}, {""id"": ""auto_baseline"", ""type"": ""baseline"", ""passed"": true, ""category"": ""baseline""}]",,
qwen3.5-2b,docs,old_scans__26,12.56951464383994,193,False,,,,,,,,,,,,False,,old_scans,5.0,3.0,"[{""id"": ""26_727870"", ""type"": ""present"", ""passed"": false, ""category"": ""old_scans""}, {""id"": ""26_350035"", ""type"": ""order"", ""passed"": false, ""category"": ""old_scans""}, {""id"": ""26_893794"", ""type"": ""absent"", ""passed"": true, ""category"": ""old_scans""}, {""id"": ""26_815635"", ""type"": ""present"", ""passed"": true, ""category"": ""old_scans""}, {""id"": ""auto_baseline"", ""type"": ""baseline"", ""passed"": true, ""category"": ""baseline""}]",,
qwen3.5-2b,docs,old_scans__52,12.56951464383994,132,False,,,,,,,,,,,,False,,old_scans,4.0,1.0,"[{""id"": ""52_591542"", ""type"": ""present"", ""passed"": false, ""category"": ""old_scans""}, {""id"": ""52_323921"", ""type"": ""present"", ""passed"": false, ""category"": ""old_scans""}, {""id"": ""52_987017"", ""type"": ""present"", ""passed"": false, ""category"": ""old_scans""}, {""id"": ""auto_baseline"", ""type"": ""baseline"", ""passed"": true, ""category"": ""baseline""}]",,
qwen3.5-2b,docs,old_scans__55,12.56951464383994,226,False,,,,,,,,,,,,False,,old_scans,4.0,1.0,"[{""id"": ""55_930782"", ""type"": ""present"", ""passed"": false, ""category"": ""old_scans""}, {""id"": ""55_150814"", ""type"": ""present"", ""passed"": false, ""category"": ""old_scans""}, {""id"": ""55_287312"", ""type"": ""present"", ""passed"": false, ""category"": ""old_scans""}, {""id"": ""auto_baseline"", ""type"": ""baseline"", ""passed"": true, ""category"": ""baseline""}]",,
qwen3.5-2b,docs,old_scans__58,12.56951464383994,950,False,,,,,,,,,,,,False,,old_scans,7.0,7.0,"[{""id"": ""58_984036"", ""type"": ""present"", ""passed"": true, ""category"": ""old_scans""}, {""id"": ""58_575492"", ""type"": ""order"", ""passed"": true, ""category"": ""old_scans""}, {""id"": ""58_801952"", ""type"": ""absent"", ""passed"": true, ""category"": ""old_scans""}, {""id"": ""58_775388"", ""type"": ""present"", ""passed"": true, ""category"": ""old_scans""}, {""id"": ""58_733378"", ""type"": ""present"", ""passed"": true, ""category"": ""old_scans""}, {""id"": ""58_220922"", ""type"": ""order"", ""passed"": true, ""category"": ""old_scans""}, {""id"": ""auto_baseline"", ""type"": ""baseline"", ""passed"": true, ""category"": ""baseline""}]",,
qwen3.5-2b,docs,old_scans__82,12.56951464383994,393,False,,,,,,,,,,,,False,,old_scans,7.0,1.0,"[{""id"": ""82_617314"", ""type"": ""present"", ""passed"": false, ""category"": ""old_scans""}, {""id"": ""82_781476"", ""type"": ""order"", ""passed"": false, ""category"": ""old_scans""}, {""id"": ""82_578532"", ""type"": ""present"", ""passed"": false, ""category"": ""old_scans""}, {""id"": ""82_73918"", ""type"": ""present"", ""passed"": false, ""category"": ""old_scans""}, {""id"": ""82_794309"", ""type"": ""present"", ""passed"": false, ""category"": ""old_scans""}, {""id"": ""82_338838"", ""type"": ""order"", ""passed"": false, ""category"": ""old_scans""}, {""id"": ""auto_baseline"", ""type"": ""baseline"", ""passed"": true, ""category"": ""baseline""}]",,
qwen3.5-2b,docs,old_scans__85,12.56951464383994,431,False,,,,,,,,,,,,False,,old_scans,7.0,3.0,"[{""id"": ""85_204851"", ""type"": ""present"", ""passed"": false, ""category"": ""old_scans""}, {""id"": ""85_81849"", ""type"": ""order"", ""passed"": false, ""category"": ""old_scans""}, {""id"": ""85_633939"", ""type"": ""present"", ""passed"": true, ""category"": ""old_scans""}, {""id"": ""85_81262"", ""type"": ""present"", ""passed"": false, ""category"": ""old_scans""}, {""id"": ""85_718011"", ""type"": ""present"", ""passed"": true, ""category"": ""old_scans""}, {""id"": ""85_913682"", ""type"": ""order"", ""passed"": false, ""category"": ""old_scans""}, {""id"": ""auto_baseline"", ""type"": ""baseline"", ""passed"": true, ""category"": ""baseline""}]",,
qwen3.5-2b,docs,old_scans__96,12.56951464383994,216,False,,,,,,,,,,,,False,,old_scans,8.0,3.0,"[{""id"": ""96_686856"", ""type"": ""present"", ""passed"": false, ""category"": ""old_scans""}, {""id"": ""96_324569"", ""type"": ""order"", ""passed"": false, ""category"": ""old_scans""}, {""id"": ""96_489434"", ""type"": ""present"", ""passed"": false, ""category"": ""old_scans""}, {""id"": ""96_341535"", ""type"": ""present"", ""passed"": true, ""category"": ""old_scans""}, {""id"": ""96_984146"", ""type"": ""present"", ""passed"": false, ""category"": ""old_scans""}, {""id"": ""96_798387"", ""type"": ""order"", ""passed"": true, ""category"": ""old_scans""}, {""id"": ""96_991188"", ""type"": ""order"", ""passed"": false, ""category"": ""old_scans""}, {""id"": ""auto_baseline"", ""type"": ""baseline"", ""passed"": true, ""category"": ""baseline""}]",,
qwen3.5-2b,docs,tables__2d54e996d1247bd36695d872863eefebd8f8_pg4,12.56951464383994,1842,False,,,,,,,,,,,,False,,table_tests,5.0,5.0,"[{""id"": ""2d54e996d1247bd36695d872863eefebd8f8_pg4_table_00"", ""type"": ""table"", ""passed"": true, ""category"": ""table_tests""}, {""id"": ""2d54e996d1247bd36695d872863eefebd8f8_pg4_table_01"", ""type"": ""table"", ""passed"": true, ""category"": ""table_tests""}, {""id"": ""2d54e996d1247bd36695d872863eefebd8f8_pg4_table_02"", ""type"": ""table"", ""passed"": true, ""category"": ""table_tests""}, {""id"": ""2d54e996d1247bd36695d872863eefebd8f8_pg4_table_03"", ""type"": ""table"", ""passed"": true, ""category"": ""table_tests""}, {""id"": ""auto_baseline"", ""type"": ""baseline"", ""passed"": true, ""category"": ""baseline""}]",,
qwen3.5-2b,docs,tables__2d932ac96ad0d8ccf81a56bd105fa18fdcbb_pg7,12.56951464383994,466,False,,,,,,,,,,,,False,,table_tests,2.0,2.0,"[{""id"": ""2d932ac96ad0d8ccf81a56bd105fa18fdcbb_pg7_table_00"", ""type"": ""table"", ""passed"": true, ""category"": ""table_tests""}, {""id"": ""auto_baseline"", ""type"": ""baseline"", ""passed"": true, ""category"": ""baseline""}]",,
qwen3.5-2b,docs,tables__4fafd7de9caa1cf3c0fad313d7bb24b2e685_pg9,12.56951464383994,834,False,,,,,,,,,,,,False,,table_tests,5.0,5.0,"[{""id"": ""4fafd7de9caa1cf3c0fad313d7bb24b2e685_pg9_table_00"", ""type"": ""table"", ""passed"": true, ""category"": ""table_tests""}, {""id"": ""4fafd7de9caa1cf3c0fad313d7bb24b2e685_pg9_table_01"", ""type"": ""table"", ""passed"": true, ""category"": ""table_tests""}, {""id"": ""4fafd7de9caa1cf3c0fad313d7bb24b2e685_pg9_table_02"", ""type"": ""table"", ""passed"": true, ""category"": ""table_tests""}, {""id"": ""4fafd7de9caa1cf3c0fad313d7bb24b2e685_pg9_table_03"", ""type"": ""table"", ""passed"": true, ""category"": ""table_tests""}, {""id"": ""auto_baseline"", ""type"": ""baseline"", ""passed"": true, ""category"": ""baseline""}]",,
qwen3.5-2b,docs,tables__529eeb84602e4fba7df7a4b127af6c830f97_pg12,12.56951464383994,465,False,,,,,,,,,,,,False,,table_tests,4.0,1.0,"[{""id"": ""529eeb84602e4fba7df7a4b127af6c830f97_pg12_table_00"", ""type"": ""table"", ""passed"": false, ""category"": ""table_tests""}, {""id"": ""529eeb84602e4fba7df7a4b127af6c830f97_pg12_table_01"", ""type"": ""table"", ""passed"": false, ""category"": ""table_tests""}, {""id"": ""529eeb84602e4fba7df7a4b127af6c830f97_pg12_table_04"", ""type"": ""table"", ""passed"": false, ""category"": ""table_tests""}, {""id"": ""auto_baseline"", ""type"": ""baseline"", ""passed"": true, ""category"": ""baseline""}]",,
qwen3.5-2b,docs,tables__a70c1fc81feccfd878dabffd3dc5617b584c_pg5,12.56951464383994,775,False,,,,,,,,,,,,False,,table_tests,6.0,6.0,"[{""id"": ""a70c1fc81feccfd878dabffd3dc5617b584c_pg5_table_00"", ""type"": ""table"", ""passed"": true, ""category"": ""table_tests""}, {""id"": ""a70c1fc81feccfd878dabffd3dc5617b584c_pg5_table_01"", ""type"": ""table"", ""passed"": true, ""category"": ""table_tests""}, {""id"": ""a70c1fc81feccfd878dabffd3dc5617b584c_pg5_table_02"", ""type"": ""table"", ""passed"": true, ""category"": ""table_tests""}, {""id"": ""a70c1fc81feccfd878dabffd3dc5617b584c_pg5_table_03"", ""type"": ""table"", ""passed"": true, ""category"": ""table_tests""}, {""id"": ""a70c1fc81feccfd878dabffd3dc5617b584c_pg5_table_04"", ""type"": ""table"", ""passed"": true, ""category"": ""table_tests""}, {""id"": ""auto_baseline"", ""type"": ""baseline"", ""passed"": true, ""category"": ""baseline""}]",,
qwen3.5-2b,docs,tables__b2a4c508f7839c1fbd2bb29a0d56c46bc00e_pg13_pg1,12.56951464383994,1453,False,,,,,,,,,,,,False,,table_tests,11.0,11.0,"[{""id"": ""b2a4c508f7839c1fbd2bb29a0d56c46bc00e_pg13_table_00"", ""type"": ""table"", ""passed"": true, ""category"": ""table_tests""}, {""id"": ""b2a4c508f7839c1fbd2bb29a0d56c46bc00e_pg13_table_01"", ""type"": ""table"", ""passed"": true, ""category"": ""table_tests""}, {""id"": ""b2a4c508f7839c1fbd2bb29a0d56c46bc00e_pg13_table_02"", ""type"": ""table"", ""passed"": true, ""category"": ""table_tests""}, {""id"": ""b2a4c508f7839c1fbd2bb29a0d56c46bc00e_pg13_table_03"", ""type"": ""table"", ""passed"": true, ""category"": ""table_tests""}, {""id"": ""b2a4c508f7839c1fbd2bb29a0d56c46bc00e_pg13_table_04"", ""type"": ""table"", ""passed"": true, ""category"": ""table_tests""}, {""id"": ""b2a4c508f7839c1fbd2bb29a0d56c46bc00e_pg13_table_05"", ""type"": ""table"", ""passed"": true, ""category"": ""table_tests""}, {""id"": ""b2a4c508f7839c1fbd2bb29a0d56c46bc00e_pg13_table_06"", ""type"": ""table"", ""passed"": true, ""category"": ""table_tests""}, {""id"": ""b2a4c508f7839c1fbd2bb29a0d56c46bc00e_pg13_table_07"", ""type"": ""table"", ""passed"": true, ""category"": ""table_tests""}, {""id"": ""b2a4c508f7839c1fbd2bb29a0d56c46bc00e_pg13_table_08"", ""type"": ""table"", ""passed"": true, ""category"": ""table_tests""}, {""id"": ""b2a4c508f7839c1fbd2bb29a0d56c46bc00e_pg13_table_09"", ""type"": ""table"", ""passed"": true, ""category"": ""table_tests""}, {""id"": ""auto_baseline"", ""type"": ""baseline"", ""passed"": true, ""category"": ""baseline""}]",,
qwen3.5-2b,docs,tables__b45c138c634308a84b8b2e67997bef8aa70b_pg15,12.56951464383994,8192,False,,,,,,,,,,,,False,,table_tests,6.0,0.0,"[{""id"": ""b45c138c634308a84b8b2e67997bef8aa70b_pg15_table_00"", ""type"": ""table"", ""passed"": false, ""category"": ""table_tests""}, {""id"": ""b45c138c634308a84b8b2e67997bef8aa70b_pg15_table_01"", ""type"": ""table"", ""passed"": false, ""category"": ""table_tests""}, {""id"": ""b45c138c634308a84b8b2e67997bef8aa70b_pg15_table_02"", ""type"": ""table"", ""passed"": false, ""category"": ""table_tests""}, {""id"": ""b45c138c634308a84b8b2e67997bef8aa70b_pg15_table_03"", ""type"": ""table"", ""passed"": false, ""category"": ""table_tests""}, {""id"": ""b45c138c634308a84b8b2e67997bef8aa70b_pg15_table_04"", ""type"": ""table"", ""passed"": false, ""category"": ""table_tests""}, {""id"": ""auto_baseline"", ""type"": ""baseline"", ""passed"": false, ""category"": ""baseline""}]",,
qwen3.5-2b,docs,tables__b5d9db350b31304da912832bcbafc47b64d8_pg2_pg1,12.56951464383994,1611,False,,,,,,,,,,,,False,,table_tests,6.0,1.0,"[{""id"": ""b5d9db350b31304da912832bcbafc47b64d8_pg2_table_00"", ""type"": ""table"", ""passed"": false, ""category"": ""table_tests""}, {""id"": ""b5d9db350b31304da912832bcbafc47b64d8_pg2_table_01"", ""type"": ""table"", ""passed"": false, ""category"": ""table_tests""}, {""id"": ""b5d9db350b31304da912832bcbafc47b64d8_pg2_table_02"", ""type"": ""table"", ""passed"": false, ""category"": ""table_tests""}, {""id"": ""b5d9db350b31304da912832bcbafc47b64d8_pg2_table_03"", ""type"": ""table"", ""passed"": false, ""category"": ""table_tests""}, {""id"": ""b5d9db350b31304da912832bcbafc47b64d8_pg2_table_04"", ""type"": ""table"", ""passed"": false, ""category"": ""table_tests""}, {""id"": ""auto_baseline"", ""type"": ""baseline"", ""passed"": true, ""category"": ""baseline""}]",,
qwen3.5-2b,docs,tables__b773892dc3e755672b9e085e9eeb8ad18690_pg1_pg1,12.56951464383994,426,False,,,,,,,,,,,,False,,table_tests,6.0,6.0,"[{""id"": ""b773892dc3e755672b9e085e9eeb8ad18690_pg1_table_00"", ""type"": ""table"", ""passed"": true, ""category"": ""table_tests""}, {""id"": ""b773892dc3e755672b9e085e9eeb8ad18690_pg1_table_01"", ""type"": ""table"", ""passed"": true, ""category"": ""table_tests""}, {""id"": ""b773892dc3e755672b9e085e9eeb8ad18690_pg1_table_02"", ""type"": ""table"", ""passed"": true, ""category"": ""table_tests""}, {""id"": ""b773892dc3e755672b9e085e9eeb8ad18690_pg1_table_03"", ""type"": ""table"", ""passed"": true, ""category"": ""table_tests""}, {""id"": ""b773892dc3e755672b9e085e9eeb8ad18690_pg1_table_04"", ""type"": ""table"", ""passed"": true, ""category"": ""table_tests""}, {""id"": ""auto_baseline"", ""type"": ""baseline"", ""passed"": true, ""category"": ""baseline""}]",,
qwen3.5-2b,docs,tables__fd6cb6dfe3a918390855052669d9a194231a_pg3,12.56951464383994,1435,False,,,,,,,,,,,,False,,table_tests,6.0,6.0,"[{""id"": ""fd6cb6dfe3a918390855052669d9a194231a_pg3_table_00"", ""type"": ""table"", ""passed"": true, ""category"": ""table_tests""}, {""id"": ""fd6cb6dfe3a918390855052669d9a194231a_pg3_table_01"", ""type"": ""table"", ""passed"": true, ""category"": ""table_tests""}, {""id"": ""fd6cb6dfe3a918390855052669d9a194231a_pg3_table_02"", ""type"": ""table"", ""passed"": true, ""category"": ""table_tests""}, {""id"": ""fd6cb6dfe3a918390855052669d9a194231a_pg3_table_03"", ""type"": ""table"", ""passed"": true, ""category"": ""table_tests""}, {""id"": ""fd6cb6dfe3a918390855052669d9a194231a_pg3_table_04"", ""type"": ""table"", ""passed"": true, ""category"": ""table_tests""}, {""id"": ""auto_baseline"", ""type"": ""baseline"", ""passed"": true, ""category"": ""baseline""}]",,
qwen3.5-2b,handwriting,iam_00023,0.16336219521872408,10,False,,,0.1,0.1,0.125,4.0,40.0,0.875,0.875,0.125,0.975,False,False,,,,,,
qwen3.5-2b,handwriting,iam_00030,0.16336219521872408,15,False,,,0.03636363636363636,0.03636363636363636,0.125,2.0,55.0,0.875,0.875,0.125,1.0,False,False,,,,,,
qwen3.5-2b,handwriting,iam_00059,0.16336219521872408,9,False,,,0.0,0.0,0.0,0.0,43.0,1.0,1.0,0.0,1.0,False,False,,,,,,
qwen3.5-2b,handwriting,iam_00064,0.16336219521872408,13,False,,,0.0,0.0,0.0,0.0,71.0,1.0,1.0,0.0,1.0,False,False,,,,,,
qwen3.5-2b,handwriting,iam_00071,0.16336219521872408,10,False,,,0.0,0.0,0.0,0.0,39.0,1.0,1.0,0.0,1.0,False,False,,,,,,
qwen3.5-2b,handwriting,iam_00079,0.16336219521872408,9,False,,,0.0,0.0,0.0,0.0,43.0,1.0,1.0,0.0,1.0,False,False,,,,,,
qwen3.5-2b,handwriting,iam_00126,0.16336219521872408,13,False,,,0.02040816326530612,0.02040816326530612,0.09090909090909091,1.0,49.0,0.9090909090909091,0.9090909090909091,0.09090909090909091,1.0,False,False,,,,,,
qwen3.5-2b,handwriting,iam_00143,0.16336219521872408,10,False,,,0.05128205128205128,0.05128205128205128,0.14285714285714285,2.0,39.0,0.8571428571428571,0.8571428571428571,0.14285714285714285,1.0,False,False,,,,,,
qwen3.5-2b,handwriting,iam_00188,0.16336219521872408,15,False,,,0.044444444444444446,0.044444444444444446,0.14285714285714285,2.0,45.0,0.875,0.875,0.125,1.0222222222222221,False,False,,,,,,
qwen3.5-2b,handwriting,iam_00258,0.16336219521872408,15,False,,,0.0,0.0,0.0,0.0,52.0,1.0,1.0,0.0,1.0,False,False,,,,,,
qwen3.5-2b,handwriting,iam_00264,0.16336219521872408,20,False,,,0.01694915254237288,0.01694915254237288,0.18181818181818182,1.0,59.0,1.0,1.0,0.0,0.9830508474576272,False,False,,,,,,
qwen3.5-2b,handwriting,iam_00280,0.16336219521872408,11,False,,,0.3023255813953488,0.3023255813953488,0.8,13.0,43.0,0.3333333333333333,0.4,0.6,0.9767441860465116,False,False,,,,,,
qwen3.5-2b,handwriting,iam_00289,0.16336219521872408,16,False,,,0.03333333333333333,0.03333333333333333,0.08333333333333333,2.0,60.0,0.9166666666666666,0.9166666666666666,0.08333333333333333,1.0,False,False,,,,,,
qwen3.5-2b,handwriting,iam_00343,0.16336219521872408,9,False,,,0.0196078431372549,0.0196078431372549,0.14285714285714285,1.0,51.0,0.8571428571428571,0.8571428571428571,0.14285714285714285,1.0,False,False,,,,,,
qwen3.5-2b,handwriting,iam_00364,0.16336219521872408,8,False,,,0.0,0.0,0.0,0.0,36.0,1.0,1.0,0.0,1.0,False,False,,,,,,
qwen3.5-2b,handwriting,iam_00371,0.16336219521872408,10,False,,,0.22727272727272727,0.22727272727272727,0.25,10.0,44.0,0.75,0.8571428571428571,0.14285714285714285,0.8863636363636364,False,False,,,,,,
qwen3.5-2b,handwriting,iam_00373,0.16336219521872408,6,False,,,0.03125,0.03125,0.2,1.0,32.0,0.8,0.8,0.2,1.03125,False,False,,,,,,
qwen3.5-2b,handwriting,iam_00403,0.16336219521872408,7,False,,,0.0,0.0,0.0,0.0,36.0,1.0,1.0,0.0,1.0,False,False,,,,,,
qwen3.5-2b,handwriting,iam_00468,0.16336219521872408,8,False,,,0.0,0.0,0.0,0.0,37.0,1.0,1.0,0.0,1.0,False,False,,,,,,
qwen3.5-2b,handwriting,iam_00478,0.16336219521872408,7,False,,,0.0,0.0,0.0,0.0,29.0,1.0,1.0,0.0,1.0,False,False,,,,,,
qwen3.5-2b,handwriting,iam_00588,0.16336219521872408,9,False,,,0.0,0.0,0.0,0.0,47.0,1.0,1.0,0.0,1.0,False,False,,,,,,
qwen3.5-2b,handwriting,iam_00608,0.16336219521872408,10,False,,,0.038461538461538464,0.038461538461538464,0.1111111111111111,2.0,52.0,1.0,1.0,0.0,0.9615384615384616,False,False,,,,,,
qwen3.5-2b,handwriting,iam_00749,0.16336219521872408,4,False,,,0.0,0.0,0.0,0.0,12.0,1.0,1.0,0.0,1.0,False,False,,,,,,
qwen3.5-2b,handwriting,iam_00819,0.16336219521872408,8,False,,,0.023255813953488372,0.023255813953488372,0.14285714285714285,1.0,43.0,0.8571428571428571,0.8571428571428571,0.14285714285714285,1.0,False,False,,,,,,
qwen3.5-2b,handwriting,iam_00969,0.16336219521872408,10,False,,,0.0,0.0,0.0,0.0,40.0,1.0,1.0,0.0,1.0,False,False,,,,,,
qwen3.5-2b,handwriting,iam_01020,0.16336219521872408,10,False,,,0.0,0.0,0.0,0.0,35.0,1.0,1.0,0.0,1.0,False,False,,,,,,
qwen3.5-2b,handwriting,iam_01023,0.16336219521872408,9,False,,,0.0,0.0,0.0,0.0,47.0,1.0,1.0,0.0,1.0,False,False,,,,,,
qwen3.5-2b,handwriting,iam_01091,0.16336219521872408,12,False,,,0.0196078431372549,0.0196078431372549,0.1111111111111111,1.0,51.0,0.9,0.9,0.1,1.0,False,False,,,,,,
qwen3.5-2b,handwriting,iam_01104,0.16336219521872408,7,False,,,0.0,0.0,0.0,0.0,31.0,1.0,1.0,0.0,1.0,False,False,,,,,,
qwen3.5-2b,handwriting,iam_01238,0.16336219521872408,9,False,,,0.075,0.075,0.16666666666666666,3.0,40.0,0.8333333333333334,0.8333333333333334,0.16666666666666666,1.0,False,False,,,,,,
qwen3.5-2b,handwriting,iam_01366,0.16336219521872408,11,False,,,0.0,0.0,0.0,0.0,47.0,1.0,1.0,0.0,1.0,False,False,,,,,,
qwen3.5-2b,handwriting,iam_01417,0.16336219521872408,14,False,,,0.0,0.0,0.0,0.0,53.0,1.0,1.0,0.0,1.0,False,False,,,,,,
qwen3.5-2b,handwriting,iam_01452,0.14740209539286298,12,False,,,0.0196078431372549,0.0196078431372549,0.125,1.0,51.0,0.875,0.875,0.125,1.0,False,False,,,,,,
qwen3.5-2b,handwriting,iam_01455,0.14740209539286298,3,False,,,0.0,0.0,0.0,0.0,5.0,1.0,1.0,0.0,1.0,False,False,,,,,,
qwen3.5-2b,handwriting,iam_01805,0.14740209539286298,9,False,,,0.0,0.0,0.0,0.0,38.0,1.0,1.0,0.0,1.0,False,False,,,,,,
qwen3.5-2b,handwriting,iam_01857,0.14740209539286298,11,False,,,0.0,0.0,0.0,0.0,37.0,1.0,1.0,0.0,1.0,False,False,,,,,,
qwen3.5-2b,handwriting,iam_01898,0.14740209539286298,14,False,,,0.02,0.02,0.1,1.0,50.0,0.9,0.9,0.1,1.02,False,False,,,,,,
qwen3.5-2b,handwriting,iam_01908,0.14740209539286298,14,False,,,0.0,0.0,0.0,0.0,53.0,1.0,1.0,0.0,1.0,False,False,,,,,,
qwen3.5-2b,handwriting,iam_01970,0.14740209539286298,9,False,,,0.05,0.05,0.125,2.0,40.0,1.0,1.0,0.0,0.95,False,False,,,,,,
qwen3.5-2b,handwriting,iam_01983,0.14740209539286298,12,False,,,0.043478260869565216,0.043478260869565216,0.1,2.0,46.0,0.8888888888888888,0.8888888888888888,0.1111111111111111,1.0,False,False,,,,,,
qwen3.5-2b,handwriting,iam_01993,0.14740209539286298,10,False,,,0.0,0.0,0.0,0.0,46.0,1.0,1.0,0.0,1.0,False,False,,,,,,
qwen3.5-2b,handwriting,iam_02060,0.14740209539286298,12,False,,,0.04081632653061224,0.04081632653061224,0.1111111111111111,2.0,49.0,0.8888888888888888,0.8888888888888888,0.1111111111111111,0.9795918367346939,False,False,,,,,,
qwen3.5-2b,handwriting,iam_02081,0.14740209539286298,14,False,,,0.022222222222222223,0.022222222222222223,0.2,1.0,45.0,1.0,1.0,0.0,0.9777777777777777,False,False,,,,,,
qwen3.5-2b,handwriting,iam_02109,0.14740209539286298,12,False,,,0.0,0.0,0.0,0.0,43.0,1.0,1.0,0.0,1.0,False,False,,,,,,
qwen3.5-2b,handwriting,iam_02171,0.14740209539286298,9,False,,,0.0,0.0,0.0,0.0,40.0,1.0,1.0,0.0,1.0,False,False,,,,,,
qwen3.5-2b,handwriting,iam_02216,0.14740209539286298,11,False,,,0.12195121951219512,0.12195121951219512,0.42857142857142855,5.0,41.0,0.5714285714285714,0.5714285714285714,0.42857142857142855,0.975609756097561,False,False,,,,,,
qwen3.5-2b,handwriting,iam_02279,0.14740209539286298,15,False,,,0.04081632653061224,0.04081632653061224,0.1,2.0,49.0,0.9090909090909091,0.9090909090909091,0.09090909090909091,1.0,False,False,,,,,,
qwen3.5-2b,handwriting,iam_02371,0.14740209539286298,6,False,,,0.09090909090909091,0.09090909090909091,0.2,2.0,22.0,1.0,1.0,0.0,0.9090909090909091,False,False,,,,,,
qwen3.5-2b,handwriting,iam_02384,0.14740209539286298,12,False,,,0.1282051282051282,0.1282051282051282,0.2,5.0,39.0,0.9,0.9,0.1,0.9743589743589743,False,False,,,,,,
qwen3.5-2b,handwriting,iam_02463,0.14740209539286298,11,False,,,0.0,0.0,0.0,0.0,40.0,1.0,1.0,0.0,1.0,False,False,,,,,,
qwen3.5-2b,handwriting,iam_02522,0.14740209539286298,12,False,,,0.08163265306122448,0.08163265306122448,0.5714285714285714,4.0,49.0,1.0,1.0,0.0,1.0,False,False,,,,,,
qwen3.5-2b,handwriting,iam_02552,0.14740209539286298,13,False,,,0.0,0.0,0.0,0.0,41.0,1.0,1.0,0.0,1.0,False,False,,,,,,
qwen3.5-2b,handwriting,iam_02640,0.14740209539286298,13,False,,,0.0,0.0,0.0,0.0,49.0,1.0,1.0,0.0,1.0,False,False,,,,,,
qwen3.5-2b,handwriting,iam_02655,0.14740209539286298,17,False,,,0.0392156862745098,0.0392156862745098,0.3,2.0,51.0,1.0,1.0,0.0,1.0,False,False,,,,,,
qwen3.5-2b,handwriting,iam_02684,0.14740209539286298,16,False,,,0.0,0.0,0.0,0.0,57.0,1.0,1.0,0.0,1.0,False,False,,,,,,
qwen3.5-2b,handwriting,iam_02725,0.14740209539286298,12,False,,,0.0,0.0,0.0,0.0,57.0,1.0,1.0,0.0,1.0,False,False,,,,,,
qwen3.5-2b,handwriting,iam_02733,0.14740209539286298,8,False,,,0.0,0.0,0.0,0.0,39.0,1.0,1.0,0.0,1.0,False,False,,,,,,
qwen3.5-2b,handwriting,iam_02750,0.14740209539286298,10,False,,,0.0,0.0,0.0,0.0,40.0,1.0,1.0,0.0,1.0,False,False,,,,,,
qwen3.5-2b,handwriting,iam_02765,0.14740209539286298,14,False,,,0.13157894736842105,0.13157894736842105,0.625,5.0,38.0,1.0,1.0,0.0,1.0,False,False,,,,,,
qwen3.5-2b,handwriting,iam_02838,0.14740209539286298,8,False,,,0.0,0.0,0.0,0.0,27.0,1.0,1.0,0.0,1.0,False,False,,,,,,
qwen3.5-2b,stress,syn000_prose__clean,5.4552889370936555,506,False,,,0.0,0.0,0.0,0.0,2182.0,1.0,1.0,0.0,1.0,False,False,,,,,prose,clean
qwen3.5-2b,stress,syn000_prose__dpi150,5.4552889370936555,506,False,,,0.0,0.0,0.0,0.0,2182.0,1.0,1.0,0.0,1.0,False,False,,,,,prose,dpi150
qwen3.5-2b,stress,syn000_prose__dpi75,5.4552889370936555,506,False,,,0.0018306636155606408,0.0,0.0,0.0,2182.0,1.0,1.0,0.0,1.0,False,False,,,,,prose,dpi75
qwen3.5-2b,stress,syn000_prose__blur,5.4552889370936555,505,False,,,0.0018306636155606408,0.0,0.0,0.0,2182.0,1.0,1.0,0.0,1.0,False,False,,,,,prose,blur
qwen3.5-2b,stress,syn000_prose__noise,5.4552889370936555,506,False,,,0.0,0.0,0.0,0.0,2182.0,1.0,1.0,0.0,1.0,False,False,,,,,prose,noise
qwen3.5-2b,stress,syn000_prose__rotate3,5.4552889370936555,505,False,,,0.0,0.0,0.0,0.0,2182.0,1.0,1.0,0.0,1.0,False,False,,,,,prose,rotate3
qwen3.5-2b,stress,syn000_prose__rotate8,5.4552889370936555,505,False,,,0.0,0.0,0.0,0.0,2182.0,1.0,1.0,0.0,1.0,False,False,,,,,prose,rotate8
qwen3.5-2b,stress,syn000_prose__jpeg_q10,5.4552889370936555,505,False,,,0.0018306636155606408,0.0,0.0,0.0,2182.0,1.0,1.0,0.0,1.0,False,False,,,,,prose,jpeg_q10
qwen3.5-2b,stress,syn000_prose__low_contrast,5.4552889370936555,506,False,,,0.0,0.0,0.0,0.0,2182.0,1.0,1.0,0.0,1.0,False,False,,,,,prose,low_contrast
qwen3.5-2b,stress,syn000_prose__photocopy,5.4552889370936555,505,False,,,0.0,0.0,0.0,0.0,2182.0,1.0,1.0,0.0,1.0,False,False,,,,,prose,photocopy
qwen3.5-2b,stress,syn000_prose__phone_photo,5.4552889370936555,506,False,,,0.0,0.0,0.0,0.0,2182.0,1.0,1.0,0.0,1.0,False,False,,,,,prose,phone_photo
qwen3.5-2b,stress,syn001_two_column__clean,5.4552889370936555,441,False,,,0.0,0.0,0.0,0.0,2056.0,1.0,1.0,0.0,1.0,False,False,,,,,two_column,clean
qwen3.5-2b,stress,syn001_two_column__dpi150,5.4552889370936555,441,False,,,0.0,0.0,0.0,0.0,2056.0,1.0,1.0,0.0,1.0,False,False,,,,,two_column,dpi150
qwen3.5-2b,stress,syn001_two_column__dpi75,5.4552889370936555,488,False,,,0.0019455252918287938,0.0,0.0,0.0,2056.0,1.0,1.0,0.0,1.0,False,False,,,,,two_column,dpi75
qwen3.5-2b,stress,syn001_two_column__blur,5.4552889370936555,489,False,,,0.0024319066147859923,0.0,0.0,0.0,2056.0,1.0,1.0,0.0,1.0,False,False,,,,,two_column,blur
qwen3.5-2b,stress,syn001_two_column__noise,5.4552889370936555,441,False,,,0.0,0.0,0.0,0.0,2056.0,1.0,1.0,0.0,1.0,False,False,,,,,two_column,noise
qwen3.5-2b,stress,syn001_two_column__rotate3,5.4552889370936555,441,False,,,0.0,0.0,0.0,0.0,2056.0,1.0,1.0,0.0,1.0,False,False,,,,,two_column,rotate3
qwen3.5-2b,stress,syn001_two_column__rotate8,5.4552889370936555,489,False,,,0.0,0.0,0.0,0.0,2056.0,1.0,1.0,0.0,1.0,False,False,,,,,two_column,rotate8
qwen3.5-2b,stress,syn001_two_column__jpeg_q10,5.4552889370936555,441,False,,,0.0,0.0,0.0,0.0,2056.0,1.0,1.0,0.0,1.0,False,False,,,,,two_column,jpeg_q10
qwen3.5-2b,stress,syn001_two_column__low_contrast,5.4552889370936555,441,False,,,0.0,0.0,0.0,0.0,2056.0,1.0,1.0,0.0,1.0,False,False,,,,,two_column,low_contrast
qwen3.5-2b,stress,syn001_two_column__photocopy,5.4552889370936555,441,False,,,0.0,0.0,0.0,0.0,2056.0,1.0,1.0,0.0,1.0,False,False,,,,,two_column,photocopy
qwen3.5-2b,stress,syn001_two_column__phone_photo,5.4552889370936555,441,False,,,0.0,0.0,0.0,0.0,2056.0,1.0,1.0,0.0,1.0,False,False,,,,,two_column,phone_photo
qwen3.5-2b,stress,syn002_table__clean,5.4552889370936555,287,False,,,0.0,0.0,0.0,0.0,426.0,1.0,1.0,0.0,1.0,False,False,,,,,table,clean
qwen3.5-2b,stress,syn002_table__dpi150,5.4552889370936555,276,False,,,0.09859154929577464,0.09859154929577464,0.09230769230769231,42.0,426.0,0.9333333333333333,1.0,0.0,0.9014084507042254,False,False,,,,,table,dpi150
qwen3.5-2b,stress,syn002_table__dpi75,5.4552889370936555,287,False,,,0.0,0.0,0.0,0.0,426.0,1.0,1.0,0.0,1.0,False,False,,,,,table,dpi75
qwen3.5-2b,stress,syn002_table__blur,5.4552889370936555,287,False,,,0.0,0.0,0.0,0.0,426.0,1.0,1.0,0.0,1.0,False,False,,,,,table,blur
qwen3.5-2b,stress,syn002_table__noise,5.4552889370936555,287,False,,,0.0,0.0,0.0,0.0,426.0,1.0,1.0,0.0,1.0,False,False,,,,,table,noise
qwen3.5-2b,stress,syn002_table__rotate3,5.4552889370936555,276,False,,,0.09859154929577464,0.09859154929577464,0.09230769230769231,42.0,426.0,0.9333333333333333,1.0,0.0,0.9014084507042254,False,False,,,,,table,rotate3
qwen3.5-2b,stress,syn002_table__rotate8,5.4552889370936555,287,False,,,0.0,0.0,0.0,0.0,426.0,1.0,1.0,0.0,1.0,False,False,,,,,table,rotate8
qwen3.5-2b,stress,syn002_table__jpeg_q10,5.4552889370936555,287,False,,,0.0,0.0,0.0,0.0,426.0,1.0,1.0,0.0,1.0,False,False,,,,,table,jpeg_q10
qwen3.5-2b,stress,syn002_table__low_contrast,5.4552889370936555,287,False,,,0.0,0.0,0.0,0.0,426.0,1.0,1.0,0.0,1.0,False,False,,,,,table,low_contrast
qwen3.5-2b,stress,syn002_table__photocopy,5.4552889370936555,276,False,,,0.09859154929577464,0.09859154929577464,0.09230769230769231,42.0,426.0,0.9333333333333333,1.0,0.0,0.9014084507042254,False,False,,,,,table,photocopy
qwen3.5-2b,stress,syn002_table__phone_photo,16.2993838406086,276,False,,,0.09859154929577464,0.09859154929577464,0.09230769230769231,42.0,426.0,0.9333333333333333,1.0,0.0,0.9014084507042254,False,False,,,,,table,phone_photo
qwen3.5-2b,stress,syn003_invoice__clean,16.2993838406086,288,False,,,0.0,0.0,0.0,0.0,463.0,1.0,1.0,0.0,1.0,False,False,,,,,invoice,clean
qwen3.5-2b,stress,syn003_invoice__dpi150,16.2993838406086,288,False,,,0.0,0.0,0.0,0.0,463.0,1.0,1.0,0.0,1.0,False,False,,,,,invoice,dpi150
qwen3.5-2b,stress,syn003_invoice__dpi75,16.2993838406086,289,False,,,0.0,0.0,0.0,0.0,463.0,1.0,1.0,0.0,1.0,False,False,,,,,invoice,dpi75
qwen3.5-2b,stress,syn003_invoice__blur,16.2993838406086,288,False,,,0.0,0.0,0.0,0.0,463.0,1.0,1.0,0.0,1.0,False,False,,,,,invoice,blur
qwen3.5-2b,stress,syn003_invoice__noise,16.2993838406086,288,False,,,0.0,0.0,0.0,0.0,463.0,1.0,1.0,0.0,1.0,False,False,,,,,invoice,noise
qwen3.5-2b,stress,syn003_invoice__rotate3,16.2993838406086,289,False,,,0.0,0.0,0.0,0.0,463.0,1.0,1.0,0.0,1.0,False,False,,,,,invoice,rotate3
qwen3.5-2b,stress,syn003_invoice__rotate8,16.2993838406086,288,False,,,0.0,0.0,0.0,0.0,463.0,1.0,1.0,0.0,1.0,False,False,,,,,invoice,rotate8
qwen3.5-2b,stress,syn003_invoice__jpeg_q10,16.2993838406086,288,False,,,0.0,0.0,0.0,0.0,463.0,1.0,1.0,0.0,1.0,False,False,,,,,invoice,jpeg_q10
qwen3.5-2b,stress,syn003_invoice__low_contrast,16.2993838406086,288,False,,,0.0,0.0,0.0,0.0,463.0,1.0,1.0,0.0,1.0,False,False,,,,,invoice,low_contrast
qwen3.5-2b,stress,syn003_invoice__photocopy,16.2993838406086,288,False,,,0.0,0.0,0.0,0.0,463.0,1.0,1.0,0.0,1.0,False,False,,,,,invoice,photocopy
qwen3.5-2b,stress,syn003_invoice__phone_photo,16.2993838406086,314,False,,,0.0,0.0,0.0,0.0,463.0,1.0,1.0,0.0,1.0,False,False,,,,,invoice,phone_photo
qwen3.5-2b,stress,syn004_prose__clean,16.2993838406086,501,False,,,0.0,0.0,0.0,0.0,2242.0,1.0,1.0,0.0,1.0,False,False,,,,,prose,clean
qwen3.5-2b,stress,syn004_prose__dpi150,16.2993838406086,501,False,,,0.0,0.0,0.0,0.0,2242.0,1.0,1.0,0.0,1.0,False,False,,,,,prose,dpi150
qwen3.5-2b,stress,syn004_prose__dpi75,16.2993838406086,8192,False,,,12.193131132917038,12.193131132917038,10.411764705882353,27337.0,2242.0,0.06852791878172589,0.006588579795021962,0.9934114202049781,12.790365744870652,False,True,,,,,prose,dpi75
qwen3.5-2b,stress,syn004_prose__blur,16.2993838406086,501,False,,,0.0,0.0,0.0,0.0,2242.0,1.0,1.0,0.0,1.0,False,False,,,,,prose,blur
qwen3.5-2b,stress,syn004_prose__noise,16.2993838406086,501,False,,,0.00044603033006244426,0.00044603033006244426,0.0025575447570332483,1.0,2242.0,0.9974619289340102,0.9974619289340102,0.0025380710659898475,1.0004460303300624,False,False,,,,,prose,noise
qwen3.5-2b,stress,syn004_prose__rotate3,16.2993838406086,501,False,,,0.0,0.0,0.0,0.0,2242.0,1.0,1.0,0.0,1.0,False,False,,,,,prose,rotate3
qwen3.5-2b,stress,syn004_prose__rotate8,16.2993838406086,501,False,,,0.00044603033006244426,0.00044603033006244426,0.0025575447570332483,1.0,2242.0,0.9974619289340102,0.9974619289340102,0.0025380710659898475,1.0004460303300624,False,False,,,,,prose,rotate8
qwen3.5-2b,stress,syn004_prose__jpeg_q10,16.2993838406086,501,False,,,0.0,0.0,0.0,0.0,2242.0,1.0,1.0,0.0,1.0,False,False,,,,,prose,jpeg_q10
qwen3.5-2b,stress,syn004_prose__low_contrast,16.2993838406086,501,False,,,0.0,0.0,0.0,0.0,2242.0,1.0,1.0,0.0,1.0,False,False,,,,,prose,low_contrast
qwen3.5-2b,stress,syn004_prose__photocopy,16.2993838406086,501,False,,,0.00044603033006244426,0.00044603033006244426,0.0025575447570332483,1.0,2242.0,0.9974619289340102,0.9974619289340102,0.0025380710659898475,1.0004460303300624,False,False,,,,,prose,photocopy
qwen3.5-2b,stress,syn004_prose__phone_photo,16.2993838406086,501,False,,,0.0,0.0,0.0,0.0,2242.0,1.0,1.0,0.0,1.0,False,False,,,,,prose,phone_photo
surya-ocr2,books,birdsofgreatbrit02butl_0093_full,14.98589951916665,2432,False,birdsofgreatbrit02butl,en,0.011363636363636364,0.0026155187445510027,0.01078167115902965,6.0,2294.0,0.9896373056994818,0.9870801033591732,0.012919896640826873,1.0013077593722755,False,False,,,,,,
surya-ocr2,books,birdsofgreatbrit02butl_0126_full,14.98589951916665,2984,False,birdsofgreatbrit02butl,en,0.010923185341789992,0.0007042253521126761,0.004338394793926247,2.0,2840.0,0.9959677419354839,0.9919678714859438,0.008032128514056224,1.0007042253521128,False,False,,,,,,
surya-ocr2,books,birdsofgreatbrit02butl_0156_full,14.98589951916665,2060,False,birdsofgreatbrit02butl,en,0.01129032258064516,0.0005347593582887701,0.003289473684210526,1.0,1870.0,0.9967948717948718,0.9967948717948718,0.003205128205128205,1.0,False,False,,,,,,
surya-ocr2,books,birdsofgreatbrit02butl_0159_full,14.98589951916665,2979,False,birdsofgreatbrit02butl,en,0.008307372793354102,0.00034518467380048324,0.003861003861003861,1.0,2897.0,1.0,1.0,0.0,0.9996548153261995,False,False,,,,,,
surya-ocr2,books,birdsofgreatbrit02butl_0172_full,14.98589951916665,3342,False,birdsofgreatbrit02butl,en,0.016782773907536415,0.0009428032683846638,0.005172413793103448,3.0,3182.0,0.9949152542372881,0.9932318104906938,0.00676818950930626,1.0003142677561283,False,False,,,,,,
surya-ocr2,books,birdsofgreatbrit02butl_0308_full,14.98589951916665,2025,False,birdsofgreatbrit02butl,en,0.012054794520547946,0.004381161007667032,0.003048780487804878,8.0,1826.0,1.0,0.9970414201183432,0.0029585798816568047,1.0038335158817087,False,False,,,,,,
surya-ocr2,books,birdsofgreatbrit02butl_0312_full,14.98589951916665,1179,False,birdsofgreatbrit02butl,en,0.0065298507462686565,0.0027958993476234857,0.016853932584269662,3.0,1073.0,0.989010989010989,0.9836065573770492,0.01639344262295082,1.0018639328984156,False,False,,,,,,
surya-ocr2,books,birdsofgreatbrit02butl_0320_full,14.98589951916665,2332,False,birdsofgreatbrit02butl,en,0.004551661356395084,0.0009099181073703367,0.0027397260273972603,2.0,2198.0,0.9973958333333334,0.9973958333333334,0.0026041666666666665,1.000454959053685,False,False,,,,,,
surya-ocr2,books,birdsofgreatbrit02butl_0328_full,14.98589951916665,1003,False,birdsofgreatbrit02butl,en,0.02157164869029276,0.02157164869029276,0.23157894736842105,14.0,649.0,0.9811320754716981,0.9629629629629629,0.037037037037037035,1.0215716486902928,False,False,,,,,,
surya-ocr2,books,conchologiaiconi05reev_0039_full,14.98589951916665,4435,False,conchologiaiconi05reev,en,0.020865139949109414,0.01094704684317719,0.07180385288966724,43.0,3928.0,0.935042735042735,0.935042735042735,0.06495726495726496,1.0,False,False,,,,,,
surya-ocr2,books,conchologiaiconi05reev_0127_full,14.98589951916665,4584,False,conchologiaiconi05reev,en,0.028683500858053445,0.014029042579374847,0.10424710424710425,57.0,4063.0,0.8977695167286245,0.8944444444444445,0.10555555555555556,1.000246123554024,False,False,,,,,,
surya-ocr2,books,conchologiaiconi05reev_0200_full,14.98589951916665,4393,False,conchologiaiconi05reev,en,0.0274079874706343,0.013150973172014729,0.09542743538767395,50.0,3802.0,0.9137931034482759,0.9120458891013384,0.08795411089866156,1.0005260389268806,False,False,,,,,,
surya-ocr2,books,conchologiaiconi05reev_0235_full,14.98589951916665,4146,False,conchologiaiconi05reev,en,0.032418952618453865,0.017490283176013324,0.13043478260869565,63.0,3602.0,0.8744769874476988,0.872651356993737,0.12734864300626306,1.0002776235424764,False,False,,,,,,
surya-ocr2,books,conchologiaiconi05reev_0271_full,14.98589951916665,4311,False,conchologiaiconi05reev,en,0.03188638799571276,0.015804982587731047,0.12394957983193278,59.0,3733.0,0.8803245436105477,0.8785425101214575,0.1214574898785425,1.000267881060809,False,False,,,,,,
surya-ocr2,books,conchologiaiconi05reev_0276_full,14.98589951916665,5406,False,conchologiaiconi05reev,en,0.03584699453551913,0.02388779311856235,0.09581881533101046,109.0,4563.0,0.916247906197655,0.9131886477462438,0.08681135225375626,1.0004383081306158,False,False,,,,,,
surya-ocr2,books,conchologiaiconi05reev_0350_full,14.98589951916665,2522,False,conchologiaiconi05reev,en,0.039359267734553775,0.022967386311437757,0.14576271186440679,50.0,2177.0,0.8576158940397351,0.8547854785478548,0.14521452145214522,1.0045934772622875,False,False,,,,,,
surya-ocr2,books,conchologiaiconi05reev_0354_full,14.98589951916665,4025,False,conchologiaiconi05reev,en,0.03317402305313467,0.016020236087689713,0.12025316455696203,57.0,3558.0,0.8884381338742393,0.8884381338742393,0.11156186612576065,0.9994378864530635,False,False,,,,,,
surya-ocr2,books,conchologiaiconi05reev_0433_full,14.98589951916665,4164,False,conchologiaiconi05reev,en,0.025182778229082048,0.01576086956521739,0.1282608695652174,58.0,3680.0,0.8829568788501027,0.8829568788501027,0.11704312114989733,1.0002717391304348,False,False,,,,,,
surya-ocr2,books,daschitinskelett00prel_0011_full,14.98589951916665,3207,False,daschitinskelett00prel,de,0.0050858232676414495,0.0012763241863433313,0.01152073732718894,4.0,3134.0,0.9976798143851509,0.9976798143851509,0.002320185614849188,0.9996809189534142,False,False,,,,,,
surya-ocr2,books,daschitinskelett00prel_0021_full,14.98589951916665,4000,False,daschitinskelett00prel,de,0.003885003885003885,0.0012983640612827837,0.0070921985815602835,5.0,3851.0,0.9928825622775801,0.9928825622775801,0.0071174377224199285,1.0002596728122566,False,False,,,,,,
surya-ocr2,books,daschitinskelett00prel_0034_full,14.98589951916665,3074,False,daschitinskelett00prel,de,0.0020093770931011385,0.0006706908115358819,0.007042253521126761,2.0,2982.0,0.9976470588235294,0.9929742388758782,0.00702576112412178,1.000670690811536,False,False,,,,,,
surya-ocr2,books,daschitinskelett00prel_0037_full,14.98589951916665,3967,False,daschitinskelett00prel,de,0.02032198469253101,0.01563328033916269,0.12568306010928962,59.0,3774.0,0.9781021897810219,0.8874172185430463,0.11258278145695365,1.0151033386327504,False,False,,,,,,
surya-ocr2,books,daschitinskelett00prel_0038_full,14.98589951916665,4001,False,daschitinskelett00prel,de,0.012963443090484833,0.008851861494402499,0.07735849056603773,34.0,3841.0,0.9867924528301887,0.9273049645390071,0.0726950354609929,1.0088518614944024,False,False,,,,,,
surya-ocr2,books,daschitinskelett00prel_0051_full,14.98589951916665,4063,False,daschitinskelett00prel,de,0.0037811948575749935,0.0007585335018963338,0.007142857142857143,3.0,3955.0,0.9946236559139785,0.9964093357271095,0.003590664272890485,0.9997471554993679,False,False,,,,,,
surya-ocr2,books,daschitinskelett00prel_0057_full,14.8317230697,3609,False,daschitinskelett00prel,de,0.0011467889908256881,0.0,0.0,0.0,3484.0,1.0,1.0,0.0,1.0,False,False,,,,,,
surya-ocr2,books,daschitinskelett00prel_0060_full,14.8317230697,934,False,daschitinskelett00prel,de,0.0066518847006651885,0.0,0.0,0.0,896.0,1.0,1.0,0.0,1.0,False,False,,,,,,
surya-ocr2,books,histoirenaturell10cuvi_0014_full,14.8317230697,1224,False,histoirenaturell10cuvi,fr,0.015966386554621848,0.00423728813559322,0.011363636363636364,5.0,1180.0,0.9893617021276596,0.9841269841269841,0.015873015873015872,0.997457627118644,False,False,,,,,,
surya-ocr2,books,histoirenaturell10cuvi_0070_full,14.8317230697,1344,False,histoirenaturell10cuvi,fr,0.07171964140179299,0.043621399176954734,0.06310679611650485,53.0,1215.0,0.9910313901345291,0.9866071428571429,0.013392857142857142,1.0,False,False,,,,,,
surya-ocr2,books,histoirenaturell10cuvi_0172_full,14.8317230697,1256,False,histoirenaturell10cuvi,fr,0.012142237640936688,0.0,0.0,0.0,1150.0,1.0,1.0,0.0,1.0,False,False,,,,,,
surya-ocr2,books,histoirenaturell10cuvi_0188_full,14.8317230697,1617,False,histoirenaturell10cuvi,fr,0.02445302445302445,0.004510309278350515,0.026415094339622643,7.0,1552.0,0.976271186440678,0.976271186440678,0.023728813559322035,1.0,False,False,,,,,,
surya-ocr2,books,histoirenaturell10cuvi_0251_full,14.8317230697,1334,False,histoirenaturell10cuvi,fr,0.02303754266211604,0.001725625539257981,0.009950248756218905,2.0,1159.0,0.9906542056074766,0.9906542056074766,0.009345794392523364,1.0,False,False,,,,,,
surya-ocr2,books,histoirenaturell10cuvi_0343_full,14.8317230697,1404,False,histoirenaturell10cuvi,fr,0.03440187646598905,0.018972332015810278,0.02512562814070352,24.0,1265.0,0.9950980392156863,0.9712918660287081,0.028708133971291867,1.0015810276679842,False,False,,,,,,
surya-ocr2,books,histoirenaturell10cuvi_0369_full,14.8317230697,1451,False,histoirenaturell10cuvi,fr,0.023846153846153847,0.002320185614849188,0.01818181818181818,3.0,1293.0,0.9913793103448276,0.9913793103448276,0.008620689655172414,0.9992266047950503,False,False,,,,,,
surya-ocr2,books,histoirenaturell10cuvi_0425_full,14.8317230697,1646,False,histoirenaturell10cuvi,fr,0.01836605446485117,0.0,0.0,0.0,1572.0,1.0,1.0,0.0,1.0,False,False,,,,,,
surya-ocr2,books,pisciumquerelaee00sche_0012_full,14.8317230697,1800,False,pisciumquerelaee00sche,la,0.12447885646217986,0.0807715491259795,0.288135593220339,134.0,1659.0,0.6743295019157088,0.7521367521367521,0.24786324786324787,1.031946955997589,False,False,,,,,,
surya-ocr2,books,pisciumquerelaee00sche_0013_full,14.8317230697,1988,False,pisciumquerelaee00sche,la,0.10424028268551237,0.07966706302021404,0.32916666666666666,134.0,1682.0,0.7116104868913857,0.7851239669421488,0.21487603305785125,1.0362663495838287,False,False,,,,,,
surya-ocr2,books,pisciumquerelaee00sche_0016_full,14.8317230697,1757,False,pisciumquerelaee00sche,la,0.1025,0.06269791006966434,0.27312775330396477,99.0,1579.0,0.7727272727272727,0.8060344827586207,0.1939655172413793,1.025965801139962,False,False,,,,,,
surya-ocr2,books,pisciumquerelaee00sche_0035_full,14.8317230697,1815,False,pisciumquerelaee00sche,la,0.12195121951219512,0.08410067526089625,0.3508771929824561,137.0,1629.0,0.7520325203252033,0.7905982905982906,0.2094017094017094,1.0374462860650706,False,False,,,,,,
surya-ocr2,books,pisciumquerelaee00sche_0038_full,14.8317230697,1561,False,pisciumquerelaee00sche,la,0.11196105702364395,0.08692579505300353,0.2893401015228426,123.0,1415.0,0.7475247524752475,0.8074866310160428,0.1925133689839572,1.0212014134275618,False,False,,,,,,
surya-ocr2,books,pisciumquerelaee00sche_0040_full,14.8317230697,1888,False,pisciumquerelaee00sche,la,0.1111111111111111,0.08895184135977337,0.29411764705882354,157.0,1765.0,0.6854304635761589,0.7752808988764045,0.2247191011235955,1.0424929178470255,False,False,,,,,,
surya-ocr2,books,pisciumquerelaee00sche_0041_full,14.8317230697,8192,False,pisciumquerelaee00sche,la,1.5494367959949937,1.5704358812381554,5.670833333333333,2486.0,1583.0,0.0038314176245210726,1.0,0.0,1.7245735944409348,False,True,,,,,,
surya-ocr2,books,pisciumquerelaee00sche_0044_full,14.8317230697,8192,False,pisciumquerelaee00sche,la,6.541666666666667,6.611386138613861,24.321428571428573,2671.0,404.0,0.018867924528301886,1.0,0.0,6.757425742574258,False,True,,,,,,
surya-ocr2,books,trudyrusskagoent161881russ_0098_full,14.8317230697,1487,False,trudyrusskagoent161881russ,fr+de,0.009615384615384616,0.0027529249827942187,0.0196078431372549,4.0,1453.0,0.9899497487437185,0.985,0.015,1.0,False,False,,,,,,
surya-ocr2,books,trudyrusskagoent161881russ_0121_full,14.8317230697,1985,False,trudyrusskagoent161881russ,fr+de,0.01592356687898089,0.0005319148936170213,0.006920415224913495,1.0,1880.0,0.993006993006993,0.9964912280701754,0.0035087719298245615,0.999468085106383,False,False,,,,,,
surya-ocr2,books,trudyrusskagoent161881russ_0276_full,23.323056207000263,1792,False,trudyrusskagoent161881russ,fr+de,0.010416666666666666,0.0,0.0,0.0,1728.0,1.0,1.0,0.0,1.0,False,False,,,,,,
surya-ocr2,books,trudyrusskagoent161881russ_0329_full,12.926477158600028,2139,False,trudyrusskagoent161881russ,fr+de,0.011455847255369928,0.0,0.0,0.0,2086.0,1.0,1.0,0.0,1.0,False,False,,,,,,
surya-ocr2,books,trudyrusskagoent161881russ_0357_full,12.926477158600028,1875,False,trudyrusskagoent161881russ,fr+de,0.012687427912341407,0.0011607661056297156,0.008298755186721992,2.0,1723.0,0.9917355371900827,0.9917355371900827,0.008264462809917356,1.0,False,False,,,,,,
surya-ocr2,books,trudyrusskagoent161881russ_0379_full,12.926477158600028,2045,False,trudyrusskagoent161881russ,fr+de,0.017482517482517484,0.0055193176116407425,0.03459119496855346,11.0,1993.0,0.990990990990991,0.990990990990991,0.009009009009009009,0.9979929754139488,False,False,,,,,,
surya-ocr2,books,trudyrusskagoent161881russ_0388_full,12.926477158600028,1954,False,trudyrusskagoent161881russ,fr+de,0.008738394320043691,0.0,0.0,0.0,1827.0,1.0,1.0,0.0,1.0,False,False,,,,,,
surya-ocr2,books,trudyrusskagoent161881russ_0446_full,12.926477158600028,1242,False,trudyrusskagoent161881russ,fr+de,0.013940520446096654,0.004672897196261682,0.02617801047120419,5.0,1070.0,0.995,0.9900497512437811,0.009950248756218905,0.9990654205607477,False,False,,,,,,
surya-ocr2,docs,headers_footers__0b8de922246569bf96136cd5bb1d9643b2d269fe_page_10_processed,14.047541021172382,1838,False,,,,,,,,,,,,False,,headers_footers,2.0,2.0,"[{""id"": ""0b8de922246569bf96136cd5bb1d9643b2d269fe_page_10_processed.pdf_manual_00"", ""type"": ""absent"", ""passed"": true, ""category"": ""headers_footers""}, {""id"": ""auto_baseline"", ""type"": ""baseline"", ""passed"": true, ""category"": ""baseline""}]",,
surya-ocr2,docs,headers_footers__12e836a20227be4b63f7dcdebb2498e9d189d4da_page_5_processed,14.047541021172382,3033,False,,,,,,,,,,,,False,,headers_footers,4.0,1.0,"[{""id"": ""12e836a20227be4b63f7dcdebb2498e9d189d4da_page_5_processed_pg1_header_00"", ""type"": ""absent"", ""passed"": false, ""category"": ""headers_footers""}, {""id"": ""12e836a20227be4b63f7dcdebb2498e9d189d4da_page_5_processed_pg1_header_01"", ""type"": ""absent"", ""passed"": false, ""category"": ""headers_footers""}, {""id"": ""12e836a20227be4b63f7dcdebb2498e9d189d4da_page_5_processed_pg1_header_02"", ""type"": ""absent"", ""passed"": false, ""category"": ""headers_footers""}, {""id"": ""auto_baseline"", ""type"": ""baseline"", ""passed"": true, ""category"": ""baseline""}]",,
surya-ocr2,docs,headers_footers__17ce5025be595d7fc2c3a347b6a2fa4e4d06419d_page_1,14.047541021172382,736,False,,,,,,,,,,,,False,,headers_footers,2.0,1.0,"[{""id"": ""17ce5025be595d7fc2c3a347b6a2fa4e4d06419d_page_1_header_00"", ""type"": ""absent"", ""passed"": false, ""category"": ""headers_footers""}, {""id"": ""auto_baseline"", ""type"": ""baseline"", ""passed"": true, ""category"": ""baseline""}]",,
surya-ocr2,docs,headers_footers__1a3e61746b0965df09bce6cb1051c455807363d5_page_1,14.047541021172382,5948,False,,,,,,,,,,,,False,,headers_footers,3.0,2.0,"[{""id"": ""1a3e61746b0965df09bce6cb1051c455807363d5_page_1_header_00"", ""type"": ""absent"", ""passed"": false, ""category"": ""headers_footers""}, {""id"": ""1a3e61746b0965df09bce6cb1051c455807363d5_page_1.pdf_manual_00"", ""type"": ""absent"", ""passed"": true, ""category"": ""headers_footers""}, {""id"": ""auto_baseline"", ""type"": ""baseline"", ""passed"": true, ""category"": ""baseline""}]",,
surya-ocr2,docs,headers_footers__2cb8b9fbe5aaac3d7f95d110a3b08132ee09d103_page_2,14.047541021172382,2618,False,,,,,,,,,,,,False,,headers_footers,3.0,2.0,"[{""id"": ""2cb8b9fbe5aaac3d7f95d110a3b08132ee09d103_page_2_header_00"", ""type"": ""absent"", ""passed"": false, ""category"": ""headers_footers""}, {""id"": ""2cb8b9fbe5aaac3d7f95d110a3b08132ee09d103_page_2.pdf_manual_00"", ""type"": ""absent"", ""passed"": true, ""category"": ""headers_footers""}, {""id"": ""auto_baseline"", ""type"": ""baseline"", ""passed"": true, ""category"": ""baseline""}]",,
surya-ocr2,docs,headers_footers__363300831b3da664b1bfe972e4f86464fa076da3_page_149,14.047541021172382,4264,False,,,,,,,,,,,,False,,headers_footers,6.0,2.0,"[{""id"": ""363300831b3da664b1bfe972e4f86464fa076da3_page_149_header_00"", ""type"": ""absent"", ""passed"": false, ""category"": ""headers_footers""}, {""id"": ""363300831b3da664b1bfe972e4f86464fa076da3_page_149_header_01"", ""type"": ""absent"", ""passed"": false, ""category"": ""headers_footers""}, {""id"": ""363300831b3da664b1bfe972e4f86464fa076da3_page_149_header_15"", ""type"": ""absent"", ""passed"": false, ""category"": ""headers_footers""}, {""id"": ""363300831b3da664b1bfe972e4f86464fa076da3_page_149_header_16"", ""type"": ""absent"", ""passed"": false, ""category"": ""headers_footers""}, {""id"": ""363300831b3da664b1bfe972e4f86464fa076da3_page_149.pdf_manual_00"", ""type"": ""absent"", ""passed"": true, ""category"": ""headers_footers""}, {""id"": ""auto_baseline"", ""type"": ""baseline"", ""passed"": true, ""category"": ""baseline""}]",,
surya-ocr2,docs,headers_footers__62621cef2b1d5356a063aa7c9c735ac396fb2223_page_33,14.047541021172382,2098,False,,,,,,,,,,,,False,,headers_footers,4.0,2.0,"[{""id"": ""62621cef2b1d5356a063aa7c9c735ac396fb2223_page_33_header_00"", ""type"": ""absent"", ""passed"": false, ""category"": ""headers_footers""}, {""id"": ""62621cef2b1d5356a063aa7c9c735ac396fb2223_page_33.pdf_manual_00"", ""type"": ""absent"", ""passed"": true, ""category"": ""headers_footers""}, {""id"": ""62621cef2b1d5356a063aa7c9c735ac396fb2223_page_33.pdf_manual_01"", ""type"": ""absent"", ""passed"": false, ""category"": ""headers_footers""}, {""id"": ""auto_baseline"", ""type"": ""baseline"", ""passed"": true, ""category"": ""baseline""}]",,
surya-ocr2,docs,headers_footers__7901d119ed91a89f8fbabf0eef7174d75a7656e3_page_1,14.047541021172382,1924,False,,,,,,,,,,,,False,,headers_footers,2.0,2.0,"[{""id"": ""7901d119ed91a89f8fbabf0eef7174d75a7656e3_page_1.pdf_manual_00"", ""type"": ""absent"", ""passed"": true, ""category"": ""headers_footers""}, {""id"": ""auto_baseline"", ""type"": ""baseline"", ""passed"": true, ""category"": ""baseline""}]",,
surya-ocr2,docs,headers_footers__ba10222e40f05d76e2bf1d51c39066a4b1fe82ed_page_11,14.047541021172382,2616,False,,,,,,,,,,,,False,,headers_footers,3.0,2.0,"[{""id"": ""ba10222e40f05d76e2bf1d51c39066a4b1fe82ed_page_11_header_00"", ""type"": ""absent"", ""passed"": false, ""category"": ""headers_footers""}, {""id"": ""ba10222e40f05d76e2bf1d51c39066a4b1fe82ed_page_11.pdf_manual_00"", ""type"": ""absent"", ""passed"": true, ""category"": ""headers_footers""}, {""id"": ""auto_baseline"", ""type"": ""baseline"", ""passed"": true, ""category"": ""baseline""}]",,
surya-ocr2,docs,headers_footers__d8b9c4cd0ba9b036e09168c8dccccd1d43315ef4_page_1,14.047541021172382,2246,False,,,,,,,,,,,,False,,headers_footers,3.0,3.0,"[{""id"": ""d8b9c4cd0ba9b036e09168c8dccccd1d43315ef4_page_1_header_00"", ""type"": ""absent"", ""passed"": true, ""category"": ""headers_footers""}, {""id"": ""d8b9c4cd0ba9b036e09168c8dccccd1d43315ef4_page_1.pdf_manual_00"", ""type"": ""absent"", ""passed"": true, ""category"": ""headers_footers""}, {""id"": ""auto_baseline"", ""type"": ""baseline"", ""passed"": true, ""category"": ""baseline""}]",,
surya-ocr2,docs,long_tiny_text__11_pg161_pg1,14.047541021172382,6309,False,,,,,,,,,,,,False,,long_tiny_text,9.0,9.0,"[{""id"": ""11_pg161_pg1_text_00"", ""type"": ""present"", ""passed"": true, ""category"": ""long_tiny_text""}, {""id"": ""11_pg161_pg1_text_01"", ""type"": ""present"", ""passed"": true, ""category"": ""long_tiny_text""}, {""id"": ""11_pg161_pg1_text_02"", ""type"": ""present"", ""passed"": true, ""category"": ""long_tiny_text""}, {""id"": ""11_pg161_pg1_text_03"", ""type"": ""present"", ""passed"": true, ""category"": ""long_tiny_text""}, {""id"": ""11_pg161_pg1_text_04"", ""type"": ""present"", ""passed"": true, ""category"": ""long_tiny_text""}, {""id"": ""11_pg161_pg1_text_05"", ""type"": ""present"", ""passed"": true, ""category"": ""long_tiny_text""}, {""id"": ""11_pg161_pg1_text_06"", ""type"": ""present"", ""passed"": true, ""category"": ""long_tiny_text""}, {""id"": ""11_pg161_pg1_text_07"", ""type"": ""present"", ""passed"": true, ""category"": ""long_tiny_text""}, {""id"": ""auto_baseline"", ""type"": ""baseline"", ""passed"": true, ""category"": ""baseline""}]",,
surya-ocr2,docs,long_tiny_text__11_pg375_pg1,14.047541021172382,6550,False,,,,,,,,,,,,False,,long_tiny_text,4.0,4.0,"[{""id"": ""11_pg375_pg1_text_00"", ""type"": ""present"", ""passed"": true, ""category"": ""long_tiny_text""}, {""id"": ""11_pg375_pg1_text_01"", ""type"": ""present"", ""passed"": true, ""category"": ""long_tiny_text""}, {""id"": ""11_pg375_pg1_text_02"", ""type"": ""present"", ""passed"": true, ""category"": ""long_tiny_text""}, {""id"": ""auto_baseline"", ""type"": ""baseline"", ""passed"": true, ""category"": ""baseline""}]",,
surya-ocr2,docs,long_tiny_text__13_pg556_pg1,14.047541021172382,8192,False,,,,,,,,,,,,False,,long_tiny_text,5.0,4.0,"[{""id"": ""13_pg556_pg1_text_00"", ""type"": ""present"", ""passed"": true, ""category"": ""long_tiny_text""}, {""id"": ""13_pg556_pg1_text_01"", ""type"": ""present"", ""passed"": true, ""category"": ""long_tiny_text""}, {""id"": ""13_pg556_pg1_text_02"", ""type"": ""present"", ""passed"": true, ""category"": ""long_tiny_text""}, {""id"": ""13_pg556_pg1_text_03"", ""type"": ""present"", ""passed"": false, ""category"": ""long_tiny_text""}, {""id"": ""auto_baseline"", ""type"": ""baseline"", ""passed"": true, ""category"": ""baseline""}]",,
surya-ocr2,docs,long_tiny_text__13_pg566_pg1,14.047541021172382,8192,False,,,,,,,,,,,,False,,long_tiny_text,6.0,5.0,"[{""id"": ""13_pg566_pg1_text_00"", ""type"": ""present"", ""passed"": true, ""category"": ""long_tiny_text""}, {""id"": ""13_pg566_pg1_text_01"", ""type"": ""present"", ""passed"": false, ""category"": ""long_tiny_text""}, {""id"": ""13_pg566_pg1_text_02"", ""type"": ""present"", ""passed"": true, ""category"": ""long_tiny_text""}, {""id"": ""13_pg566_pg1_text_03"", ""type"": ""present"", ""passed"": true, ""category"": ""long_tiny_text""}, {""id"": ""13_pg566_pg1_text_04"", ""type"": ""present"", ""passed"": true, ""category"": ""long_tiny_text""}, {""id"": ""auto_baseline"", ""type"": ""baseline"", ""passed"": true, ""category"": ""baseline""}]",,
surya-ocr2,docs,long_tiny_text__13_pg67_pg1,14.047541021172382,8192,False,,,,,,,,,,,,False,,long_tiny_text,6.0,4.0,"[{""id"": ""13_pg67_pg1_text_00"", ""type"": ""present"", ""passed"": true, ""category"": ""long_tiny_text""}, {""id"": ""13_pg67_pg1_text_01"", ""type"": ""present"", ""passed"": true, ""category"": ""long_tiny_text""}, {""id"": ""13_pg67_pg1_text_02"", ""type"": ""present"", ""passed"": false, ""category"": ""long_tiny_text""}, {""id"": ""13_pg67_pg1_text_03"", ""type"": ""present"", ""passed"": true, ""category"": ""long_tiny_text""}, {""id"": ""13_pg67_pg1_text_04"", ""type"": ""present"", ""passed"": false, ""category"": ""long_tiny_text""}, {""id"": ""auto_baseline"", ""type"": ""baseline"", ""passed"": true, ""category"": ""baseline""}]",,
surya-ocr2,docs,long_tiny_text__14a_pg1,14.047541021172382,8192,False,,,,,,,,,,,,False,,long_tiny_text,6.0,3.0,"[{""id"": ""14a_pg1_text_01"", ""type"": ""present"", ""passed"": true, ""category"": ""long_tiny_text""}, {""id"": ""14a_pg1_text_02"", ""type"": ""present"", ""passed"": false, ""category"": ""long_tiny_text""}, {""id"": ""14a_pg1_text_04"", ""type"": ""present"", ""passed"": true, ""category"": ""long_tiny_text""}, {""id"": ""14a_pg1_text_05"", ""type"": ""present"", ""passed"": false, ""category"": ""long_tiny_text""}, {""id"": ""14a_pg1_text_06"", ""type"": ""present"", ""passed"": false, ""category"": ""long_tiny_text""}, {""id"": ""auto_baseline"", ""type"": ""baseline"", ""passed"": true, ""category"": ""baseline""}]",,
surya-ocr2,docs,long_tiny_text__15c_pg1,14.047541021172382,8192,False,,,,,,,,,,,,False,,long_tiny_text,5.0,4.0,"[{""id"": ""15c_pg1_text_00"", ""type"": ""present"", ""passed"": false, ""category"": ""long_tiny_text""}, {""id"": ""15c_pg1_text_01"", ""type"": ""present"", ""passed"": true, ""category"": ""long_tiny_text""}, {""id"": ""15c_pg1_text_02"", ""type"": ""present"", ""passed"": true, ""category"": ""long_tiny_text""}, {""id"": ""15c_pg1_text_03"", ""type"": ""present"", ""passed"": true, ""category"": ""long_tiny_text""}, {""id"": ""auto_baseline"", ""type"": ""baseline"", ""passed"": true, ""category"": ""baseline""}]",,
surya-ocr2,docs,long_tiny_text__17_pg2_pg1,14.047541021172382,5918,False,,,,,,,,,,,,False,,long_tiny_text,40.0,39.0,"[{""id"": ""17_pg2_pg1_text_00"", ""type"": ""present"", ""passed"": true, ""category"": ""long_tiny_text""}, {""id"": ""17_pg2_pg1_text_01"", ""type"": ""present"", ""passed"": true, ""category"": ""long_tiny_text""}, {""id"": ""17_pg2_pg1_text_02"", ""type"": ""present"", ""passed"": true, ""category"": ""long_tiny_text""}, {""id"": ""17_pg2_pg1_text_03"", ""type"": ""present"", ""passed"": true, ""category"": ""long_tiny_text""}, {""id"": ""17_pg2_pg1_text_04"", ""type"": ""present"", ""passed"": true, ""category"": ""long_tiny_text""}, {""id"": ""17_pg2_pg1_text_06"", ""type"": ""present"", ""passed"": true, ""category"": ""long_tiny_text""}, {""id"": ""17_pg2_pg1_text_07"", ""type"": ""present"", ""passed"": true, ""category"": ""long_tiny_text""}, {""id"": ""17_pg2_pg1_text_09"", ""type"": ""present"", ""passed"": true, ""category"": ""long_tiny_text""}, {""id"": ""17_pg2_pg1_text_10"", ""type"": ""present"", ""passed"": true, ""category"": ""long_tiny_text""}, {""id"": ""17_pg2_pg1_text_12"", ""type"": ""present"", ""passed"": true, ""category"": ""long_tiny_text""}, {""id"": ""17_pg2_pg1_text_13"", ""type"": ""present"", ""passed"": true, ""category"": ""long_tiny_text""}, {""id"": ""17_pg2_pg1_text_16"", ""type"": ""present"", ""passed"": true, ""category"": ""long_tiny_text""}, {""id"": ""17_pg2_pg1_text_17"", ""type"": ""present"", ""passed"": false, ""category"": ""long_tiny_text""}, {""id"": ""17_pg2_pg1_text_20"", ""type"": ""present"", ""passed"": true, ""category"": ""long_tiny_text""}, {""id"": ""17_pg2_pg1_text_23"", ""type"": ""present"", ""passed"": true, ""category"": ""long_tiny_text""}, {""id"": ""17_pg2_pg1_text_24"", ""type"": ""present"", ""passed"": true, ""category"": ""long_tiny_text""}, {""id"": ""17_pg2_pg1_text_25"", ""type"": ""present"", ""passed"": true, ""category"": ""long_tiny_text""}, {""id"": ""17_pg2_pg1_text_27"", ""type"": ""present"", ""passed"": true, ""category"": ""long_tiny_text""}, {""id"": ""17_pg2_pg1_text_28"", ""type"": ""present"", ""passed"": true, ""category"": ""long_tiny_text""}, {""id"": ""17_pg2_pg1_text_30"", ""type"": ""present"", ""passed"": true, ""category"": ""long_tiny_text""}, {""id"": ""17_pg2_pg1_text_31"", ""type"": ""present"", ""passed"": true, ""category"": ""long_tiny_text""}, {""id"": ""17_pg2_pg1_text_34"", ""type"": ""present"", ""passed"": true, ""category"": ""long_tiny_text""}, {""id"": ""17_pg2_pg1_text_37"", ""type"": ""present"", ""passed"": true, ""category"": ""long_tiny_text""}, {""id"": ""17_pg2_pg1_text_41"", ""type"": ""present"", ""passed"": true, ""category"": ""long_tiny_text""}, {""id"": ""17_pg2_pg1_text_43"", ""type"": ""present"", ""passed"": true, ""category"": ""long_tiny_text""}, {""id"": ""17_pg2_pg1_text_45"", ""type"": ""present"", ""passed"": true, ""category"": ""long_tiny_text""}, {""id"": ""17_pg2_pg1_text_49"", ""type"": ""present"", ""passed"": true, ""category"": ""long_tiny_text""}, {""id"": ""17_pg2_pg1_text_51"", ""type"": ""present"", ""passed"": true, ""category"": ""long_tiny_text""}, {""id"": ""17_pg2_pg1_text_56"", ""type"": ""present"", ""passed"": true, ""category"": ""long_tiny_text""}, {""id"": ""17_pg2_pg1_text_61"", ""type"": ""present"", ""passed"": true, ""category"": ""long_tiny_text""}, {""id"": ""17_pg2_pg1_text_65"", ""type"": ""present"", ""passed"": true, ""category"": ""long_tiny_text""}, {""id"": ""17_pg2_pg1_text_69"", ""type"": ""present"", ""passed"": true, ""category"": ""long_tiny_text""}, {""id"": ""17_pg2_pg1_text_74"", ""type"": ""present"", ""passed"": true, ""category"": ""long_tiny_text""}, {""id"": ""17_pg2_pg1_text_80"", ""type"": ""present"", ""passed"": true, ""category"": ""long_tiny_text""}, {""id"": ""17_pg2_pg1_text_83"", ""type"": ""present"", ""passed"": true, ""category"": ""long_tiny_text""}, {""id"": ""17_pg2_pg1_text_86"", ""type"": ""present"", ""passed"": true, ""category"": ""long_tiny_text""}, {""id"": ""17_pg2_pg1_text_88"", ""type"": ""present"", ""passed"": true, ""category"": ""long_tiny_text""}, {""id"": ""17_pg2_pg1_text_95"", ""type"": ""present"", ""passed"": true, ""category"": ""long_tiny_text""}, {""id"": ""17_pg2_pg1_text_97"", ""type"": ""present"", ""passed"": true, ""category"": ""long_tiny_text""}, {""id"": ""auto_baseline"", ""type"": ""baseline"", ""passed"": true, ""category"": ""baseline""}]",,
surya-ocr2,docs,long_tiny_text__20_pg40_pg1,14.047541021172382,7596,False,,,,,,,,,,,,False,,long_tiny_text,6.0,5.0,"[{""id"": ""20_pg40_pg1_text_00"", ""type"": ""present"", ""passed"": true, ""category"": ""long_tiny_text""}, {""id"": ""20_pg40_pg1_text_01"", ""type"": ""present"", ""passed"": true, ""category"": ""long_tiny_text""}, {""id"": ""20_pg40_pg1_text_02"", ""type"": ""present"", ""passed"": false, ""category"": ""long_tiny_text""}, {""id"": ""20_pg40_pg1_text_03"", ""type"": ""present"", ""passed"": true, ""category"": ""long_tiny_text""}, {""id"": ""20_pg40_pg1_text_04"", ""type"": ""present"", ""passed"": true, ""category"": ""long_tiny_text""}, {""id"": ""auto_baseline"", ""type"": ""baseline"", ""passed"": true, ""category"": ""baseline""}]",,
surya-ocr2,docs,long_tiny_text__20_pg46_pg1,14.047541021172382,7328,False,,,,,,,,,,,,False,,long_tiny_text,10.0,10.0,"[{""id"": ""20_pg46_pg1_text_00"", ""type"": ""present"", ""passed"": true, ""category"": ""long_tiny_text""}, {""id"": ""20_pg46_pg1_text_01"", ""type"": ""present"", ""passed"": true, ""category"": ""long_tiny_text""}, {""id"": ""20_pg46_pg1_text_02"", ""type"": ""present"", ""passed"": true, ""category"": ""long_tiny_text""}, {""id"": ""20_pg46_pg1_text_03"", ""type"": ""present"", ""passed"": true, ""category"": ""long_tiny_text""}, {""id"": ""20_pg46_pg1_text_04"", ""type"": ""present"", ""passed"": true, ""category"": ""long_tiny_text""}, {""id"": ""20_pg46_pg1_text_05"", ""type"": ""present"", ""passed"": true, ""category"": ""long_tiny_text""}, {""id"": ""20_pg46_pg1_text_06"", ""type"": ""present"", ""passed"": true, ""category"": ""long_tiny_text""}, {""id"": ""20_pg46_pg1_text_08"", ""type"": ""present"", ""passed"": true, ""category"": ""long_tiny_text""}, {""id"": ""20_pg46_pg1_text_09"", ""type"": ""present"", ""passed"": true, ""category"": ""long_tiny_text""}, {""id"": ""auto_baseline"", ""type"": ""baseline"", ""passed"": true, ""category"": ""baseline""}]",,
surya-ocr2,docs,multi_column__00945e98ea0970dcffb8f548336df3a0137f_page_4_pg1,14.047541021172382,3441,False,,,,,,,,,,,,False,,multi_column,4.0,4.0,"[{""id"": ""00945e98ea0970dcffb8f548336df3a0137f_page_4.pdf_order_0a8f368a"", ""type"": ""order"", ""passed"": true, ""category"": ""multi_column""}, {""id"": ""00945e98ea0970dcffb8f548336df3a0137f_page_4.pdf_order_3d4bbd69"", ""type"": ""order"", ""passed"": true, ""category"": ""multi_column""}, {""id"": ""00945e98ea0970dcffb8f548336df3a0137f_page_4.pdf_order_4cbab131"", ""type"": ""order"", ""passed"": true, ""category"": ""multi_column""}, {""id"": ""auto_baseline"", ""type"": ""baseline"", ""passed"": true, ""category"": ""baseline""}]",,
surya-ocr2,docs,multi_column__00e2c7719d58bb49fd4031cce9dcccdddec2_page_1_pg1,14.047541021172382,3291,False,,,,,,,,,,,,False,,multi_column,3.0,2.0,"[{""id"": ""00e2c7719d58bb49fd4031cce9dcccdddec2_page_1.pdf_order_85be1097"", ""type"": ""order"", ""passed"": true, ""category"": ""multi_column""}, {""id"": ""00e2c7719d58bb49fd4031cce9dcccdddec2_page_1.pdf_order_b903400b"", ""type"": ""order"", ""passed"": false, ""category"": ""multi_column""}, {""id"": ""auto_baseline"", ""type"": ""baseline"", ""passed"": true, ""category"": ""baseline""}]",,
surya-ocr2,docs,multi_column__0114396ecb251aa3ebaeaeaed6bd4fe50bd2_page_2_pg1,14.047541021172382,5516,False,,,,,,,,,,,,False,,multi_column,6.0,6.0,"[{""id"": ""0114396ecb251aa3ebaeaeaed6bd4fe50bd2_page_2.pdf_order_e5d2d945"", ""type"": ""order"", ""passed"": true, ""category"": ""multi_column""}, {""id"": ""0114396ecb251aa3ebaeaeaed6bd4fe50bd2_page_2.pdf_order_6b2daa2b"", ""type"": ""order"", ""passed"": true, ""category"": ""multi_column""}, {""id"": ""0114396ecb251aa3ebaeaeaed6bd4fe50bd2_page_2.pdf_order_f61eafae"", ""type"": ""order"", ""passed"": true, ""category"": ""multi_column""}, {""id"": ""0114396ecb251aa3ebaeaeaed6bd4fe50bd2_page_2.pdf_order_40a2536e"", ""type"": ""order"", ""passed"": true, ""category"": ""multi_column""}, {""id"": ""0114396ecb251aa3ebaeaeaed6bd4fe50bd2_page_2.pdf_order_b8d41298"", ""type"": ""order"", ""passed"": true, ""category"": ""multi_column""}, {""id"": ""auto_baseline"", ""type"": ""baseline"", ""passed"": true, ""category"": ""baseline""}]",,
surya-ocr2,docs,multi_column__019a8841dddeb304774ba62a9f5d8dccb43d_page_2_pg1,14.047541021172382,7633,False,,,,,,,,,,,,False,,multi_column,5.0,4.0,"[{""id"": ""019a8841dddeb304774ba62a9f5d8dccb43d_page_2.pdf_order_00d331ca"", ""type"": ""order"", ""passed"": true, ""category"": ""multi_column""}, {""id"": ""019a8841dddeb304774ba62a9f5d8dccb43d_page_2.pdf_order_2410e748"", ""type"": ""order"", ""passed"": true, ""category"": ""multi_column""}, {""id"": ""019a8841dddeb304774ba62a9f5d8dccb43d_page_2.pdf_order_5a8cba0a"", ""type"": ""order"", ""passed"": true, ""category"": ""multi_column""}, {""id"": ""019a8841dddeb304774ba62a9f5d8dccb43d_page_2.pdf_order_6a2477bc"", ""type"": ""order"", ""passed"": false, ""category"": ""multi_column""}, {""id"": ""auto_baseline"", ""type"": ""baseline"", ""passed"": true, ""category"": ""baseline""}]",,
surya-ocr2,docs,multi_column__0208fbb5d6b646f972f4702428ad2cede5c5_page_6_pg1,14.047541021172382,2776,False,,,,,,,,,,,,False,,multi_column,2.0,1.0,"[{""id"": ""0208fbb5d6b646f972f4702428ad2cede5c5_page_6.pdf_order_71ab8004"", ""type"": ""order"", ""passed"": false, ""category"": ""multi_column""}, {""id"": ""auto_baseline"", ""type"": ""baseline"", ""passed"": true, ""category"": ""baseline""}]",,
surya-ocr2,docs,multi_column__027c390510b2fd3364f5a382f2bc304af018_page_4_pg1,14.047541021172382,8192,False,,,,,,,,,,,,False,,multi_column,5.0,2.0,"[{""id"": ""027c390510b2fd3364f5a382f2bc304af018_page_4.pdf_order_ea693a98"", ""type"": ""order"", ""passed"": false, ""category"": ""multi_column""}, {""id"": ""027c390510b2fd3364f5a382f2bc304af018_page_4.pdf_order_053bda58"", ""type"": ""order"", ""passed"": true, ""category"": ""multi_column""}, {""id"": ""027c390510b2fd3364f5a382f2bc304af018_page_4.pdf_order_9e06820d"", ""type"": ""order"", ""passed"": true, ""category"": ""multi_column""}, {""id"": ""027c390510b2fd3364f5a382f2bc304af018_page_4.pdf_order_97e749bf"", ""type"": ""order"", ""passed"": false, ""category"": ""multi_column""}, {""id"": ""auto_baseline"", ""type"": ""baseline"", ""passed"": false, ""category"": ""baseline""}]",,
surya-ocr2,docs,multi_column__02943986dff2d4a84b7c2dd81abfc51fceea_page_5_pg1,14.047541021172382,3786,False,,,,,,,,,,,,False,,multi_column,5.0,4.0,"[{""id"": ""02943986dff2d4a84b7c2dd81abfc51fceea_page_5.pdf_order_3f1adc6b"", ""type"": ""order"", ""passed"": true, ""category"": ""multi_column""}, {""id"": ""02943986dff2d4a84b7c2dd81abfc51fceea_page_5.pdf_order_00ce4e6f"", ""type"": ""order"", ""passed"": true, ""category"": ""multi_column""}, {""id"": ""02943986dff2d4a84b7c2dd81abfc51fceea_page_5.pdf_order_46755e50"", ""type"": ""order"", ""passed"": true, ""category"": ""multi_column""}, {""id"": ""02943986dff2d4a84b7c2dd81abfc51fceea_page_5.pdf_order_13f6999c"", ""type"": ""order"", ""passed"": false, ""category"": ""multi_column""}, {""id"": ""auto_baseline"", ""type"": ""baseline"", ""passed"": true, ""category"": ""baseline""}]",,
surya-ocr2,docs,multi_column__02943986dff2d4a84b7c2dd81abfc51fceea_page_9_pg1,14.047541021172382,3970,False,,,,,,,,,,,,False,,multi_column,5.0,4.0,"[{""id"": ""02943986dff2d4a84b7c2dd81abfc51fceea_page_9.pdf_order_babd8e0e"", ""type"": ""order"", ""passed"": false, ""category"": ""multi_column""}, {""id"": ""02943986dff2d4a84b7c2dd81abfc51fceea_page_9.pdf_order_2e6f0ead"", ""type"": ""order"", ""passed"": true, ""category"": ""multi_column""}, {""id"": ""02943986dff2d4a84b7c2dd81abfc51fceea_page_9.pdf_order_7e60c895"", ""type"": ""order"", ""passed"": true, ""category"": ""multi_column""}, {""id"": ""02943986dff2d4a84b7c2dd81abfc51fceea_page_9.pdf_order_81a40b7f"", ""type"": ""order"", ""passed"": true, ""category"": ""multi_column""}, {""id"": ""auto_baseline"", ""type"": ""baseline"", ""passed"": true, ""category"": ""baseline""}]",,
surya-ocr2,docs,multi_column__038650c9dfd95e7495d0c4d301d9dcca735a_page_1_pg1,14.047541021172382,8192,False,,,,,,,,,,,,False,,multi_column,5.0,4.0,"[{""id"": ""038650c9dfd95e7495d0c4d301d9dcca735a_page_1.pdf_order_eb32d864"", ""type"": ""order"", ""passed"": true, ""category"": ""multi_column""}, {""id"": ""038650c9dfd95e7495d0c4d301d9dcca735a_page_1.pdf_order_517c20f9"", ""type"": ""order"", ""passed"": true, ""category"": ""multi_column""}, {""id"": ""038650c9dfd95e7495d0c4d301d9dcca735a_page_1.pdf_order_12a7fa3e"", ""type"": ""order"", ""passed"": true, ""category"": ""multi_column""}, {""id"": ""038650c9dfd95e7495d0c4d301d9dcca735a_page_1.pdf_order_cf779f79"", ""type"": ""order"", ""passed"": false, ""category"": ""multi_column""}, {""id"": ""auto_baseline"", ""type"": ""baseline"", ""passed"": true, ""category"": ""baseline""}]",,
surya-ocr2,docs,multi_column__0845863d27c84b14011e17a388821525e783_page_16_pg1,9.928238689999967,8192,False,,,,,,,,,,,,False,,multi_column,4.0,3.0,"[{""id"": ""0845863d27c84b14011e17a388821525e783_page_16.pdf_order_dffceb1b"", ""type"": ""order"", ""passed"": true, ""category"": ""multi_column""}, {""id"": ""0845863d27c84b14011e17a388821525e783_page_16.pdf_order_ac24f586"", ""type"": ""order"", ""passed"": true, ""category"": ""multi_column""}, {""id"": ""0845863d27c84b14011e17a388821525e783_page_16.pdf_order_4bda9b61"", ""type"": ""order"", ""passed"": false, ""category"": ""multi_column""}, {""id"": ""auto_baseline"", ""type"": ""baseline"", ""passed"": true, ""category"": ""baseline""}]",,
surya-ocr2,docs,old_scans__1,9.928238689999967,787,False,,,,,,,,,,,,False,,old_scans,6.0,2.0,"[{""id"": ""1_680487"", ""type"": ""present"", ""passed"": false, ""category"": ""old_scans""}, {""id"": ""1_126739"", ""type"": ""absent"", ""passed"": true, ""category"": ""old_scans""}, {""id"": ""1_36225"", ""type"": ""present"", ""passed"": false, ""category"": ""old_scans""}, {""id"": ""1_787572"", ""type"": ""order"", ""passed"": false, ""category"": ""old_scans""}, {""id"": ""1_298389"", ""type"": ""order"", ""passed"": false, ""category"": ""old_scans""}, {""id"": ""auto_baseline"", ""type"": ""baseline"", ""passed"": true, ""category"": ""baseline""}]",,
surya-ocr2,docs,old_scans__21,9.928238689999967,660,False,,,,,,,,,,,,False,,old_scans,8.0,2.0,"[{""id"": ""21_398162"", ""type"": ""present"", ""passed"": false, ""category"": ""old_scans""}, {""id"": ""21_382528"", ""type"": ""order"", ""passed"": false, ""category"": ""old_scans""}, {""id"": ""21_229684"", ""type"": ""absent"", ""passed"": true, ""category"": ""old_scans""}, {""id"": ""21_712729"", ""type"": ""present"", ""passed"": false, ""category"": ""old_scans""}, {""id"": ""21_289946"", ""type"": ""present"", ""passed"": false, ""category"": ""old_scans""}, {""id"": ""21_745911"", ""type"": ""present"", ""passed"": false, ""category"": ""old_scans""}, {""id"": ""21_992153"", ""type"": ""order"", ""passed"": false, ""category"": ""old_scans""}, {""id"": ""auto_baseline"", ""type"": ""baseline"", ""passed"": true, ""category"": ""baseline""}]",,
surya-ocr2,docs,old_scans__23,9.928238689999967,608,False,,,,,,,,,,,,False,,old_scans,6.0,5.0,"[{""id"": ""23_675822"", ""type"": ""present"", ""passed"": false, ""category"": ""old_scans""}, {""id"": ""23_189451"", ""type"": ""order"", ""passed"": true, ""category"": ""old_scans""}, {""id"": ""23_570086"", ""type"": ""absent"", ""passed"": true, ""category"": ""old_scans""}, {""id"": ""23_774544"", ""type"": ""present"", ""passed"": true, ""category"": ""old_scans""}, {""id"": ""23_266702"", ""type"": ""present"", ""passed"": true, ""category"": ""old_scans""}, {""id"": ""auto_baseline"", ""type"": ""baseline"", ""passed"": true, ""category"": ""baseline""}]",,
surya-ocr2,docs,old_scans__26,9.928238689999967,719,False,,,,,,,,,,,,False,,old_scans,5.0,1.0,"[{""id"": ""26_727870"", ""type"": ""present"", ""passed"": false, ""category"": ""old_scans""}, {""id"": ""26_350035"", ""type"": ""order"", ""passed"": false, ""category"": ""old_scans""}, {""id"": ""26_893794"", ""type"": ""absent"", ""passed"": false, ""category"": ""old_scans""}, {""id"": ""26_815635"", ""type"": ""present"", ""passed"": false, ""category"": ""old_scans""}, {""id"": ""auto_baseline"", ""type"": ""baseline"", ""passed"": true, ""category"": ""baseline""}]",,
surya-ocr2,docs,old_scans__52,9.928238689999967,569,False,,,,,,,,,,,,False,,old_scans,4.0,1.0,"[{""id"": ""52_591542"", ""type"": ""present"", ""passed"": false, ""category"": ""old_scans""}, {""id"": ""52_323921"", ""type"": ""present"", ""passed"": false, ""category"": ""old_scans""}, {""id"": ""52_987017"", ""type"": ""present"", ""passed"": false, ""category"": ""old_scans""}, {""id"": ""auto_baseline"", ""type"": ""baseline"", ""passed"": true, ""category"": ""baseline""}]",,
surya-ocr2,docs,old_scans__55,9.928238689999967,1203,False,,,,,,,,,,,,False,,old_scans,4.0,2.0,"[{""id"": ""55_930782"", ""type"": ""present"", ""passed"": false, ""category"": ""old_scans""}, {""id"": ""55_150814"", ""type"": ""present"", ""passed"": true, ""category"": ""old_scans""}, {""id"": ""55_287312"", ""type"": ""present"", ""passed"": false, ""category"": ""old_scans""}, {""id"": ""auto_baseline"", ""type"": ""baseline"", ""passed"": true, ""category"": ""baseline""}]",,
surya-ocr2,docs,old_scans__58,9.928238689999967,3933,False,,,,,,,,,,,,False,,old_scans,7.0,5.0,"[{""id"": ""58_984036"", ""type"": ""present"", ""passed"": true, ""category"": ""old_scans""}, {""id"": ""58_575492"", ""type"": ""order"", ""passed"": false, ""category"": ""old_scans""}, {""id"": ""58_801952"", ""type"": ""absent"", ""passed"": true, ""category"": ""old_scans""}, {""id"": ""58_775388"", ""type"": ""present"", ""passed"": true, ""category"": ""old_scans""}, {""id"": ""58_733378"", ""type"": ""present"", ""passed"": true, ""category"": ""old_scans""}, {""id"": ""58_220922"", ""type"": ""order"", ""passed"": false, ""category"": ""old_scans""}, {""id"": ""auto_baseline"", ""type"": ""baseline"", ""passed"": true, ""category"": ""baseline""}]",,
surya-ocr2,docs,old_scans__82,9.928238689999967,2028,False,,,,,,,,,,,,False,,old_scans,7.0,1.0,"[{""id"": ""82_617314"", ""type"": ""present"", ""passed"": false, ""category"": ""old_scans""}, {""id"": ""82_781476"", ""type"": ""order"", ""passed"": false, ""category"": ""old_scans""}, {""id"": ""82_578532"", ""type"": ""present"", ""passed"": false, ""category"": ""old_scans""}, {""id"": ""82_73918"", ""type"": ""present"", ""passed"": false, ""category"": ""old_scans""}, {""id"": ""82_794309"", ""type"": ""present"", ""passed"": false, ""category"": ""old_scans""}, {""id"": ""82_338838"", ""type"": ""order"", ""passed"": false, ""category"": ""old_scans""}, {""id"": ""auto_baseline"", ""type"": ""baseline"", ""passed"": true, ""category"": ""baseline""}]",,
surya-ocr2,docs,old_scans__85,9.928238689999967,1868,False,,,,,,,,,,,,False,,old_scans,7.0,4.0,"[{""id"": ""85_204851"", ""type"": ""present"", ""passed"": true, ""category"": ""old_scans""}, {""id"": ""85_81849"", ""type"": ""order"", ""passed"": false, ""category"": ""old_scans""}, {""id"": ""85_633939"", ""type"": ""present"", ""passed"": true, ""category"": ""old_scans""}, {""id"": ""85_81262"", ""type"": ""present"", ""passed"": false, ""category"": ""old_scans""}, {""id"": ""85_718011"", ""type"": ""present"", ""passed"": true, ""category"": ""old_scans""}, {""id"": ""85_913682"", ""type"": ""order"", ""passed"": false, ""category"": ""old_scans""}, {""id"": ""auto_baseline"", ""type"": ""baseline"", ""passed"": true, ""category"": ""baseline""}]",,
surya-ocr2,docs,old_scans__96,9.928238689999967,881,False,,,,,,,,,,,,False,,old_scans,8.0,4.0,"[{""id"": ""96_686856"", ""type"": ""present"", ""passed"": true, ""category"": ""old_scans""}, {""id"": ""96_324569"", ""type"": ""order"", ""passed"": false, ""category"": ""old_scans""}, {""id"": ""96_489434"", ""type"": ""present"", ""passed"": true, ""category"": ""old_scans""}, {""id"": ""96_341535"", ""type"": ""present"", ""passed"": true, ""category"": ""old_scans""}, {""id"": ""96_984146"", ""type"": ""present"", ""passed"": false, ""category"": ""old_scans""}, {""id"": ""96_798387"", ""type"": ""order"", ""passed"": false, ""category"": ""old_scans""}, {""id"": ""96_991188"", ""type"": ""order"", ""passed"": false, ""category"": ""old_scans""}, {""id"": ""auto_baseline"", ""type"": ""baseline"", ""passed"": true, ""category"": ""baseline""}]",,
surya-ocr2,docs,tables__2d54e996d1247bd36695d872863eefebd8f8_pg4,9.928238689999967,6397,False,,,,,,,,,,,,False,,table_tests,5.0,5.0,"[{""id"": ""2d54e996d1247bd36695d872863eefebd8f8_pg4_table_00"", ""type"": ""table"", ""passed"": true, ""category"": ""table_tests""}, {""id"": ""2d54e996d1247bd36695d872863eefebd8f8_pg4_table_01"", ""type"": ""table"", ""passed"": true, ""category"": ""table_tests""}, {""id"": ""2d54e996d1247bd36695d872863eefebd8f8_pg4_table_02"", ""type"": ""table"", ""passed"": true, ""category"": ""table_tests""}, {""id"": ""2d54e996d1247bd36695d872863eefebd8f8_pg4_table_03"", ""type"": ""table"", ""passed"": true, ""category"": ""table_tests""}, {""id"": ""auto_baseline"", ""type"": ""baseline"", ""passed"": true, ""category"": ""baseline""}]",,
surya-ocr2,docs,tables__2d932ac96ad0d8ccf81a56bd105fa18fdcbb_pg7,9.928238689999967,2661,False,,,,,,,,,,,,False,,table_tests,2.0,2.0,"[{""id"": ""2d932ac96ad0d8ccf81a56bd105fa18fdcbb_pg7_table_00"", ""type"": ""table"", ""passed"": true, ""category"": ""table_tests""}, {""id"": ""auto_baseline"", ""type"": ""baseline"", ""passed"": true, ""category"": ""baseline""}]",,
surya-ocr2,docs,tables__4fafd7de9caa1cf3c0fad313d7bb24b2e685_pg9,9.928238689999967,2447,False,,,,,,,,,,,,False,,table_tests,5.0,5.0,"[{""id"": ""4fafd7de9caa1cf3c0fad313d7bb24b2e685_pg9_table_00"", ""type"": ""table"", ""passed"": true, ""category"": ""table_tests""}, {""id"": ""4fafd7de9caa1cf3c0fad313d7bb24b2e685_pg9_table_01"", ""type"": ""table"", ""passed"": true, ""category"": ""table_tests""}, {""id"": ""4fafd7de9caa1cf3c0fad313d7bb24b2e685_pg9_table_02"", ""type"": ""table"", ""passed"": true, ""category"": ""table_tests""}, {""id"": ""4fafd7de9caa1cf3c0fad313d7bb24b2e685_pg9_table_03"", ""type"": ""table"", ""passed"": true, ""category"": ""table_tests""}, {""id"": ""auto_baseline"", ""type"": ""baseline"", ""passed"": true, ""category"": ""baseline""}]",,
surya-ocr2,docs,tables__529eeb84602e4fba7df7a4b127af6c830f97_pg12,9.928238689999967,2225,False,,,,,,,,,,,,False,,table_tests,4.0,3.0,"[{""id"": ""529eeb84602e4fba7df7a4b127af6c830f97_pg12_table_00"", ""type"": ""table"", ""passed"": true, ""category"": ""table_tests""}, {""id"": ""529eeb84602e4fba7df7a4b127af6c830f97_pg12_table_01"", ""type"": ""table"", ""passed"": false, ""category"": ""table_tests""}, {""id"": ""529eeb84602e4fba7df7a4b127af6c830f97_pg12_table_04"", ""type"": ""table"", ""passed"": true, ""category"": ""table_tests""}, {""id"": ""auto_baseline"", ""type"": ""baseline"", ""passed"": true, ""category"": ""baseline""}]",,
surya-ocr2,docs,tables__a70c1fc81feccfd878dabffd3dc5617b584c_pg5,9.928238689999967,3380,False,,,,,,,,,,,,False,,table_tests,6.0,6.0,"[{""id"": ""a70c1fc81feccfd878dabffd3dc5617b584c_pg5_table_00"", ""type"": ""table"", ""passed"": true, ""category"": ""table_tests""}, {""id"": ""a70c1fc81feccfd878dabffd3dc5617b584c_pg5_table_01"", ""type"": ""table"", ""passed"": true, ""category"": ""table_tests""}, {""id"": ""a70c1fc81feccfd878dabffd3dc5617b584c_pg5_table_02"", ""type"": ""table"", ""passed"": true, ""category"": ""table_tests""}, {""id"": ""a70c1fc81feccfd878dabffd3dc5617b584c_pg5_table_03"", ""type"": ""table"", ""passed"": true, ""category"": ""table_tests""}, {""id"": ""a70c1fc81feccfd878dabffd3dc5617b584c_pg5_table_04"", ""type"": ""table"", ""passed"": true, ""category"": ""table_tests""}, {""id"": ""auto_baseline"", ""type"": ""baseline"", ""passed"": true, ""category"": ""baseline""}]",,
surya-ocr2,docs,tables__b2a4c508f7839c1fbd2bb29a0d56c46bc00e_pg13_pg1,9.928238689999967,4071,False,,,,,,,,,,,,False,,table_tests,11.0,11.0,"[{""id"": ""b2a4c508f7839c1fbd2bb29a0d56c46bc00e_pg13_table_00"", ""type"": ""table"", ""passed"": true, ""category"": ""table_tests""}, {""id"": ""b2a4c508f7839c1fbd2bb29a0d56c46bc00e_pg13_table_01"", ""type"": ""table"", ""passed"": true, ""category"": ""table_tests""}, {""id"": ""b2a4c508f7839c1fbd2bb29a0d56c46bc00e_pg13_table_02"", ""type"": ""table"", ""passed"": true, ""category"": ""table_tests""}, {""id"": ""b2a4c508f7839c1fbd2bb29a0d56c46bc00e_pg13_table_03"", ""type"": ""table"", ""passed"": true, ""category"": ""table_tests""}, {""id"": ""b2a4c508f7839c1fbd2bb29a0d56c46bc00e_pg13_table_04"", ""type"": ""table"", ""passed"": true, ""category"": ""table_tests""}, {""id"": ""b2a4c508f7839c1fbd2bb29a0d56c46bc00e_pg13_table_05"", ""type"": ""table"", ""passed"": true, ""category"": ""table_tests""}, {""id"": ""b2a4c508f7839c1fbd2bb29a0d56c46bc00e_pg13_table_06"", ""type"": ""table"", ""passed"": true, ""category"": ""table_tests""}, {""id"": ""b2a4c508f7839c1fbd2bb29a0d56c46bc00e_pg13_table_07"", ""type"": ""table"", ""passed"": true, ""category"": ""table_tests""}, {""id"": ""b2a4c508f7839c1fbd2bb29a0d56c46bc00e_pg13_table_08"", ""type"": ""table"", ""passed"": true, ""category"": ""table_tests""}, {""id"": ""b2a4c508f7839c1fbd2bb29a0d56c46bc00e_pg13_table_09"", ""type"": ""table"", ""passed"": true, ""category"": ""table_tests""}, {""id"": ""auto_baseline"", ""type"": ""baseline"", ""passed"": true, ""category"": ""baseline""}]",,
surya-ocr2,docs,tables__b45c138c634308a84b8b2e67997bef8aa70b_pg15,9.928238689999967,1709,False,,,,,,,,,,,,False,,table_tests,6.0,6.0,"[{""id"": ""b45c138c634308a84b8b2e67997bef8aa70b_pg15_table_00"", ""type"": ""table"", ""passed"": true, ""category"": ""table_tests""}, {""id"": ""b45c138c634308a84b8b2e67997bef8aa70b_pg15_table_01"", ""type"": ""table"", ""passed"": true, ""category"": ""table_tests""}, {""id"": ""b45c138c634308a84b8b2e67997bef8aa70b_pg15_table_02"", ""type"": ""table"", ""passed"": true, ""category"": ""table_tests""}, {""id"": ""b45c138c634308a84b8b2e67997bef8aa70b_pg15_table_03"", ""type"": ""table"", ""passed"": true, ""category"": ""table_tests""}, {""id"": ""b45c138c634308a84b8b2e67997bef8aa70b_pg15_table_04"", ""type"": ""table"", ""passed"": true, ""category"": ""table_tests""}, {""id"": ""auto_baseline"", ""type"": ""baseline"", ""passed"": true, ""category"": ""baseline""}]",,
surya-ocr2,docs,tables__b5d9db350b31304da912832bcbafc47b64d8_pg2_pg1,9.928238689999967,6520,False,,,,,,,,,,,,False,,table_tests,6.0,1.0,"[{""id"": ""b5d9db350b31304da912832bcbafc47b64d8_pg2_table_00"", ""type"": ""table"", ""passed"": false, ""category"": ""table_tests""}, {""id"": ""b5d9db350b31304da912832bcbafc47b64d8_pg2_table_01"", ""type"": ""table"", ""passed"": false, ""category"": ""table_tests""}, {""id"": ""b5d9db350b31304da912832bcbafc47b64d8_pg2_table_02"", ""type"": ""table"", ""passed"": false, ""category"": ""table_tests""}, {""id"": ""b5d9db350b31304da912832bcbafc47b64d8_pg2_table_03"", ""type"": ""table"", ""passed"": false, ""category"": ""table_tests""}, {""id"": ""b5d9db350b31304da912832bcbafc47b64d8_pg2_table_04"", ""type"": ""table"", ""passed"": false, ""category"": ""table_tests""}, {""id"": ""auto_baseline"", ""type"": ""baseline"", ""passed"": true, ""category"": ""baseline""}]",,
surya-ocr2,docs,tables__b773892dc3e755672b9e085e9eeb8ad18690_pg1_pg1,16.921733213000152,2146,False,,,,,,,,,,,,False,,table_tests,6.0,6.0,"[{""id"": ""b773892dc3e755672b9e085e9eeb8ad18690_pg1_table_00"", ""type"": ""table"", ""passed"": true, ""category"": ""table_tests""}, {""id"": ""b773892dc3e755672b9e085e9eeb8ad18690_pg1_table_01"", ""type"": ""table"", ""passed"": true, ""category"": ""table_tests""}, {""id"": ""b773892dc3e755672b9e085e9eeb8ad18690_pg1_table_02"", ""type"": ""table"", ""passed"": true, ""category"": ""table_tests""}, {""id"": ""b773892dc3e755672b9e085e9eeb8ad18690_pg1_table_03"", ""type"": ""table"", ""passed"": true, ""category"": ""table_tests""}, {""id"": ""b773892dc3e755672b9e085e9eeb8ad18690_pg1_table_04"", ""type"": ""table"", ""passed"": true, ""category"": ""table_tests""}, {""id"": ""auto_baseline"", ""type"": ""baseline"", ""passed"": true, ""category"": ""baseline""}]",,
surya-ocr2,docs,tables__fd6cb6dfe3a918390855052669d9a194231a_pg3,16.921733213000152,3164,False,,,,,,,,,,,,False,,table_tests,6.0,6.0,"[{""id"": ""fd6cb6dfe3a918390855052669d9a194231a_pg3_table_00"", ""type"": ""table"", ""passed"": true, ""category"": ""table_tests""}, {""id"": ""fd6cb6dfe3a918390855052669d9a194231a_pg3_table_01"", ""type"": ""table"", ""passed"": true, ""category"": ""table_tests""}, {""id"": ""fd6cb6dfe3a918390855052669d9a194231a_pg3_table_02"", ""type"": ""table"", ""passed"": true, ""category"": ""table_tests""}, {""id"": ""fd6cb6dfe3a918390855052669d9a194231a_pg3_table_03"", ""type"": ""table"", ""passed"": true, ""category"": ""table_tests""}, {""id"": ""fd6cb6dfe3a918390855052669d9a194231a_pg3_table_04"", ""type"": ""table"", ""passed"": true, ""category"": ""table_tests""}, {""id"": ""auto_baseline"", ""type"": ""baseline"", ""passed"": true, ""category"": ""baseline""}]",,
surya-ocr2,handwriting,iam_00023,0.14542217212499509,55,False,,,0.0,0.0,0.0,0.0,40.0,1.0,1.0,0.0,1.0,False,False,,,,,,
surya-ocr2,handwriting,iam_00030,0.14542217212499509,60,False,,,0.23636363636363636,0.23636363636363636,0.25,13.0,55.0,0.75,0.8571428571428571,0.14285714285714285,0.8181818181818182,False,False,,,,,,
surya-ocr2,handwriting,iam_00059,0.14542217212499509,58,False,,,0.06976744186046512,0.06976744186046512,0.2857142857142857,3.0,43.0,0.7142857142857143,0.7142857142857143,0.2857142857142857,1.0,False,False,,,,,,
surya-ocr2,handwriting,iam_00064,0.14542217212499509,87,False,,,0.04225352112676056,0.04225352112676056,0.16666666666666666,3.0,71.0,0.8333333333333334,0.8333333333333334,0.16666666666666666,1.0140845070422535,False,False,,,,,,
surya-ocr2,handwriting,iam_00071,0.14542217212499509,54,False,,,0.0,0.0,0.0,0.0,39.0,1.0,1.0,0.0,1.0,False,False,,,,,,
surya-ocr2,handwriting,iam_00079,0.14542217212499509,58,False,,,0.0,0.0,0.0,0.0,43.0,1.0,1.0,0.0,1.0,False,False,,,,,,
surya-ocr2,handwriting,iam_00126,0.14542217212499509,64,False,,,0.02040816326530612,0.02040816326530612,0.09090909090909091,1.0,49.0,0.9090909090909091,0.9090909090909091,0.09090909090909091,1.0,False,False,,,,,,
surya-ocr2,handwriting,iam_00143,0.14542217212499509,55,False,,,0.28205128205128205,0.28205128205128205,0.2857142857142857,11.0,39.0,0.7142857142857143,0.7142857142857143,0.2857142857142857,1.0256410256410255,False,False,,,,,,
surya-ocr2,handwriting,iam_00188,0.14542217212499509,62,False,,,0.13333333333333333,0.13333333333333333,0.2857142857142857,6.0,45.0,0.75,0.75,0.25,1.0444444444444445,False,False,,,,,,
surya-ocr2,handwriting,iam_00258,0.14542217212499509,66,False,,,0.019230769230769232,0.019230769230769232,0.25,1.0,52.0,1.0,1.0,0.0,0.9807692307692307,False,False,,,,,,
surya-ocr2,handwriting,iam_00264,0.14542217212499509,74,False,,,0.11864406779661017,0.11864406779661017,0.45454545454545453,7.0,59.0,0.7,0.7,0.3,1.0,False,False,,,,,,
surya-ocr2,handwriting,iam_00280,0.14542217212499509,52,False,,,0.16279069767441862,0.16279069767441862,0.6,7.0,43.0,0.6666666666666666,0.8,0.2,0.8604651162790697,False,False,,,,,,
surya-ocr2,handwriting,iam_00289,0.14542217212499509,75,False,,,0.03333333333333333,0.03333333333333333,0.08333333333333333,2.0,60.0,0.9166666666666666,0.9166666666666666,0.08333333333333333,1.0,False,False,,,,,,
surya-ocr2,handwriting,iam_00343,0.14542217212499509,66,False,,,0.0196078431372549,0.0196078431372549,0.14285714285714285,1.0,51.0,0.8571428571428571,0.8571428571428571,0.14285714285714285,1.0,False,False,,,,,,
surya-ocr2,handwriting,iam_00364,0.14542217212499509,51,False,,,0.0,0.0,0.0,0.0,36.0,1.0,1.0,0.0,1.0,False,False,,,,,,
surya-ocr2,handwriting,iam_00371,0.14542217212499509,58,False,,,0.11363636363636363,0.11363636363636363,0.125,5.0,44.0,0.875,0.875,0.125,0.9772727272727273,False,False,,,,,,
surya-ocr2,handwriting,iam_00373,0.14542217212499509,47,False,,,0.0,0.0,0.0,0.0,32.0,1.0,1.0,0.0,1.0,False,False,,,,,,
surya-ocr2,handwriting,iam_00403,0.14542217212499509,50,False,,,0.08333333333333333,0.08333333333333333,0.3333333333333333,3.0,36.0,0.6666666666666666,0.6666666666666666,0.3333333333333333,0.9722222222222222,False,False,,,,,,
surya-ocr2,handwriting,iam_00468,0.14542217212499509,68,False,,,0.43243243243243246,0.43243243243243246,0.2857142857142857,16.0,37.0,1.0,0.7777777777777778,0.2222222222222222,1.4324324324324325,False,False,,,,,,
surya-ocr2,handwriting,iam_00478,0.14542217212499509,44,False,,,0.0,0.0,0.0,0.0,29.0,1.0,1.0,0.0,1.0,False,False,,,,,,
surya-ocr2,handwriting,iam_00588,0.14542217212499509,62,False,,,0.0425531914893617,0.0425531914893617,0.125,2.0,47.0,0.875,0.875,0.125,1.0,False,False,,,,,,
surya-ocr2,handwriting,iam_00608,0.14542217212499509,65,False,,,0.038461538461538464,0.038461538461538464,0.1111111111111111,2.0,52.0,1.0,1.0,0.0,0.9615384615384616,False,False,,,,,,
surya-ocr2,handwriting,iam_00749,0.14542217212499509,27,False,,,0.16666666666666666,0.16666666666666666,0.5,2.0,12.0,0.5,0.5,0.5,1.0,False,False,,,,,,
surya-ocr2,handwriting,iam_00819,0.14542217212499509,58,False,,,0.0,0.0,0.0,0.0,43.0,1.0,1.0,0.0,1.0,False,False,,,,,,
surya-ocr2,handwriting,iam_00969,0.14542217212499509,55,False,,,0.0,0.0,0.0,0.0,40.0,1.0,1.0,0.0,1.0,False,False,,,,,,
surya-ocr2,handwriting,iam_01020,0.14542217212499509,50,False,,,0.0,0.0,0.0,0.0,35.0,1.0,1.0,0.0,1.0,False,False,,,,,,
surya-ocr2,handwriting,iam_01023,0.14542217212499509,63,False,,,0.02127659574468085,0.02127659574468085,0.14285714285714285,1.0,47.0,0.8571428571428571,0.8571428571428571,0.14285714285714285,1.0212765957446808,False,False,,,,,,
surya-ocr2,handwriting,iam_01091,0.14542217212499509,66,False,,,0.0,0.0,0.0,0.0,51.0,1.0,1.0,0.0,1.0,False,False,,,,,,
surya-ocr2,handwriting,iam_01104,0.14542217212499509,46,False,,,0.0,0.0,0.0,0.0,31.0,1.0,1.0,0.0,1.0,False,False,,,,,,
surya-ocr2,handwriting,iam_01238,0.14542217212499509,55,False,,,0.075,0.075,0.16666666666666666,3.0,40.0,0.8333333333333334,0.8333333333333334,0.16666666666666666,1.0,False,False,,,,,,
surya-ocr2,handwriting,iam_01366,0.14542217212499509,62,False,,,0.0,0.0,0.0,0.0,47.0,1.0,1.0,0.0,1.0,False,False,,,,,,
surya-ocr2,handwriting,iam_01417,0.14542217212499509,68,False,,,0.0,0.0,0.0,0.0,53.0,1.0,1.0,0.0,1.0,False,False,,,,,,
surya-ocr2,handwriting,iam_01452,2.678240716642839,67,False,,,0.0392156862745098,0.0392156862745098,0.125,2.0,51.0,0.875,0.875,0.125,1.0196078431372548,False,False,,,,,,
surya-ocr2,handwriting,iam_01455,2.678240716642839,13,False,,,1.0,1.0,1.0,5.0,5.0,0.0,0.0,0.0,0.0,True,False,,,,,,
surya-ocr2,handwriting,iam_01805,2.678240716642839,53,False,,,0.05263157894736842,0.05263157894736842,0.125,2.0,38.0,0.875,0.875,0.125,1.0,False,False,,,,,,
surya-ocr2,handwriting,iam_01857,2.678240716642839,52,False,,,0.02702702702702703,0.02702702702702703,0.14285714285714285,1.0,37.0,0.8571428571428571,0.8571428571428571,0.14285714285714285,1.0,False,False,,,,,,
surya-ocr2,handwriting,iam_01898,2.678240716642839,63,False,,,0.06,0.06,0.3,3.0,50.0,0.9,0.9,0.1,0.96,False,False,,,,,,
surya-ocr2,handwriting,iam_01908,2.678240716642839,68,False,,,0.0,0.0,0.0,0.0,53.0,1.0,1.0,0.0,1.0,False,False,,,,,,
surya-ocr2,handwriting,iam_01970,2.678240716642839,54,False,,,0.025,0.025,0.25,1.0,40.0,1.0,1.0,0.0,0.975,False,False,,,,,,
surya-ocr2,handwriting,iam_01983,2.678240716642839,61,False,,,0.043478260869565216,0.043478260869565216,0.1,2.0,46.0,0.8888888888888888,0.8888888888888888,0.1111111111111111,1.0,False,False,,,,,,
surya-ocr2,handwriting,iam_01993,2.678240716642839,60,False,,,0.06521739130434782,0.06521739130434782,0.1111111111111111,3.0,46.0,0.8888888888888888,0.8888888888888888,0.1111111111111111,0.9782608695652174,False,False,,,,,,
surya-ocr2,handwriting,iam_02060,2.678240716642839,8192,False,,,165.9795918367347,165.9795918367347,106.11111111111111,8133.0,49.0,0.7777777777777778,0.007284079084287201,0.9927159209157128,166.9387755102041,False,True,,,,,,
surya-ocr2,handwriting,iam_02081,2.678240716642839,58,False,,,0.06666666666666667,0.06666666666666667,0.3,3.0,45.0,0.8888888888888888,0.8888888888888888,0.1111111111111111,0.9555555555555556,False,False,,,,,,
surya-ocr2,handwriting,iam_02109,2.678240716642839,68,False,,,0.23255813953488372,0.23255813953488372,0.1111111111111111,10.0,43.0,1.0,0.9,0.1,1.2325581395348837,False,False,,,,,,
surya-ocr2,handwriting,iam_02171,2.678240716642839,55,False,,,0.0,0.0,0.0,0.0,40.0,1.0,1.0,0.0,1.0,False,False,,,,,,
surya-ocr2,handwriting,iam_02216,2.678240716642839,55,False,,,0.0975609756097561,0.0975609756097561,0.2857142857142857,4.0,41.0,0.7142857142857143,0.7142857142857143,0.2857142857142857,0.975609756097561,False,False,,,,,,
surya-ocr2,handwriting,iam_02279,2.678240716642839,65,False,,,0.20408163265306123,0.20408163265306123,0.4,10.0,49.0,0.6363636363636364,0.7,0.3,1.0204081632653061,False,False,,,,,,
surya-ocr2,handwriting,iam_02371,2.678240716642839,36,False,,,0.18181818181818182,0.18181818181818182,0.6,4.0,22.0,0.75,0.75,0.25,0.9545454545454546,False,False,,,,,,
surya-ocr2,handwriting,iam_02384,2.678240716642839,64,False,,,0.28205128205128205,0.28205128205128205,0.3,11.0,39.0,1.0,0.9090909090909091,0.09090909090909091,1.2564102564102564,False,False,,,,,,
surya-ocr2,handwriting,iam_02463,2.678240716642839,55,False,,,0.025,0.025,0.125,1.0,40.0,0.9,0.9,0.1,1.0,False,False,,,,,,
surya-ocr2,handwriting,iam_02522,2.678240716642839,101,False,,,0.8367346938775511,0.8367346938775511,1.7142857142857142,41.0,49.0,1.0,0.5,0.5,1.7551020408163265,False,False,,,,,,
surya-ocr2,handwriting,iam_02552,2.678240716642839,56,False,,,0.0,0.0,0.0,0.0,41.0,1.0,1.0,0.0,1.0,False,False,,,,,,
surya-ocr2,handwriting,iam_02640,2.678240716642839,64,False,,,0.0,0.0,0.0,0.0,49.0,1.0,1.0,0.0,1.0,False,False,,,,,,
surya-ocr2,handwriting,iam_02655,2.678240716642839,68,False,,,0.0392156862745098,0.0392156862745098,0.4,2.0,51.0,1.0,1.0,0.0,1.0392156862745099,False,False,,,,,,
surya-ocr2,handwriting,iam_02684,2.678240716642839,72,False,,,0.0,0.0,0.0,0.0,57.0,1.0,1.0,0.0,1.0,False,False,,,,,,
surya-ocr2,handwriting,iam_02725,2.678240716642839,106,False,,,0.6140350877192983,0.6140350877192983,0.8,35.0,57.0,0.9090909090909091,0.5555555555555556,0.4444444444444444,1.5964912280701755,False,False,,,,,,
surya-ocr2,handwriting,iam_02733,2.678240716642839,54,False,,,0.0,0.0,0.0,0.0,39.0,1.0,1.0,0.0,1.0,False,False,,,,,,
surya-ocr2,handwriting,iam_02750,2.678240716642839,84,False,,,0.725,0.725,0.5714285714285714,29.0,40.0,1.0,0.6363636363636364,0.36363636363636365,1.725,False,False,,,,,,
surya-ocr2,handwriting,iam_02765,2.678240716642839,54,False,,,0.02631578947368421,0.02631578947368421,0.25,1.0,38.0,1.0,1.0,0.0,1.0263157894736843,False,False,,,,,,
surya-ocr2,handwriting,iam_02838,2.678240716642839,43,False,,,0.07407407407407407,0.07407407407407407,0.3333333333333333,2.0,27.0,0.6666666666666666,0.6666666666666666,0.3333333333333333,1.037037037037037,False,False,,,,,,
surya-ocr2,stress,syn000_prose__clean,7.2144901806250346,2282,False,,,0.0,0.0,0.0,0.0,2182.0,1.0,1.0,0.0,1.0,False,False,,,,,prose,clean
surya-ocr2,stress,syn000_prose__dpi150,7.2144901806250346,2282,False,,,0.0,0.0,0.0,0.0,2182.0,1.0,1.0,0.0,1.0,False,False,,,,,prose,dpi150
surya-ocr2,stress,syn000_prose__dpi75,7.2144901806250346,2282,False,,,0.0,0.0,0.0,0.0,2182.0,1.0,1.0,0.0,1.0,False,False,,,,,prose,dpi75
surya-ocr2,stress,syn000_prose__blur,7.2144901806250346,2282,False,,,0.0,0.0,0.0,0.0,2182.0,1.0,1.0,0.0,1.0,False,False,,,,,prose,blur
surya-ocr2,stress,syn000_prose__noise,7.2144901806250346,2282,False,,,0.0,0.0,0.0,0.0,2182.0,1.0,1.0,0.0,1.0,False,False,,,,,prose,noise
surya-ocr2,stress,syn000_prose__rotate3,7.2144901806250346,2282,False,,,0.0,0.0,0.0,0.0,2182.0,1.0,1.0,0.0,1.0,False,False,,,,,prose,rotate3
surya-ocr2,stress,syn000_prose__rotate8,7.2144901806250346,2282,False,,,0.0,0.0,0.0,0.0,2182.0,1.0,1.0,0.0,1.0,False,False,,,,,prose,rotate8
surya-ocr2,stress,syn000_prose__jpeg_q10,7.2144901806250346,2282,False,,,0.0,0.0,0.0,0.0,2182.0,1.0,1.0,0.0,1.0,False,False,,,,,prose,jpeg_q10
surya-ocr2,stress,syn000_prose__low_contrast,7.2144901806250346,2282,False,,,0.0,0.0,0.0,0.0,2182.0,1.0,1.0,0.0,1.0,False,False,,,,,prose,low_contrast
surya-ocr2,stress,syn000_prose__photocopy,7.2144901806250346,2282,False,,,0.0,0.0,0.0,0.0,2182.0,1.0,1.0,0.0,1.0,False,False,,,,,prose,photocopy
surya-ocr2,stress,syn000_prose__phone_photo,7.2144901806250346,2282,False,,,0.0,0.0,0.0,0.0,2182.0,1.0,1.0,0.0,1.0,False,False,,,,,prose,phone_photo
surya-ocr2,stress,syn001_two_column__clean,7.2144901806250346,2147,False,,,0.0,0.0,0.0,0.0,2056.0,1.0,1.0,0.0,1.0,False,False,,,,,two_column,clean
surya-ocr2,stress,syn001_two_column__dpi150,7.2144901806250346,2147,False,,,0.0,0.0,0.0,0.0,2056.0,1.0,1.0,0.0,1.0,False,False,,,,,two_column,dpi150
surya-ocr2,stress,syn001_two_column__dpi75,7.2144901806250346,2147,False,,,0.0,0.0,0.0,0.0,2056.0,1.0,1.0,0.0,1.0,False,False,,,,,two_column,dpi75
surya-ocr2,stress,syn001_two_column__blur,7.2144901806250346,2147,False,,,0.0,0.0,0.0,0.0,2056.0,1.0,1.0,0.0,1.0,False,False,,,,,two_column,blur
surya-ocr2,stress,syn001_two_column__noise,7.2144901806250346,2147,False,,,0.0,0.0,0.0,0.0,2056.0,1.0,1.0,0.0,1.0,False,False,,,,,two_column,noise
surya-ocr2,stress,syn001_two_column__rotate3,7.2144901806250346,2147,False,,,0.0,0.0,0.0,0.0,2056.0,1.0,1.0,0.0,1.0,False,False,,,,,two_column,rotate3
surya-ocr2,stress,syn001_two_column__rotate8,7.2144901806250346,2147,False,,,0.0,0.0,0.0,0.0,2056.0,1.0,1.0,0.0,1.0,False,False,,,,,two_column,rotate8
surya-ocr2,stress,syn001_two_column__jpeg_q10,7.2144901806250346,2147,False,,,0.0,0.0,0.0,0.0,2056.0,1.0,1.0,0.0,1.0,False,False,,,,,two_column,jpeg_q10
surya-ocr2,stress,syn001_two_column__low_contrast,7.2144901806250346,2147,False,,,0.0,0.0,0.0,0.0,2056.0,1.0,1.0,0.0,1.0,False,False,,,,,two_column,low_contrast
surya-ocr2,stress,syn001_two_column__photocopy,7.2144901806250346,2147,False,,,0.0,0.0,0.0,0.0,2056.0,1.0,1.0,0.0,1.0,False,False,,,,,two_column,photocopy
surya-ocr2,stress,syn001_two_column__phone_photo,7.2144901806250346,2147,False,,,0.0,0.0,0.0,0.0,2056.0,1.0,1.0,0.0,1.0,False,False,,,,,two_column,phone_photo
surya-ocr2,stress,syn002_table__clean,7.2144901806250346,565,False,,,0.0,0.0,0.0,0.0,426.0,1.0,1.0,0.0,1.0,False,False,,,,,table,clean
surya-ocr2,stress,syn002_table__dpi150,7.2144901806250346,493,False,,,0.0,0.0,0.0,0.0,426.0,1.0,1.0,0.0,1.0,False,False,,,,,table,dpi150
surya-ocr2,stress,syn002_table__dpi75,7.2144901806250346,493,False,,,0.0,0.0,0.0,0.0,426.0,1.0,1.0,0.0,1.0,False,False,,,,,table,dpi75
surya-ocr2,stress,syn002_table__blur,7.2144901806250346,493,False,,,0.0,0.0,0.0,0.0,426.0,1.0,1.0,0.0,1.0,False,False,,,,,table,blur
surya-ocr2,stress,syn002_table__noise,7.2144901806250346,567,False,,,0.0,0.0,0.0,0.0,426.0,1.0,1.0,0.0,1.0,False,False,,,,,table,noise
surya-ocr2,stress,syn002_table__rotate3,7.2144901806250346,565,False,,,0.0,0.0,0.0,0.0,426.0,1.0,1.0,0.0,1.0,False,False,,,,,table,rotate3
surya-ocr2,stress,syn002_table__rotate8,7.2144901806250346,581,False,,,0.26291079812206575,0.26291079812206575,0.4,112.0,426.0,1.0,1.0,0.0,1.0,False,False,,,,,table,rotate8
surya-ocr2,stress,syn002_table__jpeg_q10,7.2144901806250346,493,False,,,0.0,0.0,0.0,0.0,426.0,1.0,1.0,0.0,1.0,False,False,,,,,table,jpeg_q10
surya-ocr2,stress,syn002_table__low_contrast,7.2144901806250346,567,False,,,0.0,0.0,0.0,0.0,426.0,1.0,1.0,0.0,1.0,False,False,,,,,table,low_contrast
surya-ocr2,stress,syn002_table__photocopy,7.2144901806250346,569,False,,,0.0,0.0,0.0,0.0,426.0,1.0,1.0,0.0,1.0,False,False,,,,,table,photocopy
surya-ocr2,stress,syn002_table__phone_photo,7.253114259347769,565,False,,,0.0,0.0,0.0,0.0,426.0,1.0,1.0,0.0,1.0,False,False,,,,,table,phone_photo
surya-ocr2,stress,syn003_invoice__clean,7.253114259347769,693,False,,,0.0,0.0,0.0,0.0,463.0,1.0,1.0,0.0,1.0,False,False,,,,,invoice,clean
surya-ocr2,stress,syn003_invoice__dpi150,7.253114259347769,693,False,,,0.0,0.0,0.0,0.0,463.0,1.0,1.0,0.0,1.0,False,False,,,,,invoice,dpi150
surya-ocr2,stress,syn003_invoice__dpi75,7.253114259347769,693,False,,,0.0,0.0,0.0,0.0,463.0,1.0,1.0,0.0,1.0,False,False,,,,,invoice,dpi75
surya-ocr2,stress,syn003_invoice__blur,7.253114259347769,693,False,,,0.0,0.0,0.0,0.0,463.0,1.0,1.0,0.0,1.0,False,False,,,,,invoice,blur
surya-ocr2,stress,syn003_invoice__noise,7.253114259347769,693,False,,,0.0,0.0,0.0,0.0,463.0,1.0,1.0,0.0,1.0,False,False,,,,,invoice,noise
surya-ocr2,stress,syn003_invoice__rotate3,7.253114259347769,693,False,,,0.0,0.0,0.0,0.0,463.0,1.0,1.0,0.0,1.0,False,False,,,,,invoice,rotate3
surya-ocr2,stress,syn003_invoice__rotate8,7.253114259347769,693,False,,,0.0,0.0,0.0,0.0,463.0,1.0,1.0,0.0,1.0,False,False,,,,,invoice,rotate8
surya-ocr2,stress,syn003_invoice__jpeg_q10,7.253114259347769,693,False,,,0.0,0.0,0.0,0.0,463.0,1.0,1.0,0.0,1.0,False,False,,,,,invoice,jpeg_q10
surya-ocr2,stress,syn003_invoice__low_contrast,7.253114259347769,607,False,,,0.0,0.0,0.0,0.0,463.0,1.0,1.0,0.0,1.0,False,False,,,,,invoice,low_contrast
surya-ocr2,stress,syn003_invoice__photocopy,7.253114259347769,693,False,,,0.0,0.0,0.0,0.0,463.0,1.0,1.0,0.0,1.0,False,False,,,,,invoice,photocopy
surya-ocr2,stress,syn003_invoice__phone_photo,7.253114259347769,693,False,,,0.0,0.0,0.0,0.0,463.0,1.0,1.0,0.0,1.0,False,False,,,,,invoice,phone_photo
surya-ocr2,stress,syn004_prose__clean,7.253114259347769,2341,False,,,0.0,0.0,0.0,0.0,2242.0,1.0,1.0,0.0,1.0,False,False,,,,,prose,clean
surya-ocr2,stress,syn004_prose__dpi150,7.253114259347769,2341,False,,,0.0,0.0,0.0,0.0,2242.0,1.0,1.0,0.0,1.0,False,False,,,,,prose,dpi150
surya-ocr2,stress,syn004_prose__dpi75,7.253114259347769,2341,False,,,0.00044603033006244426,0.00044603033006244426,0.0025575447570332483,1.0,2242.0,0.9974619289340102,0.9974619289340102,0.0025380710659898475,1.0,False,False,,,,,prose,dpi75
surya-ocr2,stress,syn004_prose__blur,7.253114259347769,2341,False,,,0.0,0.0,0.0,0.0,2242.0,1.0,1.0,0.0,1.0,False,False,,,,,prose,blur
surya-ocr2,stress,syn004_prose__noise,7.253114259347769,2341,False,,,0.0,0.0,0.0,0.0,2242.0,1.0,1.0,0.0,1.0,False,False,,,,,prose,noise
surya-ocr2,stress,syn004_prose__rotate3,7.253114259347769,2341,False,,,0.0,0.0,0.0,0.0,2242.0,1.0,1.0,0.0,1.0,False,False,,,,,prose,rotate3
surya-ocr2,stress,syn004_prose__rotate8,7.253114259347769,2341,False,,,0.0,0.0,0.0,0.0,2242.0,1.0,1.0,0.0,1.0,False,False,,,,,prose,rotate8
surya-ocr2,stress,syn004_prose__jpeg_q10,7.253114259347769,2341,False,,,0.0,0.0,0.0,0.0,2242.0,1.0,1.0,0.0,1.0,False,False,,,,,prose,jpeg_q10
surya-ocr2,stress,syn004_prose__low_contrast,7.253114259347769,2341,False,,,0.0,0.0,0.0,0.0,2242.0,1.0,1.0,0.0,1.0,False,False,,,,,prose,low_contrast
surya-ocr2,stress,syn004_prose__photocopy,7.253114259347769,2341,False,,,0.0,0.0,0.0,0.0,2242.0,1.0,1.0,0.0,1.0,False,False,,,,,prose,photocopy
surya-ocr2,stress,syn004_prose__phone_photo,7.253114259347769,2341,False,,,0.0,0.0,0.0,0.0,2242.0,1.0,1.0,0.0,1.0,False,False,,,,,prose,phone_photo
