engine,track,id,seconds,n_tokens,page_error,meta_book,meta_lang,cer_dip,cer,wer,cer_edits,ref_chars,bow_recall,bow_precision,over_extraction,len_ratio,empty,loop,meta_category,tests_total,tests_passed,test_results,meta_layout,meta_level
chandra-ocr2,books,birdsofgreatbrit02butl_0093_full,7.5518427847812575,862,False,birdsofgreatbrit02butl,en,0.008304195804195804,0.0008718395815170009,0.005390835579514825,2.0,2294.0,0.9974093264248705,0.9948320413436692,0.00516795865633075,1.000871839581517,False,False,,,,,,
chandra-ocr2,books,birdsofgreatbrit02butl_0126_full,7.5518427847812575,953,False,birdsofgreatbrit02butl,en,0.011980267794221282,0.001056338028169014,0.006507592190889371,3.0,2840.0,0.9939516129032258,0.9899598393574297,0.010040160642570281,1.0003521126760564,False,False,,,,,,
chandra-ocr2,books,birdsofgreatbrit02butl_0156_full,7.5518427847812575,889,False,birdsofgreatbrit02butl,en,0.011827956989247311,0.0010695187165775401,0.003289473684210526,2.0,1870.0,0.9967948717948718,0.9967948717948718,0.003205128205128205,1.0005347593582887,False,False,,,,,,
chandra-ocr2,books,birdsofgreatbrit02butl_0159_full,7.5518427847812575,917,False,birdsofgreatbrit02butl,en,0.006576670128071997,0.0,0.0,0.0,2897.0,1.0,1.0,0.0,1.0,False,False,,,,,,
chandra-ocr2,books,birdsofgreatbrit02butl_0172_full,7.5518427847812575,1038,False,birdsofgreatbrit02butl,en,0.017099430018999367,0.001257071024512885,0.005172413793103448,4.0,3182.0,0.9949152542372881,0.9932318104906938,0.00676818950930626,1.0006285355122564,False,False,,,,,,
chandra-ocr2,books,birdsofgreatbrit02butl_0308_full,7.5518427847812575,797,False,birdsofgreatbrit02butl,en,0.007671232876712329,0.0,0.0,0.0,1826.0,1.0,1.0,0.0,1.0,False,False,,,,,,
chandra-ocr2,books,birdsofgreatbrit02butl_0312_full,7.5518427847812575,527,False,birdsofgreatbrit02butl,en,0.0046641791044776115,0.0009319664492078285,0.011235955056179775,1.0,1073.0,0.9945054945054945,0.9890710382513661,0.01092896174863388,1.0009319664492078,False,False,,,,,,
chandra-ocr2,books,birdsofgreatbrit02butl_0320_full,7.5518427847812575,781,False,birdsofgreatbrit02butl,en,0.0036413290851160674,0.0,0.0,0.0,2198.0,1.0,1.0,0.0,1.0,False,False,,,,,,
chandra-ocr2,books,birdsofgreatbrit02butl_0328_full,7.5518427847812575,882,False,birdsofgreatbrit02butl,en,0.0030816640986132513,0.0030816640986132513,0.042105263157894736,2.0,649.0,0.9811320754716981,0.9629629629629629,0.037037037037037035,1.0030816640986133,False,False,,,,,,
chandra-ocr2,books,conchologiaiconi05reev_0039_full,7.5518427847812575,2140,False,conchologiaiconi05reev,en,0.012213740458015267,0.002291242362525458,0.01576182136602452,9.0,3928.0,0.9880341880341881,0.9880341880341881,0.011965811965811967,1.0,False,False,,,,,,
chandra-ocr2,books,conchologiaiconi05reev_0127_full,7.5518427847812575,2189,False,conchologiaiconi05reev,en,0.016180436381466046,0.0014767413241447206,0.011583011583011582,6.0,4063.0,0.9888475836431226,0.9851851851851852,0.014814814814814815,1.0,False,False,,,,,,
chandra-ocr2,books,conchologiaiconi05reev_0200_full,7.5518427847812575,2424,False,conchologiaiconi05reev,en,0.018533020099190813,0.003945291951604419,0.02584493041749503,15.0,3802.0,0.9827586206896551,0.9827586206896551,0.017241379310344827,1.000789058390321,False,False,,,,,,
chandra-ocr2,books,conchologiaiconi05reev_0235_full,7.5518427847812575,2188,False,conchologiaiconi05reev,en,0.017179274037129398,0.002220988339811216,0.015217391304347827,8.0,3602.0,0.9853556485355649,0.9832985386221295,0.016701461377870562,0.9994447529150472,False,False,,,,,,
chandra-ocr2,books,conchologiaiconi05reev_0271_full,7.5518427847812575,2328,False,conchologiaiconi05reev,en,0.01795284030010718,0.0018751674256630056,0.012605042016806723,7.0,3733.0,0.9878296146044625,0.9858299595141701,0.01417004048582996,1.000535762121618,False,False,,,,,,
chandra-ocr2,books,conchologiaiconi05reev_0276_full,7.5518427847812575,3178,False,conchologiaiconi05reev,en,0.0292896174863388,0.014683322375630067,0.027874564459930314,67.0,4563.0,0.9849246231155779,0.9832775919732442,0.016722408026755852,1.0,False,False,,,,,,
chandra-ocr2,books,conchologiaiconi05reev_0350_full,7.5518427847812575,1290,False,conchologiaiconi05reev,en,0.019221967963386728,0.003215434083601286,0.020338983050847456,7.0,2177.0,0.9801324503311258,0.976897689768977,0.0231023102310231,1.0009186954524576,False,False,,,,,,
chandra-ocr2,books,conchologiaiconi05reev_0354_full,7.5518427847812575,2076,False,conchologiaiconi05reev,en,0.017992690469496767,0.001405283867341203,0.010548523206751054,5.0,3558.0,0.9939148073022313,0.9919028340080972,0.008097165991902834,0.9994378864530635,False,False,,,,,,
chandra-ocr2,books,conchologiaiconi05reev_0433_full,7.5518427847812575,2322,False,conchologiaiconi05reev,en,0.012997562956945572,0.003532608695652174,0.021739130434782608,13.0,3680.0,0.9835728952772074,0.9835728952772074,0.01642710472279261,1.0005434782608695,False,False,,,,,,
chandra-ocr2,books,daschitinskelett00prel_0011_full,7.5518427847812575,913,False,daschitinskelett00prel,de,0.02097902097902098,0.017868538608806637,0.14516129032258066,56.0,3134.0,0.9767981438515081,0.8716356107660456,0.12836438923395446,1.0162731333758774,False,False,,,,,,
chandra-ocr2,books,daschitinskelett00prel_0021_full,7.5518427847812575,1272,False,daschitinskelett00prel,de,0.003367003367003367,0.0007790184367696703,0.005319148936170213,3.0,3851.0,0.994661921708185,0.994661921708185,0.005338078291814947,1.0,False,False,,,,,,
chandra-ocr2,books,daschitinskelett00prel_0034_full,7.5518427847812575,964,False,daschitinskelett00prel,de,0.015405224380442064,0.014084507042253521,0.107981220657277,42.0,2982.0,0.9811764705882353,0.9025974025974026,0.09740259740259741,1.0130784708249496,False,False,,,,,,
chandra-ocr2,books,daschitinskelett00prel_0037_full,7.5518427847812575,1225,False,daschitinskelett00prel,de,0.020849828450778568,0.016693163751987282,0.13114754098360656,63.0,3774.0,0.9726277372262774,0.8809917355371901,0.11900826446280992,1.0151033386327504,False,False,,,,,,
chandra-ocr2,books,daschitinskelett00prel_0038_full,7.5518427847812575,1203,False,daschitinskelett00prel,de,0.013741249675913923,0.009632908096849779,0.0830188679245283,37.0,3841.0,0.9811320754716981,0.9219858156028369,0.07801418439716312,1.0080708148919553,False,False,,,,,,
chandra-ocr2,books,daschitinskelett00prel_0051_full,7.5518427847812575,1263,False,daschitinskelett00prel,de,0.046634736576758255,0.04374209860935525,0.35,173.0,3955.0,0.9498207885304659,0.7310344827586207,0.2689655172413793,1.0422250316055626,False,False,,,,,,
chandra-ocr2,books,daschitinskelett00prel_0057_full,7.5518427847812575,1047,False,daschitinskelett00prel,de,0.0025802752293577983,0.0014351320321469576,0.008403361344537815,5.0,3484.0,0.9915966386554622,0.9915966386554622,0.008403361344537815,0.9991389207807119,False,False,,,,,,
chandra-ocr2,books,daschitinskelett00prel_0060_full,7.5518427847812575,343,False,daschitinskelett00prel,de,0.007760532150776054,0.0011160714285714285,0.008264462809917356,1.0,896.0,0.9915966386554622,0.9915966386554622,0.008403361344537815,1.0011160714285714,False,False,,,,,,
chandra-ocr2,books,histoirenaturell10cuvi_0014_full,7.5518427847812575,388,False,histoirenaturell10cuvi,fr,0.01680672268907563,0.005084745762711864,0.017045454545454544,6.0,1180.0,0.9840425531914894,0.9788359788359788,0.021164021164021163,0.9966101694915255,False,False,,,,,,
chandra-ocr2,books,histoirenaturell10cuvi_0070_full,7.5518427847812575,708,False,histoirenaturell10cuvi,fr,0.07497962510187449,0.048559670781893,0.09223300970873786,59.0,1215.0,0.9641255605381166,0.9555555555555556,0.044444444444444446,1.0,False,False,,,,,,
chandra-ocr2,books,histoirenaturell10cuvi_0172_full,7.5518427847812575,611,False,histoirenaturell10cuvi,fr,0.014744145706851692,0.0026086956521739132,0.01015228426395939,3.0,1150.0,0.9906542056074766,0.9906542056074766,0.009345794392523364,0.9991304347826087,False,False,,,,,,
chandra-ocr2,books,histoirenaturell10cuvi_0188_full,7.5518427847812575,596,False,histoirenaturell10cuvi,fr,0.025096525096525095,0.006443298969072165,0.03773584905660377,10.0,1552.0,0.9627118644067797,0.9627118644067797,0.03728813559322034,1.0006443298969072,False,False,,,,,,
chandra-ocr2,books,histoirenaturell10cuvi_0251_full,7.5518427847812575,699,False,histoirenaturell10cuvi,fr,0.023890784982935155,0.0025884383088869713,0.009950248756218905,3.0,1159.0,0.9906542056074766,0.9906542056074766,0.009345794392523364,0.998274374460742,False,False,,,,,,
chandra-ocr2,books,histoirenaturell10cuvi_0343_full,7.5518427847812575,633,False,histoirenaturell10cuvi,fr,0.03752931978107897,0.021343873517786563,0.04522613065326633,27.0,1265.0,0.9901960784313726,0.9711538461538461,0.028846153846153848,1.0,False,False,,,,,,
chandra-ocr2,books,histoirenaturell10cuvi_0369_full,5.82046340427779,634,False,histoirenaturell10cuvi,fr,0.023076923076923078,0.0030935808197989174,0.01818181818181818,4.0,1293.0,0.9913793103448276,0.9913793103448276,0.008620689655172414,0.9992266047950503,False,False,,,,,,
chandra-ocr2,books,histoirenaturell10cuvi_0425_full,5.82046340427779,622,False,histoirenaturell10cuvi,fr,0.019632678910702975,0.001272264631043257,0.007220216606498195,2.0,1572.0,0.9931972789115646,0.9931972789115646,0.006802721088435374,0.9993638676844784,False,False,,,,,,
chandra-ocr2,books,pisciumquerelaee00sche_0012_full,5.82046340427779,783,False,pisciumquerelaee00sche,la,0.11614055985705778,0.07474382157926461,0.25,124.0,1659.0,0.6973180076628352,0.7811158798283262,0.21888412017167383,1.0283303194695599,False,False,,,,,,
chandra-ocr2,books,pisciumquerelaee00sche_0013_full,5.82046340427779,912,False,pisciumquerelaee00sche,la,0.10659599528857479,0.0713436385255648,0.29583333333333334,120.0,1682.0,0.7191011235955056,0.7933884297520661,0.2066115702479339,1.0309155766944114,False,False,,,,,,
chandra-ocr2,books,pisciumquerelaee00sche_0016_full,5.82046340427779,897,False,pisciumquerelaee00sche,la,0.08125,0.05319822672577581,0.21585903083700442,84.0,1579.0,0.8099173553719008,0.8448275862068966,0.15517241379310345,1.0234325522482584,False,False,,,,,,
chandra-ocr2,books,pisciumquerelaee00sche_0035_full,5.82046340427779,880,False,pisciumquerelaee00sche,la,0.11341463414634147,0.07612031921424187,0.32894736842105265,124.0,1629.0,0.7764227642276422,0.8162393162393162,0.18376068376068377,1.0313075506445673,False,False,,,,,,
chandra-ocr2,books,pisciumquerelaee00sche_0038_full,5.82046340427779,649,False,pisciumquerelaee00sche,la,0.11752433936022254,0.0939929328621908,0.29949238578680204,133.0,1415.0,0.7326732673267327,0.783068783068783,0.21693121693121692,1.026148409893993,False,False,,,,,,
chandra-ocr2,books,pisciumquerelaee00sche_0040_full,5.82046340427779,764,False,pisciumquerelaee00sche,la,0.11335578002244669,0.09291784702549576,0.30514705882352944,164.0,1765.0,0.6854304635761589,0.7695167286245354,0.23048327137546468,1.043626062322946,False,False,,,,,,
chandra-ocr2,books,pisciumquerelaee00sche_0041_full,5.82046340427779,677,False,pisciumquerelaee00sche,la,0.11013767209011265,0.08654453569172457,0.32916666666666666,137.0,1583.0,0.6590038314176245,0.7577092511013216,0.2422907488986784,1.032849020846494,False,False,,,,,,
chandra-ocr2,books,pisciumquerelaee00sche_0044_full,5.82046340427779,455,False,pisciumquerelaee00sche,la,0.17892156862745098,0.16584158415841585,0.48214285714285715,67.0,404.0,0.6792452830188679,0.5901639344262295,0.4098360655737705,1.0544554455445545,False,False,,,,,,
chandra-ocr2,books,trudyrusskagoent161881russ_0098_full,5.82046340427779,916,False,trudyrusskagoent161881russ,fr+de,0.009615384615384616,0.0027529249827942187,0.0196078431372549,4.0,1453.0,0.9899497487437185,0.985,0.015,1.0,False,False,,,,,,
chandra-ocr2,books,trudyrusskagoent161881russ_0121_full,5.82046340427779,717,False,trudyrusskagoent161881russ,fr+de,0.01592356687898089,0.0005319148936170213,0.006920415224913495,1.0,1880.0,0.993006993006993,0.9964912280701754,0.0035087719298245615,0.999468085106383,False,False,,,,,,
chandra-ocr2,books,trudyrusskagoent161881russ_0276_full,5.82046340427779,618,False,trudyrusskagoent161881russ,fr+de,0.01099537037037037,0.0005787037037037037,0.00398406374501992,1.0,1728.0,0.9959514170040485,0.9959514170040485,0.004048582995951417,1.0,False,False,,,,,,
chandra-ocr2,books,trudyrusskagoent161881russ_0329_full,5.82046340427779,681,False,trudyrusskagoent161881russ,fr+de,0.011933174224343675,0.00047938638542665386,0.003424657534246575,1.0,2086.0,0.996551724137931,0.996551724137931,0.0034482758620689655,1.0,False,False,,,,,,
chandra-ocr2,books,trudyrusskagoent161881russ_0357_full,5.82046340427779,784,False,trudyrusskagoent161881russ,fr+de,0.01441753171856978,0.002901915264074289,0.016597510373443983,5.0,1723.0,0.9834710743801653,0.9834710743801653,0.01652892561983471,0.9994196169471852,False,False,,,,,,
chandra-ocr2,books,trudyrusskagoent161881russ_0379_full,5.82046340427779,704,False,trudyrusskagoent161881russ,fr+de,0.017482517482517484,0.006021073758153537,0.03773584905660377,12.0,1993.0,0.987987987987988,0.987987987987988,0.012012012012012012,0.9984947315604616,False,False,,,,,,
chandra-ocr2,books,trudyrusskagoent161881russ_0388_full,5.82046340427779,894,False,trudyrusskagoent161881russ,fr+de,0.008738394320043691,0.0010946907498631637,0.006734006734006734,2.0,1827.0,0.9935275080906149,0.9903225806451613,0.00967741935483871,1.0010946907498632,False,False,,,,,,
chandra-ocr2,books,trudyrusskagoent161881russ_0446_full,5.82046340427779,826,False,trudyrusskagoent161881russ,fr+de,0.01486988847583643,0.008411214953271028,0.04712041884816754,9.0,1070.0,0.975,0.9653465346534653,0.034653465346534656,1.0009345794392523,False,False,,,,,,
chandra-ocr2,docs,headers_footers__0b8de922246569bf96136cd5bb1d9643b2d269fe_page_10_processed,10.433922131968743,614,False,,,,,,,,,,,,False,,headers_footers,2.0,2.0,"[{""id"": ""0b8de922246569bf96136cd5bb1d9643b2d269fe_page_10_processed.pdf_manual_00"", ""type"": ""absent"", ""passed"": true, ""category"": ""headers_footers""}, {""id"": ""auto_baseline"", ""type"": ""baseline"", ""passed"": true, ""category"": ""baseline""}]",,
chandra-ocr2,docs,headers_footers__12e836a20227be4b63f7dcdebb2498e9d189d4da_page_5_processed,10.433922131968743,1291,False,,,,,,,,,,,,False,,headers_footers,4.0,1.0,"[{""id"": ""12e836a20227be4b63f7dcdebb2498e9d189d4da_page_5_processed_pg1_header_00"", ""type"": ""absent"", ""passed"": false, ""category"": ""headers_footers""}, {""id"": ""12e836a20227be4b63f7dcdebb2498e9d189d4da_page_5_processed_pg1_header_01"", ""type"": ""absent"", ""passed"": false, ""category"": ""headers_footers""}, {""id"": ""12e836a20227be4b63f7dcdebb2498e9d189d4da_page_5_processed_pg1_header_02"", ""type"": ""absent"", ""passed"": false, ""category"": ""headers_footers""}, {""id"": ""auto_baseline"", ""type"": ""baseline"", ""passed"": true, ""category"": ""baseline""}]",,
chandra-ocr2,docs,headers_footers__17ce5025be595d7fc2c3a347b6a2fa4e4d06419d_page_1,10.433922131968743,531,False,,,,,,,,,,,,False,,headers_footers,2.0,1.0,"[{""id"": ""17ce5025be595d7fc2c3a347b6a2fa4e4d06419d_page_1_header_00"", ""type"": ""absent"", ""passed"": false, ""category"": ""headers_footers""}, {""id"": ""auto_baseline"", ""type"": ""baseline"", ""passed"": true, ""category"": ""baseline""}]",,
chandra-ocr2,docs,headers_footers__1a3e61746b0965df09bce6cb1051c455807363d5_page_1,10.433922131968743,2809,False,,,,,,,,,,,,False,,headers_footers,3.0,2.0,"[{""id"": ""1a3e61746b0965df09bce6cb1051c455807363d5_page_1_header_00"", ""type"": ""absent"", ""passed"": false, ""category"": ""headers_footers""}, {""id"": ""1a3e61746b0965df09bce6cb1051c455807363d5_page_1.pdf_manual_00"", ""type"": ""absent"", ""passed"": true, ""category"": ""headers_footers""}, {""id"": ""auto_baseline"", ""type"": ""baseline"", ""passed"": true, ""category"": ""baseline""}]",,
chandra-ocr2,docs,headers_footers__2cb8b9fbe5aaac3d7f95d110a3b08132ee09d103_page_2,10.433922131968743,1585,False,,,,,,,,,,,,False,,headers_footers,3.0,2.0,"[{""id"": ""2cb8b9fbe5aaac3d7f95d110a3b08132ee09d103_page_2_header_00"", ""type"": ""absent"", ""passed"": false, ""category"": ""headers_footers""}, {""id"": ""2cb8b9fbe5aaac3d7f95d110a3b08132ee09d103_page_2.pdf_manual_00"", ""type"": ""absent"", ""passed"": true, ""category"": ""headers_footers""}, {""id"": ""auto_baseline"", ""type"": ""baseline"", ""passed"": true, ""category"": ""baseline""}]",,
chandra-ocr2,docs,headers_footers__363300831b3da664b1bfe972e4f86464fa076da3_page_149,10.433922131968743,1384,False,,,,,,,,,,,,False,,headers_footers,6.0,2.0,"[{""id"": ""363300831b3da664b1bfe972e4f86464fa076da3_page_149_header_00"", ""type"": ""absent"", ""passed"": false, ""category"": ""headers_footers""}, {""id"": ""363300831b3da664b1bfe972e4f86464fa076da3_page_149_header_01"", ""type"": ""absent"", ""passed"": false, ""category"": ""headers_footers""}, {""id"": ""363300831b3da664b1bfe972e4f86464fa076da3_page_149_header_15"", ""type"": ""absent"", ""passed"": false, ""category"": ""headers_footers""}, {""id"": ""363300831b3da664b1bfe972e4f86464fa076da3_page_149_header_16"", ""type"": ""absent"", ""passed"": false, ""category"": ""headers_footers""}, {""id"": ""363300831b3da664b1bfe972e4f86464fa076da3_page_149.pdf_manual_00"", ""type"": ""absent"", ""passed"": true, ""category"": ""headers_footers""}, {""id"": ""auto_baseline"", ""type"": ""baseline"", ""passed"": true, ""category"": ""baseline""}]",,
chandra-ocr2,docs,headers_footers__62621cef2b1d5356a063aa7c9c735ac396fb2223_page_33,10.433922131968743,1225,False,,,,,,,,,,,,False,,headers_footers,4.0,2.0,"[{""id"": ""62621cef2b1d5356a063aa7c9c735ac396fb2223_page_33_header_00"", ""type"": ""absent"", ""passed"": false, ""category"": ""headers_footers""}, {""id"": ""62621cef2b1d5356a063aa7c9c735ac396fb2223_page_33.pdf_manual_00"", ""type"": ""absent"", ""passed"": true, ""category"": ""headers_footers""}, {""id"": ""62621cef2b1d5356a063aa7c9c735ac396fb2223_page_33.pdf_manual_01"", ""type"": ""absent"", ""passed"": false, ""category"": ""headers_footers""}, {""id"": ""auto_baseline"", ""type"": ""baseline"", ""passed"": true, ""category"": ""baseline""}]",,
chandra-ocr2,docs,headers_footers__7901d119ed91a89f8fbabf0eef7174d75a7656e3_page_1,10.433922131968743,952,False,,,,,,,,,,,,False,,headers_footers,2.0,2.0,"[{""id"": ""7901d119ed91a89f8fbabf0eef7174d75a7656e3_page_1.pdf_manual_00"", ""type"": ""absent"", ""passed"": true, ""category"": ""headers_footers""}, {""id"": ""auto_baseline"", ""type"": ""baseline"", ""passed"": true, ""category"": ""baseline""}]",,
chandra-ocr2,docs,headers_footers__ba10222e40f05d76e2bf1d51c39066a4b1fe82ed_page_11,10.433922131968743,1548,False,,,,,,,,,,,,False,,headers_footers,3.0,1.0,"[{""id"": ""ba10222e40f05d76e2bf1d51c39066a4b1fe82ed_page_11_header_00"", ""type"": ""absent"", ""passed"": false, ""category"": ""headers_footers""}, {""id"": ""ba10222e40f05d76e2bf1d51c39066a4b1fe82ed_page_11.pdf_manual_00"", ""type"": ""absent"", ""passed"": false, ""category"": ""headers_footers""}, {""id"": ""auto_baseline"", ""type"": ""baseline"", ""passed"": true, ""category"": ""baseline""}]",,
chandra-ocr2,docs,headers_footers__d8b9c4cd0ba9b036e09168c8dccccd1d43315ef4_page_1,10.433922131968743,1291,False,,,,,,,,,,,,False,,headers_footers,3.0,2.0,"[{""id"": ""d8b9c4cd0ba9b036e09168c8dccccd1d43315ef4_page_1_header_00"", ""type"": ""absent"", ""passed"": true, ""category"": ""headers_footers""}, {""id"": ""d8b9c4cd0ba9b036e09168c8dccccd1d43315ef4_page_1.pdf_manual_00"", ""type"": ""absent"", ""passed"": false, ""category"": ""headers_footers""}, {""id"": ""auto_baseline"", ""type"": ""baseline"", ""passed"": true, ""category"": ""baseline""}]",,
chandra-ocr2,docs,long_tiny_text__11_pg161_pg1,10.433922131968743,5242,False,,,,,,,,,,,,False,,long_tiny_text,9.0,9.0,"[{""id"": ""11_pg161_pg1_text_00"", ""type"": ""present"", ""passed"": true, ""category"": ""long_tiny_text""}, {""id"": ""11_pg161_pg1_text_01"", ""type"": ""present"", ""passed"": true, ""category"": ""long_tiny_text""}, {""id"": ""11_pg161_pg1_text_02"", ""type"": ""present"", ""passed"": true, ""category"": ""long_tiny_text""}, {""id"": ""11_pg161_pg1_text_03"", ""type"": ""present"", ""passed"": true, ""category"": ""long_tiny_text""}, {""id"": ""11_pg161_pg1_text_04"", ""type"": ""present"", ""passed"": true, ""category"": ""long_tiny_text""}, {""id"": ""11_pg161_pg1_text_05"", ""type"": ""present"", ""passed"": true, ""category"": ""long_tiny_text""}, {""id"": ""11_pg161_pg1_text_06"", ""type"": ""present"", ""passed"": true, ""category"": ""long_tiny_text""}, {""id"": ""11_pg161_pg1_text_07"", ""type"": ""present"", ""passed"": true, ""category"": ""long_tiny_text""}, {""id"": ""auto_baseline"", ""type"": ""baseline"", ""passed"": true, ""category"": ""baseline""}]",,
chandra-ocr2,docs,long_tiny_text__11_pg375_pg1,10.433922131968743,3463,False,,,,,,,,,,,,False,,long_tiny_text,4.0,4.0,"[{""id"": ""11_pg375_pg1_text_00"", ""type"": ""present"", ""passed"": true, ""category"": ""long_tiny_text""}, {""id"": ""11_pg375_pg1_text_01"", ""type"": ""present"", ""passed"": true, ""category"": ""long_tiny_text""}, {""id"": ""11_pg375_pg1_text_02"", ""type"": ""present"", ""passed"": true, ""category"": ""long_tiny_text""}, {""id"": ""auto_baseline"", ""type"": ""baseline"", ""passed"": true, ""category"": ""baseline""}]",,
chandra-ocr2,docs,long_tiny_text__13_pg556_pg1,10.433922131968743,2718,False,,,,,,,,,,,,False,,long_tiny_text,5.0,5.0,"[{""id"": ""13_pg556_pg1_text_00"", ""type"": ""present"", ""passed"": true, ""category"": ""long_tiny_text""}, {""id"": ""13_pg556_pg1_text_01"", ""type"": ""present"", ""passed"": true, ""category"": ""long_tiny_text""}, {""id"": ""13_pg556_pg1_text_02"", ""type"": ""present"", ""passed"": true, ""category"": ""long_tiny_text""}, {""id"": ""13_pg556_pg1_text_03"", ""type"": ""present"", ""passed"": true, ""category"": ""long_tiny_text""}, {""id"": ""auto_baseline"", ""type"": ""baseline"", ""passed"": true, ""category"": ""baseline""}]",,
chandra-ocr2,docs,long_tiny_text__13_pg566_pg1,10.433922131968743,2189,False,,,,,,,,,,,,False,,long_tiny_text,6.0,5.0,"[{""id"": ""13_pg566_pg1_text_00"", ""type"": ""present"", ""passed"": true, ""category"": ""long_tiny_text""}, {""id"": ""13_pg566_pg1_text_01"", ""type"": ""present"", ""passed"": false, ""category"": ""long_tiny_text""}, {""id"": ""13_pg566_pg1_text_02"", ""type"": ""present"", ""passed"": true, ""category"": ""long_tiny_text""}, {""id"": ""13_pg566_pg1_text_03"", ""type"": ""present"", ""passed"": true, ""category"": ""long_tiny_text""}, {""id"": ""13_pg566_pg1_text_04"", ""type"": ""present"", ""passed"": true, ""category"": ""long_tiny_text""}, {""id"": ""auto_baseline"", ""type"": ""baseline"", ""passed"": true, ""category"": ""baseline""}]",,
chandra-ocr2,docs,long_tiny_text__13_pg67_pg1,10.433922131968743,3426,False,,,,,,,,,,,,False,,long_tiny_text,6.0,5.0,"[{""id"": ""13_pg67_pg1_text_00"", ""type"": ""present"", ""passed"": true, ""category"": ""long_tiny_text""}, {""id"": ""13_pg67_pg1_text_01"", ""type"": ""present"", ""passed"": true, ""category"": ""long_tiny_text""}, {""id"": ""13_pg67_pg1_text_02"", ""type"": ""present"", ""passed"": false, ""category"": ""long_tiny_text""}, {""id"": ""13_pg67_pg1_text_03"", ""type"": ""present"", ""passed"": true, ""category"": ""long_tiny_text""}, {""id"": ""13_pg67_pg1_text_04"", ""type"": ""present"", ""passed"": true, ""category"": ""long_tiny_text""}, {""id"": ""auto_baseline"", ""type"": ""baseline"", ""passed"": true, ""category"": ""baseline""}]",,
chandra-ocr2,docs,long_tiny_text__14a_pg1,10.433922131968743,6424,False,,,,,,,,,,,,False,,long_tiny_text,6.0,6.0,"[{""id"": ""14a_pg1_text_01"", ""type"": ""present"", ""passed"": true, ""category"": ""long_tiny_text""}, {""id"": ""14a_pg1_text_02"", ""type"": ""present"", ""passed"": true, ""category"": ""long_tiny_text""}, {""id"": ""14a_pg1_text_04"", ""type"": ""present"", ""passed"": true, ""category"": ""long_tiny_text""}, {""id"": ""14a_pg1_text_05"", ""type"": ""present"", ""passed"": true, ""category"": ""long_tiny_text""}, {""id"": ""14a_pg1_text_06"", ""type"": ""present"", ""passed"": true, ""category"": ""long_tiny_text""}, {""id"": ""auto_baseline"", ""type"": ""baseline"", ""passed"": true, ""category"": ""baseline""}]",,
chandra-ocr2,docs,long_tiny_text__15c_pg1,10.433922131968743,2410,False,,,,,,,,,,,,False,,long_tiny_text,5.0,5.0,"[{""id"": ""15c_pg1_text_00"", ""type"": ""present"", ""passed"": true, ""category"": ""long_tiny_text""}, {""id"": ""15c_pg1_text_01"", ""type"": ""present"", ""passed"": true, ""category"": ""long_tiny_text""}, {""id"": ""15c_pg1_text_02"", ""type"": ""present"", ""passed"": true, ""category"": ""long_tiny_text""}, {""id"": ""15c_pg1_text_03"", ""type"": ""present"", ""passed"": true, ""category"": ""long_tiny_text""}, {""id"": ""auto_baseline"", ""type"": ""baseline"", ""passed"": true, ""category"": ""baseline""}]",,
chandra-ocr2,docs,long_tiny_text__17_pg2_pg1,10.433922131968743,1435,False,,,,,,,,,,,,False,,long_tiny_text,40.0,39.0,"[{""id"": ""17_pg2_pg1_text_00"", ""type"": ""present"", ""passed"": true, ""category"": ""long_tiny_text""}, {""id"": ""17_pg2_pg1_text_01"", ""type"": ""present"", ""passed"": true, ""category"": ""long_tiny_text""}, {""id"": ""17_pg2_pg1_text_02"", ""type"": ""present"", ""passed"": true, ""category"": ""long_tiny_text""}, {""id"": ""17_pg2_pg1_text_03"", ""type"": ""present"", ""passed"": true, ""category"": ""long_tiny_text""}, {""id"": ""17_pg2_pg1_text_04"", ""type"": ""present"", ""passed"": true, ""category"": ""long_tiny_text""}, {""id"": ""17_pg2_pg1_text_06"", ""type"": ""present"", ""passed"": true, ""category"": ""long_tiny_text""}, {""id"": ""17_pg2_pg1_text_07"", ""type"": ""present"", ""passed"": true, ""category"": ""long_tiny_text""}, {""id"": ""17_pg2_pg1_text_09"", ""type"": ""present"", ""passed"": true, ""category"": ""long_tiny_text""}, {""id"": ""17_pg2_pg1_text_10"", ""type"": ""present"", ""passed"": true, ""category"": ""long_tiny_text""}, {""id"": ""17_pg2_pg1_text_12"", ""type"": ""present"", ""passed"": true, ""category"": ""long_tiny_text""}, {""id"": ""17_pg2_pg1_text_13"", ""type"": ""present"", ""passed"": true, ""category"": ""long_tiny_text""}, {""id"": ""17_pg2_pg1_text_16"", ""type"": ""present"", ""passed"": true, ""category"": ""long_tiny_text""}, {""id"": ""17_pg2_pg1_text_17"", ""type"": ""present"", ""passed"": false, ""category"": ""long_tiny_text""}, {""id"": ""17_pg2_pg1_text_20"", ""type"": ""present"", ""passed"": true, ""category"": ""long_tiny_text""}, {""id"": ""17_pg2_pg1_text_23"", ""type"": ""present"", ""passed"": true, ""category"": ""long_tiny_text""}, {""id"": ""17_pg2_pg1_text_24"", ""type"": ""present"", ""passed"": true, ""category"": ""long_tiny_text""}, {""id"": ""17_pg2_pg1_text_25"", ""type"": ""present"", ""passed"": true, ""category"": ""long_tiny_text""}, {""id"": ""17_pg2_pg1_text_27"", ""type"": ""present"", ""passed"": true, ""category"": ""long_tiny_text""}, {""id"": ""17_pg2_pg1_text_28"", ""type"": ""present"", ""passed"": true, ""category"": ""long_tiny_text""}, {""id"": ""17_pg2_pg1_text_30"", ""type"": ""present"", ""passed"": true, ""category"": ""long_tiny_text""}, {""id"": ""17_pg2_pg1_text_31"", ""type"": ""present"", ""passed"": true, ""category"": ""long_tiny_text""}, {""id"": ""17_pg2_pg1_text_34"", ""type"": ""present"", ""passed"": true, ""category"": ""long_tiny_text""}, {""id"": ""17_pg2_pg1_text_37"", ""type"": ""present"", ""passed"": true, ""category"": ""long_tiny_text""}, {""id"": ""17_pg2_pg1_text_41"", ""type"": ""present"", ""passed"": true, ""category"": ""long_tiny_text""}, {""id"": ""17_pg2_pg1_text_43"", ""type"": ""present"", ""passed"": true, ""category"": ""long_tiny_text""}, {""id"": ""17_pg2_pg1_text_45"", ""type"": ""present"", ""passed"": true, ""category"": ""long_tiny_text""}, {""id"": ""17_pg2_pg1_text_49"", ""type"": ""present"", ""passed"": true, ""category"": ""long_tiny_text""}, {""id"": ""17_pg2_pg1_text_51"", ""type"": ""present"", ""passed"": true, ""category"": ""long_tiny_text""}, {""id"": ""17_pg2_pg1_text_56"", ""type"": ""present"", ""passed"": true, ""category"": ""long_tiny_text""}, {""id"": ""17_pg2_pg1_text_61"", ""type"": ""present"", ""passed"": true, ""category"": ""long_tiny_text""}, {""id"": ""17_pg2_pg1_text_65"", ""type"": ""present"", ""passed"": true, ""category"": ""long_tiny_text""}, {""id"": ""17_pg2_pg1_text_69"", ""type"": ""present"", ""passed"": true, ""category"": ""long_tiny_text""}, {""id"": ""17_pg2_pg1_text_74"", ""type"": ""present"", ""passed"": true, ""category"": ""long_tiny_text""}, {""id"": ""17_pg2_pg1_text_80"", ""type"": ""present"", ""passed"": true, ""category"": ""long_tiny_text""}, {""id"": ""17_pg2_pg1_text_83"", ""type"": ""present"", ""passed"": true, ""category"": ""long_tiny_text""}, {""id"": ""17_pg2_pg1_text_86"", ""type"": ""present"", ""passed"": true, ""category"": ""long_tiny_text""}, {""id"": ""17_pg2_pg1_text_88"", ""type"": ""present"", ""passed"": true, ""category"": ""long_tiny_text""}, {""id"": ""17_pg2_pg1_text_95"", ""type"": ""present"", ""passed"": true, ""category"": ""long_tiny_text""}, {""id"": ""17_pg2_pg1_text_97"", ""type"": ""present"", ""passed"": true, ""category"": ""long_tiny_text""}, {""id"": ""auto_baseline"", ""type"": ""baseline"", ""passed"": true, ""category"": ""baseline""}]",,
chandra-ocr2,docs,long_tiny_text__20_pg40_pg1,10.433922131968743,3557,False,,,,,,,,,,,,False,,long_tiny_text,6.0,5.0,"[{""id"": ""20_pg40_pg1_text_00"", ""type"": ""present"", ""passed"": true, ""category"": ""long_tiny_text""}, {""id"": ""20_pg40_pg1_text_01"", ""type"": ""present"", ""passed"": true, ""category"": ""long_tiny_text""}, {""id"": ""20_pg40_pg1_text_02"", ""type"": ""present"", ""passed"": false, ""category"": ""long_tiny_text""}, {""id"": ""20_pg40_pg1_text_03"", ""type"": ""present"", ""passed"": true, ""category"": ""long_tiny_text""}, {""id"": ""20_pg40_pg1_text_04"", ""type"": ""present"", ""passed"": true, ""category"": ""long_tiny_text""}, {""id"": ""auto_baseline"", ""type"": ""baseline"", ""passed"": true, ""category"": ""baseline""}]",,
chandra-ocr2,docs,long_tiny_text__20_pg46_pg1,10.433922131968743,3018,False,,,,,,,,,,,,False,,long_tiny_text,10.0,10.0,"[{""id"": ""20_pg46_pg1_text_00"", ""type"": ""present"", ""passed"": true, ""category"": ""long_tiny_text""}, {""id"": ""20_pg46_pg1_text_01"", ""type"": ""present"", ""passed"": true, ""category"": ""long_tiny_text""}, {""id"": ""20_pg46_pg1_text_02"", ""type"": ""present"", ""passed"": true, ""category"": ""long_tiny_text""}, {""id"": ""20_pg46_pg1_text_03"", ""type"": ""present"", ""passed"": true, ""category"": ""long_tiny_text""}, {""id"": ""20_pg46_pg1_text_04"", ""type"": ""present"", ""passed"": true, ""category"": ""long_tiny_text""}, {""id"": ""20_pg46_pg1_text_05"", ""type"": ""present"", ""passed"": true, ""category"": ""long_tiny_text""}, {""id"": ""20_pg46_pg1_text_06"", ""type"": ""present"", ""passed"": true, ""category"": ""long_tiny_text""}, {""id"": ""20_pg46_pg1_text_08"", ""type"": ""present"", ""passed"": true, ""category"": ""long_tiny_text""}, {""id"": ""20_pg46_pg1_text_09"", ""type"": ""present"", ""passed"": true, ""category"": ""long_tiny_text""}, {""id"": ""auto_baseline"", ""type"": ""baseline"", ""passed"": true, ""category"": ""baseline""}]",,
chandra-ocr2,docs,multi_column__00945e98ea0970dcffb8f548336df3a0137f_page_4_pg1,10.433922131968743,2044,False,,,,,,,,,,,,False,,multi_column,4.0,4.0,"[{""id"": ""00945e98ea0970dcffb8f548336df3a0137f_page_4.pdf_order_0a8f368a"", ""type"": ""order"", ""passed"": true, ""category"": ""multi_column""}, {""id"": ""00945e98ea0970dcffb8f548336df3a0137f_page_4.pdf_order_3d4bbd69"", ""type"": ""order"", ""passed"": true, ""category"": ""multi_column""}, {""id"": ""00945e98ea0970dcffb8f548336df3a0137f_page_4.pdf_order_4cbab131"", ""type"": ""order"", ""passed"": true, ""category"": ""multi_column""}, {""id"": ""auto_baseline"", ""type"": ""baseline"", ""passed"": true, ""category"": ""baseline""}]",,
chandra-ocr2,docs,multi_column__00e2c7719d58bb49fd4031cce9dcccdddec2_page_1_pg1,10.433922131968743,1380,False,,,,,,,,,,,,False,,multi_column,3.0,3.0,"[{""id"": ""00e2c7719d58bb49fd4031cce9dcccdddec2_page_1.pdf_order_85be1097"", ""type"": ""order"", ""passed"": true, ""category"": ""multi_column""}, {""id"": ""00e2c7719d58bb49fd4031cce9dcccdddec2_page_1.pdf_order_b903400b"", ""type"": ""order"", ""passed"": true, ""category"": ""multi_column""}, {""id"": ""auto_baseline"", ""type"": ""baseline"", ""passed"": true, ""category"": ""baseline""}]",,
chandra-ocr2,docs,multi_column__0114396ecb251aa3ebaeaeaed6bd4fe50bd2_page_2_pg1,10.433922131968743,1485,False,,,,,,,,,,,,False,,multi_column,6.0,6.0,"[{""id"": ""0114396ecb251aa3ebaeaeaed6bd4fe50bd2_page_2.pdf_order_e5d2d945"", ""type"": ""order"", ""passed"": true, ""category"": ""multi_column""}, {""id"": ""0114396ecb251aa3ebaeaeaed6bd4fe50bd2_page_2.pdf_order_6b2daa2b"", ""type"": ""order"", ""passed"": true, ""category"": ""multi_column""}, {""id"": ""0114396ecb251aa3ebaeaeaed6bd4fe50bd2_page_2.pdf_order_f61eafae"", ""type"": ""order"", ""passed"": true, ""category"": ""multi_column""}, {""id"": ""0114396ecb251aa3ebaeaeaed6bd4fe50bd2_page_2.pdf_order_40a2536e"", ""type"": ""order"", ""passed"": true, ""category"": ""multi_column""}, {""id"": ""0114396ecb251aa3ebaeaeaed6bd4fe50bd2_page_2.pdf_order_b8d41298"", ""type"": ""order"", ""passed"": true, ""category"": ""multi_column""}, {""id"": ""auto_baseline"", ""type"": ""baseline"", ""passed"": true, ""category"": ""baseline""}]",,
chandra-ocr2,docs,multi_column__019a8841dddeb304774ba62a9f5d8dccb43d_page_2_pg1,10.433922131968743,3674,False,,,,,,,,,,,,False,,multi_column,5.0,4.0,"[{""id"": ""019a8841dddeb304774ba62a9f5d8dccb43d_page_2.pdf_order_00d331ca"", ""type"": ""order"", ""passed"": true, ""category"": ""multi_column""}, {""id"": ""019a8841dddeb304774ba62a9f5d8dccb43d_page_2.pdf_order_2410e748"", ""type"": ""order"", ""passed"": true, ""category"": ""multi_column""}, {""id"": ""019a8841dddeb304774ba62a9f5d8dccb43d_page_2.pdf_order_5a8cba0a"", ""type"": ""order"", ""passed"": true, ""category"": ""multi_column""}, {""id"": ""019a8841dddeb304774ba62a9f5d8dccb43d_page_2.pdf_order_6a2477bc"", ""type"": ""order"", ""passed"": false, ""category"": ""multi_column""}, {""id"": ""auto_baseline"", ""type"": ""baseline"", ""passed"": true, ""category"": ""baseline""}]",,
chandra-ocr2,docs,multi_column__0208fbb5d6b646f972f4702428ad2cede5c5_page_6_pg1,10.433922131968743,1920,False,,,,,,,,,,,,False,,multi_column,2.0,1.0,"[{""id"": ""0208fbb5d6b646f972f4702428ad2cede5c5_page_6.pdf_order_71ab8004"", ""type"": ""order"", ""passed"": false, ""category"": ""multi_column""}, {""id"": ""auto_baseline"", ""type"": ""baseline"", ""passed"": true, ""category"": ""baseline""}]",,
chandra-ocr2,docs,multi_column__027c390510b2fd3364f5a382f2bc304af018_page_4_pg1,10.433922131968743,3170,False,,,,,,,,,,,,False,,multi_column,5.0,3.0,"[{""id"": ""027c390510b2fd3364f5a382f2bc304af018_page_4.pdf_order_ea693a98"", ""type"": ""order"", ""passed"": false, ""category"": ""multi_column""}, {""id"": ""027c390510b2fd3364f5a382f2bc304af018_page_4.pdf_order_053bda58"", ""type"": ""order"", ""passed"": true, ""category"": ""multi_column""}, {""id"": ""027c390510b2fd3364f5a382f2bc304af018_page_4.pdf_order_9e06820d"", ""type"": ""order"", ""passed"": true, ""category"": ""multi_column""}, {""id"": ""027c390510b2fd3364f5a382f2bc304af018_page_4.pdf_order_97e749bf"", ""type"": ""order"", ""passed"": false, ""category"": ""multi_column""}, {""id"": ""auto_baseline"", ""type"": ""baseline"", ""passed"": true, ""category"": ""baseline""}]",,
chandra-ocr2,docs,multi_column__02943986dff2d4a84b7c2dd81abfc51fceea_page_5_pg1,10.433922131968743,1220,False,,,,,,,,,,,,False,,multi_column,5.0,4.0,"[{""id"": ""02943986dff2d4a84b7c2dd81abfc51fceea_page_5.pdf_order_3f1adc6b"", ""type"": ""order"", ""passed"": true, ""category"": ""multi_column""}, {""id"": ""02943986dff2d4a84b7c2dd81abfc51fceea_page_5.pdf_order_00ce4e6f"", ""type"": ""order"", ""passed"": true, ""category"": ""multi_column""}, {""id"": ""02943986dff2d4a84b7c2dd81abfc51fceea_page_5.pdf_order_46755e50"", ""type"": ""order"", ""passed"": true, ""category"": ""multi_column""}, {""id"": ""02943986dff2d4a84b7c2dd81abfc51fceea_page_5.pdf_order_13f6999c"", ""type"": ""order"", ""passed"": false, ""category"": ""multi_column""}, {""id"": ""auto_baseline"", ""type"": ""baseline"", ""passed"": true, ""category"": ""baseline""}]",,
chandra-ocr2,docs,multi_column__02943986dff2d4a84b7c2dd81abfc51fceea_page_9_pg1,10.433922131968743,1345,False,,,,,,,,,,,,False,,multi_column,5.0,4.0,"[{""id"": ""02943986dff2d4a84b7c2dd81abfc51fceea_page_9.pdf_order_babd8e0e"", ""type"": ""order"", ""passed"": false, ""category"": ""multi_column""}, {""id"": ""02943986dff2d4a84b7c2dd81abfc51fceea_page_9.pdf_order_2e6f0ead"", ""type"": ""order"", ""passed"": true, ""category"": ""multi_column""}, {""id"": ""02943986dff2d4a84b7c2dd81abfc51fceea_page_9.pdf_order_7e60c895"", ""type"": ""order"", ""passed"": true, ""category"": ""multi_column""}, {""id"": ""02943986dff2d4a84b7c2dd81abfc51fceea_page_9.pdf_order_81a40b7f"", ""type"": ""order"", ""passed"": true, ""category"": ""multi_column""}, {""id"": ""auto_baseline"", ""type"": ""baseline"", ""passed"": true, ""category"": ""baseline""}]",,
chandra-ocr2,docs,multi_column__038650c9dfd95e7495d0c4d301d9dcca735a_page_1_pg1,10.433922131968743,2638,False,,,,,,,,,,,,False,,multi_column,5.0,4.0,"[{""id"": ""038650c9dfd95e7495d0c4d301d9dcca735a_page_1.pdf_order_eb32d864"", ""type"": ""order"", ""passed"": true, ""category"": ""multi_column""}, {""id"": ""038650c9dfd95e7495d0c4d301d9dcca735a_page_1.pdf_order_517c20f9"", ""type"": ""order"", ""passed"": true, ""category"": ""multi_column""}, {""id"": ""038650c9dfd95e7495d0c4d301d9dcca735a_page_1.pdf_order_12a7fa3e"", ""type"": ""order"", ""passed"": true, ""category"": ""multi_column""}, {""id"": ""038650c9dfd95e7495d0c4d301d9dcca735a_page_1.pdf_order_cf779f79"", ""type"": ""order"", ""passed"": false, ""category"": ""multi_column""}, {""id"": ""auto_baseline"", ""type"": ""baseline"", ""passed"": true, ""category"": ""baseline""}]",,
chandra-ocr2,docs,multi_column__0845863d27c84b14011e17a388821525e783_page_16_pg1,10.433922131968743,4436,False,,,,,,,,,,,,False,,multi_column,4.0,3.0,"[{""id"": ""0845863d27c84b14011e17a388821525e783_page_16.pdf_order_dffceb1b"", ""type"": ""order"", ""passed"": true, ""category"": ""multi_column""}, {""id"": ""0845863d27c84b14011e17a388821525e783_page_16.pdf_order_ac24f586"", ""type"": ""order"", ""passed"": true, ""category"": ""multi_column""}, {""id"": ""0845863d27c84b14011e17a388821525e783_page_16.pdf_order_4bda9b61"", ""type"": ""order"", ""passed"": false, ""category"": ""multi_column""}, {""id"": ""auto_baseline"", ""type"": ""baseline"", ""passed"": true, ""category"": ""baseline""}]",,
chandra-ocr2,docs,old_scans__1,10.433922131968743,440,False,,,,,,,,,,,,False,,old_scans,6.0,2.0,"[{""id"": ""1_680487"", ""type"": ""present"", ""passed"": false, ""category"": ""old_scans""}, {""id"": ""1_126739"", ""type"": ""absent"", ""passed"": true, ""category"": ""old_scans""}, {""id"": ""1_36225"", ""type"": ""present"", ""passed"": false, ""category"": ""old_scans""}, {""id"": ""1_787572"", ""type"": ""order"", ""passed"": false, ""category"": ""old_scans""}, {""id"": ""1_298389"", ""type"": ""order"", ""passed"": false, ""category"": ""old_scans""}, {""id"": ""auto_baseline"", ""type"": ""baseline"", ""passed"": true, ""category"": ""baseline""}]",,
chandra-ocr2,docs,old_scans__21,10.433922131968743,229,False,,,,,,,,,,,,False,,old_scans,8.0,2.0,"[{""id"": ""21_398162"", ""type"": ""present"", ""passed"": false, ""category"": ""old_scans""}, {""id"": ""21_382528"", ""type"": ""order"", ""passed"": false, ""category"": ""old_scans""}, {""id"": ""21_229684"", ""type"": ""absent"", ""passed"": true, ""category"": ""old_scans""}, {""id"": ""21_712729"", ""type"": ""present"", ""passed"": false, ""category"": ""old_scans""}, {""id"": ""21_289946"", ""type"": ""present"", ""passed"": false, ""category"": ""old_scans""}, {""id"": ""21_745911"", ""type"": ""present"", ""passed"": false, ""category"": ""old_scans""}, {""id"": ""21_992153"", ""type"": ""order"", ""passed"": false, ""category"": ""old_scans""}, {""id"": ""auto_baseline"", ""type"": ""baseline"", ""passed"": true, ""category"": ""baseline""}]",,
chandra-ocr2,handwriting,iam_00023,0.19593439825000303,39,False,,,0.0,0.0,0.0,0.0,40.0,1.0,1.0,0.0,1.0,False,False,,,,,,
chandra-ocr2,handwriting,iam_00030,0.19593439825000303,46,False,,,0.01818181818181818,0.01818181818181818,0.125,1.0,55.0,0.875,0.875,0.125,1.0,False,False,,,,,,
chandra-ocr2,handwriting,iam_00059,0.19593439825000303,40,False,,,0.0,0.0,0.0,0.0,43.0,1.0,1.0,0.0,1.0,False,False,,,,,,
chandra-ocr2,handwriting,iam_00064,0.19593439825000303,43,False,,,0.0,0.0,0.0,0.0,71.0,1.0,1.0,0.0,1.0,False,False,,,,,,
chandra-ocr2,handwriting,iam_00071,0.19593439825000303,41,False,,,0.0,0.0,0.0,0.0,39.0,1.0,1.0,0.0,1.0,False,False,,,,,,
chandra-ocr2,handwriting,iam_00079,0.19593439825000303,40,False,,,0.0,0.0,0.0,0.0,43.0,1.0,1.0,0.0,1.0,False,False,,,,,,
chandra-ocr2,handwriting,iam_00126,0.19593439825000303,44,False,,,0.0,0.0,0.0,0.0,49.0,1.0,1.0,0.0,1.0,False,False,,,,,,
chandra-ocr2,handwriting,iam_00143,0.19593439825000303,40,False,,,0.2564102564102564,0.2564102564102564,0.42857142857142855,10.0,39.0,0.7142857142857143,0.625,0.375,1.0512820512820513,False,False,,,,,,
chandra-ocr2,handwriting,iam_00188,0.19593439825000303,43,False,,,0.044444444444444446,0.044444444444444446,0.14285714285714285,2.0,45.0,0.875,0.875,0.125,1.0222222222222221,False,False,,,,,,
chandra-ocr2,handwriting,iam_00258,0.19593439825000303,45,False,,,0.0,0.0,0.0,0.0,52.0,1.0,1.0,0.0,1.0,False,False,,,,,,
chandra-ocr2,handwriting,iam_00264,0.19593439825000303,48,False,,,0.05084745762711865,0.05084745762711865,0.36363636363636365,3.0,59.0,0.8,0.8,0.2,0.9661016949152542,False,False,,,,,,
chandra-ocr2,handwriting,iam_00280,0.19593439825000303,42,False,,,0.16279069767441862,0.16279069767441862,0.6,7.0,43.0,0.6666666666666666,0.8,0.2,0.8604651162790697,False,False,,,,,,
chandra-ocr2,handwriting,iam_00289,0.19593439825000303,45,False,,,0.0,0.0,0.0,0.0,60.0,1.0,1.0,0.0,1.0,False,False,,,,,,
chandra-ocr2,handwriting,iam_00343,0.19593439825000303,38,False,,,0.0196078431372549,0.0196078431372549,0.14285714285714285,1.0,51.0,0.8571428571428571,0.8571428571428571,0.14285714285714285,1.0,False,False,,,,,,
chandra-ocr2,handwriting,iam_00364,0.19593439825000303,39,False,,,0.0,0.0,0.0,0.0,36.0,1.0,1.0,0.0,1.0,False,False,,,,,,
chandra-ocr2,handwriting,iam_00371,0.19593439825000303,40,False,,,0.0,0.0,0.0,0.0,44.0,1.0,1.0,0.0,1.0,False,False,,,,,,
chandra-ocr2,handwriting,iam_00373,0.19593439825000303,39,False,,,0.03125,0.03125,0.2,1.0,32.0,0.8,0.8,0.2,1.03125,False,False,,,,,,
chandra-ocr2,handwriting,iam_00403,0.19593439825000303,38,False,,,0.0,0.0,0.0,0.0,36.0,1.0,1.0,0.0,1.0,False,False,,,,,,
chandra-ocr2,handwriting,iam_00468,0.19593439825000303,39,False,,,0.0,0.0,0.0,0.0,37.0,1.0,1.0,0.0,1.0,False,False,,,,,,
chandra-ocr2,handwriting,iam_00478,0.19593439825000303,37,False,,,0.034482758620689655,0.034482758620689655,0.2,1.0,29.0,1.0,1.0,0.0,1.0,False,False,,,,,,
chandra-ocr2,handwriting,iam_00588,0.19593439825000303,40,False,,,0.0,0.0,0.0,0.0,47.0,1.0,1.0,0.0,1.0,False,False,,,,,,
chandra-ocr2,handwriting,iam_00608,0.19593439825000303,39,False,,,0.038461538461538464,0.038461538461538464,0.1111111111111111,2.0,52.0,1.0,1.0,0.0,0.9615384615384616,False,False,,,,,,
chandra-ocr2,handwriting,iam_00749,0.19593439825000303,36,False,,,0.0,0.0,0.0,0.0,12.0,1.0,1.0,0.0,1.0,False,False,,,,,,
chandra-ocr2,handwriting,iam_00819,0.19593439825000303,39,False,,,0.0,0.0,0.0,0.0,43.0,1.0,1.0,0.0,1.0,False,False,,,,,,
chandra-ocr2,handwriting,iam_00969,0.19593439825000303,41,False,,,0.0,0.0,0.0,0.0,40.0,1.0,1.0,0.0,1.0,False,False,,,,,,
chandra-ocr2,handwriting,iam_01020,0.19593439825000303,41,False,,,0.0,0.0,0.0,0.0,35.0,1.0,1.0,0.0,1.0,False,False,,,,,,
chandra-ocr2,handwriting,iam_01023,0.19593439825000303,39,False,,,0.0,0.0,0.0,0.0,47.0,1.0,1.0,0.0,1.0,False,False,,,,,,
chandra-ocr2,handwriting,iam_01091,0.19593439825000303,43,False,,,0.0196078431372549,0.0196078431372549,0.1111111111111111,1.0,51.0,0.9,0.9,0.1,1.0,False,False,,,,,,
chandra-ocr2,handwriting,iam_01104,0.19593439825000303,38,False,,,0.0,0.0,0.0,0.0,31.0,1.0,1.0,0.0,1.0,False,False,,,,,,
chandra-ocr2,handwriting,iam_01238,0.19593439825000303,40,False,,,0.05,0.05,0.16666666666666666,2.0,40.0,0.8333333333333334,0.8333333333333334,0.16666666666666666,1.0,False,False,,,,,,
chandra-ocr2,handwriting,iam_01366,0.19593439825000303,41,False,,,0.0,0.0,0.0,0.0,47.0,1.0,1.0,0.0,1.0,False,False,,,,,,
chandra-ocr2,handwriting,iam_01417,0.19593439825000303,44,False,,,0.0,0.0,0.0,0.0,53.0,1.0,1.0,0.0,1.0,False,False,,,,,,
chandra-ocr2,handwriting,iam_01452,0.22034641100000435,43,False,,,0.0196078431372549,0.0196078431372549,0.125,1.0,51.0,0.875,0.875,0.125,1.0,False,False,,,,,,
chandra-ocr2,handwriting,iam_01455,0.22034641100000435,35,False,,,0.0,0.0,0.0,0.0,5.0,1.0,1.0,0.0,1.0,False,False,,,,,,
chandra-ocr2,handwriting,iam_01805,0.22034641100000435,40,False,,,0.0,0.0,0.0,0.0,38.0,1.0,1.0,0.0,1.0,False,False,,,,,,
chandra-ocr2,handwriting,iam_01857,0.22034641100000435,42,False,,,0.02702702702702703,0.02702702702702703,0.14285714285714285,1.0,37.0,0.8571428571428571,0.8571428571428571,0.14285714285714285,1.0,False,False,,,,,,
chandra-ocr2,handwriting,iam_01898,0.22034641100000435,44,False,,,0.06,0.06,0.3,3.0,50.0,0.9,0.9,0.1,0.96,False,False,,,,,,
chandra-ocr2,handwriting,iam_01908,0.22034641100000435,44,False,,,0.0,0.0,0.0,0.0,53.0,1.0,1.0,0.0,1.0,False,False,,,,,,
chandra-ocr2,handwriting,iam_01970,0.22034641100000435,40,False,,,0.05,0.05,0.125,2.0,40.0,1.0,1.0,0.0,0.95,False,False,,,,,,
chandra-ocr2,handwriting,iam_01983,0.22034641100000435,43,False,,,0.043478260869565216,0.043478260869565216,0.1,2.0,46.0,0.8888888888888888,0.8888888888888888,0.1111111111111111,1.0,False,False,,,,,,
chandra-ocr2,handwriting,iam_01993,0.22034641100000435,40,False,,,0.0,0.0,0.0,0.0,46.0,1.0,1.0,0.0,1.0,False,False,,,,,,
chandra-ocr2,handwriting,iam_02060,0.22034641100000435,44,False,,,0.02040816326530612,0.02040816326530612,0.1111111111111111,1.0,49.0,0.8888888888888888,0.8888888888888888,0.1111111111111111,1.0,False,False,,,,,,
chandra-ocr2,handwriting,iam_02081,0.22034641100000435,44,False,,,0.022222222222222223,0.022222222222222223,0.2,1.0,45.0,1.0,1.0,0.0,0.9777777777777777,False,False,,,,,,
chandra-ocr2,handwriting,iam_02109,0.22034641100000435,42,False,,,0.0,0.0,0.0,0.0,43.0,1.0,1.0,0.0,1.0,False,False,,,,,,
chandra-ocr2,handwriting,iam_02171,0.22034641100000435,40,False,,,0.0,0.0,0.0,0.0,40.0,1.0,1.0,0.0,1.0,False,False,,,,,,
chandra-ocr2,handwriting,iam_02216,0.22034641100000435,43,False,,,0.07317073170731707,0.07317073170731707,0.2857142857142857,3.0,41.0,0.7142857142857143,0.7142857142857143,0.2857142857142857,0.975609756097561,False,False,,,,,,
chandra-ocr2,handwriting,iam_02279,0.22034641100000435,44,False,,,0.04081632653061224,0.04081632653061224,0.1,2.0,49.0,0.9090909090909091,0.9090909090909091,0.09090909090909091,0.9795918367346939,False,False,,,,,,
chandra-ocr2,handwriting,iam_02371,0.22034641100000435,38,False,,,0.09090909090909091,0.09090909090909091,0.2,2.0,22.0,1.0,1.0,0.0,0.9090909090909091,False,False,,,,,,
chandra-ocr2,handwriting,iam_02384,0.22034641100000435,42,False,,,0.02564102564102564,0.02564102564102564,0.1,1.0,39.0,1.0,1.0,0.0,1.0,False,False,,,,,,
chandra-ocr2,handwriting,iam_02463,0.22034641100000435,42,False,,,0.0,0.0,0.0,0.0,40.0,1.0,1.0,0.0,1.0,False,False,,,,,,
chandra-ocr2,handwriting,iam_02522,0.22034641100000435,50,False,,,0.08163265306122448,0.08163265306122448,0.5714285714285714,4.0,49.0,1.0,1.0,0.0,1.0,False,False,,,,,,
chandra-ocr2,handwriting,iam_02552,0.22034641100000435,44,False,,,0.0,0.0,0.0,0.0,41.0,1.0,1.0,0.0,1.0,False,False,,,,,,
chandra-ocr2,handwriting,iam_02640,0.22034641100000435,44,False,,,0.0,0.0,0.0,0.0,49.0,1.0,1.0,0.0,1.0,False,False,,,,,,
chandra-ocr2,handwriting,iam_02655,0.22034641100000435,48,False,,,0.0196078431372549,0.0196078431372549,0.2,1.0,51.0,1.0,1.0,0.0,0.9803921568627451,False,False,,,,,,
chandra-ocr2,handwriting,iam_02684,0.22034641100000435,45,False,,,0.0,0.0,0.0,0.0,57.0,1.0,1.0,0.0,1.0,False,False,,,,,,
chandra-ocr2,handwriting,iam_02725,0.22034641100000435,43,False,,,0.0,0.0,0.0,0.0,57.0,1.0,1.0,0.0,1.0,False,False,,,,,,
chandra-ocr2,handwriting,iam_02733,0.22034641100000435,39,False,,,0.0,0.0,0.0,0.0,39.0,1.0,1.0,0.0,1.0,False,False,,,,,,
chandra-ocr2,handwriting,iam_02750,0.22034641100000435,41,False,,,0.0,0.0,0.0,0.0,40.0,1.0,1.0,0.0,1.0,False,False,,,,,,
chandra-ocr2,handwriting,iam_02765,0.22034641100000435,43,False,,,0.07894736842105263,0.07894736842105263,0.375,3.0,38.0,1.0,1.0,0.0,0.9736842105263158,False,False,,,,,,
chandra-ocr2,handwriting,iam_02838,0.22034641100000435,41,False,,,0.0,0.0,0.0,0.0,27.0,1.0,1.0,0.0,1.0,False,False,,,,,,
chandra-ocr2,stress,syn000_prose__clean,3.2629615903437497,748,False,,,0.0,0.0,0.0,0.0,2182.0,1.0,1.0,0.0,1.0,False,False,,,,,prose,clean
chandra-ocr2,stress,syn000_prose__dpi150,3.2629615903437497,748,False,,,0.0,0.0,0.0,0.0,2182.0,1.0,1.0,0.0,1.0,False,False,,,,,prose,dpi150
chandra-ocr2,stress,syn000_prose__dpi75,3.2629615903437497,748,False,,,0.0,0.0,0.0,0.0,2182.0,1.0,1.0,0.0,1.0,False,False,,,,,prose,dpi75
chandra-ocr2,stress,syn000_prose__blur,3.2629615903437497,748,False,,,0.0,0.0,0.0,0.0,2182.0,1.0,1.0,0.0,1.0,False,False,,,,,prose,blur
chandra-ocr2,stress,syn000_prose__noise,3.2629615903437497,748,False,,,0.0,0.0,0.0,0.0,2182.0,1.0,1.0,0.0,1.0,False,False,,,,,prose,noise
chandra-ocr2,stress,syn000_prose__rotate3,3.2629615903437497,752,False,,,0.0,0.0,0.0,0.0,2182.0,1.0,1.0,0.0,1.0,False,False,,,,,prose,rotate3
chandra-ocr2,stress,syn000_prose__rotate8,3.2629615903437497,757,False,,,0.0,0.0,0.0,0.0,2182.0,1.0,1.0,0.0,1.0,False,False,,,,,prose,rotate8
chandra-ocr2,stress,syn000_prose__jpeg_q10,3.2629615903437497,748,False,,,0.0,0.0,0.0,0.0,2182.0,1.0,1.0,0.0,1.0,False,False,,,,,prose,jpeg_q10
chandra-ocr2,stress,syn000_prose__low_contrast,3.2629615903437497,748,False,,,0.0,0.0,0.0,0.0,2182.0,1.0,1.0,0.0,1.0,False,False,,,,,prose,low_contrast
chandra-ocr2,stress,syn000_prose__photocopy,3.2629615903437497,748,False,,,0.0,0.0,0.0,0.0,2182.0,1.0,1.0,0.0,1.0,False,False,,,,,prose,photocopy
chandra-ocr2,stress,syn000_prose__phone_photo,3.2629615903437497,757,False,,,0.0,0.0,0.0,0.0,2182.0,1.0,1.0,0.0,1.0,False,False,,,,,prose,phone_photo
chandra-ocr2,stress,syn001_two_column__clean,3.2629615903437497,659,False,,,0.0,0.0,0.0,0.0,2056.0,1.0,1.0,0.0,1.0,False,False,,,,,two_column,clean
chandra-ocr2,stress,syn001_two_column__dpi150,3.2629615903437497,659,False,,,0.0,0.0,0.0,0.0,2056.0,1.0,1.0,0.0,1.0,False,False,,,,,two_column,dpi150
chandra-ocr2,stress,syn001_two_column__dpi75,3.2629615903437497,659,False,,,0.0,0.0,0.0,0.0,2056.0,1.0,1.0,0.0,1.0,False,False,,,,,two_column,dpi75
chandra-ocr2,stress,syn001_two_column__blur,3.2629615903437497,659,False,,,0.0,0.0,0.0,0.0,2056.0,1.0,1.0,0.0,1.0,False,False,,,,,two_column,blur
chandra-ocr2,stress,syn001_two_column__noise,3.2629615903437497,659,False,,,0.0,0.0,0.0,0.0,2056.0,1.0,1.0,0.0,1.0,False,False,,,,,two_column,noise
chandra-ocr2,stress,syn001_two_column__rotate3,3.2629615903437497,661,False,,,0.0,0.0,0.0,0.0,2056.0,1.0,1.0,0.0,1.0,False,False,,,,,two_column,rotate3
chandra-ocr2,stress,syn001_two_column__rotate8,3.2629615903437497,664,False,,,0.0,0.0,0.0,0.0,2056.0,1.0,1.0,0.0,1.0,False,False,,,,,two_column,rotate8
chandra-ocr2,stress,syn001_two_column__jpeg_q10,3.2629615903437497,659,False,,,0.0,0.0,0.0,0.0,2056.0,1.0,1.0,0.0,1.0,False,False,,,,,two_column,jpeg_q10
chandra-ocr2,stress,syn001_two_column__low_contrast,3.2629615903437497,659,False,,,0.0,0.0,0.0,0.0,2056.0,1.0,1.0,0.0,1.0,False,False,,,,,two_column,low_contrast
chandra-ocr2,stress,syn001_two_column__photocopy,3.2629615903437497,659,False,,,0.0,0.0,0.0,0.0,2056.0,1.0,1.0,0.0,1.0,False,False,,,,,two_column,photocopy
chandra-ocr2,stress,syn001_two_column__phone_photo,3.2629615903437497,665,False,,,0.0,0.0,0.0,0.0,2056.0,1.0,1.0,0.0,1.0,False,False,,,,,two_column,phone_photo
chandra-ocr2,stress,syn002_table__clean,3.2629615903437497,504,False,,,0.0,0.0,0.0,0.0,426.0,1.0,1.0,0.0,1.0,False,False,,,,,table,clean
chandra-ocr2,stress,syn002_table__dpi150,3.2629615903437497,504,False,,,0.0,0.0,0.0,0.0,426.0,1.0,1.0,0.0,1.0,False,False,,,,,table,dpi150
chandra-ocr2,stress,syn002_table__dpi75,3.2629615903437497,500,False,,,0.0,0.0,0.0,0.0,426.0,1.0,1.0,0.0,1.0,False,False,,,,,table,dpi75
chandra-ocr2,stress,syn002_table__blur,3.2629615903437497,500,False,,,0.0,0.0,0.0,0.0,426.0,1.0,1.0,0.0,1.0,False,False,,,,,table,blur
chandra-ocr2,stress,syn002_table__noise,3.2629615903437497,504,False,,,0.0,0.0,0.0,0.0,426.0,1.0,1.0,0.0,1.0,False,False,,,,,table,noise
chandra-ocr2,stress,syn002_table__rotate3,3.2629615903437497,505,False,,,0.0,0.0,0.0,0.0,426.0,1.0,1.0,0.0,1.0,False,False,,,,,table,rotate3
chandra-ocr2,stress,syn002_table__rotate8,3.2629615903437497,600,False,,,0.0,0.0,0.0,0.0,426.0,1.0,1.0,0.0,1.0,False,False,,,,,table,rotate8
chandra-ocr2,stress,syn002_table__jpeg_q10,3.2629615903437497,500,False,,,0.0,0.0,0.0,0.0,426.0,1.0,1.0,0.0,1.0,False,False,,,,,table,jpeg_q10
chandra-ocr2,stress,syn002_table__low_contrast,3.2629615903437497,504,False,,,0.0,0.0,0.0,0.0,426.0,1.0,1.0,0.0,1.0,False,False,,,,,table,low_contrast
chandra-ocr2,stress,syn002_table__photocopy,3.2629615903437497,500,False,,,0.0,0.0,0.0,0.0,426.0,1.0,1.0,0.0,1.0,False,False,,,,,table,photocopy
chandra-ocr2,stress,syn002_table__phone_photo,4.04188091486958,507,False,,,0.0,0.0,0.0,0.0,426.0,1.0,1.0,0.0,1.0,False,False,,,,,table,phone_photo
chandra-ocr2,stress,syn003_invoice__clean,4.04188091486958,695,False,,,0.0,0.0,0.0,0.0,463.0,1.0,1.0,0.0,1.0,False,False,,,,,invoice,clean
chandra-ocr2,stress,syn003_invoice__dpi150,4.04188091486958,695,False,,,0.0,0.0,0.0,0.0,463.0,1.0,1.0,0.0,1.0,False,False,,,,,invoice,dpi150
chandra-ocr2,stress,syn003_invoice__dpi75,4.04188091486958,695,False,,,0.0,0.0,0.0,0.0,463.0,1.0,1.0,0.0,1.0,False,False,,,,,invoice,dpi75
chandra-ocr2,stress,syn003_invoice__blur,4.04188091486958,695,False,,,0.0,0.0,0.0,0.0,463.0,1.0,1.0,0.0,1.0,False,False,,,,,invoice,blur
chandra-ocr2,stress,syn003_invoice__noise,4.04188091486958,695,False,,,0.0,0.0,0.0,0.0,463.0,1.0,1.0,0.0,1.0,False,False,,,,,invoice,noise
chandra-ocr2,stress,syn003_invoice__rotate3,4.04188091486958,696,False,,,0.0,0.0,0.0,0.0,463.0,1.0,1.0,0.0,1.0,False,False,,,,,invoice,rotate3
chandra-ocr2,stress,syn003_invoice__rotate8,4.04188091486958,580,False,,,0.0,0.0,0.0,0.0,463.0,1.0,1.0,0.0,1.0,False,False,,,,,invoice,rotate8
chandra-ocr2,stress,syn003_invoice__jpeg_q10,4.04188091486958,695,False,,,0.0,0.0,0.0,0.0,463.0,1.0,1.0,0.0,1.0,False,False,,,,,invoice,jpeg_q10
chandra-ocr2,stress,syn003_invoice__low_contrast,4.04188091486958,695,False,,,0.0,0.0,0.0,0.0,463.0,1.0,1.0,0.0,1.0,False,False,,,,,invoice,low_contrast
chandra-ocr2,stress,syn003_invoice__photocopy,4.04188091486958,695,False,,,0.0,0.0,0.0,0.0,463.0,1.0,1.0,0.0,1.0,False,False,,,,,invoice,photocopy
chandra-ocr2,stress,syn003_invoice__phone_photo,4.04188091486958,703,False,,,0.0,0.0,0.0,0.0,463.0,1.0,1.0,0.0,1.0,False,False,,,,,invoice,phone_photo
chandra-ocr2,stress,syn004_prose__clean,4.04188091486958,744,False,,,0.0,0.0,0.0,0.0,2242.0,1.0,1.0,0.0,1.0,False,False,,,,,prose,clean
chandra-ocr2,stress,syn004_prose__dpi150,4.04188091486958,744,False,,,0.0,0.0,0.0,0.0,2242.0,1.0,1.0,0.0,1.0,False,False,,,,,prose,dpi150
chandra-ocr2,stress,syn004_prose__dpi75,4.04188091486958,744,False,,,0.0,0.0,0.0,0.0,2242.0,1.0,1.0,0.0,1.0,False,False,,,,,prose,dpi75
chandra-ocr2,stress,syn004_prose__blur,4.04188091486958,744,False,,,0.0,0.0,0.0,0.0,2242.0,1.0,1.0,0.0,1.0,False,False,,,,,prose,blur
chandra-ocr2,stress,syn004_prose__noise,4.04188091486958,744,False,,,0.0,0.0,0.0,0.0,2242.0,1.0,1.0,0.0,1.0,False,False,,,,,prose,noise
chandra-ocr2,stress,syn004_prose__rotate3,4.04188091486958,749,False,,,0.0,0.0,0.0,0.0,2242.0,1.0,1.0,0.0,1.0,False,False,,,,,prose,rotate3
chandra-ocr2,stress,syn004_prose__rotate8,4.04188091486958,721,False,,,0.0,0.0,0.0,0.0,2242.0,1.0,1.0,0.0,1.0,False,False,,,,,prose,rotate8
chandra-ocr2,stress,syn004_prose__jpeg_q10,4.04188091486958,744,False,,,0.0,0.0,0.0,0.0,2242.0,1.0,1.0,0.0,1.0,False,False,,,,,prose,jpeg_q10
chandra-ocr2,stress,syn004_prose__low_contrast,4.04188091486958,744,False,,,0.0,0.0,0.0,0.0,2242.0,1.0,1.0,0.0,1.0,False,False,,,,,prose,low_contrast
chandra-ocr2,stress,syn004_prose__photocopy,4.04188091486958,744,False,,,0.0,0.0,0.0,0.0,2242.0,1.0,1.0,0.0,1.0,False,False,,,,,prose,photocopy
chandra-ocr2,stress,syn004_prose__phone_photo,4.04188091486958,754,False,,,0.0,0.0,0.0,0.0,2242.0,1.0,1.0,0.0,1.0,False,False,,,,,prose,phone_photo
qwen2.5-vl-7b,books,birdsofgreatbrit02butl_0093_full,6.65368201468749,585,False,birdsofgreatbrit02butl,en,0.007867132867132868,0.00043591979075850045,0.0026954177897574125,1.0,2294.0,0.9974093264248705,0.9948320413436692,0.00516795865633075,1.0004359197907584,False,False,,,,,,
qwen2.5-vl-7b,books,birdsofgreatbrit02butl_0126_full,6.65368201468749,704,False,birdsofgreatbrit02butl,en,0.013742071881606765,0.0038732394366197184,0.01735357917570499,11.0,2840.0,0.9838709677419355,0.9858585858585859,0.014141414141414142,0.9985915492957746,False,False,,,,,,
qwen2.5-vl-7b,books,birdsofgreatbrit02butl_0156_full,6.65368201468749,476,False,birdsofgreatbrit02butl,en,0.02204301075268817,0.011229946524064172,0.02631578947368421,21.0,1870.0,0.9775641025641025,0.9870550161812298,0.012944983818770227,0.9951871657754011,False,False,,,,,,
qwen2.5-vl-7b,books,birdsofgreatbrit02butl_0159_full,6.65368201468749,696,False,birdsofgreatbrit02butl,en,0.007961232260297681,0.0,0.0,0.0,2897.0,1.0,1.0,0.0,1.0,False,False,,,,,,
qwen2.5-vl-7b,books,birdsofgreatbrit02butl_0172_full,6.65368201468749,731,False,birdsofgreatbrit02butl,en,0.01773274224192527,0.0018856065367693275,0.006896551724137931,6.0,3182.0,0.9949152542372881,0.9932318104906938,0.00676818950930626,1.0012570710245128,False,False,,,,,,
qwen2.5-vl-7b,books,birdsofgreatbrit02butl_0308_full,6.65368201468749,444,False,birdsofgreatbrit02butl,en,0.007671232876712329,0.0,0.0,0.0,1826.0,1.0,1.0,0.0,1.0,False,False,,,,,,
qwen2.5-vl-7b,books,birdsofgreatbrit02butl_0312_full,6.65368201468749,273,False,birdsofgreatbrit02butl,en,0.009328358208955223,0.007455731593662628,0.028089887640449437,8.0,1073.0,0.989010989010989,0.9782608695652174,0.021739130434782608,1.0027958993476236,False,False,,,,,,
qwen2.5-vl-7b,books,birdsofgreatbrit02butl_0320_full,6.65368201468749,522,False,birdsofgreatbrit02butl,en,0.012744651797906235,0.009099181073703366,0.010958904109589041,20.0,2198.0,0.9869791666666666,0.9973684210526316,0.002631578947368421,0.9913557779799818,False,False,,,,,,
qwen2.5-vl-7b,books,birdsofgreatbrit02butl_0328_full,6.65368201468749,295,False,birdsofgreatbrit02butl,en,0.020030816640986132,0.020030816640986132,0.07368421052631578,13.0,649.0,0.9716981132075472,0.9626168224299065,0.037383177570093455,0.9969183359013868,False,False,,,,,,
qwen2.5-vl-7b,books,conchologiaiconi05reev_0039_full,6.65368201468749,1219,False,conchologiaiconi05reev,en,0.09440203562340967,0.08604887983706722,0.23117338003502627,338.0,3928.0,0.7726495726495727,0.8188405797101449,0.18115942028985507,0.9572301425661914,False,False,,,,,,
qwen2.5-vl-7b,books,conchologiaiconi05reev_0127_full,6.65368201468749,1312,False,conchologiaiconi05reev,en,0.07501838685952439,0.06645335958651243,0.22007722007722008,270.0,4063.0,0.8048327137546468,0.7872727272727272,0.21272727272727274,1.0066453359586511,False,False,,,,,,
qwen2.5-vl-7b,books,conchologiaiconi05reev_0200_full,6.65368201468749,1275,False,conchologiaiconi05reev,en,0.0373270686504829,0.02972119936875329,0.15904572564612326,113.0,3802.0,0.8639846743295019,0.8509433962264151,0.1490566037735849,1.0089426617569701,False,False,,,,,,
qwen2.5-vl-7b,books,conchologiaiconi05reev_0235_full,6.65368201468749,1220,False,conchologiaiconi05reev,en,0.048489886395123305,0.03470294280955025,0.18695652173913044,125.0,3602.0,0.8221757322175732,0.81875,0.18125,1.0030538589672404,False,False,,,,,,
qwen2.5-vl-7b,books,conchologiaiconi05reev_0271_full,6.65368201468749,1169,False,conchologiaiconi05reev,en,0.6310289389067524,0.6303241360835788,0.8550420168067226,2353.0,3733.0,0.6693711967545639,0.75,0.25,0.8842753817305117,False,False,,,,,,
qwen2.5-vl-7b,books,conchologiaiconi05reev_0276_full,6.65368201468749,1582,False,conchologiaiconi05reev,en,0.6518032786885246,0.6467236467236467,0.8588850174216028,2951.0,4563.0,0.8492462311557789,0.8435940099833611,0.15640599001663893,1.0017532325224634,False,False,,,,,,
qwen2.5-vl-7b,books,conchologiaiconi05reev_0350_full,6.65368201468749,627,False,conchologiaiconi05reev,en,0.5414187643020595,0.5360587965089573,0.6372881355932203,1167.0,2177.0,0.7251655629139073,0.8202247191011236,0.1797752808988764,0.9090491502067065,False,False,,,,,,
qwen2.5-vl-7b,books,conchologiaiconi05reev_0354_full,5.707940216374993,1179,False,conchologiaiconi05reev,en,0.049198763002530226,0.037380550871275994,0.1877637130801688,133.0,3558.0,0.8296146044624746,0.821285140562249,0.178714859437751,1.0064643057897695,False,False,,,,,,
qwen2.5-vl-7b,books,conchologiaiconi05reev_0433_full,5.707940216374993,1193,False,conchologiaiconi05reev,en,0.033847820200379096,0.025815217391304348,0.14565217391304347,95.0,3680.0,0.864476386036961,0.8609406952965235,0.1390593047034765,1.001086956521739,False,False,,,,,,
qwen2.5-vl-7b,books,daschitinskelett00prel_0011_full,5.707940216374993,843,False,daschitinskelett00prel,de,0.01589319771137953,0.012763241863433313,0.03686635944700461,40.0,3134.0,0.974477958236659,0.9813084112149533,0.018691588785046728,0.9952137843012125,False,False,,,,,,
qwen2.5-vl-7b,books,daschitinskelett00prel_0021_full,5.707940216374993,1133,False,daschitinskelett00prel,de,0.011137011137011137,0.00804985717995326,0.0425531914893617,31.0,3851.0,0.9768683274021353,0.9631578947368421,0.03684210526315789,1.0002596728122566,False,False,,,,,,
qwen2.5-vl-7b,books,daschitinskelett00prel_0034_full,5.707940216374993,827,False,daschitinskelett00prel,de,0.005023442732752847,0.003688799463447351,0.011737089201877934,11.0,2982.0,0.9952941176470588,0.9952941176470588,0.004705882352941176,1.0,False,False,,,,,,
qwen2.5-vl-7b,books,daschitinskelett00prel_0037_full,5.707940216374993,1127,False,daschitinskelett00prel,de,0.02454473475851148,0.020402755696873345,0.15482695810564662,77.0,3774.0,0.9708029197080292,0.867862969004894,0.13213703099510604,1.016428192898781,False,False,,,,,,
qwen2.5-vl-7b,books,daschitinskelett00prel_0038_full,5.707940216374993,1068,False,daschitinskelett00prel,de,0.009074410163339383,0.004946628482166103,0.018867924528301886,19.0,3841.0,0.9867924528301887,0.9867924528301887,0.013207547169811321,0.998177557927623,False,False,,,,,,
qwen2.5-vl-7b,books,daschitinskelett00prel_0051_full,5.707940216374993,1228,False,daschitinskelett00prel,de,0.05570960423493824,0.052844500632111255,0.3821428571428571,209.0,3955.0,0.9354838709677419,0.7160493827160493,0.2839506172839506,1.0379266750948166,False,False,,,,,,
qwen2.5-vl-7b,books,daschitinskelett00prel_0057_full,5.707940216374993,959,False,daschitinskelett00prel,de,0.006594036697247707,0.006601607347876005,0.02100840336134454,23.0,3484.0,0.9852941176470589,0.9852941176470589,0.014705882352941176,0.9979908151549942,False,False,,,,,,
qwen2.5-vl-7b,books,daschitinskelett00prel_0060_full,5.707940216374993,261,False,daschitinskelett00prel,de,0.009977827050997782,0.002232142857142857,0.008264462809917356,2.0,896.0,1.0,1.0,0.0,0.9977678571428571,False,False,,,,,,
qwen2.5-vl-7b,books,histoirenaturell10cuvi_0014_full,5.707940216374993,327,False,histoirenaturell10cuvi,fr,0.019327731092436976,0.007627118644067797,0.028409090909090908,9.0,1180.0,0.973404255319149,0.973404255319149,0.026595744680851064,0.9957627118644068,False,False,,,,,,
qwen2.5-vl-7b,books,histoirenaturell10cuvi_0070_full,5.707940216374993,433,False,histoirenaturell10cuvi,fr,0.08068459657701711,0.04938271604938271,0.0825242718446602,60.0,1215.0,0.968609865470852,0.968609865470852,0.03139013452914798,1.0,False,False,,,,,,
qwen2.5-vl-7b,books,histoirenaturell10cuvi_0172_full,5.707940216374993,375,False,histoirenaturell10cuvi,fr,0.012142237640936688,0.0,0.0,0.0,1150.0,1.0,1.0,0.0,1.0,False,False,,,,,,
qwen2.5-vl-7b,books,histoirenaturell10cuvi_0188_full,5.707940216374993,481,False,histoirenaturell10cuvi,fr,0.02445302445302445,0.005798969072164949,0.033962264150943396,9.0,1552.0,0.9694915254237289,0.9662162162162162,0.033783783783783786,1.0006443298969072,False,False,,,,,,
qwen2.5-vl-7b,books,histoirenaturell10cuvi_0251_full,5.707940216374993,417,False,histoirenaturell10cuvi,fr,0.024744027303754267,0.003451251078515962,0.014925373134328358,4.0,1159.0,0.985981308411215,0.985981308411215,0.014018691588785047,1.001725625539258,False,False,,,,,,
qwen2.5-vl-7b,books,histoirenaturell10cuvi_0343_full,5.707940216374993,431,False,histoirenaturell10cuvi,fr,0.0328381548084441,0.02292490118577075,0.05025125628140704,29.0,1265.0,0.9852941176470589,0.9663461538461539,0.03365384615384615,0.9992094861660079,False,False,,,,,,
qwen2.5-vl-7b,books,histoirenaturell10cuvi_0369_full,16.268509488999996,420,False,histoirenaturell10cuvi,fr,0.02,0.004640371229698376,0.02727272727272727,6.0,1293.0,0.9870689655172413,0.9870689655172413,0.01293103448275862,0.9984532095901005,False,False,,,,,,
qwen2.5-vl-7b,books,histoirenaturell10cuvi_0425_full,16.268509488999996,485,False,histoirenaturell10cuvi,fr,0.02026599113362888,0.0019083969465648854,0.010830324909747292,3.0,1572.0,0.9897959183673469,0.9897959183673469,0.01020408163265306,1.0,False,False,,,,,,
qwen2.5-vl-7b,books,pisciumquerelaee00sche_0012_full,16.268509488999996,4096,False,pisciumquerelaee00sche,la,1.0,1.0,1.0,1659.0,1659.0,0.0,0.0,0.0,0.0,True,True,,,,,,
qwen2.5-vl-7b,books,pisciumquerelaee00sche_0013_full,16.268509488999996,784,False,pisciumquerelaee00sche,la,0.10659599528857479,0.08977407847800238,0.3458333333333333,151.0,1682.0,0.6591760299625468,0.7242798353909465,0.2757201646090535,1.0309155766944114,False,False,,,,,,
qwen2.5-vl-7b,books,pisciumquerelaee00sche_0016_full,16.268509488999996,603,False,pisciumquerelaee00sche,la,0.09375,0.08169727675744141,0.3656387665198238,129.0,1579.0,0.6652892561983471,0.6909871244635193,0.3090128755364807,1.0246991766941103,False,False,,,,,,
qwen2.5-vl-7b,books,pisciumquerelaee00sche_0035_full,16.268509488999996,590,False,pisciumquerelaee00sche,la,0.13109756097560976,0.09453652547575199,0.3815789473684211,154.0,1629.0,0.6910569105691057,0.7391304347826086,0.2608695652173913,1.0141190914671578,False,False,,,,,,
qwen2.5-vl-7b,books,pisciumquerelaee00sche_0038_full,16.268509488999996,503,False,pisciumquerelaee00sche,la,0.12447844228094576,0.10035335689045936,0.3299492385786802,142.0,1415.0,0.6881188118811881,0.7393617021276596,0.26063829787234044,1.017667844522968,False,False,,,,,,
qwen2.5-vl-7b,books,pisciumquerelaee00sche_0040_full,16.268509488999996,683,False,pisciumquerelaee00sche,la,0.1122334455667789,0.09178470254957508,0.29411764705882354,162.0,1765.0,0.6721854304635762,0.7718631178707225,0.22813688212927757,1.0362606232294618,False,False,,,,,,
qwen2.5-vl-7b,books,pisciumquerelaee00sche_0041_full,16.268509488999996,537,False,pisciumquerelaee00sche,la,0.10075093867334167,0.10296904611497157,0.4,163.0,1583.0,0.6130268199233716,0.6751054852320675,0.32489451476793246,1.0334807327858497,False,False,,,,,,
qwen2.5-vl-7b,books,pisciumquerelaee00sche_0044_full,16.268509488999996,4096,False,pisciumquerelaee00sche,la,0.35294117647058826,0.35148514851485146,0.5,142.0,404.0,0.5283018867924528,0.717948717948718,0.28205128205128205,0.7202970297029703,False,True,,,,,,
qwen2.5-vl-7b,books,trudyrusskagoent161881russ_0098_full,16.268509488999996,680,False,trudyrusskagoent161881russ,fr+de,0.017857142857142856,0.017894012388162423,0.10784313725490197,26.0,1453.0,0.9246231155778895,0.9154228855721394,0.0845771144278607,0.9917412250516173,False,False,,,,,,
qwen2.5-vl-7b,books,trudyrusskagoent161881russ_0121_full,16.268509488999996,553,False,trudyrusskagoent161881russ,fr+de,0.021231422505307854,0.005851063829787234,0.04498269896193772,11.0,1880.0,0.986013986013986,0.9894736842105263,0.010526315789473684,0.9962765957446809,False,False,,,,,,
qwen2.5-vl-7b,books,trudyrusskagoent161881russ_0276_full,16.268509488999996,518,False,trudyrusskagoent161881russ,fr+de,0.013310185185185185,0.0023148148148148147,0.01195219123505976,4.0,1728.0,0.9919028340080972,0.9919028340080972,0.008097165991902834,1.0,False,False,,,,,,
qwen2.5-vl-7b,books,trudyrusskagoent161881russ_0329_full,16.268509488999996,693,False,trudyrusskagoent161881russ,fr+de,0.011933174224343675,0.005752636625119847,0.030821917808219176,12.0,2086.0,0.9724137931034482,0.9724137931034482,0.027586206896551724,0.9966442953020134,False,False,,,,,,
qwen2.5-vl-7b,books,trudyrusskagoent161881russ_0357_full,16.268509488999996,553,False,trudyrusskagoent161881russ,fr+de,0.0196078431372549,0.0075449796865931515,0.03319502074688797,13.0,1723.0,0.9710743801652892,0.975103734439834,0.024896265560165973,0.9982588508415554,False,False,,,,,,
qwen2.5-vl-7b,books,trudyrusskagoent161881russ_0379_full,16.268509488999996,600,False,trudyrusskagoent161881russ,fr+de,0.02047952047952048,0.009533366783743101,0.05345911949685535,19.0,1993.0,0.975975975975976,0.9730538922155688,0.02694610778443114,0.9979929754139488,False,False,,,,,,
qwen2.5-vl-7b,docs,headers_footers__0b8de922246569bf96136cd5bb1d9643b2d269fe_page_10_processed,15.844496350937504,356,False,,,,,,,,,,,,False,,headers_footers,2.0,1.0,"[{""id"": ""0b8de922246569bf96136cd5bb1d9643b2d269fe_page_10_processed.pdf_manual_00"", ""type"": ""absent"", ""passed"": false, ""category"": ""headers_footers""}, {""id"": ""auto_baseline"", ""type"": ""baseline"", ""passed"": true, ""category"": ""baseline""}]",,
qwen2.5-vl-7b,docs,headers_footers__12e836a20227be4b63f7dcdebb2498e9d189d4da_page_5_processed,15.844496350937504,999,False,,,,,,,,,,,,False,,headers_footers,4.0,2.0,"[{""id"": ""12e836a20227be4b63f7dcdebb2498e9d189d4da_page_5_processed_pg1_header_00"", ""type"": ""absent"", ""passed"": false, ""category"": ""headers_footers""}, {""id"": ""12e836a20227be4b63f7dcdebb2498e9d189d4da_page_5_processed_pg1_header_01"", ""type"": ""absent"", ""passed"": false, ""category"": ""headers_footers""}, {""id"": ""12e836a20227be4b63f7dcdebb2498e9d189d4da_page_5_processed_pg1_header_02"", ""type"": ""absent"", ""passed"": true, ""category"": ""headers_footers""}, {""id"": ""auto_baseline"", ""type"": ""baseline"", ""passed"": true, ""category"": ""baseline""}]",,
qwen2.5-vl-7b,docs,headers_footers__17ce5025be595d7fc2c3a347b6a2fa4e4d06419d_page_1,15.844496350937504,218,False,,,,,,,,,,,,False,,headers_footers,2.0,2.0,"[{""id"": ""17ce5025be595d7fc2c3a347b6a2fa4e4d06419d_page_1_header_00"", ""type"": ""absent"", ""passed"": true, ""category"": ""headers_footers""}, {""id"": ""auto_baseline"", ""type"": ""baseline"", ""passed"": true, ""category"": ""baseline""}]",,
qwen2.5-vl-7b,docs,headers_footers__1a3e61746b0965df09bce6cb1051c455807363d5_page_1,15.844496350937504,695,False,,,,,,,,,,,,False,,headers_footers,3.0,3.0,"[{""id"": ""1a3e61746b0965df09bce6cb1051c455807363d5_page_1_header_00"", ""type"": ""absent"", ""passed"": true, ""category"": ""headers_footers""}, {""id"": ""1a3e61746b0965df09bce6cb1051c455807363d5_page_1.pdf_manual_00"", ""type"": ""absent"", ""passed"": true, ""category"": ""headers_footers""}, {""id"": ""auto_baseline"", ""type"": ""baseline"", ""passed"": true, ""category"": ""baseline""}]",,
qwen2.5-vl-7b,docs,headers_footers__2cb8b9fbe5aaac3d7f95d110a3b08132ee09d103_page_2,15.844496350937504,741,False,,,,,,,,,,,,False,,headers_footers,3.0,2.0,"[{""id"": ""2cb8b9fbe5aaac3d7f95d110a3b08132ee09d103_page_2_header_00"", ""type"": ""absent"", ""passed"": false, ""category"": ""headers_footers""}, {""id"": ""2cb8b9fbe5aaac3d7f95d110a3b08132ee09d103_page_2.pdf_manual_00"", ""type"": ""absent"", ""passed"": true, ""category"": ""headers_footers""}, {""id"": ""auto_baseline"", ""type"": ""baseline"", ""passed"": true, ""category"": ""baseline""}]",,
qwen2.5-vl-7b,docs,headers_footers__363300831b3da664b1bfe972e4f86464fa076da3_page_149,15.844496350937504,1116,False,,,,,,,,,,,,False,,headers_footers,6.0,2.0,"[{""id"": ""363300831b3da664b1bfe972e4f86464fa076da3_page_149_header_00"", ""type"": ""absent"", ""passed"": false, ""category"": ""headers_footers""}, {""id"": ""363300831b3da664b1bfe972e4f86464fa076da3_page_149_header_01"", ""type"": ""absent"", ""passed"": false, ""category"": ""headers_footers""}, {""id"": ""363300831b3da664b1bfe972e4f86464fa076da3_page_149_header_15"", ""type"": ""absent"", ""passed"": false, ""category"": ""headers_footers""}, {""id"": ""363300831b3da664b1bfe972e4f86464fa076da3_page_149_header_16"", ""type"": ""absent"", ""passed"": false, ""category"": ""headers_footers""}, {""id"": ""363300831b3da664b1bfe972e4f86464fa076da3_page_149.pdf_manual_00"", ""type"": ""absent"", ""passed"": true, ""category"": ""headers_footers""}, {""id"": ""auto_baseline"", ""type"": ""baseline"", ""passed"": true, ""category"": ""baseline""}]",,
qwen2.5-vl-7b,docs,headers_footers__62621cef2b1d5356a063aa7c9c735ac396fb2223_page_33,15.844496350937504,731,False,,,,,,,,,,,,False,,headers_footers,4.0,3.0,"[{""id"": ""62621cef2b1d5356a063aa7c9c735ac396fb2223_page_33_header_00"", ""type"": ""absent"", ""passed"": true, ""category"": ""headers_footers""}, {""id"": ""62621cef2b1d5356a063aa7c9c735ac396fb2223_page_33.pdf_manual_00"", ""type"": ""absent"", ""passed"": true, ""category"": ""headers_footers""}, {""id"": ""62621cef2b1d5356a063aa7c9c735ac396fb2223_page_33.pdf_manual_01"", ""type"": ""absent"", ""passed"": false, ""category"": ""headers_footers""}, {""id"": ""auto_baseline"", ""type"": ""baseline"", ""passed"": true, ""category"": ""baseline""}]",,
qwen2.5-vl-7b,docs,headers_footers__7901d119ed91a89f8fbabf0eef7174d75a7656e3_page_1,15.844496350937504,439,False,,,,,,,,,,,,False,,headers_footers,2.0,1.0,"[{""id"": ""7901d119ed91a89f8fbabf0eef7174d75a7656e3_page_1.pdf_manual_00"", ""type"": ""absent"", ""passed"": false, ""category"": ""headers_footers""}, {""id"": ""auto_baseline"", ""type"": ""baseline"", ""passed"": true, ""category"": ""baseline""}]",,
qwen2.5-vl-7b,docs,headers_footers__ba10222e40f05d76e2bf1d51c39066a4b1fe82ed_page_11,15.844496350937504,837,False,,,,,,,,,,,,False,,headers_footers,3.0,3.0,"[{""id"": ""ba10222e40f05d76e2bf1d51c39066a4b1fe82ed_page_11_header_00"", ""type"": ""absent"", ""passed"": true, ""category"": ""headers_footers""}, {""id"": ""ba10222e40f05d76e2bf1d51c39066a4b1fe82ed_page_11.pdf_manual_00"", ""type"": ""absent"", ""passed"": true, ""category"": ""headers_footers""}, {""id"": ""auto_baseline"", ""type"": ""baseline"", ""passed"": true, ""category"": ""baseline""}]",,
qwen2.5-vl-7b,docs,headers_footers__d8b9c4cd0ba9b036e09168c8dccccd1d43315ef4_page_1,15.844496350937504,1015,False,,,,,,,,,,,,False,,headers_footers,3.0,3.0,"[{""id"": ""d8b9c4cd0ba9b036e09168c8dccccd1d43315ef4_page_1_header_00"", ""type"": ""absent"", ""passed"": true, ""category"": ""headers_footers""}, {""id"": ""d8b9c4cd0ba9b036e09168c8dccccd1d43315ef4_page_1.pdf_manual_00"", ""type"": ""absent"", ""passed"": true, ""category"": ""headers_footers""}, {""id"": ""auto_baseline"", ""type"": ""baseline"", ""passed"": true, ""category"": ""baseline""}]",,
qwen2.5-vl-7b,docs,long_tiny_text__11_pg161_pg1,15.844496350937504,1620,False,,,,,,,,,,,,False,,long_tiny_text,9.0,9.0,"[{""id"": ""11_pg161_pg1_text_00"", ""type"": ""present"", ""passed"": true, ""category"": ""long_tiny_text""}, {""id"": ""11_pg161_pg1_text_01"", ""type"": ""present"", ""passed"": true, ""category"": ""long_tiny_text""}, {""id"": ""11_pg161_pg1_text_02"", ""type"": ""present"", ""passed"": true, ""category"": ""long_tiny_text""}, {""id"": ""11_pg161_pg1_text_03"", ""type"": ""present"", ""passed"": true, ""category"": ""long_tiny_text""}, {""id"": ""11_pg161_pg1_text_04"", ""type"": ""present"", ""passed"": true, ""category"": ""long_tiny_text""}, {""id"": ""11_pg161_pg1_text_05"", ""type"": ""present"", ""passed"": true, ""category"": ""long_tiny_text""}, {""id"": ""11_pg161_pg1_text_06"", ""type"": ""present"", ""passed"": true, ""category"": ""long_tiny_text""}, {""id"": ""11_pg161_pg1_text_07"", ""type"": ""present"", ""passed"": true, ""category"": ""long_tiny_text""}, {""id"": ""auto_baseline"", ""type"": ""baseline"", ""passed"": true, ""category"": ""baseline""}]",,
qwen2.5-vl-7b,docs,long_tiny_text__11_pg375_pg1,15.844496350937504,1238,False,,,,,,,,,,,,False,,long_tiny_text,4.0,3.0,"[{""id"": ""11_pg375_pg1_text_00"", ""type"": ""present"", ""passed"": true, ""category"": ""long_tiny_text""}, {""id"": ""11_pg375_pg1_text_01"", ""type"": ""present"", ""passed"": true, ""category"": ""long_tiny_text""}, {""id"": ""11_pg375_pg1_text_02"", ""type"": ""present"", ""passed"": false, ""category"": ""long_tiny_text""}, {""id"": ""auto_baseline"", ""type"": ""baseline"", ""passed"": true, ""category"": ""baseline""}]",,
qwen2.5-vl-7b,docs,long_tiny_text__13_pg556_pg1,15.844496350937504,2484,False,,,,,,,,,,,,False,,long_tiny_text,5.0,4.0,"[{""id"": ""13_pg556_pg1_text_00"", ""type"": ""present"", ""passed"": true, ""category"": ""long_tiny_text""}, {""id"": ""13_pg556_pg1_text_01"", ""type"": ""present"", ""passed"": true, ""category"": ""long_tiny_text""}, {""id"": ""13_pg556_pg1_text_02"", ""type"": ""present"", ""passed"": false, ""category"": ""long_tiny_text""}, {""id"": ""13_pg556_pg1_text_03"", ""type"": ""present"", ""passed"": true, ""category"": ""long_tiny_text""}, {""id"": ""auto_baseline"", ""type"": ""baseline"", ""passed"": true, ""category"": ""baseline""}]",,
qwen2.5-vl-7b,docs,long_tiny_text__13_pg566_pg1,15.844496350937504,1915,False,,,,,,,,,,,,False,,long_tiny_text,6.0,6.0,"[{""id"": ""13_pg566_pg1_text_00"", ""type"": ""present"", ""passed"": true, ""category"": ""long_tiny_text""}, {""id"": ""13_pg566_pg1_text_01"", ""type"": ""present"", ""passed"": true, ""category"": ""long_tiny_text""}, {""id"": ""13_pg566_pg1_text_02"", ""type"": ""present"", ""passed"": true, ""category"": ""long_tiny_text""}, {""id"": ""13_pg566_pg1_text_03"", ""type"": ""present"", ""passed"": true, ""category"": ""long_tiny_text""}, {""id"": ""13_pg566_pg1_text_04"", ""type"": ""present"", ""passed"": true, ""category"": ""long_tiny_text""}, {""id"": ""auto_baseline"", ""type"": ""baseline"", ""passed"": true, ""category"": ""baseline""}]",,
qwen2.5-vl-7b,docs,long_tiny_text__13_pg67_pg1,15.844496350937504,2689,False,,,,,,,,,,,,False,,long_tiny_text,6.0,4.0,"[{""id"": ""13_pg67_pg1_text_00"", ""type"": ""present"", ""passed"": false, ""category"": ""long_tiny_text""}, {""id"": ""13_pg67_pg1_text_01"", ""type"": ""present"", ""passed"": true, ""category"": ""long_tiny_text""}, {""id"": ""13_pg67_pg1_text_02"", ""type"": ""present"", ""passed"": false, ""category"": ""long_tiny_text""}, {""id"": ""13_pg67_pg1_text_03"", ""type"": ""present"", ""passed"": true, ""category"": ""long_tiny_text""}, {""id"": ""13_pg67_pg1_text_04"", ""type"": ""present"", ""passed"": true, ""category"": ""long_tiny_text""}, {""id"": ""auto_baseline"", ""type"": ""baseline"", ""passed"": true, ""category"": ""baseline""}]",,
qwen2.5-vl-7b,docs,long_tiny_text__14a_pg1,15.844496350937504,4096,False,,,,,,,,,,,,False,,long_tiny_text,6.0,4.0,"[{""id"": ""14a_pg1_text_01"", ""type"": ""present"", ""passed"": true, ""category"": ""long_tiny_text""}, {""id"": ""14a_pg1_text_02"", ""type"": ""present"", ""passed"": false, ""category"": ""long_tiny_text""}, {""id"": ""14a_pg1_text_04"", ""type"": ""present"", ""passed"": false, ""category"": ""long_tiny_text""}, {""id"": ""14a_pg1_text_05"", ""type"": ""present"", ""passed"": true, ""category"": ""long_tiny_text""}, {""id"": ""14a_pg1_text_06"", ""type"": ""present"", ""passed"": true, ""category"": ""long_tiny_text""}, {""id"": ""auto_baseline"", ""type"": ""baseline"", ""passed"": true, ""category"": ""baseline""}]",,
qwen2.5-vl-7b,docs,long_tiny_text__15c_pg1,16.35480062081251,1849,False,,,,,,,,,,,,False,,long_tiny_text,5.0,5.0,"[{""id"": ""15c_pg1_text_00"", ""type"": ""present"", ""passed"": true, ""category"": ""long_tiny_text""}, {""id"": ""15c_pg1_text_01"", ""type"": ""present"", ""passed"": true, ""category"": ""long_tiny_text""}, {""id"": ""15c_pg1_text_02"", ""type"": ""present"", ""passed"": true, ""category"": ""long_tiny_text""}, {""id"": ""15c_pg1_text_03"", ""type"": ""present"", ""passed"": true, ""category"": ""long_tiny_text""}, {""id"": ""auto_baseline"", ""type"": ""baseline"", ""passed"": true, ""category"": ""baseline""}]",,
qwen2.5-vl-7b,docs,long_tiny_text__17_pg2_pg1,16.35480062081251,1280,False,,,,,,,,,,,,False,,long_tiny_text,40.0,39.0,"[{""id"": ""17_pg2_pg1_text_00"", ""type"": ""present"", ""passed"": true, ""category"": ""long_tiny_text""}, {""id"": ""17_pg2_pg1_text_01"", ""type"": ""present"", ""passed"": true, ""category"": ""long_tiny_text""}, {""id"": ""17_pg2_pg1_text_02"", ""type"": ""present"", ""passed"": true, ""category"": ""long_tiny_text""}, {""id"": ""17_pg2_pg1_text_03"", ""type"": ""present"", ""passed"": true, ""category"": ""long_tiny_text""}, {""id"": ""17_pg2_pg1_text_04"", ""type"": ""present"", ""passed"": true, ""category"": ""long_tiny_text""}, {""id"": ""17_pg2_pg1_text_06"", ""type"": ""present"", ""passed"": true, ""category"": ""long_tiny_text""}, {""id"": ""17_pg2_pg1_text_07"", ""type"": ""present"", ""passed"": true, ""category"": ""long_tiny_text""}, {""id"": ""17_pg2_pg1_text_09"", ""type"": ""present"", ""passed"": true, ""category"": ""long_tiny_text""}, {""id"": ""17_pg2_pg1_text_10"", ""type"": ""present"", ""passed"": true, ""category"": ""long_tiny_text""}, {""id"": ""17_pg2_pg1_text_12"", ""type"": ""present"", ""passed"": true, ""category"": ""long_tiny_text""}, {""id"": ""17_pg2_pg1_text_13"", ""type"": ""present"", ""passed"": true, ""category"": ""long_tiny_text""}, {""id"": ""17_pg2_pg1_text_16"", ""type"": ""present"", ""passed"": true, ""category"": ""long_tiny_text""}, {""id"": ""17_pg2_pg1_text_17"", ""type"": ""present"", ""passed"": false, ""category"": ""long_tiny_text""}, {""id"": ""17_pg2_pg1_text_20"", ""type"": ""present"", ""passed"": true, ""category"": ""long_tiny_text""}, {""id"": ""17_pg2_pg1_text_23"", ""type"": ""present"", ""passed"": true, ""category"": ""long_tiny_text""}, {""id"": ""17_pg2_pg1_text_24"", ""type"": ""present"", ""passed"": true, ""category"": ""long_tiny_text""}, {""id"": ""17_pg2_pg1_text_25"", ""type"": ""present"", ""passed"": true, ""category"": ""long_tiny_text""}, {""id"": ""17_pg2_pg1_text_27"", ""type"": ""present"", ""passed"": true, ""category"": ""long_tiny_text""}, {""id"": ""17_pg2_pg1_text_28"", ""type"": ""present"", ""passed"": true, ""category"": ""long_tiny_text""}, {""id"": ""17_pg2_pg1_text_30"", ""type"": ""present"", ""passed"": true, ""category"": ""long_tiny_text""}, {""id"": ""17_pg2_pg1_text_31"", ""type"": ""present"", ""passed"": true, ""category"": ""long_tiny_text""}, {""id"": ""17_pg2_pg1_text_34"", ""type"": ""present"", ""passed"": true, ""category"": ""long_tiny_text""}, {""id"": ""17_pg2_pg1_text_37"", ""type"": ""present"", ""passed"": true, ""category"": ""long_tiny_text""}, {""id"": ""17_pg2_pg1_text_41"", ""type"": ""present"", ""passed"": true, ""category"": ""long_tiny_text""}, {""id"": ""17_pg2_pg1_text_43"", ""type"": ""present"", ""passed"": true, ""category"": ""long_tiny_text""}, {""id"": ""17_pg2_pg1_text_45"", ""type"": ""present"", ""passed"": true, ""category"": ""long_tiny_text""}, {""id"": ""17_pg2_pg1_text_49"", ""type"": ""present"", ""passed"": true, ""category"": ""long_tiny_text""}, {""id"": ""17_pg2_pg1_text_51"", ""type"": ""present"", ""passed"": true, ""category"": ""long_tiny_text""}, {""id"": ""17_pg2_pg1_text_56"", ""type"": ""present"", ""passed"": true, ""category"": ""long_tiny_text""}, {""id"": ""17_pg2_pg1_text_61"", ""type"": ""present"", ""passed"": true, ""category"": ""long_tiny_text""}, {""id"": ""17_pg2_pg1_text_65"", ""type"": ""present"", ""passed"": true, ""category"": ""long_tiny_text""}, {""id"": ""17_pg2_pg1_text_69"", ""type"": ""present"", ""passed"": true, ""category"": ""long_tiny_text""}, {""id"": ""17_pg2_pg1_text_74"", ""type"": ""present"", ""passed"": true, ""category"": ""long_tiny_text""}, {""id"": ""17_pg2_pg1_text_80"", ""type"": ""present"", ""passed"": true, ""category"": ""long_tiny_text""}, {""id"": ""17_pg2_pg1_text_83"", ""type"": ""present"", ""passed"": true, ""category"": ""long_tiny_text""}, {""id"": ""17_pg2_pg1_text_86"", ""type"": ""present"", ""passed"": true, ""category"": ""long_tiny_text""}, {""id"": ""17_pg2_pg1_text_88"", ""type"": ""present"", ""passed"": true, ""category"": ""long_tiny_text""}, {""id"": ""17_pg2_pg1_text_95"", ""type"": ""present"", ""passed"": true, ""category"": ""long_tiny_text""}, {""id"": ""17_pg2_pg1_text_97"", ""type"": ""present"", ""passed"": true, ""category"": ""long_tiny_text""}, {""id"": ""auto_baseline"", ""type"": ""baseline"", ""passed"": true, ""category"": ""baseline""}]",,
qwen2.5-vl-7b,docs,long_tiny_text__20_pg40_pg1,16.35480062081251,4096,False,,,,,,,,,,,,False,,long_tiny_text,6.0,1.0,"[{""id"": ""20_pg40_pg1_text_00"", ""type"": ""present"", ""passed"": false, ""category"": ""long_tiny_text""}, {""id"": ""20_pg40_pg1_text_01"", ""type"": ""present"", ""passed"": false, ""category"": ""long_tiny_text""}, {""id"": ""20_pg40_pg1_text_02"", ""type"": ""present"", ""passed"": false, ""category"": ""long_tiny_text""}, {""id"": ""20_pg40_pg1_text_03"", ""type"": ""present"", ""passed"": true, ""category"": ""long_tiny_text""}, {""id"": ""20_pg40_pg1_text_04"", ""type"": ""present"", ""passed"": false, ""category"": ""long_tiny_text""}, {""id"": ""auto_baseline"", ""type"": ""baseline"", ""passed"": false, ""category"": ""baseline""}]",,
qwen2.5-vl-7b,docs,long_tiny_text__20_pg46_pg1,16.35480062081251,1561,False,,,,,,,,,,,,False,,long_tiny_text,10.0,6.0,"[{""id"": ""20_pg46_pg1_text_00"", ""type"": ""present"", ""passed"": true, ""category"": ""long_tiny_text""}, {""id"": ""20_pg46_pg1_text_01"", ""type"": ""present"", ""passed"": true, ""category"": ""long_tiny_text""}, {""id"": ""20_pg46_pg1_text_02"", ""type"": ""present"", ""passed"": false, ""category"": ""long_tiny_text""}, {""id"": ""20_pg46_pg1_text_03"", ""type"": ""present"", ""passed"": true, ""category"": ""long_tiny_text""}, {""id"": ""20_pg46_pg1_text_04"", ""type"": ""present"", ""passed"": false, ""category"": ""long_tiny_text""}, {""id"": ""20_pg46_pg1_text_05"", ""type"": ""present"", ""passed"": false, ""category"": ""long_tiny_text""}, {""id"": ""20_pg46_pg1_text_06"", ""type"": ""present"", ""passed"": false, ""category"": ""long_tiny_text""}, {""id"": ""20_pg46_pg1_text_08"", ""type"": ""present"", ""passed"": true, ""category"": ""long_tiny_text""}, {""id"": ""20_pg46_pg1_text_09"", ""type"": ""present"", ""passed"": true, ""category"": ""long_tiny_text""}, {""id"": ""auto_baseline"", ""type"": ""baseline"", ""passed"": true, ""category"": ""baseline""}]",,
qwen2.5-vl-7b,docs,multi_column__00945e98ea0970dcffb8f548336df3a0137f_page_4_pg1,16.35480062081251,724,False,,,,,,,,,,,,False,,multi_column,4.0,3.0,"[{""id"": ""00945e98ea0970dcffb8f548336df3a0137f_page_4.pdf_order_0a8f368a"", ""type"": ""order"", ""passed"": false, ""category"": ""multi_column""}, {""id"": ""00945e98ea0970dcffb8f548336df3a0137f_page_4.pdf_order_3d4bbd69"", ""type"": ""order"", ""passed"": true, ""category"": ""multi_column""}, {""id"": ""00945e98ea0970dcffb8f548336df3a0137f_page_4.pdf_order_4cbab131"", ""type"": ""order"", ""passed"": true, ""category"": ""multi_column""}, {""id"": ""auto_baseline"", ""type"": ""baseline"", ""passed"": true, ""category"": ""baseline""}]",,
qwen2.5-vl-7b,docs,multi_column__00e2c7719d58bb49fd4031cce9dcccdddec2_page_1_pg1,16.35480062081251,784,False,,,,,,,,,,,,False,,multi_column,3.0,3.0,"[{""id"": ""00e2c7719d58bb49fd4031cce9dcccdddec2_page_1.pdf_order_85be1097"", ""type"": ""order"", ""passed"": true, ""category"": ""multi_column""}, {""id"": ""00e2c7719d58bb49fd4031cce9dcccdddec2_page_1.pdf_order_b903400b"", ""type"": ""order"", ""passed"": true, ""category"": ""multi_column""}, {""id"": ""auto_baseline"", ""type"": ""baseline"", ""passed"": true, ""category"": ""baseline""}]",,
qwen2.5-vl-7b,docs,multi_column__0114396ecb251aa3ebaeaeaed6bd4fe50bd2_page_2_pg1,16.35480062081251,1047,False,,,,,,,,,,,,False,,multi_column,6.0,6.0,"[{""id"": ""0114396ecb251aa3ebaeaeaed6bd4fe50bd2_page_2.pdf_order_e5d2d945"", ""type"": ""order"", ""passed"": true, ""category"": ""multi_column""}, {""id"": ""0114396ecb251aa3ebaeaeaed6bd4fe50bd2_page_2.pdf_order_6b2daa2b"", ""type"": ""order"", ""passed"": true, ""category"": ""multi_column""}, {""id"": ""0114396ecb251aa3ebaeaeaed6bd4fe50bd2_page_2.pdf_order_f61eafae"", ""type"": ""order"", ""passed"": true, ""category"": ""multi_column""}, {""id"": ""0114396ecb251aa3ebaeaeaed6bd4fe50bd2_page_2.pdf_order_40a2536e"", ""type"": ""order"", ""passed"": true, ""category"": ""multi_column""}, {""id"": ""0114396ecb251aa3ebaeaeaed6bd4fe50bd2_page_2.pdf_order_b8d41298"", ""type"": ""order"", ""passed"": true, ""category"": ""multi_column""}, {""id"": ""auto_baseline"", ""type"": ""baseline"", ""passed"": true, ""category"": ""baseline""}]",,
qwen2.5-vl-7b,docs,multi_column__019a8841dddeb304774ba62a9f5d8dccb43d_page_2_pg1,16.35480062081251,2199,False,,,,,,,,,,,,False,,multi_column,5.0,3.0,"[{""id"": ""019a8841dddeb304774ba62a9f5d8dccb43d_page_2.pdf_order_00d331ca"", ""type"": ""order"", ""passed"": true, ""category"": ""multi_column""}, {""id"": ""019a8841dddeb304774ba62a9f5d8dccb43d_page_2.pdf_order_2410e748"", ""type"": ""order"", ""passed"": false, ""category"": ""multi_column""}, {""id"": ""019a8841dddeb304774ba62a9f5d8dccb43d_page_2.pdf_order_5a8cba0a"", ""type"": ""order"", ""passed"": false, ""category"": ""multi_column""}, {""id"": ""019a8841dddeb304774ba62a9f5d8dccb43d_page_2.pdf_order_6a2477bc"", ""type"": ""order"", ""passed"": true, ""category"": ""multi_column""}, {""id"": ""auto_baseline"", ""type"": ""baseline"", ""passed"": true, ""category"": ""baseline""}]",,
qwen2.5-vl-7b,docs,multi_column__0208fbb5d6b646f972f4702428ad2cede5c5_page_6_pg1,16.35480062081251,965,False,,,,,,,,,,,,False,,multi_column,2.0,2.0,"[{""id"": ""0208fbb5d6b646f972f4702428ad2cede5c5_page_6.pdf_order_71ab8004"", ""type"": ""order"", ""passed"": true, ""category"": ""multi_column""}, {""id"": ""auto_baseline"", ""type"": ""baseline"", ""passed"": true, ""category"": ""baseline""}]",,
qwen2.5-vl-7b,docs,multi_column__027c390510b2fd3364f5a382f2bc304af018_page_4_pg1,16.35480062081251,1596,False,,,,,,,,,,,,False,,multi_column,5.0,2.0,"[{""id"": ""027c390510b2fd3364f5a382f2bc304af018_page_4.pdf_order_ea693a98"", ""type"": ""order"", ""passed"": false, ""category"": ""multi_column""}, {""id"": ""027c390510b2fd3364f5a382f2bc304af018_page_4.pdf_order_053bda58"", ""type"": ""order"", ""passed"": false, ""category"": ""multi_column""}, {""id"": ""027c390510b2fd3364f5a382f2bc304af018_page_4.pdf_order_9e06820d"", ""type"": ""order"", ""passed"": true, ""category"": ""multi_column""}, {""id"": ""027c390510b2fd3364f5a382f2bc304af018_page_4.pdf_order_97e749bf"", ""type"": ""order"", ""passed"": false, ""category"": ""multi_column""}, {""id"": ""auto_baseline"", ""type"": ""baseline"", ""passed"": true, ""category"": ""baseline""}]",,
qwen2.5-vl-7b,docs,multi_column__02943986dff2d4a84b7c2dd81abfc51fceea_page_5_pg1,16.35480062081251,978,False,,,,,,,,,,,,False,,multi_column,5.0,5.0,"[{""id"": ""02943986dff2d4a84b7c2dd81abfc51fceea_page_5.pdf_order_3f1adc6b"", ""type"": ""order"", ""passed"": true, ""category"": ""multi_column""}, {""id"": ""02943986dff2d4a84b7c2dd81abfc51fceea_page_5.pdf_order_00ce4e6f"", ""type"": ""order"", ""passed"": true, ""category"": ""multi_column""}, {""id"": ""02943986dff2d4a84b7c2dd81abfc51fceea_page_5.pdf_order_46755e50"", ""type"": ""order"", ""passed"": true, ""category"": ""multi_column""}, {""id"": ""02943986dff2d4a84b7c2dd81abfc51fceea_page_5.pdf_order_13f6999c"", ""type"": ""order"", ""passed"": true, ""category"": ""multi_column""}, {""id"": ""auto_baseline"", ""type"": ""baseline"", ""passed"": true, ""category"": ""baseline""}]",,
qwen2.5-vl-7b,docs,multi_column__02943986dff2d4a84b7c2dd81abfc51fceea_page_9_pg1,16.35480062081251,1091,False,,,,,,,,,,,,False,,multi_column,5.0,5.0,"[{""id"": ""02943986dff2d4a84b7c2dd81abfc51fceea_page_9.pdf_order_babd8e0e"", ""type"": ""order"", ""passed"": true, ""category"": ""multi_column""}, {""id"": ""02943986dff2d4a84b7c2dd81abfc51fceea_page_9.pdf_order_2e6f0ead"", ""type"": ""order"", ""passed"": true, ""category"": ""multi_column""}, {""id"": ""02943986dff2d4a84b7c2dd81abfc51fceea_page_9.pdf_order_7e60c895"", ""type"": ""order"", ""passed"": true, ""category"": ""multi_column""}, {""id"": ""02943986dff2d4a84b7c2dd81abfc51fceea_page_9.pdf_order_81a40b7f"", ""type"": ""order"", ""passed"": true, ""category"": ""multi_column""}, {""id"": ""auto_baseline"", ""type"": ""baseline"", ""passed"": true, ""category"": ""baseline""}]",,
qwen2.5-vl-7b,docs,multi_column__038650c9dfd95e7495d0c4d301d9dcca735a_page_1_pg1,16.35480062081251,1186,False,,,,,,,,,,,,False,,multi_column,5.0,5.0,"[{""id"": ""038650c9dfd95e7495d0c4d301d9dcca735a_page_1.pdf_order_eb32d864"", ""type"": ""order"", ""passed"": true, ""category"": ""multi_column""}, {""id"": ""038650c9dfd95e7495d0c4d301d9dcca735a_page_1.pdf_order_517c20f9"", ""type"": ""order"", ""passed"": true, ""category"": ""multi_column""}, {""id"": ""038650c9dfd95e7495d0c4d301d9dcca735a_page_1.pdf_order_12a7fa3e"", ""type"": ""order"", ""passed"": true, ""category"": ""multi_column""}, {""id"": ""038650c9dfd95e7495d0c4d301d9dcca735a_page_1.pdf_order_cf779f79"", ""type"": ""order"", ""passed"": true, ""category"": ""multi_column""}, {""id"": ""auto_baseline"", ""type"": ""baseline"", ""passed"": true, ""category"": ""baseline""}]",,
qwen2.5-vl-7b,docs,multi_column__0845863d27c84b14011e17a388821525e783_page_16_pg1,16.35480062081251,4096,False,,,,,,,,,,,,False,,multi_column,4.0,3.0,"[{""id"": ""0845863d27c84b14011e17a388821525e783_page_16.pdf_order_dffceb1b"", ""type"": ""order"", ""passed"": true, ""category"": ""multi_column""}, {""id"": ""0845863d27c84b14011e17a388821525e783_page_16.pdf_order_ac24f586"", ""type"": ""order"", ""passed"": true, ""category"": ""multi_column""}, {""id"": ""0845863d27c84b14011e17a388821525e783_page_16.pdf_order_4bda9b61"", ""type"": ""order"", ""passed"": false, ""category"": ""multi_column""}, {""id"": ""auto_baseline"", ""type"": ""baseline"", ""passed"": true, ""category"": ""baseline""}]",,
qwen2.5-vl-7b,docs,old_scans__1,16.35480062081251,308,False,,,,,,,,,,,,False,,old_scans,6.0,1.0,"[{""id"": ""1_680487"", ""type"": ""present"", ""passed"": false, ""category"": ""old_scans""}, {""id"": ""1_126739"", ""type"": ""absent"", ""passed"": false, ""category"": ""old_scans""}, {""id"": ""1_36225"", ""type"": ""present"", ""passed"": false, ""category"": ""old_scans""}, {""id"": ""1_787572"", ""type"": ""order"", ""passed"": false, ""category"": ""old_scans""}, {""id"": ""1_298389"", ""type"": ""order"", ""passed"": false, ""category"": ""old_scans""}, {""id"": ""auto_baseline"", ""type"": ""baseline"", ""passed"": true, ""category"": ""baseline""}]",,
qwen2.5-vl-7b,docs,old_scans__21,16.35480062081251,140,False,,,,,,,,,,,,False,,old_scans,8.0,3.0,"[{""id"": ""21_398162"", ""type"": ""present"", ""passed"": false, ""category"": ""old_scans""}, {""id"": ""21_382528"", ""type"": ""order"", ""passed"": false, ""category"": ""old_scans""}, {""id"": ""21_229684"", ""type"": ""absent"", ""passed"": true, ""category"": ""old_scans""}, {""id"": ""21_712729"", ""type"": ""present"", ""passed"": false, ""category"": ""old_scans""}, {""id"": ""21_289946"", ""type"": ""present"", ""passed"": true, ""category"": ""old_scans""}, {""id"": ""21_745911"", ""type"": ""present"", ""passed"": false, ""category"": ""old_scans""}, {""id"": ""21_992153"", ""type"": ""order"", ""passed"": false, ""category"": ""old_scans""}, {""id"": ""auto_baseline"", ""type"": ""baseline"", ""passed"": true, ""category"": ""baseline""}]",,
qwen2.5-vl-7b,handwriting,iam_00023,0.24967113031249255,19,False,,,0.025,0.025,0.125,1.0,40.0,0.875,0.875,0.125,1.0,False,False,,,,,,
qwen2.5-vl-7b,handwriting,iam_00030,0.24967113031249255,43,False,,,0.03636363636363636,0.03636363636363636,0.25,2.0,55.0,0.75,0.75,0.25,1.018181818181818,False,False,,,,,,
qwen2.5-vl-7b,handwriting,iam_00059,0.24967113031249255,11,False,,,0.023255813953488372,0.023255813953488372,0.14285714285714285,1.0,43.0,0.8571428571428571,0.8571428571428571,0.14285714285714285,1.0,False,False,,,,,,
qwen2.5-vl-7b,handwriting,iam_00064,0.24967113031249255,13,False,,,0.028169014084507043,0.028169014084507043,0.08333333333333333,2.0,71.0,0.9166666666666666,0.9166666666666666,0.08333333333333333,1.0,False,False,,,,,,
qwen2.5-vl-7b,handwriting,iam_00071,0.24967113031249255,10,False,,,0.0,0.0,0.0,0.0,39.0,1.0,1.0,0.0,1.0,False,False,,,,,,
qwen2.5-vl-7b,handwriting,iam_00079,0.24967113031249255,9,False,,,0.0,0.0,0.0,0.0,43.0,1.0,1.0,0.0,1.0,False,False,,,,,,
qwen2.5-vl-7b,handwriting,iam_00126,0.24967113031249255,13,False,,,0.0,0.0,0.0,0.0,49.0,1.0,1.0,0.0,1.0,False,False,,,,,,
qwen2.5-vl-7b,handwriting,iam_00143,0.24967113031249255,17,False,,,0.1794871794871795,0.1794871794871795,0.2857142857142857,7.0,39.0,0.7142857142857143,0.7142857142857143,0.2857142857142857,1.0,False,False,,,,,,
qwen2.5-vl-7b,handwriting,iam_00188,0.24967113031249255,15,False,,,0.044444444444444446,0.044444444444444446,0.14285714285714285,2.0,45.0,0.875,0.875,0.125,1.0222222222222221,False,False,,,,,,
qwen2.5-vl-7b,handwriting,iam_00258,0.24967113031249255,17,False,,,0.019230769230769232,0.019230769230769232,0.125,1.0,52.0,0.875,0.875,0.125,1.0,False,False,,,,,,
qwen2.5-vl-7b,handwriting,iam_00264,0.24967113031249255,20,False,,,0.01694915254237288,0.01694915254237288,0.18181818181818182,1.0,59.0,1.0,1.0,0.0,0.9830508474576272,False,False,,,,,,
qwen2.5-vl-7b,handwriting,iam_00280,0.24967113031249255,20,False,,,0.32558139534883723,0.32558139534883723,0.8,14.0,43.0,0.16666666666666666,0.2,0.8,0.8604651162790697,False,False,,,,,,
qwen2.5-vl-7b,handwriting,iam_00289,0.24967113031249255,16,False,,,0.03333333333333333,0.03333333333333333,0.08333333333333333,2.0,60.0,0.9166666666666666,0.9166666666666666,0.08333333333333333,1.0,False,False,,,,,,
qwen2.5-vl-7b,handwriting,iam_00343,0.24967113031249255,9,False,,,0.0,0.0,0.0,0.0,51.0,1.0,1.0,0.0,1.0,False,False,,,,,,
qwen2.5-vl-7b,handwriting,iam_00364,0.24967113031249255,8,False,,,0.0,0.0,0.0,0.0,36.0,1.0,1.0,0.0,1.0,False,False,,,,,,
qwen2.5-vl-7b,handwriting,iam_00371,0.24967113031249255,13,False,,,0.0,0.0,0.0,0.0,44.0,1.0,1.0,0.0,1.0,False,False,,,,,,
qwen2.5-vl-7b,handwriting,iam_00373,0.29890428881248,10,False,,,0.03125,0.03125,0.2,1.0,32.0,0.8,0.8,0.2,1.03125,False,False,,,,,,
qwen2.5-vl-7b,handwriting,iam_00403,0.29890428881248,7,False,,,0.05555555555555555,0.05555555555555555,0.16666666666666666,2.0,36.0,0.8333333333333334,0.8333333333333334,0.16666666666666666,1.0,False,False,,,,,,
qwen2.5-vl-7b,handwriting,iam_00468,0.29890428881248,31,False,,,0.0,0.0,0.0,0.0,37.0,1.0,1.0,0.0,1.0,False,False,,,,,,
qwen2.5-vl-7b,handwriting,iam_00478,0.29890428881248,7,False,,,0.034482758620689655,0.034482758620689655,0.2,1.0,29.0,1.0,1.0,0.0,1.0,False,False,,,,,,
qwen2.5-vl-7b,handwriting,iam_00588,0.29890428881248,9,False,,,0.0,0.0,0.0,0.0,47.0,1.0,1.0,0.0,1.0,False,False,,,,,,
qwen2.5-vl-7b,handwriting,iam_00608,0.29890428881248,10,False,,,0.038461538461538464,0.038461538461538464,0.1111111111111111,2.0,52.0,1.0,1.0,0.0,0.9615384615384616,False,False,,,,,,
qwen2.5-vl-7b,handwriting,iam_00749,0.29890428881248,7,False,,,0.0,0.0,0.0,0.0,12.0,1.0,1.0,0.0,1.0,False,False,,,,,,
qwen2.5-vl-7b,handwriting,iam_00819,0.29890428881248,16,False,,,0.0,0.0,0.0,0.0,43.0,1.0,1.0,0.0,1.0,False,False,,,,,,
qwen2.5-vl-7b,handwriting,iam_00969,0.29890428881248,34,False,,,0.0,0.0,0.0,0.0,40.0,1.0,1.0,0.0,1.0,False,False,,,,,,
qwen2.5-vl-7b,handwriting,iam_01020,0.29890428881248,18,False,,,0.0,0.0,0.0,0.0,35.0,1.0,1.0,0.0,1.0,False,False,,,,,,
qwen2.5-vl-7b,handwriting,iam_01023,0.29890428881248,9,False,,,0.0,0.0,0.0,0.0,47.0,1.0,1.0,0.0,1.0,False,False,,,,,,
qwen2.5-vl-7b,handwriting,iam_01091,0.29890428881248,13,False,,,0.0,0.0,0.0,0.0,51.0,1.0,1.0,0.0,1.0,False,False,,,,,,
qwen2.5-vl-7b,handwriting,iam_01104,0.29890428881248,9,False,,,0.0,0.0,0.0,0.0,31.0,1.0,1.0,0.0,1.0,False,False,,,,,,
qwen2.5-vl-7b,handwriting,iam_01238,0.29890428881248,18,False,,,0.175,0.175,0.3333333333333333,7.0,40.0,0.6666666666666666,0.6666666666666666,0.3333333333333333,1.0,False,False,,,,,,
qwen2.5-vl-7b,handwriting,iam_01366,0.29890428881248,10,False,,,0.02127659574468085,0.02127659574468085,0.1111111111111111,1.0,47.0,1.0,1.0,0.0,0.9787234042553191,False,False,,,,,,
qwen2.5-vl-7b,handwriting,iam_01417,0.29890428881248,26,False,,,0.0,0.0,0.0,0.0,53.0,1.0,1.0,0.0,1.0,False,False,,,,,,
qwen2.5-vl-7b,handwriting,iam_01452,0.2264489807500354,12,False,,,0.0,0.0,0.0,0.0,51.0,1.0,1.0,0.0,1.0,False,False,,,,,,
qwen2.5-vl-7b,handwriting,iam_01455,0.2264489807500354,5,False,,,0.0,0.0,0.0,0.0,5.0,1.0,1.0,0.0,1.0,False,False,,,,,,
qwen2.5-vl-7b,handwriting,iam_01805,0.2264489807500354,9,False,,,0.0,0.0,0.0,0.0,38.0,1.0,1.0,0.0,1.0,False,False,,,,,,
qwen2.5-vl-7b,handwriting,iam_01857,0.2264489807500354,19,False,,,0.0,0.0,0.0,0.0,37.0,1.0,1.0,0.0,1.0,False,False,,,,,,
qwen2.5-vl-7b,handwriting,iam_01898,0.2264489807500354,23,False,,,0.08,0.08,0.2,4.0,50.0,0.9,0.9,0.1,0.94,False,False,,,,,,
qwen2.5-vl-7b,handwriting,iam_01908,0.2264489807500354,16,False,,,0.0,0.0,0.0,0.0,53.0,1.0,1.0,0.0,1.0,False,False,,,,,,
qwen2.5-vl-7b,handwriting,iam_01970,0.2264489807500354,19,False,,,0.0,0.0,0.0,0.0,40.0,1.0,1.0,0.0,1.0,False,False,,,,,,
qwen2.5-vl-7b,handwriting,iam_01983,0.2264489807500354,14,False,,,0.043478260869565216,0.043478260869565216,0.3,2.0,46.0,1.0,1.0,0.0,0.9782608695652174,False,False,,,,,,
qwen2.5-vl-7b,handwriting,iam_01993,0.2264489807500354,10,False,,,0.0,0.0,0.0,0.0,46.0,1.0,1.0,0.0,1.0,False,False,,,,,,
qwen2.5-vl-7b,handwriting,iam_02060,0.2264489807500354,14,False,,,0.08163265306122448,0.08163265306122448,0.2222222222222222,4.0,49.0,0.7777777777777778,0.875,0.125,0.9387755102040817,False,False,,,,,,
qwen2.5-vl-7b,handwriting,iam_02081,0.2264489807500354,14,False,,,0.022222222222222223,0.022222222222222223,0.2,1.0,45.0,1.0,1.0,0.0,0.9777777777777777,False,False,,,,,,
qwen2.5-vl-7b,handwriting,iam_02109,0.2264489807500354,13,False,,,0.0,0.0,0.0,0.0,43.0,1.0,1.0,0.0,1.0,False,False,,,,,,
qwen2.5-vl-7b,handwriting,iam_02171,0.2264489807500354,9,False,,,0.0,0.0,0.0,0.0,40.0,1.0,1.0,0.0,1.0,False,False,,,,,,
qwen2.5-vl-7b,handwriting,iam_02216,0.2264489807500354,19,False,,,0.04878048780487805,0.04878048780487805,0.14285714285714285,2.0,41.0,0.8571428571428571,0.8571428571428571,0.14285714285714285,0.975609756097561,False,False,,,,,,
qwen2.5-vl-7b,handwriting,iam_02279,0.2264489807500354,13,False,,,0.12244897959183673,0.12244897959183673,0.3,6.0,49.0,0.7272727272727273,0.8,0.2,0.9795918367346939,False,False,,,,,,
qwen2.5-vl-7b,handwriting,iam_02371,0.2264489807500354,8,False,,,0.13636363636363635,0.13636363636363635,0.4,3.0,22.0,1.0,1.0,0.0,0.9090909090909091,False,False,,,,,,
qwen2.5-vl-7b,handwriting,iam_02384,19.649053300500025,14,False,,,0.02564102564102564,0.02564102564102564,0.1,1.0,39.0,1.0,1.0,0.0,1.0,False,False,,,,,,
qwen2.5-vl-7b,handwriting,iam_02463,19.649053300500025,11,False,,,0.0,0.0,0.0,0.0,40.0,1.0,1.0,0.0,1.0,False,False,,,,,,
qwen2.5-vl-7b,handwriting,iam_02522,19.649053300500025,23,False,,,0.10204081632653061,0.10204081632653061,0.7142857142857143,5.0,49.0,0.875,0.875,0.125,0.9795918367346939,False,False,,,,,,
qwen2.5-vl-7b,handwriting,iam_02552,19.649053300500025,4096,False,,,0.0,0.0,0.0,0.0,41.0,1.0,1.0,0.0,1.0,False,True,,,,,,
qwen2.5-vl-7b,handwriting,iam_02640,19.649053300500025,23,False,,,0.02040816326530612,0.02040816326530612,0.1111111111111111,1.0,49.0,1.0,1.0,0.0,1.0,False,False,,,,,,
qwen2.5-vl-7b,handwriting,iam_02655,19.649053300500025,20,False,,,0.0392156862745098,0.0392156862745098,0.3,2.0,51.0,1.0,1.0,0.0,1.0,False,False,,,,,,
qwen2.5-vl-7b,handwriting,iam_02684,19.649053300500025,31,False,,,0.017543859649122806,0.017543859649122806,0.07142857142857142,1.0,57.0,0.9285714285714286,0.9285714285714286,0.07142857142857142,1.0,False,False,,,,,,
qwen2.5-vl-7b,handwriting,iam_02725,19.649053300500025,12,False,,,0.0,0.0,0.0,0.0,57.0,1.0,1.0,0.0,1.0,False,False,,,,,,
qwen2.5-vl-7b,handwriting,iam_02733,19.649053300500025,17,False,,,0.05128205128205128,0.05128205128205128,0.16666666666666666,2.0,39.0,0.8333333333333334,0.8333333333333334,0.16666666666666666,1.0,False,False,,,,,,
qwen2.5-vl-7b,handwriting,iam_02750,19.649053300500025,11,False,,,0.0,0.0,0.0,0.0,40.0,1.0,1.0,0.0,1.0,False,False,,,,,,
qwen2.5-vl-7b,handwriting,iam_02765,19.649053300500025,16,False,,,0.07894736842105263,0.07894736842105263,0.375,3.0,38.0,1.0,1.0,0.0,0.9736842105263158,False,False,,,,,,
qwen2.5-vl-7b,handwriting,iam_02838,19.649053300500025,15,False,,,0.07407407407407407,0.07407407407407407,0.3333333333333333,2.0,27.0,0.6666666666666666,0.6666666666666666,0.3333333333333333,1.037037037037037,False,False,,,,,,
qwen2.5-vl-7b,stress,syn000_prose__clean,2.5265409535625167,512,False,,,0.0,0.0,0.0,0.0,2182.0,1.0,1.0,0.0,1.0,False,False,,,,,prose,clean
qwen2.5-vl-7b,stress,syn000_prose__dpi150,2.5265409535625167,512,False,,,0.0,0.0,0.0,0.0,2182.0,1.0,1.0,0.0,1.0,False,False,,,,,prose,dpi150
qwen2.5-vl-7b,stress,syn000_prose__dpi75,2.5265409535625167,512,False,,,0.0,0.0,0.0,0.0,2182.0,1.0,1.0,0.0,1.0,False,False,,,,,prose,dpi75
qwen2.5-vl-7b,stress,syn000_prose__blur,2.5265409535625167,525,False,,,0.0,0.0,0.0,0.0,2182.0,1.0,1.0,0.0,1.0,False,False,,,,,prose,blur
qwen2.5-vl-7b,stress,syn000_prose__noise,2.5265409535625167,512,False,,,0.0,0.0,0.0,0.0,2182.0,1.0,1.0,0.0,1.0,False,False,,,,,prose,noise
qwen2.5-vl-7b,stress,syn000_prose__rotate3,2.5265409535625167,512,False,,,0.0,0.0,0.0,0.0,2182.0,1.0,1.0,0.0,1.0,False,False,,,,,prose,rotate3
qwen2.5-vl-7b,stress,syn000_prose__rotate8,2.5265409535625167,512,False,,,0.0,0.0,0.0,0.0,2182.0,1.0,1.0,0.0,1.0,False,False,,,,,prose,rotate8
qwen2.5-vl-7b,stress,syn000_prose__jpeg_q10,2.5265409535625167,525,False,,,0.0,0.0,0.0,0.0,2182.0,1.0,1.0,0.0,1.0,False,False,,,,,prose,jpeg_q10
qwen2.5-vl-7b,stress,syn000_prose__low_contrast,2.5265409535625167,512,False,,,0.0,0.0,0.0,0.0,2182.0,1.0,1.0,0.0,1.0,False,False,,,,,prose,low_contrast
qwen2.5-vl-7b,stress,syn000_prose__photocopy,2.5265409535625167,512,False,,,0.0,0.0,0.0,0.0,2182.0,1.0,1.0,0.0,1.0,False,False,,,,,prose,photocopy
qwen2.5-vl-7b,stress,syn000_prose__phone_photo,2.5265409535625167,525,False,,,0.0,0.0,0.0,0.0,2182.0,1.0,1.0,0.0,1.0,False,False,,,,,prose,phone_photo
qwen2.5-vl-7b,stress,syn001_two_column__clean,2.5265409535625167,454,False,,,0.4980544747081712,0.4980544747081712,0.6166219839142091,1024.0,2056.0,1.0,1.0,0.0,1.0,False,False,,,,,two_column,clean
qwen2.5-vl-7b,stress,syn001_two_column__dpi150,2.5265409535625167,454,False,,,0.4980544747081712,0.4980544747081712,0.6166219839142091,1024.0,2056.0,1.0,1.0,0.0,1.0,False,False,,,,,two_column,dpi150
qwen2.5-vl-7b,stress,syn001_two_column__dpi75,2.5265409535625167,454,False,,,0.0,0.0,0.0,0.0,2056.0,1.0,1.0,0.0,1.0,False,False,,,,,two_column,dpi75
qwen2.5-vl-7b,stress,syn001_two_column__blur,2.5265409535625167,454,False,,,0.0,0.0,0.0,0.0,2056.0,1.0,1.0,0.0,1.0,False,False,,,,,two_column,blur
qwen2.5-vl-7b,stress,syn001_two_column__noise,2.5265409535625167,454,False,,,0.4980544747081712,0.4980544747081712,0.6166219839142091,1024.0,2056.0,1.0,1.0,0.0,1.0,False,False,,,,,two_column,noise
qwen2.5-vl-7b,stress,syn001_two_column__rotate3,2.511368372562515,454,False,,,0.0,0.0,0.0,0.0,2056.0,1.0,1.0,0.0,1.0,False,False,,,,,two_column,rotate3
qwen2.5-vl-7b,stress,syn001_two_column__rotate8,2.511368372562515,443,False,,,0.0,0.0,0.0,0.0,2056.0,1.0,1.0,0.0,1.0,False,False,,,,,two_column,rotate8
qwen2.5-vl-7b,stress,syn001_two_column__jpeg_q10,2.511368372562515,454,False,,,0.6386186770428015,0.6386186770428015,0.6434316353887399,1313.0,2056.0,1.0,1.0,0.0,1.0,False,False,,,,,two_column,jpeg_q10
qwen2.5-vl-7b,stress,syn001_two_column__low_contrast,2.511368372562515,454,False,,,0.0,0.0,0.0,0.0,2056.0,1.0,1.0,0.0,1.0,False,False,,,,,two_column,low_contrast
qwen2.5-vl-7b,stress,syn001_two_column__photocopy,2.511368372562515,454,False,,,0.4980544747081712,0.4980544747081712,0.6166219839142091,1024.0,2056.0,1.0,1.0,0.0,1.0,False,False,,,,,two_column,photocopy
qwen2.5-vl-7b,stress,syn001_two_column__phone_photo,2.511368372562515,454,False,,,0.0,0.0,0.0,0.0,2056.0,1.0,1.0,0.0,1.0,False,False,,,,,two_column,phone_photo
qwen2.5-vl-7b,stress,syn002_table__clean,2.511368372562515,274,False,,,0.0,0.0,0.0,0.0,426.0,1.0,1.0,0.0,1.0,False,False,,,,,table,clean
qwen2.5-vl-7b,stress,syn002_table__dpi150,2.511368372562515,274,False,,,0.0,0.0,0.0,0.0,426.0,1.0,1.0,0.0,1.0,False,False,,,,,table,dpi150
qwen2.5-vl-7b,stress,syn002_table__dpi75,2.511368372562515,279,False,,,0.0,0.0,0.0,0.0,426.0,1.0,1.0,0.0,1.0,False,False,,,,,table,dpi75
qwen2.5-vl-7b,stress,syn002_table__blur,2.511368372562515,279,False,,,0.0,0.0,0.0,0.0,426.0,1.0,1.0,0.0,1.0,False,False,,,,,table,blur
qwen2.5-vl-7b,stress,syn002_table__noise,2.511368372562515,274,False,,,0.0,0.0,0.0,0.0,426.0,1.0,1.0,0.0,1.0,False,False,,,,,table,noise
qwen2.5-vl-7b,stress,syn002_table__rotate3,2.511368372562515,279,False,,,0.0,0.0,0.0,0.0,426.0,1.0,1.0,0.0,1.0,False,False,,,,,table,rotate3
qwen2.5-vl-7b,stress,syn002_table__rotate8,2.511368372562515,268,False,,,0.09859154929577464,0.09859154929577464,0.09230769230769231,42.0,426.0,0.9333333333333333,1.0,0.0,0.9014084507042254,False,False,,,,,table,rotate8
qwen2.5-vl-7b,stress,syn002_table__jpeg_q10,2.511368372562515,274,False,,,0.0,0.0,0.0,0.0,426.0,1.0,1.0,0.0,1.0,False,False,,,,,table,jpeg_q10
qwen2.5-vl-7b,stress,syn002_table__low_contrast,2.511368372562515,274,False,,,0.002347417840375587,0.002347417840375587,0.015384615384615385,1.0,426.0,0.9888888888888889,0.9888888888888889,0.011111111111111112,0.9976525821596244,False,False,,,,,table,low_contrast
qwen2.5-vl-7b,stress,syn002_table__photocopy,2.511368372562515,274,False,,,0.0,0.0,0.0,0.0,426.0,1.0,1.0,0.0,1.0,False,False,,,,,table,photocopy
qwen2.5-vl-7b,stress,syn002_table__phone_photo,2.6486532148750257,279,False,,,0.0,0.0,0.0,0.0,426.0,1.0,1.0,0.0,1.0,False,False,,,,,table,phone_photo
qwen2.5-vl-7b,stress,syn003_invoice__clean,2.6486532148750257,220,False,,,0.2526997840172786,0.2526997840172786,0.24242424242424243,117.0,463.0,0.7717391304347826,1.0,0.0,0.7473002159827213,False,False,,,,,invoice,clean
qwen2.5-vl-7b,stress,syn003_invoice__dpi150,2.6486532148750257,220,False,,,0.2526997840172786,0.2526997840172786,0.24242424242424243,117.0,463.0,0.7717391304347826,1.0,0.0,0.7473002159827213,False,False,,,,,invoice,dpi150
qwen2.5-vl-7b,stress,syn003_invoice__dpi75,2.6486532148750257,303,False,,,0.0,0.0,0.0,0.0,463.0,1.0,1.0,0.0,1.0,False,False,,,,,invoice,dpi75
qwen2.5-vl-7b,stress,syn003_invoice__blur,2.6486532148750257,220,False,,,0.2526997840172786,0.2526997840172786,0.24242424242424243,117.0,463.0,0.7717391304347826,1.0,0.0,0.7473002159827213,False,False,,,,,invoice,blur
qwen2.5-vl-7b,stress,syn003_invoice__noise,2.6486532148750257,296,False,,,0.0,0.0,0.0,0.0,463.0,1.0,1.0,0.0,1.0,False,False,,,,,invoice,noise
qwen2.5-vl-7b,stress,syn003_invoice__rotate3,2.6486532148750257,296,False,,,0.0,0.0,0.0,0.0,463.0,1.0,1.0,0.0,1.0,False,False,,,,,invoice,rotate3
qwen2.5-vl-7b,stress,syn003_invoice__rotate8,2.6486532148750257,225,False,,,0.2526997840172786,0.2526997840172786,0.24242424242424243,117.0,463.0,0.7717391304347826,1.0,0.0,0.7473002159827213,False,False,,,,,invoice,rotate8
qwen2.5-vl-7b,stress,syn003_invoice__jpeg_q10,2.6486532148750257,220,False,,,0.2526997840172786,0.2526997840172786,0.24242424242424243,117.0,463.0,0.7717391304347826,1.0,0.0,0.7473002159827213,False,False,,,,,invoice,jpeg_q10
qwen2.5-vl-7b,stress,syn003_invoice__low_contrast,2.6486532148750257,296,False,,,0.0,0.0,0.0,0.0,463.0,1.0,1.0,0.0,1.0,False,False,,,,,invoice,low_contrast
qwen2.5-vl-7b,stress,syn003_invoice__photocopy,2.6486532148750257,296,False,,,0.0,0.0,0.0,0.0,463.0,1.0,1.0,0.0,1.0,False,False,,,,,invoice,photocopy
qwen2.5-vl-7b,stress,syn003_invoice__phone_photo,2.6486532148750257,292,False,,,0.0,0.0,0.0,0.0,463.0,1.0,1.0,0.0,1.0,False,False,,,,,invoice,phone_photo
qwen2.5-vl-7b,stress,syn004_prose__clean,2.6486532148750257,509,False,,,0.0,0.0,0.0,0.0,2242.0,1.0,1.0,0.0,1.0,False,False,,,,,prose,clean
qwen2.5-vl-7b,stress,syn004_prose__dpi150,2.6486532148750257,509,False,,,0.0,0.0,0.0,0.0,2242.0,1.0,1.0,0.0,1.0,False,False,,,,,prose,dpi150
qwen2.5-vl-7b,stress,syn004_prose__dpi75,2.6486532148750257,509,False,,,0.0,0.0,0.0,0.0,2242.0,1.0,1.0,0.0,1.0,False,False,,,,,prose,dpi75
qwen2.5-vl-7b,stress,syn004_prose__blur,2.6486532148750257,509,False,,,0.0,0.0,0.0,0.0,2242.0,1.0,1.0,0.0,1.0,False,False,,,,,prose,blur
qwen2.5-vl-7b,stress,syn004_prose__noise,5.193785804000072,509,False,,,0.00044603033006244426,0.00044603033006244426,0.0025575447570332483,1.0,2242.0,0.9974619289340102,0.9974619289340102,0.0025380710659898475,0.9995539696699376,False,False,,,,,prose,noise
qwen2.5-vl-7b,stress,syn004_prose__rotate3,5.193785804000072,508,False,,,0.00044603033006244426,0.00044603033006244426,0.0025575447570332483,1.0,2242.0,0.9974619289340102,0.9974619289340102,0.0025380710659898475,0.9995539696699376,False,False,,,,,prose,rotate3
qwen2.5-vl-7b,stress,syn004_prose__rotate8,5.193785804000072,509,False,,,0.00044603033006244426,0.00044603033006244426,0.0025575447570332483,1.0,2242.0,0.9974619289340102,0.9974619289340102,0.0025380710659898475,0.9995539696699376,False,False,,,,,prose,rotate8
qwen2.5-vl-7b,stress,syn004_prose__jpeg_q10,5.193785804000072,508,False,,,0.00044603033006244426,0.00044603033006244426,0.0025575447570332483,1.0,2242.0,0.9974619289340102,0.9974619289340102,0.0025380710659898475,0.9995539696699376,False,False,,,,,prose,jpeg_q10
qwen2.5-vl-7b,stress,syn004_prose__low_contrast,5.193785804000072,509,False,,,0.0,0.0,0.0,0.0,2242.0,1.0,1.0,0.0,1.0,False,False,,,,,prose,low_contrast
qwen2.5-vl-7b,stress,syn004_prose__photocopy,5.193785804000072,509,False,,,0.00044603033006244426,0.00044603033006244426,0.0025575447570332483,1.0,2242.0,0.9974619289340102,0.9974619289340102,0.0025380710659898475,0.9995539696699376,False,False,,,,,prose,photocopy
qwen2.5-vl-7b,stress,syn004_prose__phone_photo,5.193785804000072,509,False,,,0.0,0.0,0.0,0.0,2242.0,1.0,1.0,0.0,1.0,False,False,,,,,prose,phone_photo
