engine,track,id,seconds,n_tokens,page_error,meta_book,meta_lang,cer_dip,cer,wer,cer_edits,ref_chars,bow_recall,bow_precision,over_extraction,len_ratio,empty,loop,meta_category,tests_total,tests_passed,test_results,meta_layout,meta_level
ocrmypdf,books,birdsofgreatbrit02butl_0093_full,0.8955835691481466,,False,birdsofgreatbrit02butl,en,0.014423076923076924,0.006538796861377506,0.026954177897574125,15.0,2294.0,0.9870466321243523,0.9844961240310077,0.015503875968992248,1.001743679163034,False,False,,,,,,
ocrmypdf,books,birdsofgreatbrit02butl_0126_full,0.8955835691481466,,False,birdsofgreatbrit02butl,en,0.015856236786469344,0.005985915492957746,0.021691973969631236,17.0,2840.0,0.9818548387096774,0.9818548387096774,0.018145161290322582,1.0007042253521128,False,False,,,,,,
ocrmypdf,books,birdsofgreatbrit02butl_0156_full,0.8955835691481466,,False,birdsofgreatbrit02butl,en,0.02043010752688172,0.009625668449197862,0.02631578947368421,18.0,1870.0,0.9807692307692307,0.9745222929936306,0.025477707006369428,1.0037433155080213,False,False,,,,,,
ocrmypdf,books,birdsofgreatbrit02butl_0159_full,0.8955835691481466,,False,birdsofgreatbrit02butl,en,0.012807199723087574,0.006558508802209182,0.023166023166023165,19.0,2897.0,0.9887640449438202,0.9887640449438202,0.011235955056179775,0.9993096306523991,False,False,,,,,,
ocrmypdf,books,birdsofgreatbrit02butl_0172_full,0.8955835691481466,,False,birdsofgreatbrit02butl,en,0.01836605446485117,0.0028284098051539913,0.008620689655172414,9.0,3182.0,0.9915254237288136,0.9915254237288136,0.00847457627118644,1.0,False,False,,,,,,
ocrmypdf,books,birdsofgreatbrit02butl_0308_full,0.8955835691481466,,False,birdsofgreatbrit02butl,en,0.007671232876712329,0.0016429353778751369,0.006097560975609756,3.0,1826.0,0.9940652818991098,0.9940652818991098,0.005934718100890208,0.9994523548740416,False,False,,,,,,
ocrmypdf,books,birdsofgreatbrit02butl_0312_full,0.8955835691481466,,False,birdsofgreatbrit02butl,en,0.011194029850746268,0.009319664492078284,0.02247191011235955,10.0,1073.0,0.9725274725274725,0.9672131147540983,0.03278688524590164,1.0,False,False,,,,,,
ocrmypdf,books,birdsofgreatbrit02butl_0320_full,0.8955835691481466,,False,birdsofgreatbrit02butl,en,0.005917159763313609,0.0031847133757961785,0.019178082191780823,7.0,2198.0,0.9895833333333334,0.987012987012987,0.012987012987012988,1.0009099181073704,False,False,,,,,,
ocrmypdf,books,birdsofgreatbrit02butl_0328_full,0.8955835691481466,,False,birdsofgreatbrit02butl,en,0.07550077041602465,0.0724191063174114,0.3263157894736842,47.0,649.0,0.8679245283018868,0.8,0.2,1.0354391371340523,False,False,,,,,,
ocrmypdf,books,conchologiaiconi05reev_0039_full,0.8955835691481466,,False,conchologiaiconi05reev,en,0.04631043256997455,0.03615071283095723,0.1190893169877408,142.0,3928.0,0.8957264957264958,0.8957264957264958,0.10427350427350428,1.0010183299389002,False,False,,,,,,
ocrmypdf,books,conchologiaiconi05reev_0127_full,0.8955835691481466,,False,conchologiaiconi05reev,en,0.08310860505025741,0.07211420132906719,0.20463320463320464,293.0,4063.0,0.8438661710037175,0.8438661710037175,0.15613382899628253,1.0007383706620723,False,False,,,,,,
ocrmypdf,books,conchologiaiconi05reev_0200_full,0.8955835691481466,,False,conchologiaiconi05reev,en,0.08431219002871312,0.07364544976328248,0.17693836978131214,280.0,3802.0,0.8659003831417624,0.8675623800383877,0.1324376199616123,0.9997369805365597,False,False,,,,,,
ocrmypdf,books,conchologiaiconi05reev_0235_full,0.8955835691481466,,False,conchologiaiconi05reev,en,0.05486284289276808,0.04414214325374792,0.1826086956521739,159.0,3602.0,0.8389121338912134,0.8389121338912134,0.16108786610878661,0.9994447529150472,False,False,,,,,,
ocrmypdf,books,conchologiaiconi05reev_0271_full,0.8955835691481466,,False,conchologiaiconi05reev,en,0.08092175777063237,0.0664345030806322,0.21428571428571427,248.0,3733.0,0.8194726166328601,0.8145161290322581,0.18548387096774194,1.000803643182427,False,False,,,,,,
ocrmypdf,books,conchologiaiconi05reev_0276_full,0.8955835691481466,,False,conchologiaiconi05reev,en,0.10469945355191257,0.09489371027832566,0.1916376306620209,433.0,4563.0,0.8509212730318257,0.8523489932885906,0.1476510067114094,1.0008766162612317,False,False,,,,,,
ocrmypdf,books,conchologiaiconi05reev_0350_full,0.8955835691481466,,False,conchologiaiconi05reev,en,0.05308924485125858,0.03858520900321544,0.15932203389830507,84.0,2177.0,0.8509933774834437,0.8509933774834437,0.1490066225165563,1.0004593477262287,False,False,,,,,,
ocrmypdf,books,conchologiaiconi05reev_0354_full,0.8955835691481466,,False,conchologiaiconi05reev,en,0.05341579983131853,0.03934794828555368,0.1729957805907173,140.0,3558.0,0.8519269776876268,0.8519269776876268,0.14807302231237324,1.0005621135469365,False,False,,,,,,
ocrmypdf,books,conchologiaiconi05reev_0433_full,0.8955835691481466,,False,conchologiaiconi05reev,en,0.07636068237205523,0.06847826086956521,0.18043478260869567,252.0,3680.0,0.8706365503080082,0.8617886178861789,0.13821138211382114,1.0019021739130434,False,False,,,,,,
ocrmypdf,books,daschitinskelett00prel_0011_full,0.8955835691481466,,False,daschitinskelett00prel,de,0.0022250476795931343,0.0022335673261008296,0.020737327188940093,7.0,3134.0,0.988399071925754,0.9906976744186047,0.009302325581395349,0.9993618379068283,False,False,,,,,,
ocrmypdf,books,daschitinskelett00prel_0021_full,0.8955835691481466,,False,daschitinskelett00prel,de,0.00802900802900803,0.007530511555440145,0.031914893617021274,29.0,3851.0,0.9750889679715302,0.9750889679715302,0.02491103202846975,1.0020773824980524,False,False,,,,,,
ocrmypdf,books,daschitinskelett00prel_0034_full,0.8955835691481466,,False,daschitinskelett00prel,de,0.006028131279303416,0.006036217303822937,0.02112676056338028,18.0,2982.0,0.9858823529411764,0.9882075471698113,0.01179245283018868,0.9979879275653923,False,False,,,,,,
ocrmypdf,books,daschitinskelett00prel_0037_full,0.8955835691481466,,False,daschitinskelett00prel,de,0.006334125098970704,0.0045045045045045045,0.0273224043715847,17.0,3774.0,0.9762773722627737,0.9780621572212066,0.021937842778793418,0.9997350291467939,False,False,,,,,,
ocrmypdf,books,daschitinskelett00prel_0038_full,0.8955835691481466,,False,daschitinskelett00prel,de,0.0059631838216230235,0.004165581879718824,0.02830188679245283,16.0,3841.0,0.9830188679245283,0.9774859287054409,0.0225140712945591,0.9992189533975527,False,False,,,,,,
ocrmypdf,books,daschitinskelett00prel_0051_full,0.8955835691481466,,False,daschitinskelett00prel,de,0.007058230400806655,0.007079646017699115,0.04285714285714286,28.0,3955.0,0.96415770609319,0.962432915921288,0.03756708407871199,1.0005056890012642,False,False,,,,,,
ocrmypdf,books,daschitinskelett00prel_0057_full,0.8955835691481466,,False,daschitinskelett00prel,de,0.0040137614678899085,0.004018369690011481,0.029411764705882353,14.0,3484.0,0.9789915966386554,0.9748953974895398,0.02510460251046025,1.0,False,False,,,,,,
ocrmypdf,books,daschitinskelett00prel_0060_full,0.8955835691481466,,False,daschitinskelett00prel,de,0.008869179600886918,0.0078125,0.049586776859504134,7.0,896.0,0.9747899159663865,0.9586776859504132,0.04132231404958678,1.0,False,False,,,,,,
ocrmypdf,books,histoirenaturell10cuvi_0014_full,0.8955835691481466,,False,histoirenaturell10cuvi,fr,0.01680672268907563,0.009322033898305085,0.0625,11.0,1180.0,0.9521276595744681,0.9572192513368984,0.0427807486631016,1.0,False,False,,,,,,
ocrmypdf,books,histoirenaturell10cuvi_0070_full,0.9587012207391284,,False,histoirenaturell10cuvi,fr,0.08557457212713937,0.06831275720164609,0.17475728155339806,83.0,1215.0,0.8834080717488789,0.9078341013824884,0.09216589861751152,1.0008230452674898,False,False,,,,,,
ocrmypdf,books,histoirenaturell10cuvi_0172_full,0.9587012207391284,,False,histoirenaturell10cuvi,fr,0.02168256721595837,0.011304347826086957,0.06598984771573604,13.0,1150.0,0.9485981308411215,0.9575471698113207,0.04245283018867924,1.0017391304347827,False,False,,,,,,
ocrmypdf,books,histoirenaturell10cuvi_0188_full,0.9587012207391284,,False,histoirenaturell10cuvi,fr,0.032175032175032175,0.01610824742268041,0.06792452830188679,25.0,1552.0,0.9355932203389831,0.9387755102040817,0.061224489795918366,1.0025773195876289,False,False,,,,,,
ocrmypdf,books,histoirenaturell10cuvi_0251_full,0.9587012207391284,,False,histoirenaturell10cuvi,fr,0.025597269624573378,0.012079378774805867,0.07960199004975124,14.0,1159.0,0.9439252336448598,0.9483568075117371,0.051643192488262914,1.001725625539258,False,False,,,,,,
ocrmypdf,books,histoirenaturell10cuvi_0343_full,0.9587012207391284,,False,histoirenaturell10cuvi,fr,0.039093041438623924,0.02924901185770751,0.09045226130653267,37.0,1265.0,0.9509803921568627,0.9282296650717703,0.07177033492822966,1.0023715415019763,False,False,,,,,,
ocrmypdf,books,histoirenaturell10cuvi_0369_full,0.9587012207391284,,False,histoirenaturell10cuvi,fr,0.026153846153846153,0.01160092807424594,0.08636363636363636,15.0,1293.0,0.9137931034482759,0.9422222222222222,0.057777777777777775,0.9945862335653519,False,False,,,,,,
ocrmypdf,books,histoirenaturell10cuvi_0425_full,0.9587012207391284,,False,histoirenaturell10cuvi,fr,0.0253324889170361,0.009541984732824428,0.04693140794223827,15.0,1572.0,0.9523809523809523,0.9621993127147767,0.037800687285223365,0.9987277353689568,False,False,,,,,,
ocrmypdf,books,pisciumquerelaee00sche_0012_full,0.9587012207391284,,False,pisciumquerelaee00sche,la,0.13043478260869565,0.12477396021699819,0.5084745762711864,207.0,1659.0,0.524904214559387,0.5805084745762712,0.4194915254237288,1.0337552742616034,False,False,,,,,,
ocrmypdf,books,pisciumquerelaee00sche_0013_full,0.9587012207391284,,False,pisciumquerelaee00sche,la,0.10659599528857479,0.1028537455410226,0.425,173.0,1682.0,0.550561797752809,0.630901287553648,0.36909871244635195,1.0178359096313911,False,False,,,,,,
ocrmypdf,books,pisciumquerelaee00sche_0016_full,0.9587012207391284,,False,pisciumquerelaee00sche,la,0.096875,0.09373020899303357,0.43171806167400884,148.0,1579.0,0.5702479338842975,0.6106194690265486,0.3893805309734513,1.0164661177960734,False,False,,,,,,
ocrmypdf,books,pisciumquerelaee00sche_0035_full,0.9587012207391284,,False,pisciumquerelaee00sche,la,0.14085365853658535,0.13014119091467158,0.4780701754385965,212.0,1629.0,0.5975609756097561,0.630901287553648,0.36909871244635195,1.0368324125230202,False,False,,,,,,
ocrmypdf,books,pisciumquerelaee00sche_0038_full,0.9587012207391284,,False,pisciumquerelaee00sche,la,0.13143254520166897,0.13286219081272085,0.4720812182741117,188.0,1415.0,0.594059405940594,0.631578947368421,0.3684210526315789,1.03886925795053,False,False,,,,,,
ocrmypdf,books,pisciumquerelaee00sche_0040_full,0.9587012207391284,,False,pisciumquerelaee00sche,la,0.15768799102132436,0.15637393767705382,0.6102941176470589,276.0,1765.0,0.5562913907284768,0.6363636363636364,0.36363636363636365,1.043626062322946,False,False,,,,,,
ocrmypdf,books,pisciumquerelaee00sche_0041_full,0.9587012207391284,,False,pisciumquerelaee00sche,la,0.11076345431789737,0.10612760581174985,0.4125,168.0,1583.0,0.5747126436781609,0.6696428571428571,0.33035714285714285,1.0246367656348705,False,False,,,,,,
ocrmypdf,books,pisciumquerelaee00sche_0044_full,0.9587012207391284,,False,pisciumquerelaee00sche,la,0.2034313725490196,0.20544554455445543,0.5357142857142857,83.0,404.0,0.5660377358490566,0.5,0.5,1.051980198019802,False,False,,,,,,
ocrmypdf,books,trudyrusskagoent161881russ_0098_full,0.9587012207391284,,False,trudyrusskagoent161881russ,fr+de,0.18406593406593408,0.18031658637302134,0.35294117647058826,262.0,1453.0,0.9095477386934674,0.8829268292682927,0.11707317073170732,0.9986235375086029,False,False,,,,,,
ocrmypdf,books,trudyrusskagoent161881russ_0121_full,0.9587012207391284,,False,trudyrusskagoent161881russ,fr+de,0.021231422505307854,0.009574468085106383,0.06228373702422145,18.0,1880.0,0.965034965034965,0.9616724738675958,0.03832752613240418,0.9968085106382979,False,False,,,,,,
ocrmypdf,books,trudyrusskagoent161881russ_0276_full,0.9587012207391284,,False,trudyrusskagoent161881russ,fr+de,0.008680555555555556,0.001736111111111111,0.01195219123505976,3.0,1728.0,0.9959514170040485,0.9919354838709677,0.008064516129032258,1.0,False,False,,,,,,
ocrmypdf,books,trudyrusskagoent161881russ_0329_full,0.9587012207391284,,False,trudyrusskagoent161881russ,fr+de,0.009069212410501194,0.003835091083413231,0.017123287671232876,8.0,2086.0,0.9827586206896551,0.9827586206896551,0.017241379310344827,1.0009587727708533,False,False,,,,,,
ocrmypdf,books,trudyrusskagoent161881russ_0357_full,0.9587012207391284,,False,trudyrusskagoent161881russ,fr+de,0.0132641291810842,0.009866511897852582,0.06224066390041494,17.0,1723.0,0.9669421487603306,0.9590163934426229,0.040983606557377046,1.0005803830528148,False,False,,,,,,
ocrmypdf,books,trudyrusskagoent161881russ_0379_full,0.9587012207391284,,False,trudyrusskagoent161881russ,fr+de,0.017982017982017984,0.01655795283492223,0.0880503144654088,33.0,1993.0,0.933933933933934,0.9367469879518072,0.06325301204819277,0.9954841946813848,False,False,,,,,,
ocrmypdf,books,trudyrusskagoent161881russ_0388_full,0.9587012207391284,,False,trudyrusskagoent161881russ,fr+de,0.016384489350081924,0.008210180623973728,0.050505050505050504,15.0,1827.0,0.9773462783171522,0.967948717948718,0.03205128205128205,1.0,False,False,,,,,,
ocrmypdf,books,trudyrusskagoent161881russ_0446_full,0.9587012207391284,,False,trudyrusskagoent161881russ,fr+de,0.026022304832713755,0.02336448598130841,0.09947643979057591,25.0,1070.0,0.965,0.9368932038834952,0.06310679611650485,0.997196261682243,False,False,,,,,,
ocrmypdf,docs,headers_footers__0b8de922246569bf96136cd5bb1d9643b2d269fe_page_10_processed,0.4869609794200005,,False,,,,,,,,,,,,False,,headers_footers,2.0,2.0,"[{""id"": ""0b8de922246569bf96136cd5bb1d9643b2d269fe_page_10_processed.pdf_manual_00"", ""type"": ""absent"", ""passed"": true, ""category"": ""headers_footers""}, {""id"": ""auto_baseline"", ""type"": ""baseline"", ""passed"": true, ""category"": ""baseline""}]",,
ocrmypdf,docs,headers_footers__12e836a20227be4b63f7dcdebb2498e9d189d4da_page_5_processed,0.4869609794200005,,False,,,,,,,,,,,,False,,headers_footers,4.0,4.0,"[{""id"": ""12e836a20227be4b63f7dcdebb2498e9d189d4da_page_5_processed_pg1_header_00"", ""type"": ""absent"", ""passed"": true, ""category"": ""headers_footers""}, {""id"": ""12e836a20227be4b63f7dcdebb2498e9d189d4da_page_5_processed_pg1_header_01"", ""type"": ""absent"", ""passed"": true, ""category"": ""headers_footers""}, {""id"": ""12e836a20227be4b63f7dcdebb2498e9d189d4da_page_5_processed_pg1_header_02"", ""type"": ""absent"", ""passed"": true, ""category"": ""headers_footers""}, {""id"": ""auto_baseline"", ""type"": ""baseline"", ""passed"": true, ""category"": ""baseline""}]",,
ocrmypdf,docs,headers_footers__17ce5025be595d7fc2c3a347b6a2fa4e4d06419d_page_1,0.4869609794200005,,False,,,,,,,,,,,,False,,headers_footers,2.0,1.0,"[{""id"": ""17ce5025be595d7fc2c3a347b6a2fa4e4d06419d_page_1_header_00"", ""type"": ""absent"", ""passed"": false, ""category"": ""headers_footers""}, {""id"": ""auto_baseline"", ""type"": ""baseline"", ""passed"": true, ""category"": ""baseline""}]",,
ocrmypdf,docs,headers_footers__1a3e61746b0965df09bce6cb1051c455807363d5_page_1,0.4869609794200005,,False,,,,,,,,,,,,False,,headers_footers,3.0,2.0,"[{""id"": ""1a3e61746b0965df09bce6cb1051c455807363d5_page_1_header_00"", ""type"": ""absent"", ""passed"": false, ""category"": ""headers_footers""}, {""id"": ""1a3e61746b0965df09bce6cb1051c455807363d5_page_1.pdf_manual_00"", ""type"": ""absent"", ""passed"": true, ""category"": ""headers_footers""}, {""id"": ""auto_baseline"", ""type"": ""baseline"", ""passed"": true, ""category"": ""baseline""}]",,
ocrmypdf,docs,headers_footers__2cb8b9fbe5aaac3d7f95d110a3b08132ee09d103_page_2,0.4869609794200005,,False,,,,,,,,,,,,False,,headers_footers,3.0,2.0,"[{""id"": ""2cb8b9fbe5aaac3d7f95d110a3b08132ee09d103_page_2_header_00"", ""type"": ""absent"", ""passed"": false, ""category"": ""headers_footers""}, {""id"": ""2cb8b9fbe5aaac3d7f95d110a3b08132ee09d103_page_2.pdf_manual_00"", ""type"": ""absent"", ""passed"": true, ""category"": ""headers_footers""}, {""id"": ""auto_baseline"", ""type"": ""baseline"", ""passed"": true, ""category"": ""baseline""}]",,
ocrmypdf,docs,headers_footers__363300831b3da664b1bfe972e4f86464fa076da3_page_149,0.4869609794200005,,False,,,,,,,,,,,,False,,headers_footers,6.0,4.0,"[{""id"": ""363300831b3da664b1bfe972e4f86464fa076da3_page_149_header_00"", ""type"": ""absent"", ""passed"": true, ""category"": ""headers_footers""}, {""id"": ""363300831b3da664b1bfe972e4f86464fa076da3_page_149_header_01"", ""type"": ""absent"", ""passed"": false, ""category"": ""headers_footers""}, {""id"": ""363300831b3da664b1bfe972e4f86464fa076da3_page_149_header_15"", ""type"": ""absent"", ""passed"": false, ""category"": ""headers_footers""}, {""id"": ""363300831b3da664b1bfe972e4f86464fa076da3_page_149_header_16"", ""type"": ""absent"", ""passed"": true, ""category"": ""headers_footers""}, {""id"": ""363300831b3da664b1bfe972e4f86464fa076da3_page_149.pdf_manual_00"", ""type"": ""absent"", ""passed"": true, ""category"": ""headers_footers""}, {""id"": ""auto_baseline"", ""type"": ""baseline"", ""passed"": true, ""category"": ""baseline""}]",,
ocrmypdf,docs,headers_footers__62621cef2b1d5356a063aa7c9c735ac396fb2223_page_33,0.4869609794200005,,False,,,,,,,,,,,,False,,headers_footers,4.0,2.0,"[{""id"": ""62621cef2b1d5356a063aa7c9c735ac396fb2223_page_33_header_00"", ""type"": ""absent"", ""passed"": false, ""category"": ""headers_footers""}, {""id"": ""62621cef2b1d5356a063aa7c9c735ac396fb2223_page_33.pdf_manual_00"", ""type"": ""absent"", ""passed"": true, ""category"": ""headers_footers""}, {""id"": ""62621cef2b1d5356a063aa7c9c735ac396fb2223_page_33.pdf_manual_01"", ""type"": ""absent"", ""passed"": false, ""category"": ""headers_footers""}, {""id"": ""auto_baseline"", ""type"": ""baseline"", ""passed"": true, ""category"": ""baseline""}]",,
ocrmypdf,docs,headers_footers__7901d119ed91a89f8fbabf0eef7174d75a7656e3_page_1,0.4869609794200005,,False,,,,,,,,,,,,False,,headers_footers,2.0,1.0,"[{""id"": ""7901d119ed91a89f8fbabf0eef7174d75a7656e3_page_1.pdf_manual_00"", ""type"": ""absent"", ""passed"": false, ""category"": ""headers_footers""}, {""id"": ""auto_baseline"", ""type"": ""baseline"", ""passed"": true, ""category"": ""baseline""}]",,
ocrmypdf,docs,headers_footers__ba10222e40f05d76e2bf1d51c39066a4b1fe82ed_page_11,0.4869609794200005,,False,,,,,,,,,,,,False,,headers_footers,3.0,1.0,"[{""id"": ""ba10222e40f05d76e2bf1d51c39066a4b1fe82ed_page_11_header_00"", ""type"": ""absent"", ""passed"": false, ""category"": ""headers_footers""}, {""id"": ""ba10222e40f05d76e2bf1d51c39066a4b1fe82ed_page_11.pdf_manual_00"", ""type"": ""absent"", ""passed"": false, ""category"": ""headers_footers""}, {""id"": ""auto_baseline"", ""type"": ""baseline"", ""passed"": true, ""category"": ""baseline""}]",,
ocrmypdf,docs,headers_footers__d8b9c4cd0ba9b036e09168c8dccccd1d43315ef4_page_1,0.4869609794200005,,False,,,,,,,,,,,,False,,headers_footers,3.0,2.0,"[{""id"": ""d8b9c4cd0ba9b036e09168c8dccccd1d43315ef4_page_1_header_00"", ""type"": ""absent"", ""passed"": false, ""category"": ""headers_footers""}, {""id"": ""d8b9c4cd0ba9b036e09168c8dccccd1d43315ef4_page_1.pdf_manual_00"", ""type"": ""absent"", ""passed"": true, ""category"": ""headers_footers""}, {""id"": ""auto_baseline"", ""type"": ""baseline"", ""passed"": true, ""category"": ""baseline""}]",,
ocrmypdf,docs,long_tiny_text__11_pg161_pg1,0.4869609794200005,,False,,,,,,,,,,,,False,,long_tiny_text,9.0,9.0,"[{""id"": ""11_pg161_pg1_text_00"", ""type"": ""present"", ""passed"": true, ""category"": ""long_tiny_text""}, {""id"": ""11_pg161_pg1_text_01"", ""type"": ""present"", ""passed"": true, ""category"": ""long_tiny_text""}, {""id"": ""11_pg161_pg1_text_02"", ""type"": ""present"", ""passed"": true, ""category"": ""long_tiny_text""}, {""id"": ""11_pg161_pg1_text_03"", ""type"": ""present"", ""passed"": true, ""category"": ""long_tiny_text""}, {""id"": ""11_pg161_pg1_text_04"", ""type"": ""present"", ""passed"": true, ""category"": ""long_tiny_text""}, {""id"": ""11_pg161_pg1_text_05"", ""type"": ""present"", ""passed"": true, ""category"": ""long_tiny_text""}, {""id"": ""11_pg161_pg1_text_06"", ""type"": ""present"", ""passed"": true, ""category"": ""long_tiny_text""}, {""id"": ""11_pg161_pg1_text_07"", ""type"": ""present"", ""passed"": true, ""category"": ""long_tiny_text""}, {""id"": ""auto_baseline"", ""type"": ""baseline"", ""passed"": true, ""category"": ""baseline""}]",,
ocrmypdf,docs,long_tiny_text__11_pg375_pg1,0.4869609794200005,,False,,,,,,,,,,,,False,,long_tiny_text,4.0,3.0,"[{""id"": ""11_pg375_pg1_text_00"", ""type"": ""present"", ""passed"": true, ""category"": ""long_tiny_text""}, {""id"": ""11_pg375_pg1_text_01"", ""type"": ""present"", ""passed"": true, ""category"": ""long_tiny_text""}, {""id"": ""11_pg375_pg1_text_02"", ""type"": ""present"", ""passed"": false, ""category"": ""long_tiny_text""}, {""id"": ""auto_baseline"", ""type"": ""baseline"", ""passed"": true, ""category"": ""baseline""}]",,
ocrmypdf,docs,long_tiny_text__13_pg556_pg1,0.4869609794200005,,False,,,,,,,,,,,,False,,long_tiny_text,5.0,4.0,"[{""id"": ""13_pg556_pg1_text_00"", ""type"": ""present"", ""passed"": true, ""category"": ""long_tiny_text""}, {""id"": ""13_pg556_pg1_text_01"", ""type"": ""present"", ""passed"": true, ""category"": ""long_tiny_text""}, {""id"": ""13_pg556_pg1_text_02"", ""type"": ""present"", ""passed"": false, ""category"": ""long_tiny_text""}, {""id"": ""13_pg556_pg1_text_03"", ""type"": ""present"", ""passed"": true, ""category"": ""long_tiny_text""}, {""id"": ""auto_baseline"", ""type"": ""baseline"", ""passed"": true, ""category"": ""baseline""}]",,
ocrmypdf,docs,long_tiny_text__13_pg566_pg1,0.4869609794200005,,False,,,,,,,,,,,,False,,long_tiny_text,6.0,5.0,"[{""id"": ""13_pg566_pg1_text_00"", ""type"": ""present"", ""passed"": true, ""category"": ""long_tiny_text""}, {""id"": ""13_pg566_pg1_text_01"", ""type"": ""present"", ""passed"": true, ""category"": ""long_tiny_text""}, {""id"": ""13_pg566_pg1_text_02"", ""type"": ""present"", ""passed"": false, ""category"": ""long_tiny_text""}, {""id"": ""13_pg566_pg1_text_03"", ""type"": ""present"", ""passed"": true, ""category"": ""long_tiny_text""}, {""id"": ""13_pg566_pg1_text_04"", ""type"": ""present"", ""passed"": true, ""category"": ""long_tiny_text""}, {""id"": ""auto_baseline"", ""type"": ""baseline"", ""passed"": true, ""category"": ""baseline""}]",,
ocrmypdf,docs,long_tiny_text__13_pg67_pg1,0.4869609794200005,,False,,,,,,,,,,,,False,,long_tiny_text,6.0,5.0,"[{""id"": ""13_pg67_pg1_text_00"", ""type"": ""present"", ""passed"": false, ""category"": ""long_tiny_text""}, {""id"": ""13_pg67_pg1_text_01"", ""type"": ""present"", ""passed"": true, ""category"": ""long_tiny_text""}, {""id"": ""13_pg67_pg1_text_02"", ""type"": ""present"", ""passed"": true, ""category"": ""long_tiny_text""}, {""id"": ""13_pg67_pg1_text_03"", ""type"": ""present"", ""passed"": true, ""category"": ""long_tiny_text""}, {""id"": ""13_pg67_pg1_text_04"", ""type"": ""present"", ""passed"": true, ""category"": ""long_tiny_text""}, {""id"": ""auto_baseline"", ""type"": ""baseline"", ""passed"": true, ""category"": ""baseline""}]",,
ocrmypdf,docs,long_tiny_text__14a_pg1,0.4869609794200005,,False,,,,,,,,,,,,False,,long_tiny_text,6.0,4.0,"[{""id"": ""14a_pg1_text_01"", ""type"": ""present"", ""passed"": true, ""category"": ""long_tiny_text""}, {""id"": ""14a_pg1_text_02"", ""type"": ""present"", ""passed"": true, ""category"": ""long_tiny_text""}, {""id"": ""14a_pg1_text_04"", ""type"": ""present"", ""passed"": false, ""category"": ""long_tiny_text""}, {""id"": ""14a_pg1_text_05"", ""type"": ""present"", ""passed"": false, ""category"": ""long_tiny_text""}, {""id"": ""14a_pg1_text_06"", ""type"": ""present"", ""passed"": true, ""category"": ""long_tiny_text""}, {""id"": ""auto_baseline"", ""type"": ""baseline"", ""passed"": true, ""category"": ""baseline""}]",,
ocrmypdf,docs,long_tiny_text__15c_pg1,0.4869609794200005,,False,,,,,,,,,,,,False,,long_tiny_text,5.0,2.0,"[{""id"": ""15c_pg1_text_00"", ""type"": ""present"", ""passed"": true, ""category"": ""long_tiny_text""}, {""id"": ""15c_pg1_text_01"", ""type"": ""present"", ""passed"": false, ""category"": ""long_tiny_text""}, {""id"": ""15c_pg1_text_02"", ""type"": ""present"", ""passed"": false, ""category"": ""long_tiny_text""}, {""id"": ""15c_pg1_text_03"", ""type"": ""present"", ""passed"": false, ""category"": ""long_tiny_text""}, {""id"": ""auto_baseline"", ""type"": ""baseline"", ""passed"": true, ""category"": ""baseline""}]",,
ocrmypdf,docs,long_tiny_text__17_pg2_pg1,0.4869609794200005,,False,,,,,,,,,,,,False,,long_tiny_text,40.0,34.0,"[{""id"": ""17_pg2_pg1_text_00"", ""type"": ""present"", ""passed"": true, ""category"": ""long_tiny_text""}, {""id"": ""17_pg2_pg1_text_01"", ""type"": ""present"", ""passed"": true, ""category"": ""long_tiny_text""}, {""id"": ""17_pg2_pg1_text_02"", ""type"": ""present"", ""passed"": false, ""category"": ""long_tiny_text""}, {""id"": ""17_pg2_pg1_text_03"", ""type"": ""present"", ""passed"": true, ""category"": ""long_tiny_text""}, {""id"": ""17_pg2_pg1_text_04"", ""type"": ""present"", ""passed"": true, ""category"": ""long_tiny_text""}, {""id"": ""17_pg2_pg1_text_06"", ""type"": ""present"", ""passed"": true, ""category"": ""long_tiny_text""}, {""id"": ""17_pg2_pg1_text_07"", ""type"": ""present"", ""passed"": true, ""category"": ""long_tiny_text""}, {""id"": ""17_pg2_pg1_text_09"", ""type"": ""present"", ""passed"": true, ""category"": ""long_tiny_text""}, {""id"": ""17_pg2_pg1_text_10"", ""type"": ""present"", ""passed"": true, ""category"": ""long_tiny_text""}, {""id"": ""17_pg2_pg1_text_12"", ""type"": ""present"", ""passed"": true, ""category"": ""long_tiny_text""}, {""id"": ""17_pg2_pg1_text_13"", ""type"": ""present"", ""passed"": true, ""category"": ""long_tiny_text""}, {""id"": ""17_pg2_pg1_text_16"", ""type"": ""present"", ""passed"": true, ""category"": ""long_tiny_text""}, {""id"": ""17_pg2_pg1_text_17"", ""type"": ""present"", ""passed"": false, ""category"": ""long_tiny_text""}, {""id"": ""17_pg2_pg1_text_20"", ""type"": ""present"", ""passed"": false, ""category"": ""long_tiny_text""}, {""id"": ""17_pg2_pg1_text_23"", ""type"": ""present"", ""passed"": true, ""category"": ""long_tiny_text""}, {""id"": ""17_pg2_pg1_text_24"", ""type"": ""present"", ""passed"": true, ""category"": ""long_tiny_text""}, {""id"": ""17_pg2_pg1_text_25"", ""type"": ""present"", ""passed"": true, ""category"": ""long_tiny_text""}, {""id"": ""17_pg2_pg1_text_27"", ""type"": ""present"", ""passed"": true, ""category"": ""long_tiny_text""}, {""id"": ""17_pg2_pg1_text_28"", ""type"": ""present"", ""passed"": true, ""category"": ""long_tiny_text""}, {""id"": ""17_pg2_pg1_text_30"", ""type"": ""present"", ""passed"": true, ""category"": ""long_tiny_text""}, {""id"": ""17_pg2_pg1_text_31"", ""type"": ""present"", ""passed"": true, ""category"": ""long_tiny_text""}, {""id"": ""17_pg2_pg1_text_34"", ""type"": ""present"", ""passed"": true, ""category"": ""long_tiny_text""}, {""id"": ""17_pg2_pg1_text_37"", ""type"": ""present"", ""passed"": true, ""category"": ""long_tiny_text""}, {""id"": ""17_pg2_pg1_text_41"", ""type"": ""present"", ""passed"": false, ""category"": ""long_tiny_text""}, {""id"": ""17_pg2_pg1_text_43"", ""type"": ""present"", ""passed"": true, ""category"": ""long_tiny_text""}, {""id"": ""17_pg2_pg1_text_45"", ""type"": ""present"", ""passed"": false, ""category"": ""long_tiny_text""}, {""id"": ""17_pg2_pg1_text_49"", ""type"": ""present"", ""passed"": true, ""category"": ""long_tiny_text""}, {""id"": ""17_pg2_pg1_text_51"", ""type"": ""present"", ""passed"": true, ""category"": ""long_tiny_text""}, {""id"": ""17_pg2_pg1_text_56"", ""type"": ""present"", ""passed"": true, ""category"": ""long_tiny_text""}, {""id"": ""17_pg2_pg1_text_61"", ""type"": ""present"", ""passed"": true, ""category"": ""long_tiny_text""}, {""id"": ""17_pg2_pg1_text_65"", ""type"": ""present"", ""passed"": true, ""category"": ""long_tiny_text""}, {""id"": ""17_pg2_pg1_text_69"", ""type"": ""present"", ""passed"": true, ""category"": ""long_tiny_text""}, {""id"": ""17_pg2_pg1_text_74"", ""type"": ""present"", ""passed"": true, ""category"": ""long_tiny_text""}, {""id"": ""17_pg2_pg1_text_80"", ""type"": ""present"", ""passed"": true, ""category"": ""long_tiny_text""}, {""id"": ""17_pg2_pg1_text_83"", ""type"": ""present"", ""passed"": false, ""category"": ""long_tiny_text""}, {""id"": ""17_pg2_pg1_text_86"", ""type"": ""present"", ""passed"": true, ""category"": ""long_tiny_text""}, {""id"": ""17_pg2_pg1_text_88"", ""type"": ""present"", ""passed"": true, ""category"": ""long_tiny_text""}, {""id"": ""17_pg2_pg1_text_95"", ""type"": ""present"", ""passed"": true, ""category"": ""long_tiny_text""}, {""id"": ""17_pg2_pg1_text_97"", ""type"": ""present"", ""passed"": true, ""category"": ""long_tiny_text""}, {""id"": ""auto_baseline"", ""type"": ""baseline"", ""passed"": true, ""category"": ""baseline""}]",,
ocrmypdf,docs,long_tiny_text__20_pg40_pg1,0.4869609794200005,,False,,,,,,,,,,,,False,,long_tiny_text,6.0,2.0,"[{""id"": ""20_pg40_pg1_text_00"", ""type"": ""present"", ""passed"": false, ""category"": ""long_tiny_text""}, {""id"": ""20_pg40_pg1_text_01"", ""type"": ""present"", ""passed"": false, ""category"": ""long_tiny_text""}, {""id"": ""20_pg40_pg1_text_02"", ""type"": ""present"", ""passed"": false, ""category"": ""long_tiny_text""}, {""id"": ""20_pg40_pg1_text_03"", ""type"": ""present"", ""passed"": false, ""category"": ""long_tiny_text""}, {""id"": ""20_pg40_pg1_text_04"", ""type"": ""present"", ""passed"": true, ""category"": ""long_tiny_text""}, {""id"": ""auto_baseline"", ""type"": ""baseline"", ""passed"": true, ""category"": ""baseline""}]",,
ocrmypdf,docs,long_tiny_text__20_pg46_pg1,0.4869609794200005,,False,,,,,,,,,,,,False,,long_tiny_text,10.0,6.0,"[{""id"": ""20_pg46_pg1_text_00"", ""type"": ""present"", ""passed"": true, ""category"": ""long_tiny_text""}, {""id"": ""20_pg46_pg1_text_01"", ""type"": ""present"", ""passed"": false, ""category"": ""long_tiny_text""}, {""id"": ""20_pg46_pg1_text_02"", ""type"": ""present"", ""passed"": false, ""category"": ""long_tiny_text""}, {""id"": ""20_pg46_pg1_text_03"", ""type"": ""present"", ""passed"": true, ""category"": ""long_tiny_text""}, {""id"": ""20_pg46_pg1_text_04"", ""type"": ""present"", ""passed"": false, ""category"": ""long_tiny_text""}, {""id"": ""20_pg46_pg1_text_05"", ""type"": ""present"", ""passed"": true, ""category"": ""long_tiny_text""}, {""id"": ""20_pg46_pg1_text_06"", ""type"": ""present"", ""passed"": false, ""category"": ""long_tiny_text""}, {""id"": ""20_pg46_pg1_text_08"", ""type"": ""present"", ""passed"": true, ""category"": ""long_tiny_text""}, {""id"": ""20_pg46_pg1_text_09"", ""type"": ""present"", ""passed"": true, ""category"": ""long_tiny_text""}, {""id"": ""auto_baseline"", ""type"": ""baseline"", ""passed"": true, ""category"": ""baseline""}]",,
ocrmypdf,docs,multi_column__00945e98ea0970dcffb8f548336df3a0137f_page_4_pg1,0.4869609794200005,,False,,,,,,,,,,,,False,,multi_column,4.0,3.0,"[{""id"": ""00945e98ea0970dcffb8f548336df3a0137f_page_4.pdf_order_0a8f368a"", ""type"": ""order"", ""passed"": true, ""category"": ""multi_column""}, {""id"": ""00945e98ea0970dcffb8f548336df3a0137f_page_4.pdf_order_3d4bbd69"", ""type"": ""order"", ""passed"": false, ""category"": ""multi_column""}, {""id"": ""00945e98ea0970dcffb8f548336df3a0137f_page_4.pdf_order_4cbab131"", ""type"": ""order"", ""passed"": true, ""category"": ""multi_column""}, {""id"": ""auto_baseline"", ""type"": ""baseline"", ""passed"": true, ""category"": ""baseline""}]",,
ocrmypdf,docs,multi_column__00e2c7719d58bb49fd4031cce9dcccdddec2_page_1_pg1,0.4869609794200005,,False,,,,,,,,,,,,False,,multi_column,3.0,2.0,"[{""id"": ""00e2c7719d58bb49fd4031cce9dcccdddec2_page_1.pdf_order_85be1097"", ""type"": ""order"", ""passed"": false, ""category"": ""multi_column""}, {""id"": ""00e2c7719d58bb49fd4031cce9dcccdddec2_page_1.pdf_order_b903400b"", ""type"": ""order"", ""passed"": true, ""category"": ""multi_column""}, {""id"": ""auto_baseline"", ""type"": ""baseline"", ""passed"": true, ""category"": ""baseline""}]",,
ocrmypdf,docs,multi_column__0114396ecb251aa3ebaeaeaed6bd4fe50bd2_page_2_pg1,0.4869609794200005,,False,,,,,,,,,,,,False,,multi_column,6.0,6.0,"[{""id"": ""0114396ecb251aa3ebaeaeaed6bd4fe50bd2_page_2.pdf_order_e5d2d945"", ""type"": ""order"", ""passed"": true, ""category"": ""multi_column""}, {""id"": ""0114396ecb251aa3ebaeaeaed6bd4fe50bd2_page_2.pdf_order_6b2daa2b"", ""type"": ""order"", ""passed"": true, ""category"": ""multi_column""}, {""id"": ""0114396ecb251aa3ebaeaeaed6bd4fe50bd2_page_2.pdf_order_f61eafae"", ""type"": ""order"", ""passed"": true, ""category"": ""multi_column""}, {""id"": ""0114396ecb251aa3ebaeaeaed6bd4fe50bd2_page_2.pdf_order_40a2536e"", ""type"": ""order"", ""passed"": true, ""category"": ""multi_column""}, {""id"": ""0114396ecb251aa3ebaeaeaed6bd4fe50bd2_page_2.pdf_order_b8d41298"", ""type"": ""order"", ""passed"": true, ""category"": ""multi_column""}, {""id"": ""auto_baseline"", ""type"": ""baseline"", ""passed"": true, ""category"": ""baseline""}]",,
ocrmypdf,docs,multi_column__019a8841dddeb304774ba62a9f5d8dccb43d_page_2_pg1,0.4869609794200005,,False,,,,,,,,,,,,False,,multi_column,5.0,3.0,"[{""id"": ""019a8841dddeb304774ba62a9f5d8dccb43d_page_2.pdf_order_00d331ca"", ""type"": ""order"", ""passed"": true, ""category"": ""multi_column""}, {""id"": ""019a8841dddeb304774ba62a9f5d8dccb43d_page_2.pdf_order_2410e748"", ""type"": ""order"", ""passed"": true, ""category"": ""multi_column""}, {""id"": ""019a8841dddeb304774ba62a9f5d8dccb43d_page_2.pdf_order_5a8cba0a"", ""type"": ""order"", ""passed"": false, ""category"": ""multi_column""}, {""id"": ""019a8841dddeb304774ba62a9f5d8dccb43d_page_2.pdf_order_6a2477bc"", ""type"": ""order"", ""passed"": false, ""category"": ""multi_column""}, {""id"": ""auto_baseline"", ""type"": ""baseline"", ""passed"": true, ""category"": ""baseline""}]",,
ocrmypdf,docs,multi_column__0208fbb5d6b646f972f4702428ad2cede5c5_page_6_pg1,0.4869609794200005,,False,,,,,,,,,,,,False,,multi_column,2.0,1.0,"[{""id"": ""0208fbb5d6b646f972f4702428ad2cede5c5_page_6.pdf_order_71ab8004"", ""type"": ""order"", ""passed"": false, ""category"": ""multi_column""}, {""id"": ""auto_baseline"", ""type"": ""baseline"", ""passed"": true, ""category"": ""baseline""}]",,
ocrmypdf,docs,multi_column__027c390510b2fd3364f5a382f2bc304af018_page_4_pg1,0.4869609794200005,,False,,,,,,,,,,,,False,,multi_column,5.0,3.0,"[{""id"": ""027c390510b2fd3364f5a382f2bc304af018_page_4.pdf_order_ea693a98"", ""type"": ""order"", ""passed"": false, ""category"": ""multi_column""}, {""id"": ""027c390510b2fd3364f5a382f2bc304af018_page_4.pdf_order_053bda58"", ""type"": ""order"", ""passed"": true, ""category"": ""multi_column""}, {""id"": ""027c390510b2fd3364f5a382f2bc304af018_page_4.pdf_order_9e06820d"", ""type"": ""order"", ""passed"": true, ""category"": ""multi_column""}, {""id"": ""027c390510b2fd3364f5a382f2bc304af018_page_4.pdf_order_97e749bf"", ""type"": ""order"", ""passed"": false, ""category"": ""multi_column""}, {""id"": ""auto_baseline"", ""type"": ""baseline"", ""passed"": true, ""category"": ""baseline""}]",,
ocrmypdf,docs,multi_column__02943986dff2d4a84b7c2dd81abfc51fceea_page_5_pg1,0.4869609794200005,,False,,,,,,,,,,,,False,,multi_column,5.0,4.0,"[{""id"": ""02943986dff2d4a84b7c2dd81abfc51fceea_page_5.pdf_order_3f1adc6b"", ""type"": ""order"", ""passed"": true, ""category"": ""multi_column""}, {""id"": ""02943986dff2d4a84b7c2dd81abfc51fceea_page_5.pdf_order_00ce4e6f"", ""type"": ""order"", ""passed"": false, ""category"": ""multi_column""}, {""id"": ""02943986dff2d4a84b7c2dd81abfc51fceea_page_5.pdf_order_46755e50"", ""type"": ""order"", ""passed"": true, ""category"": ""multi_column""}, {""id"": ""02943986dff2d4a84b7c2dd81abfc51fceea_page_5.pdf_order_13f6999c"", ""type"": ""order"", ""passed"": true, ""category"": ""multi_column""}, {""id"": ""auto_baseline"", ""type"": ""baseline"", ""passed"": true, ""category"": ""baseline""}]",,
ocrmypdf,docs,multi_column__02943986dff2d4a84b7c2dd81abfc51fceea_page_9_pg1,0.4869609794200005,,False,,,,,,,,,,,,False,,multi_column,5.0,2.0,"[{""id"": ""02943986dff2d4a84b7c2dd81abfc51fceea_page_9.pdf_order_babd8e0e"", ""type"": ""order"", ""passed"": false, ""category"": ""multi_column""}, {""id"": ""02943986dff2d4a84b7c2dd81abfc51fceea_page_9.pdf_order_2e6f0ead"", ""type"": ""order"", ""passed"": false, ""category"": ""multi_column""}, {""id"": ""02943986dff2d4a84b7c2dd81abfc51fceea_page_9.pdf_order_7e60c895"", ""type"": ""order"", ""passed"": false, ""category"": ""multi_column""}, {""id"": ""02943986dff2d4a84b7c2dd81abfc51fceea_page_9.pdf_order_81a40b7f"", ""type"": ""order"", ""passed"": true, ""category"": ""multi_column""}, {""id"": ""auto_baseline"", ""type"": ""baseline"", ""passed"": true, ""category"": ""baseline""}]",,
ocrmypdf,docs,multi_column__038650c9dfd95e7495d0c4d301d9dcca735a_page_1_pg1,0.4869609794200005,,False,,,,,,,,,,,,False,,multi_column,5.0,4.0,"[{""id"": ""038650c9dfd95e7495d0c4d301d9dcca735a_page_1.pdf_order_eb32d864"", ""type"": ""order"", ""passed"": true, ""category"": ""multi_column""}, {""id"": ""038650c9dfd95e7495d0c4d301d9dcca735a_page_1.pdf_order_517c20f9"", ""type"": ""order"", ""passed"": true, ""category"": ""multi_column""}, {""id"": ""038650c9dfd95e7495d0c4d301d9dcca735a_page_1.pdf_order_12a7fa3e"", ""type"": ""order"", ""passed"": true, ""category"": ""multi_column""}, {""id"": ""038650c9dfd95e7495d0c4d301d9dcca735a_page_1.pdf_order_cf779f79"", ""type"": ""order"", ""passed"": false, ""category"": ""multi_column""}, {""id"": ""auto_baseline"", ""type"": ""baseline"", ""passed"": true, ""category"": ""baseline""}]",,
ocrmypdf,docs,multi_column__0845863d27c84b14011e17a388821525e783_page_16_pg1,0.4869609794200005,,False,,,,,,,,,,,,False,,multi_column,4.0,2.0,"[{""id"": ""0845863d27c84b14011e17a388821525e783_page_16.pdf_order_dffceb1b"", ""type"": ""order"", ""passed"": true, ""category"": ""multi_column""}, {""id"": ""0845863d27c84b14011e17a388821525e783_page_16.pdf_order_ac24f586"", ""type"": ""order"", ""passed"": false, ""category"": ""multi_column""}, {""id"": ""0845863d27c84b14011e17a388821525e783_page_16.pdf_order_4bda9b61"", ""type"": ""order"", ""passed"": false, ""category"": ""multi_column""}, {""id"": ""auto_baseline"", ""type"": ""baseline"", ""passed"": true, ""category"": ""baseline""}]",,
ocrmypdf,docs,old_scans__1,0.4869609794200005,,False,,,,,,,,,,,,False,,old_scans,6.0,2.0,"[{""id"": ""1_680487"", ""type"": ""present"", ""passed"": false, ""category"": ""old_scans""}, {""id"": ""1_126739"", ""type"": ""absent"", ""passed"": true, ""category"": ""old_scans""}, {""id"": ""1_36225"", ""type"": ""present"", ""passed"": false, ""category"": ""old_scans""}, {""id"": ""1_787572"", ""type"": ""order"", ""passed"": false, ""category"": ""old_scans""}, {""id"": ""1_298389"", ""type"": ""order"", ""passed"": false, ""category"": ""old_scans""}, {""id"": ""auto_baseline"", ""type"": ""baseline"", ""passed"": true, ""category"": ""baseline""}]",,
ocrmypdf,docs,old_scans__21,0.4869609794200005,,False,,,,,,,,,,,,True,,old_scans,8.0,1.0,"[{""id"": ""21_398162"", ""type"": ""present"", ""passed"": false, ""category"": ""old_scans""}, {""id"": ""21_382528"", ""type"": ""order"", ""passed"": false, ""category"": ""old_scans""}, {""id"": ""21_229684"", ""type"": ""absent"", ""passed"": true, ""category"": ""old_scans""}, {""id"": ""21_712729"", ""type"": ""present"", ""passed"": false, ""category"": ""old_scans""}, {""id"": ""21_289946"", ""type"": ""present"", ""passed"": false, ""category"": ""old_scans""}, {""id"": ""21_745911"", ""type"": ""present"", ""passed"": false, ""category"": ""old_scans""}, {""id"": ""21_992153"", ""type"": ""order"", ""passed"": false, ""category"": ""old_scans""}, {""id"": ""auto_baseline"", ""type"": ""baseline"", ""passed"": false, ""category"": ""baseline""}]",,
ocrmypdf,docs,old_scans__23,0.4869609794200005,,False,,,,,,,,,,,,False,,old_scans,6.0,3.0,"[{""id"": ""23_675822"", ""type"": ""present"", ""passed"": false, ""category"": ""old_scans""}, {""id"": ""23_189451"", ""type"": ""order"", ""passed"": false, ""category"": ""old_scans""}, {""id"": ""23_570086"", ""type"": ""absent"", ""passed"": true, ""category"": ""old_scans""}, {""id"": ""23_774544"", ""type"": ""present"", ""passed"": false, ""category"": ""old_scans""}, {""id"": ""23_266702"", ""type"": ""present"", ""passed"": true, ""category"": ""old_scans""}, {""id"": ""auto_baseline"", ""type"": ""baseline"", ""passed"": true, ""category"": ""baseline""}]",,
ocrmypdf,docs,old_scans__26,0.4869609794200005,,False,,,,,,,,,,,,True,,old_scans,5.0,1.0,"[{""id"": ""26_727870"", ""type"": ""present"", ""passed"": false, ""category"": ""old_scans""}, {""id"": ""26_350035"", ""type"": ""order"", ""passed"": false, ""category"": ""old_scans""}, {""id"": ""26_893794"", ""type"": ""absent"", ""passed"": true, ""category"": ""old_scans""}, {""id"": ""26_815635"", ""type"": ""present"", ""passed"": false, ""category"": ""old_scans""}, {""id"": ""auto_baseline"", ""type"": ""baseline"", ""passed"": false, ""category"": ""baseline""}]",,
ocrmypdf,docs,old_scans__52,0.4869609794200005,,False,,,,,,,,,,,,True,,old_scans,4.0,0.0,"[{""id"": ""52_591542"", ""type"": ""present"", ""passed"": false, ""category"": ""old_scans""}, {""id"": ""52_323921"", ""type"": ""present"", ""passed"": false, ""category"": ""old_scans""}, {""id"": ""52_987017"", ""type"": ""present"", ""passed"": false, ""category"": ""old_scans""}, {""id"": ""auto_baseline"", ""type"": ""baseline"", ""passed"": false, ""category"": ""baseline""}]",,
ocrmypdf,docs,old_scans__55,0.4869609794200005,,False,,,,,,,,,,,,False,,old_scans,4.0,1.0,"[{""id"": ""55_930782"", ""type"": ""present"", ""passed"": false, ""category"": ""old_scans""}, {""id"": ""55_150814"", ""type"": ""present"", ""passed"": false, ""category"": ""old_scans""}, {""id"": ""55_287312"", ""type"": ""present"", ""passed"": false, ""category"": ""old_scans""}, {""id"": ""auto_baseline"", ""type"": ""baseline"", ""passed"": true, ""category"": ""baseline""}]",,
ocrmypdf,docs,old_scans__58,0.4869609794200005,,False,,,,,,,,,,,,False,,old_scans,7.0,3.0,"[{""id"": ""58_984036"", ""type"": ""present"", ""passed"": false, ""category"": ""old_scans""}, {""id"": ""58_575492"", ""type"": ""order"", ""passed"": false, ""category"": ""old_scans""}, {""id"": ""58_801952"", ""type"": ""absent"", ""passed"": true, ""category"": ""old_scans""}, {""id"": ""58_775388"", ""type"": ""present"", ""passed"": true, ""category"": ""old_scans""}, {""id"": ""58_733378"", ""type"": ""present"", ""passed"": false, ""category"": ""old_scans""}, {""id"": ""58_220922"", ""type"": ""order"", ""passed"": false, ""category"": ""old_scans""}, {""id"": ""auto_baseline"", ""type"": ""baseline"", ""passed"": true, ""category"": ""baseline""}]",,
ocrmypdf,docs,old_scans__82,0.4869609794200005,,False,,,,,,,,,,,,False,,old_scans,7.0,1.0,"[{""id"": ""82_617314"", ""type"": ""present"", ""passed"": false, ""category"": ""old_scans""}, {""id"": ""82_781476"", ""type"": ""order"", ""passed"": false, ""category"": ""old_scans""}, {""id"": ""82_578532"", ""type"": ""present"", ""passed"": false, ""category"": ""old_scans""}, {""id"": ""82_73918"", ""type"": ""present"", ""passed"": false, ""category"": ""old_scans""}, {""id"": ""82_794309"", ""type"": ""present"", ""passed"": false, ""category"": ""old_scans""}, {""id"": ""82_338838"", ""type"": ""order"", ""passed"": false, ""category"": ""old_scans""}, {""id"": ""auto_baseline"", ""type"": ""baseline"", ""passed"": true, ""category"": ""baseline""}]",,
ocrmypdf,docs,old_scans__85,0.4869609794200005,,False,,,,,,,,,,,,False,,old_scans,7.0,1.0,"[{""id"": ""85_204851"", ""type"": ""present"", ""passed"": false, ""category"": ""old_scans""}, {""id"": ""85_81849"", ""type"": ""order"", ""passed"": false, ""category"": ""old_scans""}, {""id"": ""85_633939"", ""type"": ""present"", ""passed"": false, ""category"": ""old_scans""}, {""id"": ""85_81262"", ""type"": ""present"", ""passed"": false, ""category"": ""old_scans""}, {""id"": ""85_718011"", ""type"": ""present"", ""passed"": false, ""category"": ""old_scans""}, {""id"": ""85_913682"", ""type"": ""order"", ""passed"": false, ""category"": ""old_scans""}, {""id"": ""auto_baseline"", ""type"": ""baseline"", ""passed"": true, ""category"": ""baseline""}]",,
ocrmypdf,docs,old_scans__96,0.4869609794200005,,False,,,,,,,,,,,,False,,old_scans,8.0,1.0,"[{""id"": ""96_686856"", ""type"": ""present"", ""passed"": false, ""category"": ""old_scans""}, {""id"": ""96_324569"", ""type"": ""order"", ""passed"": false, ""category"": ""old_scans""}, {""id"": ""96_489434"", ""type"": ""present"", ""passed"": false, ""category"": ""old_scans""}, {""id"": ""96_341535"", ""type"": ""present"", ""passed"": false, ""category"": ""old_scans""}, {""id"": ""96_984146"", ""type"": ""present"", ""passed"": false, ""category"": ""old_scans""}, {""id"": ""96_798387"", ""type"": ""order"", ""passed"": false, ""category"": ""old_scans""}, {""id"": ""96_991188"", ""type"": ""order"", ""passed"": false, ""category"": ""old_scans""}, {""id"": ""auto_baseline"", ""type"": ""baseline"", ""passed"": true, ""category"": ""baseline""}]",,
ocrmypdf,docs,tables__2d54e996d1247bd36695d872863eefebd8f8_pg4,0.4869609794200005,,False,,,,,,,,,,,,False,,table_tests,5.0,1.0,"[{""id"": ""2d54e996d1247bd36695d872863eefebd8f8_pg4_table_00"", ""type"": ""table"", ""passed"": false, ""category"": ""table_tests""}, {""id"": ""2d54e996d1247bd36695d872863eefebd8f8_pg4_table_01"", ""type"": ""table"", ""passed"": false, ""category"": ""table_tests""}, {""id"": ""2d54e996d1247bd36695d872863eefebd8f8_pg4_table_02"", ""type"": ""table"", ""passed"": false, ""category"": ""table_tests""}, {""id"": ""2d54e996d1247bd36695d872863eefebd8f8_pg4_table_03"", ""type"": ""table"", ""passed"": false, ""category"": ""table_tests""}, {""id"": ""auto_baseline"", ""type"": ""baseline"", ""passed"": true, ""category"": ""baseline""}]",,
ocrmypdf,docs,tables__2d932ac96ad0d8ccf81a56bd105fa18fdcbb_pg7,0.4869609794200005,,False,,,,,,,,,,,,False,,table_tests,2.0,1.0,"[{""id"": ""2d932ac96ad0d8ccf81a56bd105fa18fdcbb_pg7_table_00"", ""type"": ""table"", ""passed"": false, ""category"": ""table_tests""}, {""id"": ""auto_baseline"", ""type"": ""baseline"", ""passed"": true, ""category"": ""baseline""}]",,
ocrmypdf,docs,tables__4fafd7de9caa1cf3c0fad313d7bb24b2e685_pg9,0.4869609794200005,,False,,,,,,,,,,,,False,,table_tests,5.0,1.0,"[{""id"": ""4fafd7de9caa1cf3c0fad313d7bb24b2e685_pg9_table_00"", ""type"": ""table"", ""passed"": false, ""category"": ""table_tests""}, {""id"": ""4fafd7de9caa1cf3c0fad313d7bb24b2e685_pg9_table_01"", ""type"": ""table"", ""passed"": false, ""category"": ""table_tests""}, {""id"": ""4fafd7de9caa1cf3c0fad313d7bb24b2e685_pg9_table_02"", ""type"": ""table"", ""passed"": false, ""category"": ""table_tests""}, {""id"": ""4fafd7de9caa1cf3c0fad313d7bb24b2e685_pg9_table_03"", ""type"": ""table"", ""passed"": false, ""category"": ""table_tests""}, {""id"": ""auto_baseline"", ""type"": ""baseline"", ""passed"": true, ""category"": ""baseline""}]",,
ocrmypdf,docs,tables__529eeb84602e4fba7df7a4b127af6c830f97_pg12,0.4869609794200005,,False,,,,,,,,,,,,False,,table_tests,4.0,1.0,"[{""id"": ""529eeb84602e4fba7df7a4b127af6c830f97_pg12_table_00"", ""type"": ""table"", ""passed"": false, ""category"": ""table_tests""}, {""id"": ""529eeb84602e4fba7df7a4b127af6c830f97_pg12_table_01"", ""type"": ""table"", ""passed"": false, ""category"": ""table_tests""}, {""id"": ""529eeb84602e4fba7df7a4b127af6c830f97_pg12_table_04"", ""type"": ""table"", ""passed"": false, ""category"": ""table_tests""}, {""id"": ""auto_baseline"", ""type"": ""baseline"", ""passed"": true, ""category"": ""baseline""}]",,
ocrmypdf,docs,tables__a70c1fc81feccfd878dabffd3dc5617b584c_pg5,0.4869609794200005,,False,,,,,,,,,,,,False,,table_tests,6.0,1.0,"[{""id"": ""a70c1fc81feccfd878dabffd3dc5617b584c_pg5_table_00"", ""type"": ""table"", ""passed"": false, ""category"": ""table_tests""}, {""id"": ""a70c1fc81feccfd878dabffd3dc5617b584c_pg5_table_01"", ""type"": ""table"", ""passed"": false, ""category"": ""table_tests""}, {""id"": ""a70c1fc81feccfd878dabffd3dc5617b584c_pg5_table_02"", ""type"": ""table"", ""passed"": false, ""category"": ""table_tests""}, {""id"": ""a70c1fc81feccfd878dabffd3dc5617b584c_pg5_table_03"", ""type"": ""table"", ""passed"": false, ""category"": ""table_tests""}, {""id"": ""a70c1fc81feccfd878dabffd3dc5617b584c_pg5_table_04"", ""type"": ""table"", ""passed"": false, ""category"": ""table_tests""}, {""id"": ""auto_baseline"", ""type"": ""baseline"", ""passed"": true, ""category"": ""baseline""}]",,
ocrmypdf,docs,tables__b2a4c508f7839c1fbd2bb29a0d56c46bc00e_pg13_pg1,0.4869609794200005,,False,,,,,,,,,,,,False,,table_tests,11.0,1.0,"[{""id"": ""b2a4c508f7839c1fbd2bb29a0d56c46bc00e_pg13_table_00"", ""type"": ""table"", ""passed"": false, ""category"": ""table_tests""}, {""id"": ""b2a4c508f7839c1fbd2bb29a0d56c46bc00e_pg13_table_01"", ""type"": ""table"", ""passed"": false, ""category"": ""table_tests""}, {""id"": ""b2a4c508f7839c1fbd2bb29a0d56c46bc00e_pg13_table_02"", ""type"": ""table"", ""passed"": false, ""category"": ""table_tests""}, {""id"": ""b2a4c508f7839c1fbd2bb29a0d56c46bc00e_pg13_table_03"", ""type"": ""table"", ""passed"": false, ""category"": ""table_tests""}, {""id"": ""b2a4c508f7839c1fbd2bb29a0d56c46bc00e_pg13_table_04"", ""type"": ""table"", ""passed"": false, ""category"": ""table_tests""}, {""id"": ""b2a4c508f7839c1fbd2bb29a0d56c46bc00e_pg13_table_05"", ""type"": ""table"", ""passed"": false, ""category"": ""table_tests""}, {""id"": ""b2a4c508f7839c1fbd2bb29a0d56c46bc00e_pg13_table_06"", ""type"": ""table"", ""passed"": false, ""category"": ""table_tests""}, {""id"": ""b2a4c508f7839c1fbd2bb29a0d56c46bc00e_pg13_table_07"", ""type"": ""table"", ""passed"": false, ""category"": ""table_tests""}, {""id"": ""b2a4c508f7839c1fbd2bb29a0d56c46bc00e_pg13_table_08"", ""type"": ""table"", ""passed"": false, ""category"": ""table_tests""}, {""id"": ""b2a4c508f7839c1fbd2bb29a0d56c46bc00e_pg13_table_09"", ""type"": ""table"", ""passed"": false, ""category"": ""table_tests""}, {""id"": ""auto_baseline"", ""type"": ""baseline"", ""passed"": true, ""category"": ""baseline""}]",,
ocrmypdf,docs,tables__b45c138c634308a84b8b2e67997bef8aa70b_pg15,0.4869609794200005,,False,,,,,,,,,,,,False,,table_tests,6.0,1.0,"[{""id"": ""b45c138c634308a84b8b2e67997bef8aa70b_pg15_table_00"", ""type"": ""table"", ""passed"": false, ""category"": ""table_tests""}, {""id"": ""b45c138c634308a84b8b2e67997bef8aa70b_pg15_table_01"", ""type"": ""table"", ""passed"": false, ""category"": ""table_tests""}, {""id"": ""b45c138c634308a84b8b2e67997bef8aa70b_pg15_table_02"", ""type"": ""table"", ""passed"": false, ""category"": ""table_tests""}, {""id"": ""b45c138c634308a84b8b2e67997bef8aa70b_pg15_table_03"", ""type"": ""table"", ""passed"": false, ""category"": ""table_tests""}, {""id"": ""b45c138c634308a84b8b2e67997bef8aa70b_pg15_table_04"", ""type"": ""table"", ""passed"": false, ""category"": ""table_tests""}, {""id"": ""auto_baseline"", ""type"": ""baseline"", ""passed"": true, ""category"": ""baseline""}]",,
ocrmypdf,docs,tables__b5d9db350b31304da912832bcbafc47b64d8_pg2_pg1,0.4869609794200005,,False,,,,,,,,,,,,False,,table_tests,6.0,1.0,"[{""id"": ""b5d9db350b31304da912832bcbafc47b64d8_pg2_table_00"", ""type"": ""table"", ""passed"": false, ""category"": ""table_tests""}, {""id"": ""b5d9db350b31304da912832bcbafc47b64d8_pg2_table_01"", ""type"": ""table"", ""passed"": false, ""category"": ""table_tests""}, {""id"": ""b5d9db350b31304da912832bcbafc47b64d8_pg2_table_02"", ""type"": ""table"", ""passed"": false, ""category"": ""table_tests""}, {""id"": ""b5d9db350b31304da912832bcbafc47b64d8_pg2_table_03"", ""type"": ""table"", ""passed"": false, ""category"": ""table_tests""}, {""id"": ""b5d9db350b31304da912832bcbafc47b64d8_pg2_table_04"", ""type"": ""table"", ""passed"": false, ""category"": ""table_tests""}, {""id"": ""auto_baseline"", ""type"": ""baseline"", ""passed"": true, ""category"": ""baseline""}]",,
ocrmypdf,docs,tables__b773892dc3e755672b9e085e9eeb8ad18690_pg1_pg1,0.4869609794200005,,False,,,,,,,,,,,,False,,table_tests,6.0,1.0,"[{""id"": ""b773892dc3e755672b9e085e9eeb8ad18690_pg1_table_00"", ""type"": ""table"", ""passed"": false, ""category"": ""table_tests""}, {""id"": ""b773892dc3e755672b9e085e9eeb8ad18690_pg1_table_01"", ""type"": ""table"", ""passed"": false, ""category"": ""table_tests""}, {""id"": ""b773892dc3e755672b9e085e9eeb8ad18690_pg1_table_02"", ""type"": ""table"", ""passed"": false, ""category"": ""table_tests""}, {""id"": ""b773892dc3e755672b9e085e9eeb8ad18690_pg1_table_03"", ""type"": ""table"", ""passed"": false, ""category"": ""table_tests""}, {""id"": ""b773892dc3e755672b9e085e9eeb8ad18690_pg1_table_04"", ""type"": ""table"", ""passed"": false, ""category"": ""table_tests""}, {""id"": ""auto_baseline"", ""type"": ""baseline"", ""passed"": true, ""category"": ""baseline""}]",,
ocrmypdf,docs,tables__fd6cb6dfe3a918390855052669d9a194231a_pg3,0.4869609794200005,,False,,,,,,,,,,,,False,,table_tests,6.0,1.0,"[{""id"": ""fd6cb6dfe3a918390855052669d9a194231a_pg3_table_00"", ""type"": ""table"", ""passed"": false, ""category"": ""table_tests""}, {""id"": ""fd6cb6dfe3a918390855052669d9a194231a_pg3_table_01"", ""type"": ""table"", ""passed"": false, ""category"": ""table_tests""}, {""id"": ""fd6cb6dfe3a918390855052669d9a194231a_pg3_table_02"", ""type"": ""table"", ""passed"": false, ""category"": ""table_tests""}, {""id"": ""fd6cb6dfe3a918390855052669d9a194231a_pg3_table_03"", ""type"": ""table"", ""passed"": false, ""category"": ""table_tests""}, {""id"": ""fd6cb6dfe3a918390855052669d9a194231a_pg3_table_04"", ""type"": ""table"", ""passed"": false, ""category"": ""table_tests""}, {""id"": ""auto_baseline"", ""type"": ""baseline"", ""passed"": true, ""category"": ""baseline""}]",,
ocrmypdf,handwriting,iam_00023,1.9945330932166674,,True,,,1.0,1.0,1.0,40.0,40.0,0.0,0.0,0.0,0.0,True,False,,,,,,
ocrmypdf,handwriting,iam_00030,1.9945330932166674,,False,,,0.36363636363636365,0.36363636363636365,1.0,20.0,55.0,0.25,0.2222222222222222,0.7777777777777778,0.9272727272727272,False,False,,,,,,
ocrmypdf,handwriting,iam_00059,1.9945330932166674,,False,,,0.8604651162790697,0.8604651162790697,1.0,37.0,43.0,0.0,0.0,1.0,0.20930232558139536,False,False,,,,,,
ocrmypdf,handwriting,iam_00064,1.9945330932166674,,False,,,0.676056338028169,0.676056338028169,1.1666666666666667,48.0,71.0,0.0,0.0,1.0,0.7605633802816901,False,False,,,,,,
ocrmypdf,handwriting,iam_00071,1.9945330932166674,,False,,,0.15384615384615385,0.15384615384615385,0.5,6.0,39.0,0.875,0.875,0.125,0.9743589743589743,False,False,,,,,,
ocrmypdf,handwriting,iam_00079,1.9945330932166674,,False,,,0.813953488372093,0.813953488372093,1.0,35.0,43.0,0.0,0.0,1.0,0.32558139534883723,False,False,,,,,,
ocrmypdf,handwriting,iam_00126,1.9945330932166674,,False,,,0.22448979591836735,0.22448979591836735,0.7272727272727273,11.0,49.0,0.45454545454545453,0.45454545454545453,0.5454545454545454,0.9795918367346939,False,False,,,,,,
ocrmypdf,handwriting,iam_00143,1.9945330932166674,,False,,,0.6153846153846154,0.6153846153846154,1.1428571428571428,24.0,39.0,0.0,0.0,1.0,0.8974358974358975,False,False,,,,,,
ocrmypdf,handwriting,iam_00188,1.9945330932166674,,False,,,0.24444444444444444,0.24444444444444444,0.7142857142857143,11.0,45.0,0.5,0.4444444444444444,0.5555555555555556,0.9333333333333333,False,False,,,,,,
ocrmypdf,handwriting,iam_00258,1.9945330932166674,,False,,,0.6153846153846154,0.6153846153846154,1.875,32.0,52.0,0.0,0.0,1.0,1.1153846153846154,False,False,,,,,,
ocrmypdf,handwriting,iam_00264,1.9945330932166674,,False,,,0.3728813559322034,0.3728813559322034,0.7272727272727273,22.0,59.0,0.2,0.2,0.8,0.847457627118644,False,False,,,,,,
ocrmypdf,handwriting,iam_00280,1.9945330932166674,,False,,,0.5813953488372093,0.5813953488372093,1.4,25.0,43.0,0.16666666666666666,0.125,0.875,0.9302325581395349,False,False,,,,,,
ocrmypdf,handwriting,iam_00289,1.9945330932166674,,False,,,0.35,0.35,0.75,21.0,60.0,0.4166666666666667,0.4166666666666667,0.5833333333333334,0.9166666666666666,False,False,,,,,,
ocrmypdf,handwriting,iam_00343,1.9945330932166674,,False,,,0.43137254901960786,0.43137254901960786,0.8571428571428571,22.0,51.0,0.14285714285714285,0.14285714285714285,0.8571428571428571,0.8235294117647058,False,False,,,,,,
ocrmypdf,handwriting,iam_00364,1.9945330932166674,,False,,,0.4444444444444444,0.4444444444444444,1.1666666666666667,16.0,36.0,0.16666666666666666,0.125,0.875,1.0277777777777777,False,False,,,,,,
ocrmypdf,handwriting,iam_00371,1.9945330932166674,,False,,,1.0,1.0,1.0,44.0,44.0,0.0,0.0,0.0,0.0,True,False,,,,,,
ocrmypdf,handwriting,iam_00373,1.9945330932166674,,False,,,1.0,1.0,1.0,32.0,32.0,0.0,0.0,0.0,0.0,True,False,,,,,,
ocrmypdf,handwriting,iam_00403,1.9945330932166674,,False,,,0.7222222222222222,0.7222222222222222,0.8333333333333334,26.0,36.0,0.3333333333333333,0.2857142857142857,0.7142857142857143,0.6944444444444444,False,False,,,,,,
ocrmypdf,handwriting,iam_00468,1.9945330932166674,,False,,,0.6216216216216216,0.6216216216216216,1.0,23.0,37.0,0.14285714285714285,0.125,0.875,0.7837837837837838,False,False,,,,,,
ocrmypdf,handwriting,iam_00478,1.9945330932166674,,False,,,0.9655172413793104,0.9655172413793104,1.0,28.0,29.0,0.0,0.0,1.0,0.10344827586206896,False,False,,,,,,
ocrmypdf,handwriting,iam_00588,1.9945330932166674,,False,,,0.3829787234042553,0.3829787234042553,1.0,18.0,47.0,0.125,0.1111111111111111,0.8888888888888888,0.8297872340425532,False,False,,,,,,
ocrmypdf,handwriting,iam_00608,1.9945330932166674,,False,,,0.6923076923076923,0.6923076923076923,1.2222222222222223,36.0,52.0,0.25,0.16666666666666666,0.8333333333333334,1.0,False,False,,,,,,
ocrmypdf,handwriting,iam_00749,1.9945330932166674,,False,,,0.8333333333333334,0.8333333333333334,1.5,10.0,12.0,0.0,0.0,1.0,1.0833333333333333,False,False,,,,,,
ocrmypdf,handwriting,iam_00819,1.9945330932166674,,False,,,0.6046511627906976,0.6046511627906976,1.1428571428571428,26.0,43.0,0.0,0.0,1.0,0.8837209302325582,False,False,,,,,,
ocrmypdf,handwriting,iam_00969,1.9945330932166674,,False,,,0.45,0.45,1.0,18.0,40.0,0.14285714285714285,0.14285714285714285,0.8571428571428571,1.1,False,False,,,,,,
ocrmypdf,handwriting,iam_01020,1.9945330932166674,,False,,,0.6,0.6,0.875,21.0,35.0,0.125,0.1111111111111111,0.8888888888888888,0.9428571428571428,False,False,,,,,,
ocrmypdf,handwriting,iam_01023,1.9945330932166674,,False,,,0.425531914893617,0.425531914893617,0.8571428571428571,20.0,47.0,0.14285714285714285,0.14285714285714285,0.8571428571428571,0.9787234042553191,False,False,,,,,,
ocrmypdf,handwriting,iam_01091,1.9945330932166674,,False,,,0.21568627450980393,0.21568627450980393,0.5555555555555556,11.0,51.0,0.5,0.5,0.5,0.9607843137254902,False,False,,,,,,
ocrmypdf,handwriting,iam_01104,1.9945330932166674,,False,,,0.5806451612903226,0.5806451612903226,1.0,18.0,31.0,0.0,0.0,1.0,0.9354838709677419,False,False,,,,,,
ocrmypdf,handwriting,iam_01238,1.9945330932166674,,False,,,0.65,0.65,1.0,26.0,40.0,0.16666666666666666,0.14285714285714285,0.8571428571428571,0.7,False,False,,,,,,
ocrmypdf,handwriting,iam_01366,1.9945330932166674,,False,,,0.40425531914893614,0.40425531914893614,0.8888888888888888,19.0,47.0,0.1111111111111111,0.1111111111111111,0.8888888888888888,0.8936170212765957,False,False,,,,,,
ocrmypdf,handwriting,iam_01417,1.9945330932166674,,False,,,0.11320754716981132,0.11320754716981132,0.3,6.0,53.0,0.8181818181818182,0.8181818181818182,0.18181818181818182,0.9811320754716981,False,False,,,,,,
ocrmypdf,handwriting,iam_01452,1.9945330932166674,,False,,,0.3333333333333333,0.3333333333333333,0.625,17.0,51.0,0.375,0.375,0.625,0.9019607843137255,False,False,,,,,,
ocrmypdf,handwriting,iam_01455,1.9945330932166674,,False,,,1.0,1.0,1.0,5.0,5.0,0.0,0.0,0.0,0.0,True,False,,,,,,
ocrmypdf,handwriting,iam_01805,1.9945330932166674,,False,,,0.47368421052631576,0.47368421052631576,1.0,18.0,38.0,0.125,0.1111111111111111,0.8888888888888888,0.9736842105263158,False,False,,,,,,
ocrmypdf,handwriting,iam_01857,1.9945330932166674,,False,,,1.0,1.0,1.0,37.0,37.0,0.0,0.0,0.0,0.0,True,False,,,,,,
ocrmypdf,handwriting,iam_01898,1.9945330932166674,,False,,,0.16,0.16,0.4,8.0,50.0,0.7,0.6363636363636364,0.36363636363636365,0.96,False,False,,,,,,
ocrmypdf,handwriting,iam_01908,1.9945330932166674,,False,,,0.11320754716981132,0.11320754716981132,0.36363636363636365,6.0,53.0,0.6363636363636364,0.6363636363636364,0.36363636363636365,0.9245283018867925,False,False,,,,,,
ocrmypdf,handwriting,iam_01970,1.9945330932166674,,False,,,1.0,1.0,1.0,40.0,40.0,0.0,0.0,0.0,0.0,True,False,,,,,,
ocrmypdf,handwriting,iam_01983,1.9945330932166674,,False,,,0.5869565217391305,0.5869565217391305,0.9,27.0,46.0,0.1111111111111111,0.1111111111111111,0.8888888888888888,0.6956521739130435,False,False,,,,,,
ocrmypdf,handwriting,iam_01993,1.9945330932166674,,False,,,0.15217391304347827,0.15217391304347827,0.4444444444444444,7.0,46.0,0.6666666666666666,0.6666666666666666,0.3333333333333333,0.9782608695652174,False,False,,,,,,
ocrmypdf,handwriting,iam_02060,1.9945330932166674,,False,,,0.6938775510204082,0.6938775510204082,1.0,34.0,49.0,0.0,0.0,1.0,0.5714285714285714,False,False,,,,,,
ocrmypdf,handwriting,iam_02081,1.9945330932166674,,False,,,0.6222222222222222,0.6,1.0,27.0,45.0,0.1111111111111111,0.125,0.875,0.6888888888888889,False,False,,,,,,
ocrmypdf,handwriting,iam_02109,1.9945330932166674,,False,,,0.8604651162790697,0.8604651162790697,1.1111111111111112,37.0,43.0,0.0,0.0,1.0,0.813953488372093,False,False,,,,,,
ocrmypdf,handwriting,iam_02171,1.9945330932166674,,False,,,0.125,0.125,0.4,5.0,40.0,0.6,0.6,0.4,1.0,False,False,,,,,,
ocrmypdf,handwriting,iam_02216,1.9945330932166674,,False,,,0.36585365853658536,0.36585365853658536,1.0,15.0,41.0,0.0,0.0,1.0,0.8292682926829268,False,False,,,,,,
ocrmypdf,handwriting,iam_02279,1.9945330932166674,,False,,,0.6326530612244898,0.6326530612244898,1.2,31.0,49.0,0.0,0.0,1.0,0.9183673469387755,False,False,,,,,,
ocrmypdf,handwriting,iam_02371,1.9945330932166674,,False,,,0.5909090909090909,0.5909090909090909,1.0,13.0,22.0,0.25,0.2,0.8,0.8181818181818182,False,False,,,,,,
ocrmypdf,handwriting,iam_02384,1.9945330932166674,,False,,,0.7692307692307693,0.7692307692307693,1.0,30.0,39.0,0.0,0.0,1.0,0.3333333333333333,False,False,,,,,,
ocrmypdf,handwriting,iam_02463,1.9945330932166674,,False,,,0.5,0.5,0.875,20.0,40.0,0.2,0.25,0.75,0.825,False,False,,,,,,
ocrmypdf,handwriting,iam_02522,1.9945330932166674,,False,,,0.5714285714285714,0.5714285714285714,1.4285714285714286,28.0,49.0,0.0,0.0,1.0,0.7755102040816326,False,False,,,,,,
ocrmypdf,handwriting,iam_02552,1.9945330932166674,,False,,,0.4146341463414634,0.4146341463414634,0.9,17.0,41.0,0.2727272727272727,0.3333333333333333,0.6666666666666666,0.9512195121951219,False,False,,,,,,
ocrmypdf,handwriting,iam_02640,1.9945330932166674,,False,,,0.6938775510204082,0.6938775510204082,1.0,34.0,49.0,0.0,0.0,1.0,0.7142857142857143,False,False,,,,,,
ocrmypdf,handwriting,iam_02655,1.9945330932166674,,False,,,0.5294117647058824,0.5098039215686274,1.0,26.0,51.0,0.18181818181818182,0.2,0.8,0.7843137254901961,False,False,,,,,,
ocrmypdf,handwriting,iam_02684,1.9945330932166674,,False,,,0.38596491228070173,0.38596491228070173,0.7857142857142857,22.0,57.0,0.2857142857142857,0.2857142857142857,0.7142857142857143,0.9122807017543859,False,False,,,,,,
ocrmypdf,handwriting,iam_02725,1.9945330932166674,,False,,,0.47368421052631576,0.47368421052631576,0.8,27.0,57.0,0.2727272727272727,0.2727272727272727,0.7272727272727273,0.8070175438596491,False,False,,,,,,
ocrmypdf,handwriting,iam_02733,1.9945330932166674,,False,,,0.2564102564102564,0.2564102564102564,0.6666666666666666,10.0,39.0,0.3333333333333333,0.3333333333333333,0.6666666666666666,0.9230769230769231,False,False,,,,,,
ocrmypdf,handwriting,iam_02750,1.9945330932166674,,False,,,0.3,0.3,0.8571428571428571,12.0,40.0,0.14285714285714285,0.14285714285714285,0.8571428571428571,0.95,False,False,,,,,,
ocrmypdf,handwriting,iam_02765,1.9945330932166674,,False,,,1.0,1.0,1.0,38.0,38.0,0.0,0.0,0.0,0.0,True,False,,,,,,
ocrmypdf,handwriting,iam_02838,1.9945330932166674,,False,,,0.4444444444444444,0.4444444444444444,1.1666666666666667,12.0,27.0,0.3333333333333333,0.2857142857142857,0.7142857142857143,1.0,False,False,,,,,,
ocrmypdf,stress,syn000_prose__clean,2.152579475272726,,False,,,0.0009153318077803204,0.0009165902841429881,0.005141388174807198,2.0,2182.0,0.9949622166246851,0.9949622166246851,0.005037783375314861,1.0,False,False,,,,,prose,clean
ocrmypdf,stress,syn000_prose__dpi150,2.152579475272726,,False,,,0.0004576659038901602,0.00045829514207149406,0.002570694087403599,1.0,2182.0,0.9974811083123426,0.9974811083123426,0.0025188916876574307,1.0,False,False,,,,,prose,dpi150
ocrmypdf,stress,syn000_prose__dpi75,2.152579475272726,,False,,,0.49702517162471394,0.49725022914757105,0.5809768637532133,1085.0,2182.0,0.4508816120906801,0.8026905829596412,0.19730941704035873,0.5297891842346472,False,False,,,,,prose,dpi75
ocrmypdf,stress,syn000_prose__blur,2.152579475272726,,False,,,0.007322654462242563,0.005499541704857928,0.015424164524421594,12.0,2182.0,0.9848866498740554,1.0,0.0,0.9945004582951421,False,False,,,,,prose,blur
ocrmypdf,stress,syn000_prose__noise,2.152579475272726,,False,,,0.10389016018306636,0.10128322639780019,0.2570694087403599,221.0,2182.0,0.9193954659949622,0.8568075117370892,0.1431924882629108,1.0233730522456461,False,False,,,,,prose,noise
ocrmypdf,stress,syn000_prose__rotate3,2.152579475272726,,False,,,0.0,0.0,0.0,0.0,2182.0,1.0,1.0,0.0,1.0,False,False,,,,,prose,rotate3
ocrmypdf,stress,syn000_prose__rotate8,2.152579475272726,,False,,,1.0,1.0,1.0,2182.0,2182.0,0.0,0.0,0.0,0.0,True,False,,,,,prose,rotate8
ocrmypdf,stress,syn000_prose__jpeg_q10,2.152579475272726,,False,,,0.0,0.0,0.0,0.0,2182.0,1.0,1.0,0.0,1.0,False,False,,,,,prose,jpeg_q10
ocrmypdf,stress,syn000_prose__low_contrast,2.152579475272726,,False,,,0.0,0.0,0.0,0.0,2182.0,1.0,1.0,0.0,1.0,False,False,,,,,prose,low_contrast
ocrmypdf,stress,syn000_prose__photocopy,2.152579475272726,,False,,,0.0009153318077803204,0.00045829514207149406,0.002570694087403599,1.0,2182.0,0.9974811083123426,0.9974811083123426,0.0025188916876574307,1.0,False,False,,,,,prose,photocopy
ocrmypdf,stress,syn000_prose__phone_photo,2.152579475272726,,False,,,0.6178489702517163,0.6182401466544455,0.7969151670951157,1349.0,2182.0,0.9269521410579346,0.863849765258216,0.13615023474178403,1.0201649862511457,False,False,,,,,prose,phone_photo
ocrmypdf,stress,syn001_two_column__clean,2.152579475272726,,False,,,0.0019455252918287938,0.0019455252918287938,0.005361930294906166,4.0,2056.0,0.9946666666666667,1.0,0.0,0.9980544747081712,False,False,,,,,two_column,clean
ocrmypdf,stress,syn001_two_column__dpi150,2.152579475272726,,False,,,0.005350194552529183,0.004377431906614786,0.0160857908847185,9.0,2056.0,0.984,0.9972972972972973,0.002702702702702703,0.9956225680933852,False,False,,,,,two_column,dpi150
ocrmypdf,stress,syn001_two_column__dpi75,2.152579475272726,,False,,,0.8628404669260701,0.8628404669260701,0.9276139410187667,1774.0,2056.0,0.096,0.6,0.4,0.1517509727626459,False,False,,,,,two_column,dpi75
ocrmypdf,stress,syn001_two_column__blur,2.152579475272726,,False,,,0.06420233463035019,0.0627431906614786,0.2037533512064343,129.0,2056.0,0.88,0.889487870619946,0.1105121293800539,0.9708171206225681,False,False,,,,,two_column,blur
ocrmypdf,stress,syn001_two_column__noise,2.152579475272726,,False,,,0.30787937743190663,0.3035019455252918,0.4343163538873995,624.0,2056.0,0.928,0.8721804511278195,0.12781954887218044,1.0520428015564203,False,False,,,,,two_column,noise
ocrmypdf,stress,syn001_two_column__rotate3,2.152579475272726,,False,,,0.0038910505836575876,0.0038910505836575876,0.010723860589812333,8.0,2056.0,0.9893333333333333,1.0,0.0,0.9961089494163424,False,False,,,,,two_column,rotate3
ocrmypdf,stress,syn001_two_column__rotate8,2.152579475272726,,False,,,0.005350194552529183,0.0038910505836575876,0.010723860589812333,8.0,2056.0,0.9893333333333333,1.0,0.0,0.9961089494163424,False,False,,,,,two_column,rotate8
ocrmypdf,stress,syn001_two_column__jpeg_q10,2.152579475272726,,False,,,0.005836575875486381,0.005350194552529183,0.024128686327077747,11.0,2056.0,0.984,0.9972972972972973,0.002702702702702703,0.9961089494163424,False,False,,,,,two_column,jpeg_q10
ocrmypdf,stress,syn001_two_column__low_contrast,2.152579475272726,,False,,,0.0038910505836575876,0.0038910505836575876,0.010723860589812333,8.0,2056.0,0.9893333333333333,1.0,0.0,0.9961089494163424,False,False,,,,,two_column,low_contrast
ocrmypdf,stress,syn001_two_column__photocopy,2.152579475272726,,False,,,0.013132295719844358,0.013132295719844358,0.045576407506702415,27.0,2056.0,0.984,0.9892761394101877,0.010723860589812333,1.0038910505836576,False,False,,,,,two_column,photocopy
ocrmypdf,stress,syn001_two_column__phone_photo,2.152579475272726,,False,,,0.11964980544747082,0.11964980544747082,0.13941018766756033,246.0,2056.0,0.9813333333333333,0.989247311827957,0.010752688172043012,0.997568093385214,False,False,,,,,two_column,phone_photo
ocrmypdf,stress,syn002_table__clean,2.152579475272726,,False,,,0.0,0.0,0.0,0.0,426.0,1.0,1.0,0.0,1.0,False,False,,,,,table,clean
ocrmypdf,stress,syn002_table__dpi150,2.152579475272726,,False,,,0.0,0.0,0.0,0.0,426.0,1.0,1.0,0.0,1.0,False,False,,,,,table,dpi150
ocrmypdf,stress,syn002_table__dpi75,2.152579475272726,,False,,,0.09624413145539906,0.09624413145539906,0.3384615384615385,41.0,426.0,0.7222222222222222,0.7926829268292683,0.2073170731707317,0.9929577464788732,False,False,,,,,table,dpi75
ocrmypdf,stress,syn002_table__blur,2.152579475272726,,False,,,0.176056338028169,0.176056338028169,0.4307692307692308,75.0,426.0,0.6888888888888889,0.7948717948717948,0.20512820512820512,0.8802816901408451,False,False,,,,,table,blur
ocrmypdf,stress,syn002_table__noise,2.152579475272726,,False,,,1.0,1.0,1.0,426.0,426.0,0.0,0.0,0.0,0.0,True,False,,,,,table,noise
ocrmypdf,stress,syn002_table__rotate3,2.152579475272726,,False,,,0.0,0.0,0.0,0.0,426.0,1.0,1.0,0.0,1.0,False,False,,,,,table,rotate3
ocrmypdf,stress,syn002_table__rotate8,2.152579475272726,,False,,,1.0,1.0,1.0,426.0,426.0,0.0,0.0,0.0,0.0,True,False,,,,,table,rotate8
ocrmypdf,stress,syn002_table__jpeg_q10,2.152579475272726,,False,,,0.0,0.0,0.0,0.0,426.0,1.0,1.0,0.0,1.0,False,False,,,,,table,jpeg_q10
ocrmypdf,stress,syn002_table__low_contrast,2.152579475272726,,False,,,0.0,0.0,0.0,0.0,426.0,1.0,1.0,0.0,1.0,False,False,,,,,table,low_contrast
ocrmypdf,stress,syn002_table__photocopy,2.152579475272726,,False,,,0.6197183098591549,0.6173708920187794,1.0461538461538462,263.0,426.0,0.34444444444444444,0.4025974025974026,0.5974025974025974,0.7746478873239436,False,False,,,,,table,photocopy
ocrmypdf,stress,syn002_table__phone_photo,2.152579475272726,,False,,,0.6431924882629108,0.6431924882629108,0.676923076923077,274.0,426.0,0.9,1.0,0.0,0.9389671361502347,False,False,,,,,table,phone_photo
ocrmypdf,stress,syn003_invoice__clean,2.152579475272726,,False,,,0.0,0.0,0.0,0.0,463.0,1.0,1.0,0.0,1.0,False,False,,,,,invoice,clean
ocrmypdf,stress,syn003_invoice__dpi150,2.152579475272726,,False,,,0.004319654427645789,0.004319654427645789,0.015151515151515152,2.0,463.0,0.9891304347826086,0.9891304347826086,0.010869565217391304,1.0021598272138228,False,False,,,,,invoice,dpi150
ocrmypdf,stress,syn003_invoice__dpi75,2.152579475272726,,False,,,0.07775377969762419,0.07775377969762419,0.3787878787878788,36.0,463.0,0.782608695652174,0.8181818181818182,0.18181818181818182,0.9956803455723542,False,False,,,,,invoice,dpi75
ocrmypdf,stress,syn003_invoice__blur,2.152579475272726,,False,,,0.06047516198704104,0.06047516198704104,0.3333333333333333,28.0,463.0,0.9130434782608695,0.9333333333333333,0.06666666666666667,0.9740820734341252,False,False,,,,,invoice,blur
ocrmypdf,stress,syn003_invoice__noise,2.152579475272726,,False,,,1.0,1.0,1.0,463.0,463.0,0.0,0.0,0.0,0.0,True,False,,,,,invoice,noise
ocrmypdf,stress,syn003_invoice__rotate3,2.152579475272726,,False,,,0.0,0.0,0.0,0.0,463.0,1.0,1.0,0.0,1.0,False,False,,,,,invoice,rotate3
ocrmypdf,stress,syn003_invoice__rotate8,2.152579475272726,,False,,,1.0,1.0,1.0,463.0,463.0,0.0,0.0,0.0,0.0,True,False,,,,,invoice,rotate8
ocrmypdf,stress,syn003_invoice__jpeg_q10,2.152579475272726,,False,,,0.023758099352051837,0.023758099352051837,0.06060606060606061,11.0,463.0,0.967391304347826,0.978021978021978,0.02197802197802198,0.9935205183585313,False,False,,,,,invoice,jpeg_q10
ocrmypdf,stress,syn003_invoice__low_contrast,2.152579475272726,,False,,,0.0,0.0,0.0,0.0,463.0,1.0,1.0,0.0,1.0,False,False,,,,,invoice,low_contrast
ocrmypdf,stress,syn003_invoice__photocopy,2.152579475272726,,False,,,0.38444924406047515,0.38444924406047515,0.7575757575757576,178.0,463.0,0.7391304347826086,0.7472527472527473,0.25274725274725274,1.0518358531317495,False,False,,,,,invoice,photocopy
ocrmypdf,stress,syn003_invoice__phone_photo,2.152579475272726,,False,,,0.20086393088552915,0.20086393088552915,0.21212121212121213,93.0,463.0,0.9565217391304348,1.0,0.0,0.9524838012958964,False,False,,,,,invoice,phone_photo
ocrmypdf,stress,syn004_prose__clean,2.152579475272726,,False,,,0.0013380909901873326,0.0013380909901873326,0.005115089514066497,3.0,2242.0,0.9949238578680203,0.9949238578680203,0.005076142131979695,1.0004460303300624,False,False,,,,,prose,clean
ocrmypdf,stress,syn004_prose__dpi150,2.152579475272726,,False,,,0.0013380909901873326,0.0013380909901873326,0.005115089514066497,3.0,2242.0,0.9949238578680203,0.9949238578680203,0.005076142131979695,1.0004460303300624,False,False,,,,,prose,dpi150
ocrmypdf,stress,syn004_prose__dpi75,2.152579475272726,,False,,,0.32337198929527206,0.3238180196253345,0.41687979539641945,726.0,2242.0,0.6294416243654822,0.8701754385964913,0.12982456140350876,0.6868867082961642,False,False,,,,,prose,dpi75
ocrmypdf,stress,syn004_prose__blur,2.152579475272726,,False,,,0.007136485280999108,0.007136485280999108,0.023017902813299233,16.0,2242.0,0.9771573604060914,0.9922680412371134,0.007731958762886598,0.9942016057091883,False,False,,,,,prose,blur
ocrmypdf,stress,syn004_prose__noise,2.152579475272726,,False,,,0.09322033898305085,0.09009812667261374,0.24040920716112532,202.0,2242.0,0.9289340101522843,0.8472222222222222,0.1527777777777778,1.031222123104371,False,False,,,,,prose,noise
ocrmypdf,stress,syn004_prose__rotate3,2.152579475272726,,False,,,0.0008920606601248885,0.0008920606601248885,0.0076726342710997444,2.0,2242.0,0.9923857868020305,0.9949109414758269,0.005089058524173028,0.9995539696699376,False,False,,,,,prose,rotate3
ocrmypdf,stress,syn004_prose__rotate8,2.152579475272726,,False,,,0.8791257805530777,0.8795718108831401,0.928388746803069,1972.0,2242.0,0.09898477157360407,0.78,0.22,0.12934879571810884,False,False,,,,,prose,rotate8
ocrmypdf,stress,syn004_prose__jpeg_q10,2.152579475272726,,False,,,0.0013380909901873326,0.0013380909901873326,0.005115089514066497,3.0,2242.0,0.9949238578680203,0.9949238578680203,0.005076142131979695,1.0004460303300624,False,False,,,,,prose,jpeg_q10
ocrmypdf,stress,syn004_prose__low_contrast,2.152579475272726,,False,,,0.0013380909901873326,0.0013380909901873326,0.005115089514066497,3.0,2242.0,0.9949238578680203,0.9949238578680203,0.005076142131979695,1.0004460303300624,False,False,,,,,prose,low_contrast
ocrmypdf,stress,syn004_prose__photocopy,2.152579475272726,,False,,,0.00847457627118644,0.00847457627118644,0.02557544757033248,19.0,2242.0,0.9949238578680203,0.9949238578680203,0.005076142131979695,1.0062444246208742,False,False,,,,,prose,photocopy
ocrmypdf,stress,syn004_prose__phone_photo,2.152579475272726,,False,,,0.6574487065120428,0.6574487065120428,0.8951406649616368,1474.0,2242.0,0.868020304568528,0.7790432801822323,0.22095671981776766,1.028991971454059,False,False,,,,,prose,phone_photo
rapidocr,books,birdsofgreatbrit02butl_0093_full,0.5962410611249993,,False,birdsofgreatbrit02butl,en,0.0118006993006993,0.0034873583260680036,0.02425876010781671,8.0,2294.0,0.9844559585492227,0.9819121447028424,0.01808785529715762,1.000871839581517,False,False,,,,,,
rapidocr,books,birdsofgreatbrit02butl_0126_full,0.5962410611249993,,False,birdsofgreatbrit02butl,en,0.009866102889358703,0.0,0.0,0.0,2840.0,1.0,1.0,0.0,1.0,False,False,,,,,,
rapidocr,books,birdsofgreatbrit02butl_0156_full,0.5962410611249993,,False,birdsofgreatbrit02butl,en,0.05053763440860215,0.039572192513368985,0.07236842105263158,74.0,1870.0,0.9358974358974359,0.9668874172185431,0.033112582781456956,0.9652406417112299,False,False,,,,,,
rapidocr,books,birdsofgreatbrit02butl_0159_full,0.5962410611249993,,False,birdsofgreatbrit02butl,en,0.008307372793354102,0.0006903693476009665,0.005791505791505791,2.0,2897.0,1.0,1.0,0.0,0.9993096306523991,False,False,,,,,,
rapidocr,books,birdsofgreatbrit02butl_0172_full,0.5962410611249993,,False,birdsofgreatbrit02butl,en,0.06206459784673844,0.04902576995600252,0.05172413793103448,156.0,3182.0,0.9491525423728814,0.984182776801406,0.015817223198594025,0.9525455688246386,False,False,,,,,,
rapidocr,books,birdsofgreatbrit02butl_0308_full,0.5962410611249993,,False,birdsofgreatbrit02butl,en,0.00821917808219178,0.002738225629791895,0.021341463414634148,5.0,1826.0,0.9881305637982196,0.985207100591716,0.014792899408284023,1.0,False,False,,,,,,
rapidocr,books,birdsofgreatbrit02butl_0312_full,0.5962410611249993,,False,birdsofgreatbrit02butl,en,0.008395522388059701,0.004659832246039142,0.028089887640449437,5.0,1073.0,0.9835164835164835,0.9728260869565217,0.02717391304347826,1.0018639328984156,False,False,,,,,,
rapidocr,books,birdsofgreatbrit02butl_0320_full,0.5962410611249993,,False,birdsofgreatbrit02butl,en,0.03550295857988166,0.03275705186533212,0.049315068493150684,72.0,2198.0,0.9557291666666666,0.9812834224598931,0.01871657754010695,0.9690627843494085,False,False,,,,,,
rapidocr,books,birdsofgreatbrit02butl_0328_full,0.7492110878750111,,False,birdsofgreatbrit02butl,en,0.12942989214175654,0.1263482280431433,0.3157894736842105,82.0,649.0,0.7924528301886793,0.8571428571428571,0.14285714285714285,0.9106317411402157,False,False,,,,,,
rapidocr,books,conchologiaiconi05reev_0039_full,0.7492110878750111,,False,conchologiaiconi05reev,en,0.761323155216285,0.7568737270875764,0.9352014010507881,2973.0,3928.0,0.9247863247863248,0.9247863247863248,0.07521367521367521,0.9997454175152749,False,False,,,,,,
rapidocr,books,conchologiaiconi05reev_0127_full,0.7492110878750111,,False,conchologiaiconi05reev,en,0.7452807060554058,0.7432931331528427,0.9401544401544402,3020.0,4063.0,0.8773234200743495,0.8773234200743495,0.12267657992565056,0.9995077528919517,False,False,,,,,,
rapidocr,books,conchologiaiconi05reev_0200_full,0.7492110878750111,,False,conchologiaiconi05reev,en,0.7509788566953798,0.7438190426091531,0.8866799204771372,2828.0,3802.0,0.8773946360153256,0.8773946360153256,0.12260536398467432,0.9984218832193582,False,False,,,,,,
rapidocr,books,conchologiaiconi05reev_0235_full,0.7492110878750111,,False,conchologiaiconi05reev,en,0.7348295926849543,0.7298722931704609,0.9217391304347826,2629.0,3602.0,0.8765690376569037,0.8765690376569037,0.12343096234309624,0.9997223764575236,False,False,,,,,,
rapidocr,books,conchologiaiconi05reev_0271_full,0.7492110878750111,,False,conchologiaiconi05reev,en,0.7360664523043944,0.7294401285829092,0.9516806722689075,2723.0,3733.0,0.8559837728194726,0.8559837728194726,0.1440162271805274,1.0,False,False,,,,,,
rapidocr,books,conchologiaiconi05reev_0276_full,0.7492110878750111,,False,conchologiaiconi05reev,en,0.7540983606557377,0.7508218277449047,0.9337979094076655,3426.0,4563.0,0.8760469011725294,0.87751677852349,0.12248322147651007,0.9995616918693842,False,False,,,,,,
rapidocr,books,conchologiaiconi05reev_0350_full,0.7492110878750111,,False,conchologiaiconi05reev,en,0.7043478260869566,0.6977491961414791,0.8677966101694915,1519.0,2177.0,0.8609271523178808,0.8609271523178808,0.1390728476821192,0.9995406522737712,False,False,,,,,,
rapidocr,books,conchologiaiconi05reev_0354_full,0.8474178528749974,,False,conchologiaiconi05reev,en,0.7391059881922969,0.7352445193929174,0.9008438818565401,2616.0,3558.0,0.8823529411764706,0.8823529411764706,0.11764705882352941,0.9988757729061271,False,False,,,,,,
rapidocr,books,conchologiaiconi05reev_0433_full,0.8474178528749974,,False,conchologiaiconi05reev,en,0.7224478743568914,0.7198369565217392,0.9043478260869565,2649.0,3680.0,0.8747433264887063,0.8747433264887063,0.12525667351129363,0.9994565217391305,False,False,,,,,,
rapidocr,books,daschitinskelett00prel_0011_full,0.8474178528749974,,False,daschitinskelett00prel,de,0.03146853146853147,0.03158902361199745,0.11290322580645161,99.0,3134.0,0.9419953596287703,0.9002217294900222,0.09977827050997783,0.9869176770899809,False,False,,,,,,
rapidocr,books,daschitinskelett00prel_0021_full,0.8474178528749974,,False,daschitinskelett00prel,de,0.01554001554001554,0.014541677486367177,0.10815602836879433,56.0,3851.0,0.9768683274021353,0.9074380165289256,0.09256198347107437,1.0106465853025188,False,False,,,,,,
rapidocr,books,daschitinskelett00prel_0034_full,0.8474178528749974,,False,daschitinskelett00prel,de,0.00971198928332217,0.009725016767270288,0.06807511737089202,29.0,2982.0,0.9882352941176471,0.9438202247191011,0.056179775280898875,1.0053655264922872,False,False,,,,,,
rapidocr,books,daschitinskelett00prel_0037_full,0.8474178528749974,,False,daschitinskelett00prel,de,0.010820797044074954,0.009009009009009009,0.07650273224043716,34.0,3774.0,0.9799270072992701,0.9306759098786829,0.06932409012131716,1.007154213036566,False,False,,,,,,
rapidocr,books,daschitinskelett00prel_0038_full,0.8474178528749974,,False,daschitinskelett00prel,de,0.02566761731915997,0.023952095808383235,0.08490566037735849,92.0,3841.0,0.9622641509433962,0.925589836660617,0.07441016333938294,0.9919291851080447,False,False,,,,,,
rapidocr,books,daschitinskelett00prel_0051_full,0.8474178528749974,,False,daschitinskelett00prel,de,0.02546004537433829,0.025537294563843238,0.21428571428571427,101.0,3955.0,0.9551971326164874,0.8174846625766872,0.18251533742331288,1.0232616940581543,False,False,,,,,,
rapidocr,books,daschitinskelett00prel_0057_full,0.43713519187500083,,False,daschitinskelett00prel,de,0.007740825688073395,0.007749712973593571,0.06512605042016807,27.0,3484.0,0.9852941176470589,0.9436619718309859,0.056338028169014086,1.0054535017221584,False,False,,,,,,
rapidocr,books,daschitinskelett00prel_0060_full,0.43713519187500083,,False,daschitinskelett00prel,de,0.022172949002217297,0.022321428571428572,0.18181818181818182,20.0,896.0,0.9663865546218487,0.8518518518518519,0.14814814814814814,1.0133928571428572,False,False,,,,,,
rapidocr,books,histoirenaturell10cuvi_0014_full,0.43713519187500083,,False,histoirenaturell10cuvi,fr,0.009243697478991597,0.000847457627118644,0.011363636363636364,1.0,1180.0,1.0,1.0,0.0,1.0008474576271187,False,False,,,,,,
rapidocr,books,histoirenaturell10cuvi_0070_full,0.43713519187500083,,False,histoirenaturell10cuvi,fr,0.06682966585167074,0.04691358024691358,0.09223300970873786,57.0,1215.0,0.9865470852017937,0.9821428571428571,0.017857142857142856,1.0008230452674898,False,False,,,,,,
rapidocr,books,histoirenaturell10cuvi_0172_full,0.43713519187500083,,False,histoirenaturell10cuvi,fr,0.012142237640936688,0.0008695652173913044,0.01015228426395939,1.0,1150.0,1.0,1.0,0.0,0.9991304347826087,False,False,,,,,,
rapidocr,books,histoirenaturell10cuvi_0188_full,0.43713519187500083,,False,histoirenaturell10cuvi,fr,0.014800514800514801,0.005798969072164949,0.033962264150943396,9.0,1552.0,0.9728813559322034,0.9728813559322034,0.02711864406779661,1.0006443298969072,False,False,,,,,,
rapidocr,books,histoirenaturell10cuvi_0251_full,0.43713519187500083,,False,histoirenaturell10cuvi,fr,0.024744027303754267,0.012942191544434857,0.06467661691542288,15.0,1159.0,0.985981308411215,0.985981308411215,0.014018691588785047,0.998274374460742,False,False,,,,,,
rapidocr,books,histoirenaturell10cuvi_0343_full,0.43713519187500083,,False,histoirenaturell10cuvi,fr,0.06802189210320563,0.05928853754940711,0.08542713567839195,75.0,1265.0,0.946078431372549,0.9507389162561576,0.04926108374384237,0.9541501976284585,False,False,,,,,,
rapidocr,books,histoirenaturell10cuvi_0369_full,0.44015810062498417,,False,histoirenaturell10cuvi,fr,0.021538461538461538,0.0069605568445475635,0.06363636363636363,9.0,1293.0,0.9568965517241379,0.9779735682819384,0.022026431718061675,0.9945862335653519,False,False,,,,,,
rapidocr,books,histoirenaturell10cuvi_0425_full,0.44015810062498417,,False,histoirenaturell10cuvi,fr,0.019632678910702975,0.00826972010178117,0.039711191335740074,13.0,1572.0,0.9965986394557823,0.9965986394557823,0.003401360544217687,0.9980916030534351,False,False,,,,,,
rapidocr,books,pisciumquerelaee00sche_0012_full,0.44015810062498417,,False,pisciumquerelaee00sche,la,0.10839785586658725,0.10427968655816756,0.4364406779661017,173.0,1659.0,0.5593869731800766,0.6347826086956522,0.3652173913043478,1.022302591922845,False,False,,,,,,
rapidocr,books,pisciumquerelaee00sche_0013_full,0.44015810062498417,,False,pisciumquerelaee00sche,la,0.09246171967020024,0.089179548156956,0.4083333333333333,150.0,1682.0,0.5655430711610487,0.6536796536796536,0.3463203463203463,1.0160523186682522,False,False,,,,,,
rapidocr,books,pisciumquerelaee00sche_0016_full,0.44015810062498417,,False,pisciumquerelaee00sche,la,0.078125,0.0759974667511083,0.34801762114537443,120.0,1579.0,0.6446280991735537,0.6872246696035242,0.31277533039647576,1.0151994933502217,False,False,,,,,,
rapidocr,books,pisciumquerelaee00sche_0035_full,0.44015810062498417,,False,pisciumquerelaee00sche,la,0.10914634146341463,0.09944751381215469,0.37719298245614036,162.0,1629.0,0.6585365853658537,0.7105263157894737,0.2894736842105263,1.0233271945979128,False,False,,,,,,
rapidocr,books,pisciumquerelaee00sche_0038_full,0.44015810062498417,,False,pisciumquerelaee00sche,la,0.10013908205841446,0.10176678445229682,0.36548223350253806,144.0,1415.0,0.6831683168316832,0.7379679144385026,0.2620320855614973,1.0169611307420494,False,False,,,,,,
rapidocr,books,pisciumquerelaee00sche_0040_full,0.44015810062498417,,False,pisciumquerelaee00sche,la,0.12906846240179573,0.12691218130311616,0.5992647058823529,224.0,1765.0,0.5728476821192053,0.692,0.308,0.9960339943342776,False,False,,,,,,
rapidocr,books,pisciumquerelaee00sche_0041_full,0.44981586800000173,,False,pisciumquerelaee00sche,la,0.09637046307884856,0.09222994314592546,0.3958333333333333,146.0,1583.0,0.6283524904214559,0.7161572052401747,0.2838427947598253,1.0259001895135818,False,False,,,,,,
rapidocr,books,pisciumquerelaee00sche_0044_full,0.44981586800000173,,False,pisciumquerelaee00sche,la,0.17401960784313725,0.17574257425742573,0.5,71.0,404.0,0.5849056603773585,0.5535714285714286,0.44642857142857145,1.00990099009901,False,False,,,,,,
rapidocr,books,trudyrusskagoent161881russ_0098_full,0.44981586800000173,,False,trudyrusskagoent161881russ,fr+de,0.016483516483516484,0.01307639366827254,0.11274509803921569,19.0,1453.0,0.9547738693467337,0.9134615384615384,0.08653846153846154,1.0041293874741912,False,False,,,,,,
rapidocr,books,trudyrusskagoent161881russ_0121_full,0.44981586800000173,,False,trudyrusskagoent161881russ,fr+de,0.03980891719745223,0.027127659574468086,0.07612456747404844,51.0,1880.0,0.9475524475524476,0.9644128113879004,0.03558718861209965,0.976063829787234,False,False,,,,,,
rapidocr,books,trudyrusskagoent161881russ_0276_full,0.44981586800000173,,False,trudyrusskagoent161881russ,fr+de,0.013888888888888888,0.007523148148148148,0.05976095617529881,13.0,1728.0,0.979757085020243,0.968,0.032,0.9988425925925926,False,False,,,,,,
rapidocr,books,trudyrusskagoent161881russ_0329_full,0.44981586800000173,,False,trudyrusskagoent161881russ,fr+de,0.02673031026252983,0.02205177372962608,0.04452054794520548,46.0,2086.0,0.9689655172413794,0.9790940766550522,0.020905923344947737,0.9803451581975072,False,False,,,,,,
rapidocr,books,trudyrusskagoent161881russ_0357_full,0.44981586800000173,,False,trudyrusskagoent161881russ,fr+de,0.03575547866205306,0.03250145095763204,0.07468879668049792,56.0,1723.0,0.9504132231404959,0.9583333333333334,0.041666666666666664,0.9767846778874056,False,False,,,,,,
rapidocr,books,trudyrusskagoent161881russ_0379_full,0.44981586800000173,,False,trudyrusskagoent161881russ,fr+de,0.015484515484515484,0.010536879076768691,0.06289308176100629,21.0,1993.0,0.975975975975976,0.975975975975976,0.024024024024024024,0.9969894631209232,False,False,,,,,,
rapidocr,books,trudyrusskagoent161881russ_0388_full,0.6666463815000725,,False,trudyrusskagoent161881russ,fr+de,0.013107591480065538,0.005473453749315818,0.026936026936026935,10.0,1827.0,0.9935275080906149,0.9967532467532467,0.003246753246753247,0.9967159277504105,False,False,,,,,,
rapidocr,books,trudyrusskagoent161881russ_0446_full,0.6666463815000725,,False,trudyrusskagoent161881russ,fr+de,0.02137546468401487,0.01588785046728972,0.06806282722513089,17.0,1070.0,0.99,0.9949748743718593,0.005025125628140704,0.9869158878504672,False,False,,,,,,
rapidocr,docs,headers_footers__0b8de922246569bf96136cd5bb1d9643b2d269fe_page_10_processed,0.6254831319999994,,False,,,,,,,,,,,,False,,headers_footers,2.0,1.0,"[{""id"": ""0b8de922246569bf96136cd5bb1d9643b2d269fe_page_10_processed.pdf_manual_00"", ""type"": ""absent"", ""passed"": false, ""category"": ""headers_footers""}, {""id"": ""auto_baseline"", ""type"": ""baseline"", ""passed"": true, ""category"": ""baseline""}]",,
rapidocr,docs,headers_footers__12e836a20227be4b63f7dcdebb2498e9d189d4da_page_5_processed,0.6254831319999994,,False,,,,,,,,,,,,False,,headers_footers,4.0,3.0,"[{""id"": ""12e836a20227be4b63f7dcdebb2498e9d189d4da_page_5_processed_pg1_header_00"", ""type"": ""absent"", ""passed"": true, ""category"": ""headers_footers""}, {""id"": ""12e836a20227be4b63f7dcdebb2498e9d189d4da_page_5_processed_pg1_header_01"", ""type"": ""absent"", ""passed"": true, ""category"": ""headers_footers""}, {""id"": ""12e836a20227be4b63f7dcdebb2498e9d189d4da_page_5_processed_pg1_header_02"", ""type"": ""absent"", ""passed"": true, ""category"": ""headers_footers""}, {""id"": ""auto_baseline"", ""type"": ""baseline"", ""passed"": false, ""category"": ""baseline""}]",,
rapidocr,docs,headers_footers__17ce5025be595d7fc2c3a347b6a2fa4e4d06419d_page_1,0.6254831319999994,,False,,,,,,,,,,,,False,,headers_footers,2.0,1.0,"[{""id"": ""17ce5025be595d7fc2c3a347b6a2fa4e4d06419d_page_1_header_00"", ""type"": ""absent"", ""passed"": false, ""category"": ""headers_footers""}, {""id"": ""auto_baseline"", ""type"": ""baseline"", ""passed"": true, ""category"": ""baseline""}]",,
rapidocr,docs,headers_footers__1a3e61746b0965df09bce6cb1051c455807363d5_page_1,0.6254831319999994,,False,,,,,,,,,,,,False,,headers_footers,3.0,2.0,"[{""id"": ""1a3e61746b0965df09bce6cb1051c455807363d5_page_1_header_00"", ""type"": ""absent"", ""passed"": false, ""category"": ""headers_footers""}, {""id"": ""1a3e61746b0965df09bce6cb1051c455807363d5_page_1.pdf_manual_00"", ""type"": ""absent"", ""passed"": true, ""category"": ""headers_footers""}, {""id"": ""auto_baseline"", ""type"": ""baseline"", ""passed"": true, ""category"": ""baseline""}]",,
rapidocr,docs,headers_footers__2cb8b9fbe5aaac3d7f95d110a3b08132ee09d103_page_2,0.6254831319999994,,False,,,,,,,,,,,,False,,headers_footers,3.0,1.0,"[{""id"": ""2cb8b9fbe5aaac3d7f95d110a3b08132ee09d103_page_2_header_00"", ""type"": ""absent"", ""passed"": false, ""category"": ""headers_footers""}, {""id"": ""2cb8b9fbe5aaac3d7f95d110a3b08132ee09d103_page_2.pdf_manual_00"", ""type"": ""absent"", ""passed"": false, ""category"": ""headers_footers""}, {""id"": ""auto_baseline"", ""type"": ""baseline"", ""passed"": true, ""category"": ""baseline""}]",,
rapidocr,docs,headers_footers__363300831b3da664b1bfe972e4f86464fa076da3_page_149,0.6254831319999994,,False,,,,,,,,,,,,False,,headers_footers,6.0,2.0,"[{""id"": ""363300831b3da664b1bfe972e4f86464fa076da3_page_149_header_00"", ""type"": ""absent"", ""passed"": false, ""category"": ""headers_footers""}, {""id"": ""363300831b3da664b1bfe972e4f86464fa076da3_page_149_header_01"", ""type"": ""absent"", ""passed"": false, ""category"": ""headers_footers""}, {""id"": ""363300831b3da664b1bfe972e4f86464fa076da3_page_149_header_15"", ""type"": ""absent"", ""passed"": false, ""category"": ""headers_footers""}, {""id"": ""363300831b3da664b1bfe972e4f86464fa076da3_page_149_header_16"", ""type"": ""absent"", ""passed"": false, ""category"": ""headers_footers""}, {""id"": ""363300831b3da664b1bfe972e4f86464fa076da3_page_149.pdf_manual_00"", ""type"": ""absent"", ""passed"": true, ""category"": ""headers_footers""}, {""id"": ""auto_baseline"", ""type"": ""baseline"", ""passed"": true, ""category"": ""baseline""}]",,
rapidocr,docs,headers_footers__62621cef2b1d5356a063aa7c9c735ac396fb2223_page_33,0.6254831319999994,,False,,,,,,,,,,,,False,,headers_footers,4.0,1.0,"[{""id"": ""62621cef2b1d5356a063aa7c9c735ac396fb2223_page_33_header_00"", ""type"": ""absent"", ""passed"": false, ""category"": ""headers_footers""}, {""id"": ""62621cef2b1d5356a063aa7c9c735ac396fb2223_page_33.pdf_manual_00"", ""type"": ""absent"", ""passed"": false, ""category"": ""headers_footers""}, {""id"": ""62621cef2b1d5356a063aa7c9c735ac396fb2223_page_33.pdf_manual_01"", ""type"": ""absent"", ""passed"": false, ""category"": ""headers_footers""}, {""id"": ""auto_baseline"", ""type"": ""baseline"", ""passed"": true, ""category"": ""baseline""}]",,
rapidocr,docs,headers_footers__7901d119ed91a89f8fbabf0eef7174d75a7656e3_page_1,0.6254831319999994,,False,,,,,,,,,,,,False,,headers_footers,2.0,1.0,"[{""id"": ""7901d119ed91a89f8fbabf0eef7174d75a7656e3_page_1.pdf_manual_00"", ""type"": ""absent"", ""passed"": false, ""category"": ""headers_footers""}, {""id"": ""auto_baseline"", ""type"": ""baseline"", ""passed"": true, ""category"": ""baseline""}]",,
rapidocr,docs,headers_footers__ba10222e40f05d76e2bf1d51c39066a4b1fe82ed_page_11,1.3352714403749815,,False,,,,,,,,,,,,False,,headers_footers,3.0,1.0,"[{""id"": ""ba10222e40f05d76e2bf1d51c39066a4b1fe82ed_page_11_header_00"", ""type"": ""absent"", ""passed"": false, ""category"": ""headers_footers""}, {""id"": ""ba10222e40f05d76e2bf1d51c39066a4b1fe82ed_page_11.pdf_manual_00"", ""type"": ""absent"", ""passed"": false, ""category"": ""headers_footers""}, {""id"": ""auto_baseline"", ""type"": ""baseline"", ""passed"": true, ""category"": ""baseline""}]",,
rapidocr,docs,headers_footers__d8b9c4cd0ba9b036e09168c8dccccd1d43315ef4_page_1,1.3352714403749815,,False,,,,,,,,,,,,False,,headers_footers,3.0,1.0,"[{""id"": ""d8b9c4cd0ba9b036e09168c8dccccd1d43315ef4_page_1_header_00"", ""type"": ""absent"", ""passed"": false, ""category"": ""headers_footers""}, {""id"": ""d8b9c4cd0ba9b036e09168c8dccccd1d43315ef4_page_1.pdf_manual_00"", ""type"": ""absent"", ""passed"": false, ""category"": ""headers_footers""}, {""id"": ""auto_baseline"", ""type"": ""baseline"", ""passed"": true, ""category"": ""baseline""}]",,
rapidocr,docs,long_tiny_text__11_pg161_pg1,1.3352714403749815,,False,,,,,,,,,,,,False,,long_tiny_text,9.0,9.0,"[{""id"": ""11_pg161_pg1_text_00"", ""type"": ""present"", ""passed"": true, ""category"": ""long_tiny_text""}, {""id"": ""11_pg161_pg1_text_01"", ""type"": ""present"", ""passed"": true, ""category"": ""long_tiny_text""}, {""id"": ""11_pg161_pg1_text_02"", ""type"": ""present"", ""passed"": true, ""category"": ""long_tiny_text""}, {""id"": ""11_pg161_pg1_text_03"", ""type"": ""present"", ""passed"": true, ""category"": ""long_tiny_text""}, {""id"": ""11_pg161_pg1_text_04"", ""type"": ""present"", ""passed"": true, ""category"": ""long_tiny_text""}, {""id"": ""11_pg161_pg1_text_05"", ""type"": ""present"", ""passed"": true, ""category"": ""long_tiny_text""}, {""id"": ""11_pg161_pg1_text_06"", ""type"": ""present"", ""passed"": true, ""category"": ""long_tiny_text""}, {""id"": ""11_pg161_pg1_text_07"", ""type"": ""present"", ""passed"": true, ""category"": ""long_tiny_text""}, {""id"": ""auto_baseline"", ""type"": ""baseline"", ""passed"": true, ""category"": ""baseline""}]",,
rapidocr,docs,long_tiny_text__11_pg375_pg1,1.3352714403749815,,False,,,,,,,,,,,,False,,long_tiny_text,4.0,1.0,"[{""id"": ""11_pg375_pg1_text_00"", ""type"": ""present"", ""passed"": false, ""category"": ""long_tiny_text""}, {""id"": ""11_pg375_pg1_text_01"", ""type"": ""present"", ""passed"": false, ""category"": ""long_tiny_text""}, {""id"": ""11_pg375_pg1_text_02"", ""type"": ""present"", ""passed"": false, ""category"": ""long_tiny_text""}, {""id"": ""auto_baseline"", ""type"": ""baseline"", ""passed"": true, ""category"": ""baseline""}]",,
rapidocr,docs,long_tiny_text__13_pg556_pg1,1.3352714403749815,,False,,,,,,,,,,,,False,,long_tiny_text,5.0,1.0,"[{""id"": ""13_pg556_pg1_text_00"", ""type"": ""present"", ""passed"": false, ""category"": ""long_tiny_text""}, {""id"": ""13_pg556_pg1_text_01"", ""type"": ""present"", ""passed"": false, ""category"": ""long_tiny_text""}, {""id"": ""13_pg556_pg1_text_02"", ""type"": ""present"", ""passed"": false, ""category"": ""long_tiny_text""}, {""id"": ""13_pg556_pg1_text_03"", ""type"": ""present"", ""passed"": false, ""category"": ""long_tiny_text""}, {""id"": ""auto_baseline"", ""type"": ""baseline"", ""passed"": true, ""category"": ""baseline""}]",,
rapidocr,docs,long_tiny_text__13_pg566_pg1,1.3352714403749815,,False,,,,,,,,,,,,False,,long_tiny_text,6.0,1.0,"[{""id"": ""13_pg566_pg1_text_00"", ""type"": ""present"", ""passed"": false, ""category"": ""long_tiny_text""}, {""id"": ""13_pg566_pg1_text_01"", ""type"": ""present"", ""passed"": false, ""category"": ""long_tiny_text""}, {""id"": ""13_pg566_pg1_text_02"", ""type"": ""present"", ""passed"": false, ""category"": ""long_tiny_text""}, {""id"": ""13_pg566_pg1_text_03"", ""type"": ""present"", ""passed"": false, ""category"": ""long_tiny_text""}, {""id"": ""13_pg566_pg1_text_04"", ""type"": ""present"", ""passed"": false, ""category"": ""long_tiny_text""}, {""id"": ""auto_baseline"", ""type"": ""baseline"", ""passed"": true, ""category"": ""baseline""}]",,
rapidocr,docs,long_tiny_text__13_pg67_pg1,1.3352714403749815,,False,,,,,,,,,,,,False,,long_tiny_text,6.0,3.0,"[{""id"": ""13_pg67_pg1_text_00"", ""type"": ""present"", ""passed"": true, ""category"": ""long_tiny_text""}, {""id"": ""13_pg67_pg1_text_01"", ""type"": ""present"", ""passed"": true, ""category"": ""long_tiny_text""}, {""id"": ""13_pg67_pg1_text_02"", ""type"": ""present"", ""passed"": false, ""category"": ""long_tiny_text""}, {""id"": ""13_pg67_pg1_text_03"", ""type"": ""present"", ""passed"": false, ""category"": ""long_tiny_text""}, {""id"": ""13_pg67_pg1_text_04"", ""type"": ""present"", ""passed"": false, ""category"": ""long_tiny_text""}, {""id"": ""auto_baseline"", ""type"": ""baseline"", ""passed"": true, ""category"": ""baseline""}]",,
rapidocr,docs,long_tiny_text__14a_pg1,1.3352714403749815,,False,,,,,,,,,,,,False,,long_tiny_text,6.0,1.0,"[{""id"": ""14a_pg1_text_01"", ""type"": ""present"", ""passed"": false, ""category"": ""long_tiny_text""}, {""id"": ""14a_pg1_text_02"", ""type"": ""present"", ""passed"": false, ""category"": ""long_tiny_text""}, {""id"": ""14a_pg1_text_04"", ""type"": ""present"", ""passed"": false, ""category"": ""long_tiny_text""}, {""id"": ""14a_pg1_text_05"", ""type"": ""present"", ""passed"": false, ""category"": ""long_tiny_text""}, {""id"": ""14a_pg1_text_06"", ""type"": ""present"", ""passed"": false, ""category"": ""long_tiny_text""}, {""id"": ""auto_baseline"", ""type"": ""baseline"", ""passed"": true, ""category"": ""baseline""}]",,
rapidocr,docs,long_tiny_text__15c_pg1,1.2347696828749974,,False,,,,,,,,,,,,False,,long_tiny_text,5.0,1.0,"[{""id"": ""15c_pg1_text_00"", ""type"": ""present"", ""passed"": false, ""category"": ""long_tiny_text""}, {""id"": ""15c_pg1_text_01"", ""type"": ""present"", ""passed"": false, ""category"": ""long_tiny_text""}, {""id"": ""15c_pg1_text_02"", ""type"": ""present"", ""passed"": false, ""category"": ""long_tiny_text""}, {""id"": ""15c_pg1_text_03"", ""type"": ""present"", ""passed"": false, ""category"": ""long_tiny_text""}, {""id"": ""auto_baseline"", ""type"": ""baseline"", ""passed"": true, ""category"": ""baseline""}]",,
rapidocr,docs,long_tiny_text__17_pg2_pg1,1.2347696828749974,,False,,,,,,,,,,,,False,,long_tiny_text,40.0,38.0,"[{""id"": ""17_pg2_pg1_text_00"", ""type"": ""present"", ""passed"": true, ""category"": ""long_tiny_text""}, {""id"": ""17_pg2_pg1_text_01"", ""type"": ""present"", ""passed"": true, ""category"": ""long_tiny_text""}, {""id"": ""17_pg2_pg1_text_02"", ""type"": ""present"", ""passed"": false, ""category"": ""long_tiny_text""}, {""id"": ""17_pg2_pg1_text_03"", ""type"": ""present"", ""passed"": true, ""category"": ""long_tiny_text""}, {""id"": ""17_pg2_pg1_text_04"", ""type"": ""present"", ""passed"": true, ""category"": ""long_tiny_text""}, {""id"": ""17_pg2_pg1_text_06"", ""type"": ""present"", ""passed"": true, ""category"": ""long_tiny_text""}, {""id"": ""17_pg2_pg1_text_07"", ""type"": ""present"", ""passed"": true, ""category"": ""long_tiny_text""}, {""id"": ""17_pg2_pg1_text_09"", ""type"": ""present"", ""passed"": true, ""category"": ""long_tiny_text""}, {""id"": ""17_pg2_pg1_text_10"", ""type"": ""present"", ""passed"": true, ""category"": ""long_tiny_text""}, {""id"": ""17_pg2_pg1_text_12"", ""type"": ""present"", ""passed"": true, ""category"": ""long_tiny_text""}, {""id"": ""17_pg2_pg1_text_13"", ""type"": ""present"", ""passed"": true, ""category"": ""long_tiny_text""}, {""id"": ""17_pg2_pg1_text_16"", ""type"": ""present"", ""passed"": true, ""category"": ""long_tiny_text""}, {""id"": ""17_pg2_pg1_text_17"", ""type"": ""present"", ""passed"": false, ""category"": ""long_tiny_text""}, {""id"": ""17_pg2_pg1_text_20"", ""type"": ""present"", ""passed"": true, ""category"": ""long_tiny_text""}, {""id"": ""17_pg2_pg1_text_23"", ""type"": ""present"", ""passed"": true, ""category"": ""long_tiny_text""}, {""id"": ""17_pg2_pg1_text_24"", ""type"": ""present"", ""passed"": true, ""category"": ""long_tiny_text""}, {""id"": ""17_pg2_pg1_text_25"", ""type"": ""present"", ""passed"": true, ""category"": ""long_tiny_text""}, {""id"": ""17_pg2_pg1_text_27"", ""type"": ""present"", ""passed"": true, ""category"": ""long_tiny_text""}, {""id"": ""17_pg2_pg1_text_28"", ""type"": ""present"", ""passed"": true, ""category"": ""long_tiny_text""}, {""id"": ""17_pg2_pg1_text_30"", ""type"": ""present"", ""passed"": true, ""category"": ""long_tiny_text""}, {""id"": ""17_pg2_pg1_text_31"", ""type"": ""present"", ""passed"": true, ""category"": ""long_tiny_text""}, {""id"": ""17_pg2_pg1_text_34"", ""type"": ""present"", ""passed"": true, ""category"": ""long_tiny_text""}, {""id"": ""17_pg2_pg1_text_37"", ""type"": ""present"", ""passed"": true, ""category"": ""long_tiny_text""}, {""id"": ""17_pg2_pg1_text_41"", ""type"": ""present"", ""passed"": true, ""category"": ""long_tiny_text""}, {""id"": ""17_pg2_pg1_text_43"", ""type"": ""present"", ""passed"": true, ""category"": ""long_tiny_text""}, {""id"": ""17_pg2_pg1_text_45"", ""type"": ""present"", ""passed"": true, ""category"": ""long_tiny_text""}, {""id"": ""17_pg2_pg1_text_49"", ""type"": ""present"", ""passed"": true, ""category"": ""long_tiny_text""}, {""id"": ""17_pg2_pg1_text_51"", ""type"": ""present"", ""passed"": true, ""category"": ""long_tiny_text""}, {""id"": ""17_pg2_pg1_text_56"", ""type"": ""present"", ""passed"": true, ""category"": ""long_tiny_text""}, {""id"": ""17_pg2_pg1_text_61"", ""type"": ""present"", ""passed"": true, ""category"": ""long_tiny_text""}, {""id"": ""17_pg2_pg1_text_65"", ""type"": ""present"", ""passed"": true, ""category"": ""long_tiny_text""}, {""id"": ""17_pg2_pg1_text_69"", ""type"": ""present"", ""passed"": true, ""category"": ""long_tiny_text""}, {""id"": ""17_pg2_pg1_text_74"", ""type"": ""present"", ""passed"": true, ""category"": ""long_tiny_text""}, {""id"": ""17_pg2_pg1_text_80"", ""type"": ""present"", ""passed"": true, ""category"": ""long_tiny_text""}, {""id"": ""17_pg2_pg1_text_83"", ""type"": ""present"", ""passed"": true, ""category"": ""long_tiny_text""}, {""id"": ""17_pg2_pg1_text_86"", ""type"": ""present"", ""passed"": true, ""category"": ""long_tiny_text""}, {""id"": ""17_pg2_pg1_text_88"", ""type"": ""present"", ""passed"": true, ""category"": ""long_tiny_text""}, {""id"": ""17_pg2_pg1_text_95"", ""type"": ""present"", ""passed"": true, ""category"": ""long_tiny_text""}, {""id"": ""17_pg2_pg1_text_97"", ""type"": ""present"", ""passed"": true, ""category"": ""long_tiny_text""}, {""id"": ""auto_baseline"", ""type"": ""baseline"", ""passed"": true, ""category"": ""baseline""}]",,
rapidocr,docs,long_tiny_text__20_pg40_pg1,1.2347696828749974,,False,,,,,,,,,,,,False,,long_tiny_text,6.0,2.0,"[{""id"": ""20_pg40_pg1_text_00"", ""type"": ""present"", ""passed"": false, ""category"": ""long_tiny_text""}, {""id"": ""20_pg40_pg1_text_01"", ""type"": ""present"", ""passed"": false, ""category"": ""long_tiny_text""}, {""id"": ""20_pg40_pg1_text_02"", ""type"": ""present"", ""passed"": false, ""category"": ""long_tiny_text""}, {""id"": ""20_pg40_pg1_text_03"", ""type"": ""present"", ""passed"": true, ""category"": ""long_tiny_text""}, {""id"": ""20_pg40_pg1_text_04"", ""type"": ""present"", ""passed"": false, ""category"": ""long_tiny_text""}, {""id"": ""auto_baseline"", ""type"": ""baseline"", ""passed"": true, ""category"": ""baseline""}]",,
rapidocr,docs,long_tiny_text__20_pg46_pg1,1.2347696828749974,,False,,,,,,,,,,,,False,,long_tiny_text,10.0,4.0,"[{""id"": ""20_pg46_pg1_text_00"", ""type"": ""present"", ""passed"": true, ""category"": ""long_tiny_text""}, {""id"": ""20_pg46_pg1_text_01"", ""type"": ""present"", ""passed"": false, ""category"": ""long_tiny_text""}, {""id"": ""20_pg46_pg1_text_02"", ""type"": ""present"", ""passed"": false, ""category"": ""long_tiny_text""}, {""id"": ""20_pg46_pg1_text_03"", ""type"": ""present"", ""passed"": false, ""category"": ""long_tiny_text""}, {""id"": ""20_pg46_pg1_text_04"", ""type"": ""present"", ""passed"": false, ""category"": ""long_tiny_text""}, {""id"": ""20_pg46_pg1_text_05"", ""type"": ""present"", ""passed"": true, ""category"": ""long_tiny_text""}, {""id"": ""20_pg46_pg1_text_06"", ""type"": ""present"", ""passed"": false, ""category"": ""long_tiny_text""}, {""id"": ""20_pg46_pg1_text_08"", ""type"": ""present"", ""passed"": false, ""category"": ""long_tiny_text""}, {""id"": ""20_pg46_pg1_text_09"", ""type"": ""present"", ""passed"": true, ""category"": ""long_tiny_text""}, {""id"": ""auto_baseline"", ""type"": ""baseline"", ""passed"": true, ""category"": ""baseline""}]",,
rapidocr,docs,multi_column__00945e98ea0970dcffb8f548336df3a0137f_page_4_pg1,1.2347696828749974,,False,,,,,,,,,,,,False,,multi_column,4.0,1.0,"[{""id"": ""00945e98ea0970dcffb8f548336df3a0137f_page_4.pdf_order_0a8f368a"", ""type"": ""order"", ""passed"": false, ""category"": ""multi_column""}, {""id"": ""00945e98ea0970dcffb8f548336df3a0137f_page_4.pdf_order_3d4bbd69"", ""type"": ""order"", ""passed"": false, ""category"": ""multi_column""}, {""id"": ""00945e98ea0970dcffb8f548336df3a0137f_page_4.pdf_order_4cbab131"", ""type"": ""order"", ""passed"": false, ""category"": ""multi_column""}, {""id"": ""auto_baseline"", ""type"": ""baseline"", ""passed"": true, ""category"": ""baseline""}]",,
rapidocr,docs,multi_column__00e2c7719d58bb49fd4031cce9dcccdddec2_page_1_pg1,1.2347696828749974,,False,,,,,,,,,,,,False,,multi_column,3.0,2.0,"[{""id"": ""00e2c7719d58bb49fd4031cce9dcccdddec2_page_1.pdf_order_85be1097"", ""type"": ""order"", ""passed"": false, ""category"": ""multi_column""}, {""id"": ""00e2c7719d58bb49fd4031cce9dcccdddec2_page_1.pdf_order_b903400b"", ""type"": ""order"", ""passed"": true, ""category"": ""multi_column""}, {""id"": ""auto_baseline"", ""type"": ""baseline"", ""passed"": true, ""category"": ""baseline""}]",,
rapidocr,docs,multi_column__0114396ecb251aa3ebaeaeaed6bd4fe50bd2_page_2_pg1,1.2347696828749974,,False,,,,,,,,,,,,False,,multi_column,6.0,1.0,"[{""id"": ""0114396ecb251aa3ebaeaeaed6bd4fe50bd2_page_2.pdf_order_e5d2d945"", ""type"": ""order"", ""passed"": false, ""category"": ""multi_column""}, {""id"": ""0114396ecb251aa3ebaeaeaed6bd4fe50bd2_page_2.pdf_order_6b2daa2b"", ""type"": ""order"", ""passed"": false, ""category"": ""multi_column""}, {""id"": ""0114396ecb251aa3ebaeaeaed6bd4fe50bd2_page_2.pdf_order_f61eafae"", ""type"": ""order"", ""passed"": false, ""category"": ""multi_column""}, {""id"": ""0114396ecb251aa3ebaeaeaed6bd4fe50bd2_page_2.pdf_order_40a2536e"", ""type"": ""order"", ""passed"": false, ""category"": ""multi_column""}, {""id"": ""0114396ecb251aa3ebaeaeaed6bd4fe50bd2_page_2.pdf_order_b8d41298"", ""type"": ""order"", ""passed"": false, ""category"": ""multi_column""}, {""id"": ""auto_baseline"", ""type"": ""baseline"", ""passed"": true, ""category"": ""baseline""}]",,
rapidocr,docs,multi_column__019a8841dddeb304774ba62a9f5d8dccb43d_page_2_pg1,1.2347696828749974,,False,,,,,,,,,,,,False,,multi_column,5.0,2.0,"[{""id"": ""019a8841dddeb304774ba62a9f5d8dccb43d_page_2.pdf_order_00d331ca"", ""type"": ""order"", ""passed"": true, ""category"": ""multi_column""}, {""id"": ""019a8841dddeb304774ba62a9f5d8dccb43d_page_2.pdf_order_2410e748"", ""type"": ""order"", ""passed"": false, ""category"": ""multi_column""}, {""id"": ""019a8841dddeb304774ba62a9f5d8dccb43d_page_2.pdf_order_5a8cba0a"", ""type"": ""order"", ""passed"": false, ""category"": ""multi_column""}, {""id"": ""019a8841dddeb304774ba62a9f5d8dccb43d_page_2.pdf_order_6a2477bc"", ""type"": ""order"", ""passed"": false, ""category"": ""multi_column""}, {""id"": ""auto_baseline"", ""type"": ""baseline"", ""passed"": true, ""category"": ""baseline""}]",,
rapidocr,docs,multi_column__0208fbb5d6b646f972f4702428ad2cede5c5_page_6_pg1,1.0896150734999992,,False,,,,,,,,,,,,False,,multi_column,2.0,1.0,"[{""id"": ""0208fbb5d6b646f972f4702428ad2cede5c5_page_6.pdf_order_71ab8004"", ""type"": ""order"", ""passed"": false, ""category"": ""multi_column""}, {""id"": ""auto_baseline"", ""type"": ""baseline"", ""passed"": true, ""category"": ""baseline""}]",,
rapidocr,docs,multi_column__027c390510b2fd3364f5a382f2bc304af018_page_4_pg1,1.0896150734999992,,False,,,,,,,,,,,,False,,multi_column,5.0,1.0,"[{""id"": ""027c390510b2fd3364f5a382f2bc304af018_page_4.pdf_order_ea693a98"", ""type"": ""order"", ""passed"": false, ""category"": ""multi_column""}, {""id"": ""027c390510b2fd3364f5a382f2bc304af018_page_4.pdf_order_053bda58"", ""type"": ""order"", ""passed"": false, ""category"": ""multi_column""}, {""id"": ""027c390510b2fd3364f5a382f2bc304af018_page_4.pdf_order_9e06820d"", ""type"": ""order"", ""passed"": false, ""category"": ""multi_column""}, {""id"": ""027c390510b2fd3364f5a382f2bc304af018_page_4.pdf_order_97e749bf"", ""type"": ""order"", ""passed"": false, ""category"": ""multi_column""}, {""id"": ""auto_baseline"", ""type"": ""baseline"", ""passed"": true, ""category"": ""baseline""}]",,
rapidocr,docs,multi_column__02943986dff2d4a84b7c2dd81abfc51fceea_page_5_pg1,1.0896150734999992,,False,,,,,,,,,,,,False,,multi_column,5.0,1.0,"[{""id"": ""02943986dff2d4a84b7c2dd81abfc51fceea_page_5.pdf_order_3f1adc6b"", ""type"": ""order"", ""passed"": false, ""category"": ""multi_column""}, {""id"": ""02943986dff2d4a84b7c2dd81abfc51fceea_page_5.pdf_order_00ce4e6f"", ""type"": ""order"", ""passed"": false, ""category"": ""multi_column""}, {""id"": ""02943986dff2d4a84b7c2dd81abfc51fceea_page_5.pdf_order_46755e50"", ""type"": ""order"", ""passed"": false, ""category"": ""multi_column""}, {""id"": ""02943986dff2d4a84b7c2dd81abfc51fceea_page_5.pdf_order_13f6999c"", ""type"": ""order"", ""passed"": false, ""category"": ""multi_column""}, {""id"": ""auto_baseline"", ""type"": ""baseline"", ""passed"": true, ""category"": ""baseline""}]",,
rapidocr,docs,multi_column__02943986dff2d4a84b7c2dd81abfc51fceea_page_9_pg1,1.0896150734999992,,False,,,,,,,,,,,,False,,multi_column,5.0,1.0,"[{""id"": ""02943986dff2d4a84b7c2dd81abfc51fceea_page_9.pdf_order_babd8e0e"", ""type"": ""order"", ""passed"": false, ""category"": ""multi_column""}, {""id"": ""02943986dff2d4a84b7c2dd81abfc51fceea_page_9.pdf_order_2e6f0ead"", ""type"": ""order"", ""passed"": false, ""category"": ""multi_column""}, {""id"": ""02943986dff2d4a84b7c2dd81abfc51fceea_page_9.pdf_order_7e60c895"", ""type"": ""order"", ""passed"": false, ""category"": ""multi_column""}, {""id"": ""02943986dff2d4a84b7c2dd81abfc51fceea_page_9.pdf_order_81a40b7f"", ""type"": ""order"", ""passed"": false, ""category"": ""multi_column""}, {""id"": ""auto_baseline"", ""type"": ""baseline"", ""passed"": true, ""category"": ""baseline""}]",,
rapidocr,docs,multi_column__038650c9dfd95e7495d0c4d301d9dcca735a_page_1_pg1,1.0896150734999992,,False,,,,,,,,,,,,False,,multi_column,5.0,1.0,"[{""id"": ""038650c9dfd95e7495d0c4d301d9dcca735a_page_1.pdf_order_eb32d864"", ""type"": ""order"", ""passed"": false, ""category"": ""multi_column""}, {""id"": ""038650c9dfd95e7495d0c4d301d9dcca735a_page_1.pdf_order_517c20f9"", ""type"": ""order"", ""passed"": false, ""category"": ""multi_column""}, {""id"": ""038650c9dfd95e7495d0c4d301d9dcca735a_page_1.pdf_order_12a7fa3e"", ""type"": ""order"", ""passed"": false, ""category"": ""multi_column""}, {""id"": ""038650c9dfd95e7495d0c4d301d9dcca735a_page_1.pdf_order_cf779f79"", ""type"": ""order"", ""passed"": false, ""category"": ""multi_column""}, {""id"": ""auto_baseline"", ""type"": ""baseline"", ""passed"": true, ""category"": ""baseline""}]",,
rapidocr,docs,multi_column__0845863d27c84b14011e17a388821525e783_page_16_pg1,1.0896150734999992,,False,,,,,,,,,,,,False,,multi_column,4.0,1.0,"[{""id"": ""0845863d27c84b14011e17a388821525e783_page_16.pdf_order_dffceb1b"", ""type"": ""order"", ""passed"": false, ""category"": ""multi_column""}, {""id"": ""0845863d27c84b14011e17a388821525e783_page_16.pdf_order_ac24f586"", ""type"": ""order"", ""passed"": false, ""category"": ""multi_column""}, {""id"": ""0845863d27c84b14011e17a388821525e783_page_16.pdf_order_4bda9b61"", ""type"": ""order"", ""passed"": false, ""category"": ""multi_column""}, {""id"": ""auto_baseline"", ""type"": ""baseline"", ""passed"": true, ""category"": ""baseline""}]",,
rapidocr,docs,old_scans__1,1.0896150734999992,,False,,,,,,,,,,,,False,,old_scans,6.0,1.0,"[{""id"": ""1_680487"", ""type"": ""present"", ""passed"": false, ""category"": ""old_scans""}, {""id"": ""1_126739"", ""type"": ""absent"", ""passed"": false, ""category"": ""old_scans""}, {""id"": ""1_36225"", ""type"": ""present"", ""passed"": false, ""category"": ""old_scans""}, {""id"": ""1_787572"", ""type"": ""order"", ""passed"": false, ""category"": ""old_scans""}, {""id"": ""1_298389"", ""type"": ""order"", ""passed"": false, ""category"": ""old_scans""}, {""id"": ""auto_baseline"", ""type"": ""baseline"", ""passed"": true, ""category"": ""baseline""}]",,
rapidocr,docs,old_scans__21,1.0896150734999992,,False,,,,,,,,,,,,False,,old_scans,8.0,2.0,"[{""id"": ""21_398162"", ""type"": ""present"", ""passed"": false, ""category"": ""old_scans""}, {""id"": ""21_382528"", ""type"": ""order"", ""passed"": false, ""category"": ""old_scans""}, {""id"": ""21_229684"", ""type"": ""absent"", ""passed"": true, ""category"": ""old_scans""}, {""id"": ""21_712729"", ""type"": ""present"", ""passed"": false, ""category"": ""old_scans""}, {""id"": ""21_289946"", ""type"": ""present"", ""passed"": false, ""category"": ""old_scans""}, {""id"": ""21_745911"", ""type"": ""present"", ""passed"": false, ""category"": ""old_scans""}, {""id"": ""21_992153"", ""type"": ""order"", ""passed"": false, ""category"": ""old_scans""}, {""id"": ""auto_baseline"", ""type"": ""baseline"", ""passed"": true, ""category"": ""baseline""}]",,
rapidocr,docs,old_scans__23,0.423633085875025,,False,,,,,,,,,,,,False,,old_scans,6.0,5.0,"[{""id"": ""23_675822"", ""type"": ""present"", ""passed"": false, ""category"": ""old_scans""}, {""id"": ""23_189451"", ""type"": ""order"", ""passed"": true, ""category"": ""old_scans""}, {""id"": ""23_570086"", ""type"": ""absent"", ""passed"": true, ""category"": ""old_scans""}, {""id"": ""23_774544"", ""type"": ""present"", ""passed"": true, ""category"": ""old_scans""}, {""id"": ""23_266702"", ""type"": ""present"", ""passed"": true, ""category"": ""old_scans""}, {""id"": ""auto_baseline"", ""type"": ""baseline"", ""passed"": true, ""category"": ""baseline""}]",,
rapidocr,docs,old_scans__26,0.423633085875025,,False,,,,,,,,,,,,False,,old_scans,5.0,2.0,"[{""id"": ""26_727870"", ""type"": ""present"", ""passed"": false, ""category"": ""old_scans""}, {""id"": ""26_350035"", ""type"": ""order"", ""passed"": false, ""category"": ""old_scans""}, {""id"": ""26_893794"", ""type"": ""absent"", ""passed"": true, ""category"": ""old_scans""}, {""id"": ""26_815635"", ""type"": ""present"", ""passed"": false, ""category"": ""old_scans""}, {""id"": ""auto_baseline"", ""type"": ""baseline"", ""passed"": true, ""category"": ""baseline""}]",,
rapidocr,docs,old_scans__52,0.423633085875025,,False,,,,,,,,,,,,False,,old_scans,4.0,1.0,"[{""id"": ""52_591542"", ""type"": ""present"", ""passed"": false, ""category"": ""old_scans""}, {""id"": ""52_323921"", ""type"": ""present"", ""passed"": false, ""category"": ""old_scans""}, {""id"": ""52_987017"", ""type"": ""present"", ""passed"": false, ""category"": ""old_scans""}, {""id"": ""auto_baseline"", ""type"": ""baseline"", ""passed"": true, ""category"": ""baseline""}]",,
rapidocr,docs,old_scans__55,0.423633085875025,,False,,,,,,,,,,,,False,,old_scans,4.0,1.0,"[{""id"": ""55_930782"", ""type"": ""present"", ""passed"": false, ""category"": ""old_scans""}, {""id"": ""55_150814"", ""type"": ""present"", ""passed"": false, ""category"": ""old_scans""}, {""id"": ""55_287312"", ""type"": ""present"", ""passed"": false, ""category"": ""old_scans""}, {""id"": ""auto_baseline"", ""type"": ""baseline"", ""passed"": true, ""category"": ""baseline""}]",,
rapidocr,docs,old_scans__58,0.423633085875025,,False,,,,,,,,,,,,False,,old_scans,7.0,3.0,"[{""id"": ""58_984036"", ""type"": ""present"", ""passed"": true, ""category"": ""old_scans""}, {""id"": ""58_575492"", ""type"": ""order"", ""passed"": false, ""category"": ""old_scans""}, {""id"": ""58_801952"", ""type"": ""absent"", ""passed"": true, ""category"": ""old_scans""}, {""id"": ""58_775388"", ""type"": ""present"", ""passed"": false, ""category"": ""old_scans""}, {""id"": ""58_733378"", ""type"": ""present"", ""passed"": false, ""category"": ""old_scans""}, {""id"": ""58_220922"", ""type"": ""order"", ""passed"": false, ""category"": ""old_scans""}, {""id"": ""auto_baseline"", ""type"": ""baseline"", ""passed"": true, ""category"": ""baseline""}]",,
rapidocr,docs,old_scans__82,0.423633085875025,,False,,,,,,,,,,,,False,,old_scans,7.0,1.0,"[{""id"": ""82_617314"", ""type"": ""present"", ""passed"": false, ""category"": ""old_scans""}, {""id"": ""82_781476"", ""type"": ""order"", ""passed"": false, ""category"": ""old_scans""}, {""id"": ""82_578532"", ""type"": ""present"", ""passed"": false, ""category"": ""old_scans""}, {""id"": ""82_73918"", ""type"": ""present"", ""passed"": false, ""category"": ""old_scans""}, {""id"": ""82_794309"", ""type"": ""present"", ""passed"": false, ""category"": ""old_scans""}, {""id"": ""82_338838"", ""type"": ""order"", ""passed"": false, ""category"": ""old_scans""}, {""id"": ""auto_baseline"", ""type"": ""baseline"", ""passed"": true, ""category"": ""baseline""}]",,
rapidocr,docs,old_scans__85,0.423633085875025,,False,,,,,,,,,,,,False,,old_scans,7.0,1.0,"[{""id"": ""85_204851"", ""type"": ""present"", ""passed"": false, ""category"": ""old_scans""}, {""id"": ""85_81849"", ""type"": ""order"", ""passed"": false, ""category"": ""old_scans""}, {""id"": ""85_633939"", ""type"": ""present"", ""passed"": false, ""category"": ""old_scans""}, {""id"": ""85_81262"", ""type"": ""present"", ""passed"": false, ""category"": ""old_scans""}, {""id"": ""85_718011"", ""type"": ""present"", ""passed"": false, ""category"": ""old_scans""}, {""id"": ""85_913682"", ""type"": ""order"", ""passed"": false, ""category"": ""old_scans""}, {""id"": ""auto_baseline"", ""type"": ""baseline"", ""passed"": true, ""category"": ""baseline""}]",,
rapidocr,docs,old_scans__96,0.423633085875025,,False,,,,,,,,,,,,False,,old_scans,8.0,1.0,"[{""id"": ""96_686856"", ""type"": ""present"", ""passed"": false, ""category"": ""old_scans""}, {""id"": ""96_324569"", ""type"": ""order"", ""passed"": false, ""category"": ""old_scans""}, {""id"": ""96_489434"", ""type"": ""present"", ""passed"": false, ""category"": ""old_scans""}, {""id"": ""96_341535"", ""type"": ""present"", ""passed"": false, ""category"": ""old_scans""}, {""id"": ""96_984146"", ""type"": ""present"", ""passed"": false, ""category"": ""old_scans""}, {""id"": ""96_798387"", ""type"": ""order"", ""passed"": false, ""category"": ""old_scans""}, {""id"": ""96_991188"", ""type"": ""order"", ""passed"": false, ""category"": ""old_scans""}, {""id"": ""auto_baseline"", ""type"": ""baseline"", ""passed"": true, ""category"": ""baseline""}]",,
rapidocr,docs,tables__2d54e996d1247bd36695d872863eefebd8f8_pg4,0.8936777872499988,,False,,,,,,,,,,,,False,,table_tests,5.0,1.0,"[{""id"": ""2d54e996d1247bd36695d872863eefebd8f8_pg4_table_00"", ""type"": ""table"", ""passed"": false, ""category"": ""table_tests""}, {""id"": ""2d54e996d1247bd36695d872863eefebd8f8_pg4_table_01"", ""type"": ""table"", ""passed"": false, ""category"": ""table_tests""}, {""id"": ""2d54e996d1247bd36695d872863eefebd8f8_pg4_table_02"", ""type"": ""table"", ""passed"": false, ""category"": ""table_tests""}, {""id"": ""2d54e996d1247bd36695d872863eefebd8f8_pg4_table_03"", ""type"": ""table"", ""passed"": false, ""category"": ""table_tests""}, {""id"": ""auto_baseline"", ""type"": ""baseline"", ""passed"": true, ""category"": ""baseline""}]",,
rapidocr,docs,tables__2d932ac96ad0d8ccf81a56bd105fa18fdcbb_pg7,0.8936777872499988,,False,,,,,,,,,,,,False,,table_tests,2.0,1.0,"[{""id"": ""2d932ac96ad0d8ccf81a56bd105fa18fdcbb_pg7_table_00"", ""type"": ""table"", ""passed"": false, ""category"": ""table_tests""}, {""id"": ""auto_baseline"", ""type"": ""baseline"", ""passed"": true, ""category"": ""baseline""}]",,
rapidocr,docs,tables__4fafd7de9caa1cf3c0fad313d7bb24b2e685_pg9,0.8936777872499988,,False,,,,,,,,,,,,False,,table_tests,5.0,1.0,"[{""id"": ""4fafd7de9caa1cf3c0fad313d7bb24b2e685_pg9_table_00"", ""type"": ""table"", ""passed"": false, ""category"": ""table_tests""}, {""id"": ""4fafd7de9caa1cf3c0fad313d7bb24b2e685_pg9_table_01"", ""type"": ""table"", ""passed"": false, ""category"": ""table_tests""}, {""id"": ""4fafd7de9caa1cf3c0fad313d7bb24b2e685_pg9_table_02"", ""type"": ""table"", ""passed"": false, ""category"": ""table_tests""}, {""id"": ""4fafd7de9caa1cf3c0fad313d7bb24b2e685_pg9_table_03"", ""type"": ""table"", ""passed"": false, ""category"": ""table_tests""}, {""id"": ""auto_baseline"", ""type"": ""baseline"", ""passed"": true, ""category"": ""baseline""}]",,
rapidocr,docs,tables__529eeb84602e4fba7df7a4b127af6c830f97_pg12,0.8936777872499988,,False,,,,,,,,,,,,False,,table_tests,4.0,1.0,"[{""id"": ""529eeb84602e4fba7df7a4b127af6c830f97_pg12_table_00"", ""type"": ""table"", ""passed"": false, ""category"": ""table_tests""}, {""id"": ""529eeb84602e4fba7df7a4b127af6c830f97_pg12_table_01"", ""type"": ""table"", ""passed"": false, ""category"": ""table_tests""}, {""id"": ""529eeb84602e4fba7df7a4b127af6c830f97_pg12_table_04"", ""type"": ""table"", ""passed"": false, ""category"": ""table_tests""}, {""id"": ""auto_baseline"", ""type"": ""baseline"", ""passed"": true, ""category"": ""baseline""}]",,
rapidocr,docs,tables__a70c1fc81feccfd878dabffd3dc5617b584c_pg5,0.8936777872499988,,False,,,,,,,,,,,,False,,table_tests,6.0,1.0,"[{""id"": ""a70c1fc81feccfd878dabffd3dc5617b584c_pg5_table_00"", ""type"": ""table"", ""passed"": false, ""category"": ""table_tests""}, {""id"": ""a70c1fc81feccfd878dabffd3dc5617b584c_pg5_table_01"", ""type"": ""table"", ""passed"": false, ""category"": ""table_tests""}, {""id"": ""a70c1fc81feccfd878dabffd3dc5617b584c_pg5_table_02"", ""type"": ""table"", ""passed"": false, ""category"": ""table_tests""}, {""id"": ""a70c1fc81feccfd878dabffd3dc5617b584c_pg5_table_03"", ""type"": ""table"", ""passed"": false, ""category"": ""table_tests""}, {""id"": ""a70c1fc81feccfd878dabffd3dc5617b584c_pg5_table_04"", ""type"": ""table"", ""passed"": false, ""category"": ""table_tests""}, {""id"": ""auto_baseline"", ""type"": ""baseline"", ""passed"": true, ""category"": ""baseline""}]",,
rapidocr,docs,tables__b2a4c508f7839c1fbd2bb29a0d56c46bc00e_pg13_pg1,0.8936777872499988,,False,,,,,,,,,,,,False,,table_tests,11.0,1.0,"[{""id"": ""b2a4c508f7839c1fbd2bb29a0d56c46bc00e_pg13_table_00"", ""type"": ""table"", ""passed"": false, ""category"": ""table_tests""}, {""id"": ""b2a4c508f7839c1fbd2bb29a0d56c46bc00e_pg13_table_01"", ""type"": ""table"", ""passed"": false, ""category"": ""table_tests""}, {""id"": ""b2a4c508f7839c1fbd2bb29a0d56c46bc00e_pg13_table_02"", ""type"": ""table"", ""passed"": false, ""category"": ""table_tests""}, {""id"": ""b2a4c508f7839c1fbd2bb29a0d56c46bc00e_pg13_table_03"", ""type"": ""table"", ""passed"": false, ""category"": ""table_tests""}, {""id"": ""b2a4c508f7839c1fbd2bb29a0d56c46bc00e_pg13_table_04"", ""type"": ""table"", ""passed"": false, ""category"": ""table_tests""}, {""id"": ""b2a4c508f7839c1fbd2bb29a0d56c46bc00e_pg13_table_05"", ""type"": ""table"", ""passed"": false, ""category"": ""table_tests""}, {""id"": ""b2a4c508f7839c1fbd2bb29a0d56c46bc00e_pg13_table_06"", ""type"": ""table"", ""passed"": false, ""category"": ""table_tests""}, {""id"": ""b2a4c508f7839c1fbd2bb29a0d56c46bc00e_pg13_table_07"", ""type"": ""table"", ""passed"": false, ""category"": ""table_tests""}, {""id"": ""b2a4c508f7839c1fbd2bb29a0d56c46bc00e_pg13_table_08"", ""type"": ""table"", ""passed"": false, ""category"": ""table_tests""}, {""id"": ""b2a4c508f7839c1fbd2bb29a0d56c46bc00e_pg13_table_09"", ""type"": ""table"", ""passed"": false, ""category"": ""table_tests""}, {""id"": ""auto_baseline"", ""type"": ""baseline"", ""passed"": true, ""category"": ""baseline""}]",,
rapidocr,docs,tables__b45c138c634308a84b8b2e67997bef8aa70b_pg15,0.8936777872499988,,False,,,,,,,,,,,,False,,table_tests,6.0,1.0,"[{""id"": ""b45c138c634308a84b8b2e67997bef8aa70b_pg15_table_00"", ""type"": ""table"", ""passed"": false, ""category"": ""table_tests""}, {""id"": ""b45c138c634308a84b8b2e67997bef8aa70b_pg15_table_01"", ""type"": ""table"", ""passed"": false, ""category"": ""table_tests""}, {""id"": ""b45c138c634308a84b8b2e67997bef8aa70b_pg15_table_02"", ""type"": ""table"", ""passed"": false, ""category"": ""table_tests""}, {""id"": ""b45c138c634308a84b8b2e67997bef8aa70b_pg15_table_03"", ""type"": ""table"", ""passed"": false, ""category"": ""table_tests""}, {""id"": ""b45c138c634308a84b8b2e67997bef8aa70b_pg15_table_04"", ""type"": ""table"", ""passed"": false, ""category"": ""table_tests""}, {""id"": ""auto_baseline"", ""type"": ""baseline"", ""passed"": true, ""category"": ""baseline""}]",,
rapidocr,docs,tables__b5d9db350b31304da912832bcbafc47b64d8_pg2_pg1,0.8936777872499988,,False,,,,,,,,,,,,False,,table_tests,6.0,1.0,"[{""id"": ""b5d9db350b31304da912832bcbafc47b64d8_pg2_table_00"", ""type"": ""table"", ""passed"": false, ""category"": ""table_tests""}, {""id"": ""b5d9db350b31304da912832bcbafc47b64d8_pg2_table_01"", ""type"": ""table"", ""passed"": false, ""category"": ""table_tests""}, {""id"": ""b5d9db350b31304da912832bcbafc47b64d8_pg2_table_02"", ""type"": ""table"", ""passed"": false, ""category"": ""table_tests""}, {""id"": ""b5d9db350b31304da912832bcbafc47b64d8_pg2_table_03"", ""type"": ""table"", ""passed"": false, ""category"": ""table_tests""}, {""id"": ""b5d9db350b31304da912832bcbafc47b64d8_pg2_table_04"", ""type"": ""table"", ""passed"": false, ""category"": ""table_tests""}, {""id"": ""auto_baseline"", ""type"": ""baseline"", ""passed"": true, ""category"": ""baseline""}]",,
rapidocr,docs,tables__b773892dc3e755672b9e085e9eeb8ad18690_pg1_pg1,1.2100225794999915,,False,,,,,,,,,,,,False,,table_tests,6.0,1.0,"[{""id"": ""b773892dc3e755672b9e085e9eeb8ad18690_pg1_table_00"", ""type"": ""table"", ""passed"": false, ""category"": ""table_tests""}, {""id"": ""b773892dc3e755672b9e085e9eeb8ad18690_pg1_table_01"", ""type"": ""table"", ""passed"": false, ""category"": ""table_tests""}, {""id"": ""b773892dc3e755672b9e085e9eeb8ad18690_pg1_table_02"", ""type"": ""table"", ""passed"": false, ""category"": ""table_tests""}, {""id"": ""b773892dc3e755672b9e085e9eeb8ad18690_pg1_table_03"", ""type"": ""table"", ""passed"": false, ""category"": ""table_tests""}, {""id"": ""b773892dc3e755672b9e085e9eeb8ad18690_pg1_table_04"", ""type"": ""table"", ""passed"": false, ""category"": ""table_tests""}, {""id"": ""auto_baseline"", ""type"": ""baseline"", ""passed"": true, ""category"": ""baseline""}]",,
rapidocr,docs,tables__fd6cb6dfe3a918390855052669d9a194231a_pg3,1.2100225794999915,,False,,,,,,,,,,,,False,,table_tests,6.0,1.0,"[{""id"": ""fd6cb6dfe3a918390855052669d9a194231a_pg3_table_00"", ""type"": ""table"", ""passed"": false, ""category"": ""table_tests""}, {""id"": ""fd6cb6dfe3a918390855052669d9a194231a_pg3_table_01"", ""type"": ""table"", ""passed"": false, ""category"": ""table_tests""}, {""id"": ""fd6cb6dfe3a918390855052669d9a194231a_pg3_table_02"", ""type"": ""table"", ""passed"": false, ""category"": ""table_tests""}, {""id"": ""fd6cb6dfe3a918390855052669d9a194231a_pg3_table_03"", ""type"": ""table"", ""passed"": false, ""category"": ""table_tests""}, {""id"": ""fd6cb6dfe3a918390855052669d9a194231a_pg3_table_04"", ""type"": ""table"", ""passed"": false, ""category"": ""table_tests""}, {""id"": ""auto_baseline"", ""type"": ""baseline"", ""passed"": true, ""category"": ""baseline""}]",,
rapidocr,handwriting,iam_00023,0.12622996212499515,,False,,,0.325,0.325,0.75,13.0,40.0,0.25,0.2857142857142857,0.7142857142857143,0.9,False,False,,,,,,
rapidocr,handwriting,iam_00030,0.12622996212499515,,False,,,0.8909090909090909,0.8909090909090909,0.875,49.0,55.0,0.125,1.0,0.0,0.10909090909090909,False,False,,,,,,
rapidocr,handwriting,iam_00059,0.12622996212499515,,False,,,0.046511627906976744,0.046511627906976744,0.2857142857142857,2.0,43.0,0.7142857142857143,0.7142857142857143,0.2857142857142857,0.9767441860465116,False,False,,,,,,
rapidocr,handwriting,iam_00064,0.12622996212499515,,False,,,0.6619718309859155,0.6619718309859155,1.0,47.0,71.0,0.0,0.0,1.0,0.352112676056338,False,False,,,,,,
rapidocr,handwriting,iam_00071,0.12622996212499515,,False,,,0.0,0.0,0.0,0.0,39.0,1.0,1.0,0.0,1.0,False,False,,,,,,
rapidocr,handwriting,iam_00079,0.12622996212499515,,False,,,0.023255813953488372,0.023255813953488372,0.14285714285714285,1.0,43.0,0.8571428571428571,0.8571428571428571,0.14285714285714285,1.0,False,False,,,,,,
rapidocr,handwriting,iam_00126,0.12622996212499515,,False,,,0.061224489795918366,0.061224489795918366,0.2727272727272727,3.0,49.0,0.8181818181818182,0.8181818181818182,0.18181818181818182,0.9795918367346939,False,False,,,,,,
rapidocr,handwriting,iam_00143,0.12622996212499515,,False,,,0.6410256410256411,0.6410256410256411,1.0,25.0,39.0,0.0,0.0,1.0,0.48717948717948717,False,False,,,,,,
rapidocr,handwriting,iam_00188,0.12130145462501218,,False,,,0.6,0.6,0.8571428571428571,27.0,45.0,0.125,0.25,0.75,0.4,False,False,,,,,,
rapidocr,handwriting,iam_00258,0.12130145462501218,,False,,,0.11538461538461539,0.11538461538461539,0.625,6.0,52.0,0.5,0.5,0.5,0.9615384615384616,False,False,,,,,,
rapidocr,handwriting,iam_00264,0.12130145462501218,,False,,,0.13559322033898305,0.13559322033898305,0.5454545454545454,8.0,59.0,0.7,0.7,0.3,0.9830508474576272,False,False,,,,,,
rapidocr,handwriting,iam_00280,0.12130145462501218,,False,,,0.32558139534883723,0.32558139534883723,1.0,14.0,43.0,0.16666666666666666,0.16666666666666666,0.8333333333333334,0.9069767441860465,False,False,,,,,,
rapidocr,handwriting,iam_00289,0.12130145462501218,,False,,,0.15,0.15,0.3333333333333333,9.0,60.0,0.6666666666666666,0.7272727272727273,0.2727272727272727,0.9333333333333333,False,False,,,,,,
rapidocr,handwriting,iam_00343,0.12130145462501218,,False,,,0.0784313725490196,0.0784313725490196,0.42857142857142855,4.0,51.0,0.5714285714285714,0.5714285714285714,0.42857142857142855,1.0196078431372548,False,False,,,,,,
rapidocr,handwriting,iam_00364,0.12130145462501218,,False,,,0.1111111111111111,0.1111111111111111,0.3333333333333333,4.0,36.0,0.6666666666666666,0.6666666666666666,0.3333333333333333,1.0,False,False,,,,,,
rapidocr,handwriting,iam_00371,0.12130145462501218,,False,,,0.3181818181818182,0.3181818181818182,0.5,14.0,44.0,0.5,0.5,0.5,0.8636363636363636,False,False,,,,,,
rapidocr,handwriting,iam_00373,0.12766477837499224,,False,,,0.21875,0.21875,0.8,7.0,32.0,0.2,0.2,0.8,0.84375,False,False,,,,,,
rapidocr,handwriting,iam_00403,0.12766477837499224,,False,,,0.8055555555555556,0.8055555555555556,1.0,29.0,36.0,0.0,0.0,1.0,0.5277777777777778,False,False,,,,,,
rapidocr,handwriting,iam_00468,0.12766477837499224,,False,,,0.10810810810810811,0.10810810810810811,0.42857142857142855,4.0,37.0,0.5714285714285714,0.6666666666666666,0.3333333333333333,0.8918918918918919,False,False,,,,,,
rapidocr,handwriting,iam_00478,0.12766477837499224,,False,,,0.13793103448275862,0.13793103448275862,0.8,4.0,29.0,0.2,0.25,0.75,1.0,False,False,,,,,,
rapidocr,handwriting,iam_00588,0.12766477837499224,,False,,,0.23404255319148937,0.23404255319148937,0.875,11.0,47.0,0.125,0.14285714285714285,0.8571428571428571,0.8085106382978723,False,False,,,,,,
rapidocr,handwriting,iam_00608,0.12766477837499224,,False,,,0.15384615384615385,0.15384615384615385,0.6666666666666666,8.0,52.0,0.375,0.42857142857142855,0.5714285714285714,0.8846153846153846,False,False,,,,,,
rapidocr,handwriting,iam_00749,0.12766477837499224,,False,,,1.0,1.0,1.0,12.0,12.0,0.5,0.5,0.5,1.0,False,False,,,,,,
rapidocr,handwriting,iam_00819,0.12766477837499224,,False,,,0.023255813953488372,0.023255813953488372,0.14285714285714285,1.0,43.0,0.8571428571428571,0.8571428571428571,0.14285714285714285,1.0,False,False,,,,,,
rapidocr,handwriting,iam_00969,0.12000315599999567,,False,,,0.025,0.025,0.14285714285714285,1.0,40.0,1.0,1.0,0.0,1.025,False,False,,,,,,
rapidocr,handwriting,iam_01020,0.12000315599999567,,False,,,0.0,0.0,0.0,0.0,35.0,1.0,1.0,0.0,1.0,False,False,,,,,,
rapidocr,handwriting,iam_01023,0.12000315599999567,,False,,,0.46808510638297873,0.46808510638297873,1.0,22.0,47.0,0.0,0.0,1.0,0.574468085106383,False,False,,,,,,
rapidocr,handwriting,iam_01091,0.12000315599999567,,False,,,0.0196078431372549,0.0196078431372549,0.1111111111111111,1.0,51.0,0.9,0.9,0.1,1.0,False,False,,,,,,
rapidocr,handwriting,iam_01104,0.12000315599999567,,False,,,0.03225806451612903,0.03225806451612903,0.16666666666666666,1.0,31.0,0.8333333333333334,0.8333333333333334,0.16666666666666666,1.0,False,False,,,,,,
rapidocr,handwriting,iam_01238,0.12000315599999567,,False,,,0.25,0.25,0.6666666666666666,10.0,40.0,0.3333333333333333,0.3333333333333333,0.6666666666666666,0.875,False,False,,,,,,
rapidocr,handwriting,iam_01366,0.12000315599999567,,False,,,0.6595744680851063,0.6595744680851063,1.0,31.0,47.0,0.0,0.0,1.0,0.3404255319148936,False,False,,,,,,
rapidocr,handwriting,iam_01417,0.12000315599999567,,False,,,0.0,0.0,0.0,0.0,53.0,1.0,1.0,0.0,1.0,False,False,,,,,,
rapidocr,handwriting,iam_01452,0.11905992724999237,,False,,,0.49019607843137253,0.49019607843137253,0.875,25.0,51.0,0.125,0.25,0.75,0.5490196078431373,False,False,,,,,,
rapidocr,handwriting,iam_01455,0.11905992724999237,,False,,,0.6,0.6,2.0,3.0,5.0,0.0,0.0,1.0,1.0,False,False,,,,,,
rapidocr,handwriting,iam_01805,0.11905992724999237,,False,,,0.07894736842105263,0.07894736842105263,0.375,3.0,38.0,0.625,0.625,0.375,0.9736842105263158,False,False,,,,,,
rapidocr,handwriting,iam_01857,0.11905992724999237,,False,,,0.16216216216216217,0.16216216216216217,0.7142857142857143,6.0,37.0,0.2857142857142857,0.3333333333333333,0.6666666666666666,0.918918918918919,False,False,,,,,,
rapidocr,handwriting,iam_01898,0.11905992724999237,,False,,,0.06,0.06,0.4,3.0,50.0,0.9,0.9,0.1,0.98,False,False,,,,,,
rapidocr,handwriting,iam_01908,0.11905992724999237,,False,,,0.0,0.0,0.0,0.0,53.0,1.0,1.0,0.0,1.0,False,False,,,,,,
rapidocr,handwriting,iam_01970,0.11905992724999237,,False,,,1.0,1.0,1.0,40.0,40.0,0.0,0.0,0.0,0.0,True,False,,,,,,
rapidocr,handwriting,iam_01983,0.11905992724999237,,False,,,1.0,1.0,1.0,46.0,46.0,0.0,0.0,0.0,0.0,True,False,,,,,,
rapidocr,handwriting,iam_01993,0.19487646999999697,,False,,,0.10869565217391304,0.10869565217391304,0.7777777777777778,5.0,46.0,0.2222222222222222,0.3333333333333333,0.6666666666666666,0.9130434782608695,False,False,,,,,,
rapidocr,handwriting,iam_02060,0.19487646999999697,,False,,,0.5510204081632653,0.5510204081632653,0.6666666666666666,27.0,49.0,0.3333333333333333,0.42857142857142855,0.5714285714285714,0.5918367346938775,False,False,,,,,,
rapidocr,handwriting,iam_02081,0.19487646999999697,,False,,,0.17777777777777778,0.17777777777777778,0.7,8.0,45.0,0.4444444444444444,0.5,0.5,0.9555555555555556,False,False,,,,,,
rapidocr,handwriting,iam_02109,0.19487646999999697,,False,,,0.8372093023255814,0.8372093023255814,0.8888888888888888,36.0,43.0,0.1111111111111111,0.3333333333333333,0.6666666666666666,0.20930232558139536,False,False,,,,,,
rapidocr,handwriting,iam_02171,0.19487646999999697,,False,,,0.025,0.025,0.2,1.0,40.0,0.8,0.8,0.2,0.975,False,False,,,,,,
rapidocr,handwriting,iam_02216,0.19487646999999697,,False,,,0.14634146341463414,0.14634146341463414,0.7142857142857143,6.0,41.0,0.42857142857142855,0.42857142857142855,0.5714285714285714,0.975609756097561,False,False,,,,,,
rapidocr,handwriting,iam_02279,0.19487646999999697,,False,,,1.0,1.0,1.0,49.0,49.0,0.0,0.0,0.0,0.0,True,False,,,,,,
rapidocr,handwriting,iam_02371,0.19487646999999697,,False,,,0.5,0.5,0.8,11.0,22.0,0.5,0.6666666666666666,0.3333333333333333,0.5454545454545454,False,False,,,,,,
rapidocr,handwriting,iam_02384,0.12331817337502571,,False,,,1.0,1.0,1.0,39.0,39.0,0.0,0.0,0.0,0.0,True,False,,,,,,
rapidocr,handwriting,iam_02463,0.12331817337502571,,False,,,0.1,0.1,0.5,4.0,40.0,0.7,0.7777777777777778,0.2222222222222222,0.95,False,False,,,,,,
rapidocr,handwriting,iam_02522,0.12331817337502571,,False,,,0.24489795918367346,0.24489795918367346,0.8571428571428571,12.0,49.0,0.125,0.16666666666666666,0.8333333333333334,0.8571428571428571,False,False,,,,,,
rapidocr,handwriting,iam_02552,0.12331817337502571,,False,,,0.07317073170731707,0.07317073170731707,0.3,3.0,41.0,0.7272727272727273,0.7272727272727273,0.2727272727272727,0.975609756097561,False,False,,,,,,
rapidocr,handwriting,iam_02640,0.12331817337502571,,False,,,1.0,1.0,1.0,49.0,49.0,0.0,0.0,0.0,0.0,True,False,,,,,,
rapidocr,handwriting,iam_02655,0.12331817337502571,,False,,,0.7254901960784313,0.7254901960784313,1.0,37.0,51.0,0.0,0.0,1.0,0.27450980392156865,False,False,,,,,,
rapidocr,handwriting,iam_02684,0.12331817337502571,,False,,,1.0,1.0,1.0,57.0,57.0,0.0,0.0,0.0,0.0,True,False,,,,,,
rapidocr,handwriting,iam_02725,0.12331817337502571,,False,,,0.8771929824561403,0.8771929824561403,0.9,50.0,57.0,0.09090909090909091,0.5,0.5,0.14035087719298245,False,False,,,,,,
rapidocr,handwriting,iam_02733,0.12515335824997464,,False,,,0.6666666666666666,0.6666666666666666,1.0,26.0,39.0,0.3333333333333333,0.3333333333333333,0.6666666666666666,1.0,False,False,,,,,,
rapidocr,handwriting,iam_02750,0.12515335824997464,,False,,,0.1,0.1,0.2857142857142857,4.0,40.0,0.8571428571428571,0.75,0.25,1.1,False,False,,,,,,
rapidocr,handwriting,iam_02765,0.12515335824997464,,False,,,0.2894736842105263,0.2894736842105263,0.625,11.0,38.0,0.375,0.42857142857142855,0.5714285714285714,0.868421052631579,False,False,,,,,,
rapidocr,handwriting,iam_02838,0.12515335824997464,,False,,,0.07407407407407407,0.07407407407407407,0.16666666666666666,2.0,27.0,0.8333333333333334,0.8333333333333334,0.16666666666666666,0.9629629629629629,False,False,,,,,,
rapidocr,stress,syn000_prose__clean,0.423926881500023,,False,,,0.0,0.0,0.0,0.0,2182.0,1.0,1.0,0.0,1.0,False,False,,,,,prose,clean
rapidocr,stress,syn000_prose__dpi150,0.423926881500023,,False,,,0.0,0.0,0.0,0.0,2182.0,1.0,1.0,0.0,1.0,False,False,,,,,prose,dpi150
rapidocr,stress,syn000_prose__dpi75,0.423926881500023,,False,,,0.0,0.0,0.0,0.0,2182.0,1.0,1.0,0.0,1.0,False,False,,,,,prose,dpi75
rapidocr,stress,syn000_prose__blur,0.423926881500023,,False,,,0.06453089244851258,0.06461961503208066,0.11053984575835475,141.0,2182.0,0.8967254408060453,0.9081632653061225,0.09183673469387756,0.9472960586617782,False,False,,,,,prose,blur
rapidocr,stress,syn000_prose__noise,0.423926881500023,,False,,,0.0,0.0,0.0,0.0,2182.0,1.0,1.0,0.0,1.0,False,False,,,,,prose,noise
rapidocr,stress,syn000_prose__rotate3,0.423926881500023,,False,,,0.036613272311212815,0.03666361136571952,0.05141388174807198,80.0,2182.0,0.9496221662468514,0.9716494845360825,0.028350515463917526,0.9651695692025665,False,False,,,,,prose,rotate3
rapidocr,stress,syn000_prose__rotate8,0.423926881500023,,False,,,0.036613272311212815,0.03666361136571952,0.05141388174807198,80.0,2182.0,0.9496221662468514,0.9691516709511568,0.030848329048843187,0.9665444546287809,False,False,,,,,prose,rotate8
rapidocr,stress,syn000_prose__jpeg_q10,0.423926881500023,,False,,,0.0009153318077803204,0.00045829514207149406,0.005141388174807198,1.0,2182.0,1.0,1.0,0.0,0.9995417048579285,False,False,,,,,prose,jpeg_q10
rapidocr,stress,syn000_prose__low_contrast,0.46011396049999576,,False,,,0.0004576659038901602,0.00045829514207149406,0.005141388174807198,1.0,2182.0,1.0,1.0,0.0,0.9995417048579285,False,False,,,,,prose,low_contrast
rapidocr,stress,syn000_prose__photocopy,0.46011396049999576,,False,,,0.0004576659038901602,0.00045829514207149406,0.002570694087403599,1.0,2182.0,0.9974811083123426,0.9974811083123426,0.0025188916876574307,1.0,False,False,,,,,prose,photocopy
rapidocr,stress,syn000_prose__phone_photo,0.46011396049999576,,False,,,0.0,0.0,0.0,0.0,2182.0,1.0,1.0,0.0,1.0,False,False,,,,,prose,phone_photo
rapidocr,stress,syn001_two_column__clean,0.46011396049999576,,False,,,0.6410505836575876,0.6410505836575876,0.806970509383378,1318.0,2056.0,0.952,0.9727520435967303,0.027247956403269755,0.9674124513618677,False,False,,,,,two_column,clean
rapidocr,stress,syn001_two_column__dpi150,0.46011396049999576,,False,,,0.6600194552529183,0.6600194552529183,0.8150134048257373,1357.0,2056.0,1.0,1.0,0.0,1.0,False,False,,,,,two_column,dpi150
rapidocr,stress,syn001_two_column__dpi75,0.46011396049999576,,False,,,0.6541828793774319,0.6541828793774319,0.8096514745308311,1345.0,2056.0,1.0,1.0,0.0,1.0,False,False,,,,,two_column,dpi75
rapidocr,stress,syn001_two_column__blur,0.46011396049999576,,False,,,0.6434824902723736,0.6434824902723736,0.8016085790884718,1323.0,2056.0,0.952,0.9754098360655737,0.02459016393442623,0.9683852140077821,False,False,,,,,two_column,blur
rapidocr,stress,syn001_two_column__noise,0.46011396049999576,,False,,,0.6590466926070039,0.6590466926070039,0.8150134048257373,1355.0,2056.0,1.0,1.0,0.0,1.0,False,False,,,,,two_column,noise
rapidocr,stress,syn001_two_column__rotate3,0.4253655661250093,,False,,,0.686284046692607,0.686284046692607,0.8552278820375335,1411.0,2056.0,0.976,0.9865229110512129,0.013477088948787063,0.9849221789883269,False,False,,,,,two_column,rotate3
rapidocr,stress,syn001_two_column__rotate8,0.4253655661250093,,False,,,0.5491245136186771,0.5491245136186771,0.6729222520107239,1129.0,2056.0,1.0,1.0,0.0,1.0,False,False,,,,,two_column,rotate8
rapidocr,stress,syn001_two_column__jpeg_q10,0.4253655661250093,,False,,,0.6473735408560312,0.6473735408560312,0.8096514745308311,1331.0,2056.0,0.9706666666666667,0.9837837837837838,0.016216216216216217,0.9824902723735408,False,False,,,,,two_column,jpeg_q10
rapidocr,stress,syn001_two_column__low_contrast,0.4253655661250093,,False,,,0.6590466926070039,0.6590466926070039,0.8150134048257373,1355.0,2056.0,1.0,1.0,0.0,1.0,False,False,,,,,two_column,low_contrast
rapidocr,stress,syn001_two_column__photocopy,0.4253655661250093,,False,,,0.6595330739299611,0.6595330739299611,0.8150134048257373,1356.0,2056.0,0.9973333333333333,0.9973333333333333,0.0026666666666666666,1.0,False,False,,,,,two_column,photocopy
rapidocr,stress,syn001_two_column__phone_photo,0.4253655661250093,,False,,,0.6960116731517509,0.6960116731517509,0.8579088471849866,1431.0,2056.0,1.0,1.0,0.0,1.0,False,False,,,,,two_column,phone_photo
rapidocr,stress,syn002_table__clean,0.4253655661250093,,False,,,0.002347417840375587,0.002347417840375587,0.015384615384615385,1.0,426.0,0.9888888888888889,0.9888888888888889,0.011111111111111112,1.0023474178403755,False,False,,,,,table,clean
rapidocr,stress,syn002_table__dpi150,0.4253655661250093,,False,,,0.0,0.0,0.0,0.0,426.0,1.0,1.0,0.0,1.0,False,False,,,,,table,dpi150
rapidocr,stress,syn002_table__dpi75,0.27834293624999873,,False,,,0.025821596244131457,0.025821596244131457,0.16923076923076924,11.0,426.0,0.8777777777777778,0.8777777777777778,0.12222222222222222,1.0258215962441315,False,False,,,,,table,dpi75
rapidocr,stress,syn002_table__blur,0.27834293624999873,,False,,,0.0,0.0,0.0,0.0,426.0,1.0,1.0,0.0,1.0,False,False,,,,,table,blur
rapidocr,stress,syn002_table__noise,0.27834293624999873,,False,,,0.002347417840375587,0.002347417840375587,0.015384615384615385,1.0,426.0,1.0,1.0,0.0,1.0023474178403755,False,False,,,,,table,noise
rapidocr,stress,syn002_table__rotate3,0.27834293624999873,,False,,,0.3215962441314554,0.3215962441314554,0.46153846153846156,137.0,426.0,1.0,1.0,0.0,1.0,False,False,,,,,table,rotate3
rapidocr,stress,syn002_table__rotate8,0.27834293624999873,,False,,,0.3873239436619718,0.3873239436619718,0.5076923076923077,165.0,426.0,1.0,1.0,0.0,1.0,False,False,,,,,table,rotate8
rapidocr,stress,syn002_table__jpeg_q10,0.27834293624999873,,False,,,0.002347417840375587,0.002347417840375587,0.015384615384615385,1.0,426.0,0.9888888888888889,0.9888888888888889,0.011111111111111112,1.0,False,False,,,,,table,jpeg_q10
rapidocr,stress,syn002_table__low_contrast,0.27834293624999873,,False,,,0.0,0.0,0.0,0.0,426.0,1.0,1.0,0.0,1.0,False,False,,,,,table,low_contrast
rapidocr,stress,syn002_table__photocopy,0.27834293624999873,,False,,,0.08215962441314555,0.08215962441314555,0.16923076923076924,35.0,426.0,0.8555555555555555,0.9746835443037974,0.02531645569620253,0.9295774647887324,False,False,,,,,table,photocopy
rapidocr,stress,syn002_table__phone_photo,0.24357098812501476,,False,,,0.2746478873239437,0.2746478873239437,0.4307692307692308,117.0,426.0,1.0,1.0,0.0,1.0,False,False,,,,,table,phone_photo
rapidocr,stress,syn003_invoice__clean,0.24357098812501476,,False,,,0.0,0.0,0.0,0.0,463.0,1.0,1.0,0.0,1.0,False,False,,,,,invoice,clean
rapidocr,stress,syn003_invoice__dpi150,0.24357098812501476,,False,,,0.0,0.0,0.0,0.0,463.0,1.0,1.0,0.0,1.0,False,False,,,,,invoice,dpi150
rapidocr,stress,syn003_invoice__dpi75,0.24357098812501476,,False,,,0.0,0.0,0.0,0.0,463.0,1.0,1.0,0.0,1.0,False,False,,,,,invoice,dpi75
rapidocr,stress,syn003_invoice__blur,0.24357098812501476,,False,,,0.0,0.0,0.0,0.0,463.0,1.0,1.0,0.0,1.0,False,False,,,,,invoice,blur
rapidocr,stress,syn003_invoice__noise,0.24357098812501476,,False,,,0.0,0.0,0.0,0.0,463.0,1.0,1.0,0.0,1.0,False,False,,,,,invoice,noise
rapidocr,stress,syn003_invoice__rotate3,0.24357098812501476,,False,,,0.24622030237580994,0.24622030237580994,0.30303030303030304,114.0,463.0,1.0,1.0,0.0,1.0,False,False,,,,,invoice,rotate3
rapidocr,stress,syn003_invoice__rotate8,0.24357098812501476,,False,,,0.265658747300216,0.265658747300216,0.3333333333333333,123.0,463.0,1.0,1.0,0.0,1.0,False,False,,,,,invoice,rotate8
rapidocr,stress,syn003_invoice__jpeg_q10,0.35681584987500514,,False,,,0.0,0.0,0.0,0.0,463.0,1.0,1.0,0.0,1.0,False,False,,,,,invoice,jpeg_q10
rapidocr,stress,syn003_invoice__low_contrast,0.35681584987500514,,False,,,0.0,0.0,0.0,0.0,463.0,1.0,1.0,0.0,1.0,False,False,,,,,invoice,low_contrast
rapidocr,stress,syn003_invoice__photocopy,0.35681584987500514,,False,,,0.0021598272138228943,0.0021598272138228943,0.015151515151515152,1.0,463.0,1.0,1.0,0.0,1.0,False,False,,,,,invoice,photocopy
rapidocr,stress,syn003_invoice__phone_photo,0.35681584987500514,,False,,,0.23110151187904968,0.23110151187904968,0.30303030303030304,107.0,463.0,1.0,1.0,0.0,1.0,False,False,,,,,invoice,phone_photo
rapidocr,stress,syn004_prose__clean,0.35681584987500514,,False,,,0.0,0.0,0.0,0.0,2242.0,1.0,1.0,0.0,1.0,False,False,,,,,prose,clean
rapidocr,stress,syn004_prose__dpi150,0.35681584987500514,,False,,,0.0,0.0,0.0,0.0,2242.0,1.0,1.0,0.0,1.0,False,False,,,,,prose,dpi150
rapidocr,stress,syn004_prose__dpi75,0.35681584987500514,,False,,,0.0,0.0,0.0,0.0,2242.0,1.0,1.0,0.0,1.0,False,False,,,,,prose,dpi75
rapidocr,stress,syn004_prose__blur,0.35681584987500514,,False,,,0.0,0.0,0.0,0.0,2242.0,1.0,1.0,0.0,1.0,False,False,,,,,prose,blur
rapidocr,stress,syn004_prose__noise,0.5062430365714395,,False,,,0.0,0.0,0.0,0.0,2242.0,1.0,1.0,0.0,1.0,False,False,,,,,prose,noise
rapidocr,stress,syn004_prose__rotate3,0.5062430365714395,,False,,,0.0,0.0,0.0,0.0,2242.0,1.0,1.0,0.0,1.0,False,False,,,,,prose,rotate3
rapidocr,stress,syn004_prose__rotate8,0.5062430365714395,,False,,,0.0,0.0,0.0,0.0,2242.0,1.0,1.0,0.0,1.0,False,False,,,,,prose,rotate8
rapidocr,stress,syn004_prose__jpeg_q10,0.5062430365714395,,False,,,0.00044603033006244426,0.00044603033006244426,0.005115089514066497,1.0,2242.0,1.0,1.0,0.0,0.9995539696699376,False,False,,,,,prose,jpeg_q10
rapidocr,stress,syn004_prose__low_contrast,0.5062430365714395,,False,,,0.0,0.0,0.0,0.0,2242.0,1.0,1.0,0.0,1.0,False,False,,,,,prose,low_contrast
rapidocr,stress,syn004_prose__photocopy,0.5062430365714395,,False,,,0.028991971454058876,0.028991971454058876,0.03324808184143223,65.0,2242.0,0.9670050761421319,0.9694656488549618,0.030534351145038167,0.971900089206066,False,False,,,,,prose,photocopy
rapidocr,stress,syn004_prose__phone_photo,0.5062430365714395,,False,,,0.0,0.0,0.0,0.0,2242.0,1.0,1.0,0.0,1.0,False,False,,,,,prose,phone_photo
tesseract,books,birdsofgreatbrit02butl_0093_full,0.19536759731999837,,False,birdsofgreatbrit02butl,en,0.017482517482517484,0.009154315605928508,0.03773584905660377,21.0,2294.0,0.9844559585492227,0.9819121447028424,0.01808785529715762,1.001743679163034,False,False,,,,,,
tesseract,books,birdsofgreatbrit02butl_0126_full,0.19536759731999837,,False,birdsofgreatbrit02butl,en,0.014799154334038054,0.004577464788732394,0.01735357917570499,13.0,2840.0,0.9879032258064516,0.9879032258064516,0.012096774193548387,1.0014084507042254,False,False,,,,,,
tesseract,books,birdsofgreatbrit02butl_0156_full,0.19536759731999837,,False,birdsofgreatbrit02butl,en,0.013978494623655914,0.0032085561497326204,0.023026315789473683,6.0,1870.0,0.9903846153846154,0.9903846153846154,0.009615384615384616,1.0005347593582887,False,False,,,,,,
tesseract,books,birdsofgreatbrit02butl_0159_full,0.19536759731999837,,False,birdsofgreatbrit02butl,en,0.013499480789200415,0.007939247497411116,0.023166023166023165,23.0,2897.0,0.9906367041198502,0.9924953095684803,0.0075046904315197,0.9993096306523991,False,False,,,,,,
tesseract,books,birdsofgreatbrit02butl_0172_full,0.19536759731999837,,False,birdsofgreatbrit02butl,en,0.019316022799240027,0.003771213073538655,0.015517241379310345,12.0,3182.0,0.9898305084745763,0.9915110356536503,0.008488964346349746,0.9996857322438718,False,False,,,,,,
tesseract,books,birdsofgreatbrit02butl_0308_full,0.19536759731999837,,False,birdsofgreatbrit02butl,en,0.007123287671232876,0.001095290251916758,0.009146341463414634,2.0,1826.0,0.9970326409495549,0.9970326409495549,0.002967359050445104,1.0,False,False,,,,,,
tesseract,books,birdsofgreatbrit02butl_0312_full,0.19536759731999837,,False,birdsofgreatbrit02butl,en,0.011194029850746268,0.007455731593662628,0.028089887640449437,8.0,1073.0,0.9835164835164835,0.9781420765027322,0.02185792349726776,1.0009319664492078,False,False,,,,,,
tesseract,books,birdsofgreatbrit02butl_0320_full,0.19536759731999837,,False,birdsofgreatbrit02butl,en,0.004551661356395084,0.0018198362147406734,0.0136986301369863,4.0,2198.0,0.9921875,0.9921875,0.0078125,1.0,False,False,,,,,,
tesseract,books,birdsofgreatbrit02butl_0328_full,0.19536759731999837,,False,birdsofgreatbrit02butl,en,0.07704160246533127,0.07550077041602465,0.28421052631578947,49.0,649.0,0.8679245283018868,0.8214285714285714,0.17857142857142858,1.0154083204930662,False,False,,,,,,
tesseract,books,conchologiaiconi05reev_0039_full,0.19536759731999837,,False,conchologiaiconi05reev,en,0.04402035623409669,0.03411405295315682,0.11208406304728546,134.0,3928.0,0.9008547008547009,0.9008547008547009,0.09914529914529914,1.000763747454175,False,False,,,,,,
tesseract,books,conchologiaiconi05reev_0127_full,0.19536759731999837,,False,conchologiaiconi05reev,en,0.13385633733758273,0.12281565345803594,0.24517374517374518,499.0,4063.0,0.8420074349442379,0.8420074349442379,0.1579925650557621,1.0009844942160966,False,False,,,,,,
tesseract,books,conchologiaiconi05reev_0200_full,0.19536759731999837,,False,conchologiaiconi05reev,en,0.06264682850430697,0.052603892688058915,0.15705765407554673,200.0,3802.0,0.867816091954023,0.867816091954023,0.13218390804597702,1.0002630194634403,False,False,,,,,,
tesseract,books,conchologiaiconi05reev_0235_full,0.19536759731999837,,False,conchologiaiconi05reev,en,0.05403158769742311,0.043309272626318715,0.19782608695652174,156.0,3602.0,0.8368200836820083,0.8385744234800838,0.16142557651991615,1.0008328706274292,False,False,,,,,,
tesseract,books,conchologiaiconi05reev_0271_full,0.19536759731999837,,False,conchologiaiconi05reev,en,0.06002143622722401,0.046879185641575144,0.19957983193277312,175.0,3733.0,0.8275862068965517,0.8275862068965517,0.1724137931034483,1.000267881060809,False,False,,,,,,
tesseract,books,conchologiaiconi05reev_0276_full,0.19536759731999837,,False,conchologiaiconi05reev,en,0.1121311475409836,0.10278325662941047,0.20209059233449478,469.0,4563.0,0.8458961474036851,0.8444816053511706,0.15551839464882944,1.0004383081306158,False,False,,,,,,
tesseract,books,conchologiaiconi05reev_0350_full,0.19536759731999837,,False,conchologiaiconi05reev,en,0.07048054919908467,0.05604042259990813,0.16271186440677965,122.0,2177.0,0.8543046357615894,0.8543046357615894,0.1456953642384106,1.0004593477262287,False,False,,,,,,
tesseract,books,conchologiaiconi05reev_0354_full,0.19536759731999837,,False,conchologiaiconi05reev,en,0.05510261456283385,0.04103428892636313,0.17721518987341772,146.0,3558.0,0.8559837728194726,0.8559837728194726,0.1440162271805274,1.0005621135469365,False,False,,,,,,
tesseract,books,conchologiaiconi05reev_0433_full,0.19536759731999837,,False,conchologiaiconi05reev,en,0.05659355537503385,0.049728260869565215,0.1782608695652174,183.0,3680.0,0.8583162217659137,0.8583162217659137,0.14168377823408623,1.0016304347826086,False,False,,,,,,
tesseract,books,daschitinskelett00prel_0011_full,0.19536759731999837,,False,daschitinskelett00prel,de,0.0025429116338207248,0.0025526483726866626,0.020737327188940093,8.0,3134.0,0.9860788863109049,0.9883720930232558,0.011627906976744186,0.9993618379068283,False,False,,,,,,
tesseract,books,daschitinskelett00prel_0021_full,0.19536759731999837,,False,daschitinskelett00prel,de,0.006475006475006475,0.005972474681900805,0.026595744680851064,23.0,3851.0,0.9804270462633452,0.9804270462633452,0.019572953736654804,1.0,False,False,,,,,,
tesseract,books,daschitinskelett00prel_0034_full,0.19536759731999837,,False,daschitinskelett00prel,de,0.006028131279303416,0.006036217303822937,0.025821596244131457,18.0,2982.0,0.9835294117647059,0.9835294117647059,0.01647058823529412,0.9976525821596244,False,False,,,,,,
tesseract,books,daschitinskelett00prel_0037_full,0.19536759731999837,,False,daschitinskelett00prel,de,0.005278437582475587,0.003444621091679915,0.02185792349726776,13.0,3774.0,0.9817518248175182,0.9853479853479854,0.014652014652014652,0.9992050874403816,False,False,,,,,,
tesseract,books,daschitinskelett00prel_0038_full,0.19536759731999837,,False,daschitinskelett00prel,de,0.004148301788955146,0.002343139807341838,0.020754716981132074,9.0,3841.0,0.9849056603773585,0.9830508474576272,0.01694915254237288,0.9997396511325176,False,False,,,,,,
tesseract,books,daschitinskelett00prel_0051_full,0.19536759731999837,,False,daschitinskelett00prel,de,0.003024955886059995,0.003034134007585335,0.01607142857142857,12.0,3955.0,0.989247311827957,0.9874776386404294,0.012522361359570662,1.000252844500632,False,False,,,,,,
tesseract,books,daschitinskelett00prel_0057_full,0.19536759731999837,,False,daschitinskelett00prel,de,0.0043004587155963305,0.004305396096440872,0.023109243697478993,15.0,3484.0,0.9852941176470589,0.9791231732776617,0.020876826722338204,1.0011481056257177,False,False,,,,,,
tesseract,books,daschitinskelett00prel_0060_full,0.19536759731999837,,False,daschitinskelett00prel,de,0.0022172949002217295,0.002232142857142857,0.024793388429752067,2.0,896.0,0.9831932773109243,0.975,0.025,1.0011160714285714,False,False,,,,,,
tesseract,books,histoirenaturell10cuvi_0014_full,0.19536759731999837,,False,histoirenaturell10cuvi,fr,0.011764705882352941,0.007627118644067797,0.0625,9.0,1180.0,0.973404255319149,0.9786096256684492,0.0213903743315508,1.0008474576271187,False,False,,,,,,
tesseract,books,histoirenaturell10cuvi_0070_full,0.19536759731999837,,False,histoirenaturell10cuvi,fr,0.08801955990220049,0.07078189300411522,0.18932038834951456,86.0,1215.0,0.8699551569506726,0.8858447488584474,0.1141552511415525,1.002469135802469,False,False,,,,,,
tesseract,books,histoirenaturell10cuvi_0172_full,0.19536759731999837,,False,histoirenaturell10cuvi,fr,0.023417172593235037,0.013043478260869565,0.07614213197969544,15.0,1150.0,0.9439252336448598,0.9528301886792453,0.04716981132075472,1.0017391304347827,False,False,,,,,,
tesseract,books,histoirenaturell10cuvi_0188_full,0.19536759731999837,,False,histoirenaturell10cuvi,fr,0.030244530244530245,0.015463917525773196,0.06792452830188679,24.0,1552.0,0.9322033898305084,0.9385665529010239,0.06143344709897611,1.0006443298969072,False,False,,,,,,
tesseract,books,histoirenaturell10cuvi_0251_full,0.19536759731999837,,False,histoirenaturell10cuvi,fr,0.028156996587030716,0.014667817083692839,0.09950248756218906,17.0,1159.0,0.9299065420560748,0.9386792452830188,0.06132075471698113,1.001725625539258,False,False,,,,,,
tesseract,books,histoirenaturell10cuvi_0343_full,0.19536759731999837,,False,histoirenaturell10cuvi,fr,0.0398749022673964,0.030039525691699605,0.07537688442211055,38.0,1265.0,0.9607843137254902,0.937799043062201,0.06220095693779904,1.0031620553359684,False,False,,,,,,
tesseract,books,histoirenaturell10cuvi_0369_full,0.19536759731999837,,False,histoirenaturell10cuvi,fr,0.027692307692307693,0.013147718484145398,0.09545454545454546,17.0,1293.0,0.9051724137931034,0.9333333333333333,0.06666666666666667,0.9945862335653519,False,False,,,,,,
tesseract,books,histoirenaturell10cuvi_0425_full,0.19536759731999837,,False,histoirenaturell10cuvi,fr,0.023432552248258392,0.006361323155216285,0.039711191335740074,10.0,1572.0,0.9625850340136054,0.9658703071672355,0.034129692832764506,0.9993638676844784,False,False,,,,,,
tesseract,books,pisciumquerelaee00sche_0012_full,0.19536759731999837,,False,pisciumquerelaee00sche,la,0.12745681953543775,0.12236286919831224,0.5084745762711864,203.0,1659.0,0.5057471264367817,0.5739130434782609,0.4260869565217391,1.030741410488246,False,False,,,,,,
tesseract,books,pisciumquerelaee00sche_0013_full,0.19536759731999837,,False,pisciumquerelaee00sche,la,0.10482921083627797,0.10166468489892984,0.425,171.0,1682.0,0.5655430711610487,0.6371308016877637,0.3628691983122363,1.0214030915576695,False,False,,,,,,
tesseract,books,pisciumquerelaee00sche_0016_full,0.19536759731999837,,False,pisciumquerelaee00sche,la,0.103125,0.1032298923369221,0.4801762114537445,163.0,1579.0,0.5619834710743802,0.5887445887445888,0.41125541125541126,1.0246991766941103,False,False,,,,,,
tesseract,books,pisciumquerelaee00sche_0035_full,0.19536759731999837,,False,pisciumquerelaee00sche,la,0.13902439024390245,0.1270718232044199,0.4780701754385965,207.0,1629.0,0.573170731707317,0.6157205240174672,0.38427947598253276,1.0276243093922652,False,False,,,,,,
tesseract,books,pisciumquerelaee00sche_0038_full,0.19536759731999837,,False,pisciumquerelaee00sche,la,0.14603616133518776,0.14628975265017669,0.467005076142132,207.0,1415.0,0.6237623762376238,0.65625,0.34375,1.0353356890459364,False,False,,,,,,
tesseract,books,pisciumquerelaee00sche_0040_full,0.19536759731999837,,False,pisciumquerelaee00sche,la,0.14590347923681257,0.14560906515580738,0.5955882352941176,257.0,1765.0,0.5662251655629139,0.6404494382022472,0.3595505617977528,1.0430594900849859,False,False,,,,,,
tesseract,books,pisciumquerelaee00sche_0041_full,0.19536759731999837,,False,pisciumquerelaee00sche,la,0.11389236545682102,0.10865445356917246,0.42916666666666664,172.0,1583.0,0.5670498084291188,0.6548672566371682,0.34513274336283184,1.0277953253316487,False,False,,,,,,
tesseract,books,pisciumquerelaee00sche_0044_full,0.19536759731999837,,False,pisciumquerelaee00sche,la,0.19117647058823528,0.19306930693069307,0.5178571428571429,78.0,404.0,0.5471698113207547,0.5087719298245614,0.49122807017543857,1.0396039603960396,False,False,,,,,,
tesseract,books,trudyrusskagoent161881russ_0098_full,0.19536759731999837,,False,trudyrusskagoent161881russ,fr+de,0.17994505494505494,0.17618719889883,0.3333333333333333,256.0,1453.0,0.9296482412060302,0.9113300492610837,0.08866995073891626,0.9944941500344116,False,False,,,,,,
tesseract,books,trudyrusskagoent161881russ_0121_full,0.19536759731999837,,False,trudyrusskagoent161881russ,fr+de,0.018577494692144373,0.006914893617021276,0.04844290657439446,13.0,1880.0,0.9790209790209791,0.9722222222222222,0.027777777777777776,0.997872340425532,False,False,,,,,,
tesseract,books,trudyrusskagoent161881russ_0276_full,0.19536759731999837,,False,trudyrusskagoent161881russ,fr+de,0.011574074074074073,0.004629629629629629,0.027888446215139442,8.0,1728.0,0.9878542510121457,0.9878542510121457,0.012145748987854251,1.0005787037037037,False,False,,,,,,
tesseract,books,trudyrusskagoent161881russ_0329_full,0.19536759731999837,,False,trudyrusskagoent161881russ,fr+de,0.007159904534606206,0.0019175455417066154,0.010273972602739725,4.0,2086.0,0.9896551724137931,0.9896551724137931,0.010344827586206896,1.0004793863854267,False,False,,,,,,
tesseract,books,trudyrusskagoent161881russ_0357_full,0.19536759731999837,,False,trudyrusskagoent161881russ,fr+de,0.012687427912341407,0.009286128845037725,0.058091286307053944,16.0,1723.0,0.9628099173553719,0.9549180327868853,0.045081967213114756,1.0,False,False,,,,,,
tesseract,books,trudyrusskagoent161881russ_0379_full,0.19536759731999837,,False,trudyrusskagoent161881russ,fr+de,0.017982017982017984,0.015052684395383844,0.08490566037735849,30.0,1993.0,0.93993993993994,0.9427710843373494,0.0572289156626506,0.9964877069744105,False,False,,,,,,
tesseract,books,trudyrusskagoent161881russ_0388_full,0.19536759731999837,,False,trudyrusskagoent161881russ,fr+de,0.018569087930092845,0.009304871373836891,0.05387205387205387,17.0,1827.0,0.9676375404530745,0.9614147909967846,0.03858520900321544,1.0,False,False,,,,,,
tesseract,books,trudyrusskagoent161881russ_0446_full,0.19536759731999837,,False,trudyrusskagoent161881russ,fr+de,0.022304832713754646,0.018691588785046728,0.09424083769633508,20.0,1070.0,0.965,0.9414634146341463,0.05853658536585366,0.9981308411214953,False,False,,,,,,
tesseract,docs,headers_footers__0b8de922246569bf96136cd5bb1d9643b2d269fe_page_10_processed,0.2546753361600008,,False,,,,,,,,,,,,False,,headers_footers,2.0,2.0,"[{""id"": ""0b8de922246569bf96136cd5bb1d9643b2d269fe_page_10_processed.pdf_manual_00"", ""type"": ""absent"", ""passed"": true, ""category"": ""headers_footers""}, {""id"": ""auto_baseline"", ""type"": ""baseline"", ""passed"": true, ""category"": ""baseline""}]",,
tesseract,docs,headers_footers__12e836a20227be4b63f7dcdebb2498e9d189d4da_page_5_processed,0.2546753361600008,,False,,,,,,,,,,,,False,,headers_footers,4.0,4.0,"[{""id"": ""12e836a20227be4b63f7dcdebb2498e9d189d4da_page_5_processed_pg1_header_00"", ""type"": ""absent"", ""passed"": true, ""category"": ""headers_footers""}, {""id"": ""12e836a20227be4b63f7dcdebb2498e9d189d4da_page_5_processed_pg1_header_01"", ""type"": ""absent"", ""passed"": true, ""category"": ""headers_footers""}, {""id"": ""12e836a20227be4b63f7dcdebb2498e9d189d4da_page_5_processed_pg1_header_02"", ""type"": ""absent"", ""passed"": true, ""category"": ""headers_footers""}, {""id"": ""auto_baseline"", ""type"": ""baseline"", ""passed"": true, ""category"": ""baseline""}]",,
tesseract,docs,headers_footers__17ce5025be595d7fc2c3a347b6a2fa4e4d06419d_page_1,0.2546753361600008,,False,,,,,,,,,,,,False,,headers_footers,2.0,1.0,"[{""id"": ""17ce5025be595d7fc2c3a347b6a2fa4e4d06419d_page_1_header_00"", ""type"": ""absent"", ""passed"": false, ""category"": ""headers_footers""}, {""id"": ""auto_baseline"", ""type"": ""baseline"", ""passed"": true, ""category"": ""baseline""}]",,
tesseract,docs,headers_footers__1a3e61746b0965df09bce6cb1051c455807363d5_page_1,0.2546753361600008,,False,,,,,,,,,,,,False,,headers_footers,3.0,2.0,"[{""id"": ""1a3e61746b0965df09bce6cb1051c455807363d5_page_1_header_00"", ""type"": ""absent"", ""passed"": false, ""category"": ""headers_footers""}, {""id"": ""1a3e61746b0965df09bce6cb1051c455807363d5_page_1.pdf_manual_00"", ""type"": ""absent"", ""passed"": true, ""category"": ""headers_footers""}, {""id"": ""auto_baseline"", ""type"": ""baseline"", ""passed"": true, ""category"": ""baseline""}]",,
tesseract,docs,headers_footers__2cb8b9fbe5aaac3d7f95d110a3b08132ee09d103_page_2,0.2546753361600008,,False,,,,,,,,,,,,False,,headers_footers,3.0,1.0,"[{""id"": ""2cb8b9fbe5aaac3d7f95d110a3b08132ee09d103_page_2_header_00"", ""type"": ""absent"", ""passed"": false, ""category"": ""headers_footers""}, {""id"": ""2cb8b9fbe5aaac3d7f95d110a3b08132ee09d103_page_2.pdf_manual_00"", ""type"": ""absent"", ""passed"": false, ""category"": ""headers_footers""}, {""id"": ""auto_baseline"", ""type"": ""baseline"", ""passed"": true, ""category"": ""baseline""}]",,
tesseract,docs,headers_footers__363300831b3da664b1bfe972e4f86464fa076da3_page_149,0.2546753361600008,,False,,,,,,,,,,,,False,,headers_footers,6.0,3.0,"[{""id"": ""363300831b3da664b1bfe972e4f86464fa076da3_page_149_header_00"", ""type"": ""absent"", ""passed"": true, ""category"": ""headers_footers""}, {""id"": ""363300831b3da664b1bfe972e4f86464fa076da3_page_149_header_01"", ""type"": ""absent"", ""passed"": false, ""category"": ""headers_footers""}, {""id"": ""363300831b3da664b1bfe972e4f86464fa076da3_page_149_header_15"", ""type"": ""absent"", ""passed"": false, ""category"": ""headers_footers""}, {""id"": ""363300831b3da664b1bfe972e4f86464fa076da3_page_149_header_16"", ""type"": ""absent"", ""passed"": false, ""category"": ""headers_footers""}, {""id"": ""363300831b3da664b1bfe972e4f86464fa076da3_page_149.pdf_manual_00"", ""type"": ""absent"", ""passed"": true, ""category"": ""headers_footers""}, {""id"": ""auto_baseline"", ""type"": ""baseline"", ""passed"": true, ""category"": ""baseline""}]",,
tesseract,docs,headers_footers__62621cef2b1d5356a063aa7c9c735ac396fb2223_page_33,0.2546753361600008,,False,,,,,,,,,,,,False,,headers_footers,4.0,2.0,"[{""id"": ""62621cef2b1d5356a063aa7c9c735ac396fb2223_page_33_header_00"", ""type"": ""absent"", ""passed"": false, ""category"": ""headers_footers""}, {""id"": ""62621cef2b1d5356a063aa7c9c735ac396fb2223_page_33.pdf_manual_00"", ""type"": ""absent"", ""passed"": true, ""category"": ""headers_footers""}, {""id"": ""62621cef2b1d5356a063aa7c9c735ac396fb2223_page_33.pdf_manual_01"", ""type"": ""absent"", ""passed"": false, ""category"": ""headers_footers""}, {""id"": ""auto_baseline"", ""type"": ""baseline"", ""passed"": true, ""category"": ""baseline""}]",,
tesseract,docs,headers_footers__7901d119ed91a89f8fbabf0eef7174d75a7656e3_page_1,0.2546753361600008,,False,,,,,,,,,,,,False,,headers_footers,2.0,1.0,"[{""id"": ""7901d119ed91a89f8fbabf0eef7174d75a7656e3_page_1.pdf_manual_00"", ""type"": ""absent"", ""passed"": false, ""category"": ""headers_footers""}, {""id"": ""auto_baseline"", ""type"": ""baseline"", ""passed"": true, ""category"": ""baseline""}]",,
tesseract,docs,headers_footers__ba10222e40f05d76e2bf1d51c39066a4b1fe82ed_page_11,0.2546753361600008,,False,,,,,,,,,,,,False,,headers_footers,3.0,1.0,"[{""id"": ""ba10222e40f05d76e2bf1d51c39066a4b1fe82ed_page_11_header_00"", ""type"": ""absent"", ""passed"": false, ""category"": ""headers_footers""}, {""id"": ""ba10222e40f05d76e2bf1d51c39066a4b1fe82ed_page_11.pdf_manual_00"", ""type"": ""absent"", ""passed"": false, ""category"": ""headers_footers""}, {""id"": ""auto_baseline"", ""type"": ""baseline"", ""passed"": true, ""category"": ""baseline""}]",,
tesseract,docs,headers_footers__d8b9c4cd0ba9b036e09168c8dccccd1d43315ef4_page_1,0.2546753361600008,,False,,,,,,,,,,,,False,,headers_footers,3.0,2.0,"[{""id"": ""d8b9c4cd0ba9b036e09168c8dccccd1d43315ef4_page_1_header_00"", ""type"": ""absent"", ""passed"": false, ""category"": ""headers_footers""}, {""id"": ""d8b9c4cd0ba9b036e09168c8dccccd1d43315ef4_page_1.pdf_manual_00"", ""type"": ""absent"", ""passed"": true, ""category"": ""headers_footers""}, {""id"": ""auto_baseline"", ""type"": ""baseline"", ""passed"": true, ""category"": ""baseline""}]",,
tesseract,docs,long_tiny_text__11_pg161_pg1,0.2546753361600008,,False,,,,,,,,,,,,False,,long_tiny_text,9.0,9.0,"[{""id"": ""11_pg161_pg1_text_00"", ""type"": ""present"", ""passed"": true, ""category"": ""long_tiny_text""}, {""id"": ""11_pg161_pg1_text_01"", ""type"": ""present"", ""passed"": true, ""category"": ""long_tiny_text""}, {""id"": ""11_pg161_pg1_text_02"", ""type"": ""present"", ""passed"": true, ""category"": ""long_tiny_text""}, {""id"": ""11_pg161_pg1_text_03"", ""type"": ""present"", ""passed"": true, ""category"": ""long_tiny_text""}, {""id"": ""11_pg161_pg1_text_04"", ""type"": ""present"", ""passed"": true, ""category"": ""long_tiny_text""}, {""id"": ""11_pg161_pg1_text_05"", ""type"": ""present"", ""passed"": true, ""category"": ""long_tiny_text""}, {""id"": ""11_pg161_pg1_text_06"", ""type"": ""present"", ""passed"": true, ""category"": ""long_tiny_text""}, {""id"": ""11_pg161_pg1_text_07"", ""type"": ""present"", ""passed"": true, ""category"": ""long_tiny_text""}, {""id"": ""auto_baseline"", ""type"": ""baseline"", ""passed"": true, ""category"": ""baseline""}]",,
tesseract,docs,long_tiny_text__11_pg375_pg1,0.2546753361600008,,False,,,,,,,,,,,,False,,long_tiny_text,4.0,3.0,"[{""id"": ""11_pg375_pg1_text_00"", ""type"": ""present"", ""passed"": true, ""category"": ""long_tiny_text""}, {""id"": ""11_pg375_pg1_text_01"", ""type"": ""present"", ""passed"": true, ""category"": ""long_tiny_text""}, {""id"": ""11_pg375_pg1_text_02"", ""type"": ""present"", ""passed"": false, ""category"": ""long_tiny_text""}, {""id"": ""auto_baseline"", ""type"": ""baseline"", ""passed"": true, ""category"": ""baseline""}]",,
tesseract,docs,long_tiny_text__13_pg556_pg1,0.2546753361600008,,False,,,,,,,,,,,,False,,long_tiny_text,5.0,4.0,"[{""id"": ""13_pg556_pg1_text_00"", ""type"": ""present"", ""passed"": true, ""category"": ""long_tiny_text""}, {""id"": ""13_pg556_pg1_text_01"", ""type"": ""present"", ""passed"": true, ""category"": ""long_tiny_text""}, {""id"": ""13_pg556_pg1_text_02"", ""type"": ""present"", ""passed"": false, ""category"": ""long_tiny_text""}, {""id"": ""13_pg556_pg1_text_03"", ""type"": ""present"", ""passed"": true, ""category"": ""long_tiny_text""}, {""id"": ""auto_baseline"", ""type"": ""baseline"", ""passed"": true, ""category"": ""baseline""}]",,
tesseract,docs,long_tiny_text__13_pg566_pg1,0.2546753361600008,,False,,,,,,,,,,,,False,,long_tiny_text,6.0,5.0,"[{""id"": ""13_pg566_pg1_text_00"", ""type"": ""present"", ""passed"": true, ""category"": ""long_tiny_text""}, {""id"": ""13_pg566_pg1_text_01"", ""type"": ""present"", ""passed"": true, ""category"": ""long_tiny_text""}, {""id"": ""13_pg566_pg1_text_02"", ""type"": ""present"", ""passed"": false, ""category"": ""long_tiny_text""}, {""id"": ""13_pg566_pg1_text_03"", ""type"": ""present"", ""passed"": true, ""category"": ""long_tiny_text""}, {""id"": ""13_pg566_pg1_text_04"", ""type"": ""present"", ""passed"": true, ""category"": ""long_tiny_text""}, {""id"": ""auto_baseline"", ""type"": ""baseline"", ""passed"": true, ""category"": ""baseline""}]",,
tesseract,docs,long_tiny_text__13_pg67_pg1,0.2546753361600008,,False,,,,,,,,,,,,False,,long_tiny_text,6.0,4.0,"[{""id"": ""13_pg67_pg1_text_00"", ""type"": ""present"", ""passed"": false, ""category"": ""long_tiny_text""}, {""id"": ""13_pg67_pg1_text_01"", ""type"": ""present"", ""passed"": true, ""category"": ""long_tiny_text""}, {""id"": ""13_pg67_pg1_text_02"", ""type"": ""present"", ""passed"": true, ""category"": ""long_tiny_text""}, {""id"": ""13_pg67_pg1_text_03"", ""type"": ""present"", ""passed"": false, ""category"": ""long_tiny_text""}, {""id"": ""13_pg67_pg1_text_04"", ""type"": ""present"", ""passed"": true, ""category"": ""long_tiny_text""}, {""id"": ""auto_baseline"", ""type"": ""baseline"", ""passed"": true, ""category"": ""baseline""}]",,
tesseract,docs,long_tiny_text__14a_pg1,0.2546753361600008,,False,,,,,,,,,,,,False,,long_tiny_text,6.0,4.0,"[{""id"": ""14a_pg1_text_01"", ""type"": ""present"", ""passed"": true, ""category"": ""long_tiny_text""}, {""id"": ""14a_pg1_text_02"", ""type"": ""present"", ""passed"": false, ""category"": ""long_tiny_text""}, {""id"": ""14a_pg1_text_04"", ""type"": ""present"", ""passed"": false, ""category"": ""long_tiny_text""}, {""id"": ""14a_pg1_text_05"", ""type"": ""present"", ""passed"": true, ""category"": ""long_tiny_text""}, {""id"": ""14a_pg1_text_06"", ""type"": ""present"", ""passed"": true, ""category"": ""long_tiny_text""}, {""id"": ""auto_baseline"", ""type"": ""baseline"", ""passed"": true, ""category"": ""baseline""}]",,
tesseract,docs,long_tiny_text__15c_pg1,0.2546753361600008,,False,,,,,,,,,,,,False,,long_tiny_text,5.0,3.0,"[{""id"": ""15c_pg1_text_00"", ""type"": ""present"", ""passed"": true, ""category"": ""long_tiny_text""}, {""id"": ""15c_pg1_text_01"", ""type"": ""present"", ""passed"": true, ""category"": ""long_tiny_text""}, {""id"": ""15c_pg1_text_02"", ""type"": ""present"", ""passed"": false, ""category"": ""long_tiny_text""}, {""id"": ""15c_pg1_text_03"", ""type"": ""present"", ""passed"": false, ""category"": ""long_tiny_text""}, {""id"": ""auto_baseline"", ""type"": ""baseline"", ""passed"": true, ""category"": ""baseline""}]",,
tesseract,docs,long_tiny_text__17_pg2_pg1,0.2546753361600008,,False,,,,,,,,,,,,False,,long_tiny_text,40.0,36.0,"[{""id"": ""17_pg2_pg1_text_00"", ""type"": ""present"", ""passed"": true, ""category"": ""long_tiny_text""}, {""id"": ""17_pg2_pg1_text_01"", ""type"": ""present"", ""passed"": true, ""category"": ""long_tiny_text""}, {""id"": ""17_pg2_pg1_text_02"", ""type"": ""present"", ""passed"": false, ""category"": ""long_tiny_text""}, {""id"": ""17_pg2_pg1_text_03"", ""type"": ""present"", ""passed"": true, ""category"": ""long_tiny_text""}, {""id"": ""17_pg2_pg1_text_04"", ""type"": ""present"", ""passed"": true, ""category"": ""long_tiny_text""}, {""id"": ""17_pg2_pg1_text_06"", ""type"": ""present"", ""passed"": true, ""category"": ""long_tiny_text""}, {""id"": ""17_pg2_pg1_text_07"", ""type"": ""present"", ""passed"": true, ""category"": ""long_tiny_text""}, {""id"": ""17_pg2_pg1_text_09"", ""type"": ""present"", ""passed"": true, ""category"": ""long_tiny_text""}, {""id"": ""17_pg2_pg1_text_10"", ""type"": ""present"", ""passed"": true, ""category"": ""long_tiny_text""}, {""id"": ""17_pg2_pg1_text_12"", ""type"": ""present"", ""passed"": true, ""category"": ""long_tiny_text""}, {""id"": ""17_pg2_pg1_text_13"", ""type"": ""present"", ""passed"": true, ""category"": ""long_tiny_text""}, {""id"": ""17_pg2_pg1_text_16"", ""type"": ""present"", ""passed"": true, ""category"": ""long_tiny_text""}, {""id"": ""17_pg2_pg1_text_17"", ""type"": ""present"", ""passed"": false, ""category"": ""long_tiny_text""}, {""id"": ""17_pg2_pg1_text_20"", ""type"": ""present"", ""passed"": false, ""category"": ""long_tiny_text""}, {""id"": ""17_pg2_pg1_text_23"", ""type"": ""present"", ""passed"": true, ""category"": ""long_tiny_text""}, {""id"": ""17_pg2_pg1_text_24"", ""type"": ""present"", ""passed"": true, ""category"": ""long_tiny_text""}, {""id"": ""17_pg2_pg1_text_25"", ""type"": ""present"", ""passed"": true, ""category"": ""long_tiny_text""}, {""id"": ""17_pg2_pg1_text_27"", ""type"": ""present"", ""passed"": true, ""category"": ""long_tiny_text""}, {""id"": ""17_pg2_pg1_text_28"", ""type"": ""present"", ""passed"": true, ""category"": ""long_tiny_text""}, {""id"": ""17_pg2_pg1_text_30"", ""type"": ""present"", ""passed"": true, ""category"": ""long_tiny_text""}, {""id"": ""17_pg2_pg1_text_31"", ""type"": ""present"", ""passed"": true, ""category"": ""long_tiny_text""}, {""id"": ""17_pg2_pg1_text_34"", ""type"": ""present"", ""passed"": true, ""category"": ""long_tiny_text""}, {""id"": ""17_pg2_pg1_text_37"", ""type"": ""present"", ""passed"": true, ""category"": ""long_tiny_text""}, {""id"": ""17_pg2_pg1_text_41"", ""type"": ""present"", ""passed"": true, ""category"": ""long_tiny_text""}, {""id"": ""17_pg2_pg1_text_43"", ""type"": ""present"", ""passed"": true, ""category"": ""long_tiny_text""}, {""id"": ""17_pg2_pg1_text_45"", ""type"": ""present"", ""passed"": true, ""category"": ""long_tiny_text""}, {""id"": ""17_pg2_pg1_text_49"", ""type"": ""present"", ""passed"": false, ""category"": ""long_tiny_text""}, {""id"": ""17_pg2_pg1_text_51"", ""type"": ""present"", ""passed"": true, ""category"": ""long_tiny_text""}, {""id"": ""17_pg2_pg1_text_56"", ""type"": ""present"", ""passed"": true, ""category"": ""long_tiny_text""}, {""id"": ""17_pg2_pg1_text_61"", ""type"": ""present"", ""passed"": true, ""category"": ""long_tiny_text""}, {""id"": ""17_pg2_pg1_text_65"", ""type"": ""present"", ""passed"": true, ""category"": ""long_tiny_text""}, {""id"": ""17_pg2_pg1_text_69"", ""type"": ""present"", ""passed"": true, ""category"": ""long_tiny_text""}, {""id"": ""17_pg2_pg1_text_74"", ""type"": ""present"", ""passed"": true, ""category"": ""long_tiny_text""}, {""id"": ""17_pg2_pg1_text_80"", ""type"": ""present"", ""passed"": true, ""category"": ""long_tiny_text""}, {""id"": ""17_pg2_pg1_text_83"", ""type"": ""present"", ""passed"": true, ""category"": ""long_tiny_text""}, {""id"": ""17_pg2_pg1_text_86"", ""type"": ""present"", ""passed"": true, ""category"": ""long_tiny_text""}, {""id"": ""17_pg2_pg1_text_88"", ""type"": ""present"", ""passed"": true, ""category"": ""long_tiny_text""}, {""id"": ""17_pg2_pg1_text_95"", ""type"": ""present"", ""passed"": true, ""category"": ""long_tiny_text""}, {""id"": ""17_pg2_pg1_text_97"", ""type"": ""present"", ""passed"": true, ""category"": ""long_tiny_text""}, {""id"": ""auto_baseline"", ""type"": ""baseline"", ""passed"": true, ""category"": ""baseline""}]",,
tesseract,docs,long_tiny_text__20_pg40_pg1,0.2546753361600008,,False,,,,,,,,,,,,False,,long_tiny_text,6.0,5.0,"[{""id"": ""20_pg40_pg1_text_00"", ""type"": ""present"", ""passed"": true, ""category"": ""long_tiny_text""}, {""id"": ""20_pg40_pg1_text_01"", ""type"": ""present"", ""passed"": true, ""category"": ""long_tiny_text""}, {""id"": ""20_pg40_pg1_text_02"", ""type"": ""present"", ""passed"": false, ""category"": ""long_tiny_text""}, {""id"": ""20_pg40_pg1_text_03"", ""type"": ""present"", ""passed"": true, ""category"": ""long_tiny_text""}, {""id"": ""20_pg40_pg1_text_04"", ""type"": ""present"", ""passed"": true, ""category"": ""long_tiny_text""}, {""id"": ""auto_baseline"", ""type"": ""baseline"", ""passed"": true, ""category"": ""baseline""}]",,
tesseract,docs,long_tiny_text__20_pg46_pg1,0.2546753361600008,,False,,,,,,,,,,,,False,,long_tiny_text,10.0,6.0,"[{""id"": ""20_pg46_pg1_text_00"", ""type"": ""present"", ""passed"": true, ""category"": ""long_tiny_text""}, {""id"": ""20_pg46_pg1_text_01"", ""type"": ""present"", ""passed"": false, ""category"": ""long_tiny_text""}, {""id"": ""20_pg46_pg1_text_02"", ""type"": ""present"", ""passed"": false, ""category"": ""long_tiny_text""}, {""id"": ""20_pg46_pg1_text_03"", ""type"": ""present"", ""passed"": true, ""category"": ""long_tiny_text""}, {""id"": ""20_pg46_pg1_text_04"", ""type"": ""present"", ""passed"": false, ""category"": ""long_tiny_text""}, {""id"": ""20_pg46_pg1_text_05"", ""type"": ""present"", ""passed"": true, ""category"": ""long_tiny_text""}, {""id"": ""20_pg46_pg1_text_06"", ""type"": ""present"", ""passed"": false, ""category"": ""long_tiny_text""}, {""id"": ""20_pg46_pg1_text_08"", ""type"": ""present"", ""passed"": true, ""category"": ""long_tiny_text""}, {""id"": ""20_pg46_pg1_text_09"", ""type"": ""present"", ""passed"": true, ""category"": ""long_tiny_text""}, {""id"": ""auto_baseline"", ""type"": ""baseline"", ""passed"": true, ""category"": ""baseline""}]",,
tesseract,docs,multi_column__00945e98ea0970dcffb8f548336df3a0137f_page_4_pg1,0.2546753361600008,,False,,,,,,,,,,,,False,,multi_column,4.0,4.0,"[{""id"": ""00945e98ea0970dcffb8f548336df3a0137f_page_4.pdf_order_0a8f368a"", ""type"": ""order"", ""passed"": true, ""category"": ""multi_column""}, {""id"": ""00945e98ea0970dcffb8f548336df3a0137f_page_4.pdf_order_3d4bbd69"", ""type"": ""order"", ""passed"": true, ""category"": ""multi_column""}, {""id"": ""00945e98ea0970dcffb8f548336df3a0137f_page_4.pdf_order_4cbab131"", ""type"": ""order"", ""passed"": true, ""category"": ""multi_column""}, {""id"": ""auto_baseline"", ""type"": ""baseline"", ""passed"": true, ""category"": ""baseline""}]",,
tesseract,docs,multi_column__00e2c7719d58bb49fd4031cce9dcccdddec2_page_1_pg1,0.2546753361600008,,False,,,,,,,,,,,,False,,multi_column,3.0,2.0,"[{""id"": ""00e2c7719d58bb49fd4031cce9dcccdddec2_page_1.pdf_order_85be1097"", ""type"": ""order"", ""passed"": false, ""category"": ""multi_column""}, {""id"": ""00e2c7719d58bb49fd4031cce9dcccdddec2_page_1.pdf_order_b903400b"", ""type"": ""order"", ""passed"": true, ""category"": ""multi_column""}, {""id"": ""auto_baseline"", ""type"": ""baseline"", ""passed"": true, ""category"": ""baseline""}]",,
tesseract,docs,multi_column__0114396ecb251aa3ebaeaeaed6bd4fe50bd2_page_2_pg1,0.2546753361600008,,False,,,,,,,,,,,,False,,multi_column,6.0,6.0,"[{""id"": ""0114396ecb251aa3ebaeaeaed6bd4fe50bd2_page_2.pdf_order_e5d2d945"", ""type"": ""order"", ""passed"": true, ""category"": ""multi_column""}, {""id"": ""0114396ecb251aa3ebaeaeaed6bd4fe50bd2_page_2.pdf_order_6b2daa2b"", ""type"": ""order"", ""passed"": true, ""category"": ""multi_column""}, {""id"": ""0114396ecb251aa3ebaeaeaed6bd4fe50bd2_page_2.pdf_order_f61eafae"", ""type"": ""order"", ""passed"": true, ""category"": ""multi_column""}, {""id"": ""0114396ecb251aa3ebaeaeaed6bd4fe50bd2_page_2.pdf_order_40a2536e"", ""type"": ""order"", ""passed"": true, ""category"": ""multi_column""}, {""id"": ""0114396ecb251aa3ebaeaeaed6bd4fe50bd2_page_2.pdf_order_b8d41298"", ""type"": ""order"", ""passed"": true, ""category"": ""multi_column""}, {""id"": ""auto_baseline"", ""type"": ""baseline"", ""passed"": true, ""category"": ""baseline""}]",,
tesseract,docs,multi_column__019a8841dddeb304774ba62a9f5d8dccb43d_page_2_pg1,0.2546753361600008,,False,,,,,,,,,,,,False,,multi_column,5.0,4.0,"[{""id"": ""019a8841dddeb304774ba62a9f5d8dccb43d_page_2.pdf_order_00d331ca"", ""type"": ""order"", ""passed"": true, ""category"": ""multi_column""}, {""id"": ""019a8841dddeb304774ba62a9f5d8dccb43d_page_2.pdf_order_2410e748"", ""type"": ""order"", ""passed"": true, ""category"": ""multi_column""}, {""id"": ""019a8841dddeb304774ba62a9f5d8dccb43d_page_2.pdf_order_5a8cba0a"", ""type"": ""order"", ""passed"": true, ""category"": ""multi_column""}, {""id"": ""019a8841dddeb304774ba62a9f5d8dccb43d_page_2.pdf_order_6a2477bc"", ""type"": ""order"", ""passed"": false, ""category"": ""multi_column""}, {""id"": ""auto_baseline"", ""type"": ""baseline"", ""passed"": true, ""category"": ""baseline""}]",,
tesseract,docs,multi_column__0208fbb5d6b646f972f4702428ad2cede5c5_page_6_pg1,0.2546753361600008,,False,,,,,,,,,,,,False,,multi_column,2.0,2.0,"[{""id"": ""0208fbb5d6b646f972f4702428ad2cede5c5_page_6.pdf_order_71ab8004"", ""type"": ""order"", ""passed"": true, ""category"": ""multi_column""}, {""id"": ""auto_baseline"", ""type"": ""baseline"", ""passed"": true, ""category"": ""baseline""}]",,
tesseract,docs,multi_column__027c390510b2fd3364f5a382f2bc304af018_page_4_pg1,0.2546753361600008,,False,,,,,,,,,,,,False,,multi_column,5.0,3.0,"[{""id"": ""027c390510b2fd3364f5a382f2bc304af018_page_4.pdf_order_ea693a98"", ""type"": ""order"", ""passed"": false, ""category"": ""multi_column""}, {""id"": ""027c390510b2fd3364f5a382f2bc304af018_page_4.pdf_order_053bda58"", ""type"": ""order"", ""passed"": true, ""category"": ""multi_column""}, {""id"": ""027c390510b2fd3364f5a382f2bc304af018_page_4.pdf_order_9e06820d"", ""type"": ""order"", ""passed"": true, ""category"": ""multi_column""}, {""id"": ""027c390510b2fd3364f5a382f2bc304af018_page_4.pdf_order_97e749bf"", ""type"": ""order"", ""passed"": false, ""category"": ""multi_column""}, {""id"": ""auto_baseline"", ""type"": ""baseline"", ""passed"": true, ""category"": ""baseline""}]",,
tesseract,docs,multi_column__02943986dff2d4a84b7c2dd81abfc51fceea_page_5_pg1,0.2546753361600008,,False,,,,,,,,,,,,False,,multi_column,5.0,5.0,"[{""id"": ""02943986dff2d4a84b7c2dd81abfc51fceea_page_5.pdf_order_3f1adc6b"", ""type"": ""order"", ""passed"": true, ""category"": ""multi_column""}, {""id"": ""02943986dff2d4a84b7c2dd81abfc51fceea_page_5.pdf_order_00ce4e6f"", ""type"": ""order"", ""passed"": true, ""category"": ""multi_column""}, {""id"": ""02943986dff2d4a84b7c2dd81abfc51fceea_page_5.pdf_order_46755e50"", ""type"": ""order"", ""passed"": true, ""category"": ""multi_column""}, {""id"": ""02943986dff2d4a84b7c2dd81abfc51fceea_page_5.pdf_order_13f6999c"", ""type"": ""order"", ""passed"": true, ""category"": ""multi_column""}, {""id"": ""auto_baseline"", ""type"": ""baseline"", ""passed"": true, ""category"": ""baseline""}]",,
tesseract,docs,multi_column__02943986dff2d4a84b7c2dd81abfc51fceea_page_9_pg1,0.2546753361600008,,False,,,,,,,,,,,,False,,multi_column,5.0,2.0,"[{""id"": ""02943986dff2d4a84b7c2dd81abfc51fceea_page_9.pdf_order_babd8e0e"", ""type"": ""order"", ""passed"": false, ""category"": ""multi_column""}, {""id"": ""02943986dff2d4a84b7c2dd81abfc51fceea_page_9.pdf_order_2e6f0ead"", ""type"": ""order"", ""passed"": false, ""category"": ""multi_column""}, {""id"": ""02943986dff2d4a84b7c2dd81abfc51fceea_page_9.pdf_order_7e60c895"", ""type"": ""order"", ""passed"": false, ""category"": ""multi_column""}, {""id"": ""02943986dff2d4a84b7c2dd81abfc51fceea_page_9.pdf_order_81a40b7f"", ""type"": ""order"", ""passed"": true, ""category"": ""multi_column""}, {""id"": ""auto_baseline"", ""type"": ""baseline"", ""passed"": true, ""category"": ""baseline""}]",,
tesseract,docs,multi_column__038650c9dfd95e7495d0c4d301d9dcca735a_page_1_pg1,0.2546753361600008,,False,,,,,,,,,,,,False,,multi_column,5.0,4.0,"[{""id"": ""038650c9dfd95e7495d0c4d301d9dcca735a_page_1.pdf_order_eb32d864"", ""type"": ""order"", ""passed"": true, ""category"": ""multi_column""}, {""id"": ""038650c9dfd95e7495d0c4d301d9dcca735a_page_1.pdf_order_517c20f9"", ""type"": ""order"", ""passed"": true, ""category"": ""multi_column""}, {""id"": ""038650c9dfd95e7495d0c4d301d9dcca735a_page_1.pdf_order_12a7fa3e"", ""type"": ""order"", ""passed"": true, ""category"": ""multi_column""}, {""id"": ""038650c9dfd95e7495d0c4d301d9dcca735a_page_1.pdf_order_cf779f79"", ""type"": ""order"", ""passed"": false, ""category"": ""multi_column""}, {""id"": ""auto_baseline"", ""type"": ""baseline"", ""passed"": true, ""category"": ""baseline""}]",,
tesseract,docs,multi_column__0845863d27c84b14011e17a388821525e783_page_16_pg1,0.2546753361600008,,False,,,,,,,,,,,,False,,multi_column,4.0,2.0,"[{""id"": ""0845863d27c84b14011e17a388821525e783_page_16.pdf_order_dffceb1b"", ""type"": ""order"", ""passed"": true, ""category"": ""multi_column""}, {""id"": ""0845863d27c84b14011e17a388821525e783_page_16.pdf_order_ac24f586"", ""type"": ""order"", ""passed"": false, ""category"": ""multi_column""}, {""id"": ""0845863d27c84b14011e17a388821525e783_page_16.pdf_order_4bda9b61"", ""type"": ""order"", ""passed"": false, ""category"": ""multi_column""}, {""id"": ""auto_baseline"", ""type"": ""baseline"", ""passed"": true, ""category"": ""baseline""}]",,
tesseract,docs,old_scans__1,0.2546753361600008,,False,,,,,,,,,,,,False,,old_scans,6.0,2.0,"[{""id"": ""1_680487"", ""type"": ""present"", ""passed"": false, ""category"": ""old_scans""}, {""id"": ""1_126739"", ""type"": ""absent"", ""passed"": true, ""category"": ""old_scans""}, {""id"": ""1_36225"", ""type"": ""present"", ""passed"": false, ""category"": ""old_scans""}, {""id"": ""1_787572"", ""type"": ""order"", ""passed"": false, ""category"": ""old_scans""}, {""id"": ""1_298389"", ""type"": ""order"", ""passed"": false, ""category"": ""old_scans""}, {""id"": ""auto_baseline"", ""type"": ""baseline"", ""passed"": true, ""category"": ""baseline""}]",,
tesseract,docs,old_scans__21,0.2546753361600008,,False,,,,,,,,,,,,False,,old_scans,8.0,2.0,"[{""id"": ""21_398162"", ""type"": ""present"", ""passed"": false, ""category"": ""old_scans""}, {""id"": ""21_382528"", ""type"": ""order"", ""passed"": false, ""category"": ""old_scans""}, {""id"": ""21_229684"", ""type"": ""absent"", ""passed"": true, ""category"": ""old_scans""}, {""id"": ""21_712729"", ""type"": ""present"", ""passed"": false, ""category"": ""old_scans""}, {""id"": ""21_289946"", ""type"": ""present"", ""passed"": false, ""category"": ""old_scans""}, {""id"": ""21_745911"", ""type"": ""present"", ""passed"": false, ""category"": ""old_scans""}, {""id"": ""21_992153"", ""type"": ""order"", ""passed"": false, ""category"": ""old_scans""}, {""id"": ""auto_baseline"", ""type"": ""baseline"", ""passed"": true, ""category"": ""baseline""}]",,
tesseract,docs,old_scans__23,0.2546753361600008,,False,,,,,,,,,,,,False,,old_scans,6.0,4.0,"[{""id"": ""23_675822"", ""type"": ""present"", ""passed"": false, ""category"": ""old_scans""}, {""id"": ""23_189451"", ""type"": ""order"", ""passed"": false, ""category"": ""old_scans""}, {""id"": ""23_570086"", ""type"": ""absent"", ""passed"": true, ""category"": ""old_scans""}, {""id"": ""23_774544"", ""type"": ""present"", ""passed"": true, ""category"": ""old_scans""}, {""id"": ""23_266702"", ""type"": ""present"", ""passed"": true, ""category"": ""old_scans""}, {""id"": ""auto_baseline"", ""type"": ""baseline"", ""passed"": true, ""category"": ""baseline""}]",,
tesseract,docs,old_scans__26,0.2546753361600008,,False,,,,,,,,,,,,True,,old_scans,5.0,1.0,"[{""id"": ""26_727870"", ""type"": ""present"", ""passed"": false, ""category"": ""old_scans""}, {""id"": ""26_350035"", ""type"": ""order"", ""passed"": false, ""category"": ""old_scans""}, {""id"": ""26_893794"", ""type"": ""absent"", ""passed"": true, ""category"": ""old_scans""}, {""id"": ""26_815635"", ""type"": ""present"", ""passed"": false, ""category"": ""old_scans""}, {""id"": ""auto_baseline"", ""type"": ""baseline"", ""passed"": false, ""category"": ""baseline""}]",,
tesseract,docs,old_scans__52,0.2546753361600008,,False,,,,,,,,,,,,False,,old_scans,4.0,1.0,"[{""id"": ""52_591542"", ""type"": ""present"", ""passed"": false, ""category"": ""old_scans""}, {""id"": ""52_323921"", ""type"": ""present"", ""passed"": false, ""category"": ""old_scans""}, {""id"": ""52_987017"", ""type"": ""present"", ""passed"": false, ""category"": ""old_scans""}, {""id"": ""auto_baseline"", ""type"": ""baseline"", ""passed"": true, ""category"": ""baseline""}]",,
tesseract,docs,old_scans__55,0.2546753361600008,,False,,,,,,,,,,,,False,,old_scans,4.0,1.0,"[{""id"": ""55_930782"", ""type"": ""present"", ""passed"": false, ""category"": ""old_scans""}, {""id"": ""55_150814"", ""type"": ""present"", ""passed"": false, ""category"": ""old_scans""}, {""id"": ""55_287312"", ""type"": ""present"", ""passed"": false, ""category"": ""old_scans""}, {""id"": ""auto_baseline"", ""type"": ""baseline"", ""passed"": true, ""category"": ""baseline""}]",,
tesseract,docs,old_scans__58,0.2546753361600008,,False,,,,,,,,,,,,False,,old_scans,7.0,3.0,"[{""id"": ""58_984036"", ""type"": ""present"", ""passed"": false, ""category"": ""old_scans""}, {""id"": ""58_575492"", ""type"": ""order"", ""passed"": false, ""category"": ""old_scans""}, {""id"": ""58_801952"", ""type"": ""absent"", ""passed"": true, ""category"": ""old_scans""}, {""id"": ""58_775388"", ""type"": ""present"", ""passed"": false, ""category"": ""old_scans""}, {""id"": ""58_733378"", ""type"": ""present"", ""passed"": false, ""category"": ""old_scans""}, {""id"": ""58_220922"", ""type"": ""order"", ""passed"": true, ""category"": ""old_scans""}, {""id"": ""auto_baseline"", ""type"": ""baseline"", ""passed"": true, ""category"": ""baseline""}]",,
tesseract,docs,old_scans__82,0.2546753361600008,,False,,,,,,,,,,,,False,,old_scans,7.0,1.0,"[{""id"": ""82_617314"", ""type"": ""present"", ""passed"": false, ""category"": ""old_scans""}, {""id"": ""82_781476"", ""type"": ""order"", ""passed"": false, ""category"": ""old_scans""}, {""id"": ""82_578532"", ""type"": ""present"", ""passed"": false, ""category"": ""old_scans""}, {""id"": ""82_73918"", ""type"": ""present"", ""passed"": false, ""category"": ""old_scans""}, {""id"": ""82_794309"", ""type"": ""present"", ""passed"": false, ""category"": ""old_scans""}, {""id"": ""82_338838"", ""type"": ""order"", ""passed"": false, ""category"": ""old_scans""}, {""id"": ""auto_baseline"", ""type"": ""baseline"", ""passed"": true, ""category"": ""baseline""}]",,
tesseract,docs,old_scans__85,0.2546753361600008,,False,,,,,,,,,,,,False,,old_scans,7.0,1.0,"[{""id"": ""85_204851"", ""type"": ""present"", ""passed"": false, ""category"": ""old_scans""}, {""id"": ""85_81849"", ""type"": ""order"", ""passed"": false, ""category"": ""old_scans""}, {""id"": ""85_633939"", ""type"": ""present"", ""passed"": false, ""category"": ""old_scans""}, {""id"": ""85_81262"", ""type"": ""present"", ""passed"": false, ""category"": ""old_scans""}, {""id"": ""85_718011"", ""type"": ""present"", ""passed"": false, ""category"": ""old_scans""}, {""id"": ""85_913682"", ""type"": ""order"", ""passed"": false, ""category"": ""old_scans""}, {""id"": ""auto_baseline"", ""type"": ""baseline"", ""passed"": true, ""category"": ""baseline""}]",,
tesseract,docs,old_scans__96,0.2546753361600008,,False,,,,,,,,,,,,False,,old_scans,8.0,1.0,"[{""id"": ""96_686856"", ""type"": ""present"", ""passed"": false, ""category"": ""old_scans""}, {""id"": ""96_324569"", ""type"": ""order"", ""passed"": false, ""category"": ""old_scans""}, {""id"": ""96_489434"", ""type"": ""present"", ""passed"": false, ""category"": ""old_scans""}, {""id"": ""96_341535"", ""type"": ""present"", ""passed"": false, ""category"": ""old_scans""}, {""id"": ""96_984146"", ""type"": ""present"", ""passed"": false, ""category"": ""old_scans""}, {""id"": ""96_798387"", ""type"": ""order"", ""passed"": false, ""category"": ""old_scans""}, {""id"": ""96_991188"", ""type"": ""order"", ""passed"": false, ""category"": ""old_scans""}, {""id"": ""auto_baseline"", ""type"": ""baseline"", ""passed"": true, ""category"": ""baseline""}]",,
tesseract,docs,tables__2d54e996d1247bd36695d872863eefebd8f8_pg4,0.2546753361600008,,False,,,,,,,,,,,,False,,table_tests,5.0,1.0,"[{""id"": ""2d54e996d1247bd36695d872863eefebd8f8_pg4_table_00"", ""type"": ""table"", ""passed"": false, ""category"": ""table_tests""}, {""id"": ""2d54e996d1247bd36695d872863eefebd8f8_pg4_table_01"", ""type"": ""table"", ""passed"": false, ""category"": ""table_tests""}, {""id"": ""2d54e996d1247bd36695d872863eefebd8f8_pg4_table_02"", ""type"": ""table"", ""passed"": false, ""category"": ""table_tests""}, {""id"": ""2d54e996d1247bd36695d872863eefebd8f8_pg4_table_03"", ""type"": ""table"", ""passed"": false, ""category"": ""table_tests""}, {""id"": ""auto_baseline"", ""type"": ""baseline"", ""passed"": true, ""category"": ""baseline""}]",,
tesseract,docs,tables__2d932ac96ad0d8ccf81a56bd105fa18fdcbb_pg7,0.2546753361600008,,False,,,,,,,,,,,,False,,table_tests,2.0,1.0,"[{""id"": ""2d932ac96ad0d8ccf81a56bd105fa18fdcbb_pg7_table_00"", ""type"": ""table"", ""passed"": false, ""category"": ""table_tests""}, {""id"": ""auto_baseline"", ""type"": ""baseline"", ""passed"": true, ""category"": ""baseline""}]",,
tesseract,docs,tables__4fafd7de9caa1cf3c0fad313d7bb24b2e685_pg9,0.2546753361600008,,False,,,,,,,,,,,,False,,table_tests,5.0,1.0,"[{""id"": ""4fafd7de9caa1cf3c0fad313d7bb24b2e685_pg9_table_00"", ""type"": ""table"", ""passed"": false, ""category"": ""table_tests""}, {""id"": ""4fafd7de9caa1cf3c0fad313d7bb24b2e685_pg9_table_01"", ""type"": ""table"", ""passed"": false, ""category"": ""table_tests""}, {""id"": ""4fafd7de9caa1cf3c0fad313d7bb24b2e685_pg9_table_02"", ""type"": ""table"", ""passed"": false, ""category"": ""table_tests""}, {""id"": ""4fafd7de9caa1cf3c0fad313d7bb24b2e685_pg9_table_03"", ""type"": ""table"", ""passed"": false, ""category"": ""table_tests""}, {""id"": ""auto_baseline"", ""type"": ""baseline"", ""passed"": true, ""category"": ""baseline""}]",,
tesseract,docs,tables__529eeb84602e4fba7df7a4b127af6c830f97_pg12,0.2546753361600008,,False,,,,,,,,,,,,False,,table_tests,4.0,1.0,"[{""id"": ""529eeb84602e4fba7df7a4b127af6c830f97_pg12_table_00"", ""type"": ""table"", ""passed"": false, ""category"": ""table_tests""}, {""id"": ""529eeb84602e4fba7df7a4b127af6c830f97_pg12_table_01"", ""type"": ""table"", ""passed"": false, ""category"": ""table_tests""}, {""id"": ""529eeb84602e4fba7df7a4b127af6c830f97_pg12_table_04"", ""type"": ""table"", ""passed"": false, ""category"": ""table_tests""}, {""id"": ""auto_baseline"", ""type"": ""baseline"", ""passed"": true, ""category"": ""baseline""}]",,
tesseract,docs,tables__a70c1fc81feccfd878dabffd3dc5617b584c_pg5,0.2546753361600008,,False,,,,,,,,,,,,False,,table_tests,6.0,1.0,"[{""id"": ""a70c1fc81feccfd878dabffd3dc5617b584c_pg5_table_00"", ""type"": ""table"", ""passed"": false, ""category"": ""table_tests""}, {""id"": ""a70c1fc81feccfd878dabffd3dc5617b584c_pg5_table_01"", ""type"": ""table"", ""passed"": false, ""category"": ""table_tests""}, {""id"": ""a70c1fc81feccfd878dabffd3dc5617b584c_pg5_table_02"", ""type"": ""table"", ""passed"": false, ""category"": ""table_tests""}, {""id"": ""a70c1fc81feccfd878dabffd3dc5617b584c_pg5_table_03"", ""type"": ""table"", ""passed"": false, ""category"": ""table_tests""}, {""id"": ""a70c1fc81feccfd878dabffd3dc5617b584c_pg5_table_04"", ""type"": ""table"", ""passed"": false, ""category"": ""table_tests""}, {""id"": ""auto_baseline"", ""type"": ""baseline"", ""passed"": true, ""category"": ""baseline""}]",,
tesseract,docs,tables__b2a4c508f7839c1fbd2bb29a0d56c46bc00e_pg13_pg1,0.2546753361600008,,False,,,,,,,,,,,,False,,table_tests,11.0,1.0,"[{""id"": ""b2a4c508f7839c1fbd2bb29a0d56c46bc00e_pg13_table_00"", ""type"": ""table"", ""passed"": false, ""category"": ""table_tests""}, {""id"": ""b2a4c508f7839c1fbd2bb29a0d56c46bc00e_pg13_table_01"", ""type"": ""table"", ""passed"": false, ""category"": ""table_tests""}, {""id"": ""b2a4c508f7839c1fbd2bb29a0d56c46bc00e_pg13_table_02"", ""type"": ""table"", ""passed"": false, ""category"": ""table_tests""}, {""id"": ""b2a4c508f7839c1fbd2bb29a0d56c46bc00e_pg13_table_03"", ""type"": ""table"", ""passed"": false, ""category"": ""table_tests""}, {""id"": ""b2a4c508f7839c1fbd2bb29a0d56c46bc00e_pg13_table_04"", ""type"": ""table"", ""passed"": false, ""category"": ""table_tests""}, {""id"": ""b2a4c508f7839c1fbd2bb29a0d56c46bc00e_pg13_table_05"", ""type"": ""table"", ""passed"": false, ""category"": ""table_tests""}, {""id"": ""b2a4c508f7839c1fbd2bb29a0d56c46bc00e_pg13_table_06"", ""type"": ""table"", ""passed"": false, ""category"": ""table_tests""}, {""id"": ""b2a4c508f7839c1fbd2bb29a0d56c46bc00e_pg13_table_07"", ""type"": ""table"", ""passed"": false, ""category"": ""table_tests""}, {""id"": ""b2a4c508f7839c1fbd2bb29a0d56c46bc00e_pg13_table_08"", ""type"": ""table"", ""passed"": false, ""category"": ""table_tests""}, {""id"": ""b2a4c508f7839c1fbd2bb29a0d56c46bc00e_pg13_table_09"", ""type"": ""table"", ""passed"": false, ""category"": ""table_tests""}, {""id"": ""auto_baseline"", ""type"": ""baseline"", ""passed"": true, ""category"": ""baseline""}]",,
tesseract,docs,tables__b45c138c634308a84b8b2e67997bef8aa70b_pg15,0.2546753361600008,,False,,,,,,,,,,,,False,,table_tests,6.0,1.0,"[{""id"": ""b45c138c634308a84b8b2e67997bef8aa70b_pg15_table_00"", ""type"": ""table"", ""passed"": false, ""category"": ""table_tests""}, {""id"": ""b45c138c634308a84b8b2e67997bef8aa70b_pg15_table_01"", ""type"": ""table"", ""passed"": false, ""category"": ""table_tests""}, {""id"": ""b45c138c634308a84b8b2e67997bef8aa70b_pg15_table_02"", ""type"": ""table"", ""passed"": false, ""category"": ""table_tests""}, {""id"": ""b45c138c634308a84b8b2e67997bef8aa70b_pg15_table_03"", ""type"": ""table"", ""passed"": false, ""category"": ""table_tests""}, {""id"": ""b45c138c634308a84b8b2e67997bef8aa70b_pg15_table_04"", ""type"": ""table"", ""passed"": false, ""category"": ""table_tests""}, {""id"": ""auto_baseline"", ""type"": ""baseline"", ""passed"": true, ""category"": ""baseline""}]",,
tesseract,docs,tables__b5d9db350b31304da912832bcbafc47b64d8_pg2_pg1,0.2546753361600008,,False,,,,,,,,,,,,False,,table_tests,6.0,1.0,"[{""id"": ""b5d9db350b31304da912832bcbafc47b64d8_pg2_table_00"", ""type"": ""table"", ""passed"": false, ""category"": ""table_tests""}, {""id"": ""b5d9db350b31304da912832bcbafc47b64d8_pg2_table_01"", ""type"": ""table"", ""passed"": false, ""category"": ""table_tests""}, {""id"": ""b5d9db350b31304da912832bcbafc47b64d8_pg2_table_02"", ""type"": ""table"", ""passed"": false, ""category"": ""table_tests""}, {""id"": ""b5d9db350b31304da912832bcbafc47b64d8_pg2_table_03"", ""type"": ""table"", ""passed"": false, ""category"": ""table_tests""}, {""id"": ""b5d9db350b31304da912832bcbafc47b64d8_pg2_table_04"", ""type"": ""table"", ""passed"": false, ""category"": ""table_tests""}, {""id"": ""auto_baseline"", ""type"": ""baseline"", ""passed"": true, ""category"": ""baseline""}]",,
tesseract,docs,tables__b773892dc3e755672b9e085e9eeb8ad18690_pg1_pg1,0.2546753361600008,,False,,,,,,,,,,,,False,,table_tests,6.0,1.0,"[{""id"": ""b773892dc3e755672b9e085e9eeb8ad18690_pg1_table_00"", ""type"": ""table"", ""passed"": false, ""category"": ""table_tests""}, {""id"": ""b773892dc3e755672b9e085e9eeb8ad18690_pg1_table_01"", ""type"": ""table"", ""passed"": false, ""category"": ""table_tests""}, {""id"": ""b773892dc3e755672b9e085e9eeb8ad18690_pg1_table_02"", ""type"": ""table"", ""passed"": false, ""category"": ""table_tests""}, {""id"": ""b773892dc3e755672b9e085e9eeb8ad18690_pg1_table_03"", ""type"": ""table"", ""passed"": false, ""category"": ""table_tests""}, {""id"": ""b773892dc3e755672b9e085e9eeb8ad18690_pg1_table_04"", ""type"": ""table"", ""passed"": false, ""category"": ""table_tests""}, {""id"": ""auto_baseline"", ""type"": ""baseline"", ""passed"": true, ""category"": ""baseline""}]",,
tesseract,docs,tables__fd6cb6dfe3a918390855052669d9a194231a_pg3,0.2546753361600008,,False,,,,,,,,,,,,False,,table_tests,6.0,1.0,"[{""id"": ""fd6cb6dfe3a918390855052669d9a194231a_pg3_table_00"", ""type"": ""table"", ""passed"": false, ""category"": ""table_tests""}, {""id"": ""fd6cb6dfe3a918390855052669d9a194231a_pg3_table_01"", ""type"": ""table"", ""passed"": false, ""category"": ""table_tests""}, {""id"": ""fd6cb6dfe3a918390855052669d9a194231a_pg3_table_02"", ""type"": ""table"", ""passed"": false, ""category"": ""table_tests""}, {""id"": ""fd6cb6dfe3a918390855052669d9a194231a_pg3_table_03"", ""type"": ""table"", ""passed"": false, ""category"": ""table_tests""}, {""id"": ""fd6cb6dfe3a918390855052669d9a194231a_pg3_table_04"", ""type"": ""table"", ""passed"": false, ""category"": ""table_tests""}, {""id"": ""auto_baseline"", ""type"": ""baseline"", ""passed"": true, ""category"": ""baseline""}]",,
tesseract,handwriting,iam_00023,0.019496289833333926,,False,,,1.0,1.0,1.0,40.0,40.0,0.0,0.0,0.0,0.0,True,False,,,,,,
tesseract,handwriting,iam_00030,0.019496289833333926,,False,,,0.43636363636363634,0.43636363636363634,1.0,24.0,55.0,0.25,0.2222222222222222,0.7777777777777778,0.8181818181818182,False,False,,,,,,
tesseract,handwriting,iam_00059,0.019496289833333926,,False,,,0.4883720930232558,0.4883720930232558,0.8571428571428571,21.0,43.0,0.14285714285714285,0.16666666666666666,0.8333333333333334,0.7906976744186046,False,False,,,,,,
tesseract,handwriting,iam_00064,0.019496289833333926,,False,,,0.6619718309859155,0.6619718309859155,1.0833333333333333,47.0,71.0,0.0,0.0,1.0,0.8028169014084507,False,False,,,,,,
tesseract,handwriting,iam_00071,0.019496289833333926,,False,,,0.1282051282051282,0.1282051282051282,0.375,5.0,39.0,0.875,0.875,0.125,0.9743589743589743,False,False,,,,,,
tesseract,handwriting,iam_00079,0.019496289833333926,,False,,,0.8372093023255814,0.8372093023255814,1.1428571428571428,36.0,43.0,0.14285714285714285,0.14285714285714285,0.8571428571428571,0.5116279069767442,False,False,,,,,,
tesseract,handwriting,iam_00126,0.019496289833333926,,False,,,0.30612244897959184,0.30612244897959184,0.8181818181818182,15.0,49.0,0.36363636363636365,0.36363636363636365,0.6363636363636364,0.9591836734693877,False,False,,,,,,
tesseract,handwriting,iam_00143,0.019496289833333926,,False,,,0.7435897435897436,0.7435897435897436,1.1428571428571428,29.0,39.0,0.0,0.0,1.0,0.717948717948718,False,False,,,,,,
tesseract,handwriting,iam_00188,0.019496289833333926,,False,,,0.2222222222222222,0.2222222222222222,0.7142857142857143,10.0,45.0,0.5,0.5,0.5,0.9333333333333333,False,False,,,,,,
tesseract,handwriting,iam_00258,0.019496289833333926,,False,,,0.5769230769230769,0.5769230769230769,1.875,30.0,52.0,0.0,0.0,1.0,1.0769230769230769,False,False,,,,,,
tesseract,handwriting,iam_00264,0.019496289833333926,,False,,,0.4067796610169492,0.4067796610169492,0.8181818181818182,24.0,59.0,0.2,0.2,0.8,0.8305084745762712,False,False,,,,,,
tesseract,handwriting,iam_00280,0.019496289833333926,,False,,,0.5116279069767442,0.5348837209302325,1.0,23.0,43.0,0.16666666666666666,0.16666666666666666,0.8333333333333334,0.9069767441860465,False,False,,,,,,
tesseract,handwriting,iam_00289,0.019496289833333926,,False,,,0.3333333333333333,0.3333333333333333,0.6666666666666666,20.0,60.0,0.3333333333333333,0.3333333333333333,0.6666666666666666,0.8666666666666667,False,False,,,,,,
tesseract,handwriting,iam_00343,0.019496289833333926,,False,,,0.37254901960784315,0.37254901960784315,1.0,19.0,51.0,0.0,0.0,1.0,0.8627450980392157,False,False,,,,,,
tesseract,handwriting,iam_00364,0.019496289833333926,,False,,,0.5555555555555556,0.5555555555555556,1.3333333333333333,20.0,36.0,0.16666666666666666,0.125,0.875,1.0277777777777777,False,False,,,,,,
tesseract,handwriting,iam_00371,0.019496289833333926,,False,,,1.0,1.0,1.0,44.0,44.0,0.0,0.0,0.0,0.0,True,False,,,,,,
tesseract,handwriting,iam_00373,0.019496289833333926,,False,,,1.0,1.0,1.0,32.0,32.0,0.0,0.0,0.0,0.0,True,False,,,,,,
tesseract,handwriting,iam_00403,0.019496289833333926,,False,,,0.7777777777777778,0.7777777777777778,1.0,28.0,36.0,0.16666666666666666,0.14285714285714285,0.8571428571428571,0.7222222222222222,False,False,,,,,,
tesseract,handwriting,iam_00468,0.019496289833333926,,False,,,0.5945945945945946,0.5945945945945946,0.8571428571428571,22.0,37.0,0.14285714285714285,0.14285714285714285,0.8571428571428571,0.8378378378378378,False,False,,,,,,
tesseract,handwriting,iam_00478,0.019496289833333926,,False,,,1.0,1.0,1.0,29.0,29.0,0.0,0.0,0.0,0.0,True,False,,,,,,
tesseract,handwriting,iam_00588,0.019496289833333926,,False,,,0.5106382978723404,0.5106382978723404,1.125,24.0,47.0,0.0,0.0,1.0,0.8723404255319149,False,False,,,,,,
tesseract,handwriting,iam_00608,0.019496289833333926,,False,,,0.7692307692307693,0.7307692307692307,1.2222222222222223,38.0,52.0,0.125,0.08333333333333333,0.9166666666666666,0.9807692307692307,False,False,,,,,,
tesseract,handwriting,iam_00749,0.019496289833333926,,False,,,0.8333333333333334,0.8333333333333334,1.5,10.0,12.0,0.0,0.0,1.0,1.0,False,False,,,,,,
tesseract,handwriting,iam_00819,0.019496289833333926,,False,,,0.7906976744186046,0.7906976744186046,1.0,34.0,43.0,0.0,0.0,1.0,0.4418604651162791,False,False,,,,,,
tesseract,handwriting,iam_00969,0.019496289833333926,,False,,,0.475,0.475,1.0,19.0,40.0,0.14285714285714285,0.14285714285714285,0.8571428571428571,1.125,False,False,,,,,,
tesseract,handwriting,iam_01020,0.019496289833333926,,False,,,0.5714285714285714,0.5714285714285714,0.875,20.0,35.0,0.125,0.1111111111111111,0.8888888888888888,0.9428571428571428,False,False,,,,,,
tesseract,handwriting,iam_01023,0.019496289833333926,,False,,,0.3829787234042553,0.3829787234042553,0.7142857142857143,18.0,47.0,0.2857142857142857,0.2857142857142857,0.7142857142857143,0.9148936170212766,False,False,,,,,,
tesseract,handwriting,iam_01091,0.019496289833333926,,False,,,0.23529411764705882,0.23529411764705882,0.7777777777777778,12.0,51.0,0.3,0.3333333333333333,0.6666666666666666,0.9411764705882353,False,False,,,,,,
tesseract,handwriting,iam_01104,0.019496289833333926,,False,,,0.4838709677419355,0.4838709677419355,1.0,15.0,31.0,0.0,0.0,1.0,0.8709677419354839,False,False,,,,,,
tesseract,handwriting,iam_01238,0.019496289833333926,,False,,,0.525,0.525,1.0,21.0,40.0,0.16666666666666666,0.14285714285714285,0.8571428571428571,0.65,False,False,,,,,,
tesseract,handwriting,iam_01366,0.019496289833333926,,False,,,0.425531914893617,0.425531914893617,0.8888888888888888,20.0,47.0,0.1111111111111111,0.1111111111111111,0.8888888888888888,0.8936170212765957,False,False,,,,,,
tesseract,handwriting,iam_01417,0.019496289833333926,,False,,,0.22641509433962265,0.22641509433962265,0.5,12.0,53.0,0.6363636363636364,0.6363636363636364,0.36363636363636365,0.9056603773584906,False,False,,,,,,
tesseract,handwriting,iam_01452,0.019496289833333926,,False,,,0.3137254901960784,0.3137254901960784,0.625,16.0,51.0,0.375,0.3333333333333333,0.6666666666666666,0.8823529411764706,False,False,,,,,,
tesseract,handwriting,iam_01455,0.019496289833333926,,False,,,1.0,1.0,1.0,5.0,5.0,0.0,0.0,0.0,0.0,True,False,,,,,,
tesseract,handwriting,iam_01805,0.019496289833333926,,False,,,0.6052631578947368,0.6052631578947368,0.875,23.0,38.0,0.25,0.25,0.75,0.9736842105263158,False,False,,,,,,
tesseract,handwriting,iam_01857,0.019496289833333926,,False,,,1.0,1.0,1.0,37.0,37.0,0.0,0.0,0.0,0.0,True,False,,,,,,
tesseract,handwriting,iam_01898,0.019496289833333926,,False,,,0.16,0.16,0.4,8.0,50.0,0.7,0.6363636363636364,0.36363636363636365,0.98,False,False,,,,,,
tesseract,handwriting,iam_01908,0.019496289833333926,,False,,,0.3018867924528302,0.3018867924528302,0.7272727272727273,16.0,53.0,0.5454545454545454,0.5454545454545454,0.45454545454545453,0.9622641509433962,False,False,,,,,,
tesseract,handwriting,iam_01970,0.019496289833333926,,False,,,0.625,0.625,0.875,25.0,40.0,0.2857142857142857,0.2222222222222222,0.7777777777777778,0.85,False,False,,,,,,
tesseract,handwriting,iam_01983,0.019496289833333926,,False,,,0.5652173913043478,0.5652173913043478,0.8,26.0,46.0,0.1111111111111111,0.1111111111111111,0.8888888888888888,0.717391304347826,False,False,,,,,,
tesseract,handwriting,iam_01993,0.019496289833333926,,False,,,0.13043478260869565,0.13043478260869565,0.4444444444444444,6.0,46.0,0.6666666666666666,0.6666666666666666,0.3333333333333333,0.9782608695652174,False,False,,,,,,
tesseract,handwriting,iam_02060,0.019496289833333926,,False,,,0.6122448979591837,0.6122448979591837,1.0,30.0,49.0,0.0,0.0,1.0,0.5918367346938775,False,False,,,,,,
tesseract,handwriting,iam_02081,0.019496289833333926,,False,,,0.6444444444444445,0.6444444444444445,1.0,29.0,45.0,0.0,0.0,1.0,0.6888888888888889,False,False,,,,,,
tesseract,handwriting,iam_02109,0.019496289833333926,,False,,,0.813953488372093,0.813953488372093,1.1111111111111112,35.0,43.0,0.0,0.0,1.0,0.6976744186046512,False,False,,,,,,
tesseract,handwriting,iam_02171,0.019496289833333926,,False,,,0.1,0.1,0.4,4.0,40.0,0.6,0.6,0.4,1.025,False,False,,,,,,
tesseract,handwriting,iam_02216,0.019496289833333926,,False,,,0.3902439024390244,0.3902439024390244,1.0,16.0,41.0,0.0,0.0,1.0,0.8292682926829268,False,False,,,,,,
tesseract,handwriting,iam_02279,0.019496289833333926,,False,,,0.5510204081632653,0.5510204081632653,1.2,27.0,49.0,0.09090909090909091,0.07692307692307693,0.9230769230769231,0.8979591836734694,False,False,,,,,,
tesseract,handwriting,iam_02371,0.019496289833333926,,False,,,0.9090909090909091,0.9090909090909091,1.0,20.0,22.0,0.0,0.0,1.0,0.22727272727272727,False,False,,,,,,
tesseract,handwriting,iam_02384,0.019496289833333926,,False,,,0.6666666666666666,0.6666666666666666,0.8,26.0,39.0,0.2,0.3333333333333333,0.6666666666666666,0.4358974358974359,False,False,,,,,,
tesseract,handwriting,iam_02463,0.019496289833333926,,False,,,0.525,0.525,0.875,21.0,40.0,0.2,0.25,0.75,0.8,False,False,,,,,,
tesseract,handwriting,iam_02522,0.019496289833333926,,False,,,0.6938775510204082,0.6938775510204082,1.5714285714285714,34.0,49.0,0.0,0.0,1.0,0.8163265306122449,False,False,,,,,,
tesseract,handwriting,iam_02552,0.019496289833333926,,False,,,0.43902439024390244,0.43902439024390244,0.9,18.0,41.0,0.2727272727272727,0.3333333333333333,0.6666666666666666,0.975609756097561,False,False,,,,,,
tesseract,handwriting,iam_02640,0.019496289833333926,,False,,,0.5510204081632653,0.5510204081632653,1.2222222222222223,27.0,49.0,0.0,0.0,1.0,0.8775510204081632,False,False,,,,,,
tesseract,handwriting,iam_02655,0.019496289833333926,,False,,,0.49019607843137253,0.49019607843137253,0.8,25.0,51.0,0.2727272727272727,0.3333333333333333,0.6666666666666666,0.6666666666666666,False,False,,,,,,
tesseract,handwriting,iam_02684,0.019496289833333926,,False,,,0.3684210526315789,0.3684210526315789,0.7857142857142857,21.0,57.0,0.2857142857142857,0.2857142857142857,0.7142857142857143,0.8771929824561403,False,False,,,,,,
tesseract,handwriting,iam_02725,0.019496289833333926,,False,,,0.543859649122807,0.543859649122807,1.0,31.0,57.0,0.0,0.0,1.0,0.6842105263157895,False,False,,,,,,
tesseract,handwriting,iam_02733,0.019496289833333926,,False,,,0.20512820512820512,0.20512820512820512,0.6666666666666666,8.0,39.0,0.3333333333333333,0.3333333333333333,0.6666666666666666,0.9487179487179487,False,False,,,,,,
tesseract,handwriting,iam_02750,0.019496289833333926,,False,,,0.75,0.75,1.7142857142857142,30.0,40.0,0.14285714285714285,0.07692307692307693,0.9230769230769231,1.0,False,False,,,,,,
tesseract,handwriting,iam_02765,0.019496289833333926,,False,,,1.0,1.0,1.0,38.0,38.0,0.0,0.0,0.0,0.0,True,False,,,,,,
tesseract,handwriting,iam_02838,0.019496289833333926,,False,,,0.5185185185185185,0.5185185185185185,1.1666666666666667,14.0,27.0,0.16666666666666666,0.125,0.875,1.037037037037037,False,False,,,,,,
tesseract,stress,syn000_prose__clean,1.2805667274545467,,False,,,0.0,0.0,0.0,0.0,2182.0,1.0,1.0,0.0,1.0,False,False,,,,,prose,clean
tesseract,stress,syn000_prose__dpi150,1.2805667274545467,,False,,,0.3153318077803204,0.31668194317140236,0.39331619537275064,691.0,2182.0,0.9722921914357683,0.9530864197530864,0.04691358024691358,1.0050412465627865,False,False,,,,,prose,dpi150
tesseract,stress,syn000_prose__dpi75,1.2805667274545467,,False,,,0.02471395881006865,0.02474793767186068,0.06426735218508997,54.0,2182.0,0.9445843828715366,0.97911227154047,0.020887728459530026,0.9784601283226397,False,False,,,,,prose,dpi75
tesseract,stress,syn000_prose__blur,1.2805667274545467,,False,,,0.006864988558352402,0.005041246562786435,0.015424164524421594,11.0,2182.0,0.9848866498740554,0.9974489795918368,0.002551020408163265,0.995417048579285,False,False,,,,,prose,blur
tesseract,stress,syn000_prose__noise,1.2805667274545467,,False,,,0.12906178489702516,0.12603116406966086,0.35218508997429304,275.0,2182.0,0.9269521410579346,0.8251121076233184,0.17488789237668162,1.0595783684692943,False,False,,,,,prose,noise
tesseract,stress,syn000_prose__rotate3,1.2805667274545467,,False,,,0.0,0.0,0.0,0.0,2182.0,1.0,1.0,0.0,1.0,False,False,,,,,prose,rotate3
tesseract,stress,syn000_prose__rotate8,1.2805667274545467,,False,,,1.0,1.0,1.0,2182.0,2182.0,0.0,0.0,0.0,0.0,True,False,,,,,prose,rotate8
tesseract,stress,syn000_prose__jpeg_q10,1.2805667274545467,,False,,,0.0009153318077803204,0.0009165902841429881,0.005141388174807198,2.0,2182.0,0.9974811083123426,0.9974811083123426,0.0025188916876574307,1.0,False,False,,,,,prose,jpeg_q10
tesseract,stress,syn000_prose__low_contrast,1.2805667274545467,,False,,,0.0004576659038901602,0.00045829514207149406,0.002570694087403599,1.0,2182.0,0.9974811083123426,0.9974811083123426,0.0025188916876574307,1.0,False,False,,,,,prose,low_contrast
tesseract,stress,syn000_prose__photocopy,1.2805667274545467,,False,,,0.009153318077803204,0.008249312557286892,0.02570694087403599,18.0,2182.0,0.9949622166246851,0.992462311557789,0.007537688442211055,1.005499541704858,False,False,,,,,prose,photocopy
tesseract,stress,syn000_prose__phone_photo,1.2805667274545467,,False,,,0.15469107551487415,0.15490375802016498,0.14910025706940874,338.0,2182.0,0.9949622166246851,0.9899749373433584,0.010025062656641603,1.0013748854262146,False,False,,,,,prose,phone_photo
tesseract,stress,syn001_two_column__clean,1.2805667274545467,,False,,,0.004377431906614786,0.0038910505836575876,0.010723860589812333,8.0,2056.0,0.9893333333333333,1.0,0.0,0.9961089494163424,False,False,,,,,two_column,clean
tesseract,stress,syn001_two_column__dpi150,1.2805667274545467,,False,,,0.005350194552529183,0.004377431906614786,0.0160857908847185,9.0,2056.0,0.984,0.9972972972972973,0.002702702702702703,0.9956225680933852,False,False,,,,,two_column,dpi150
tesseract,stress,syn001_two_column__dpi75,1.2805667274545467,,False,,,0.026750972762645913,0.02529182879377432,0.13136729222520108,52.0,2056.0,0.896,0.9180327868852459,0.08196721311475409,0.9844357976653697,False,False,,,,,two_column,dpi75
tesseract,stress,syn001_two_column__blur,1.2805667274545467,,False,,,0.05787937743190662,0.055933852140077824,0.19302949061662197,115.0,2056.0,0.9013333333333333,0.9110512129380054,0.0889487870619946,0.9766536964980544,False,False,,,,,two_column,blur
tesseract,stress,syn001_two_column__noise,1.2805667274545467,,False,,,0.5155642023346303,0.5126459143968871,0.7506702412868632,1054.0,2056.0,0.9306666666666666,0.8329355608591885,0.16706443914081145,1.0617704280155642,False,False,,,,,two_column,noise
tesseract,stress,syn001_two_column__rotate3,1.2805667274545467,,False,,,0.007782101167315175,0.007782101167315175,0.02680965147453083,16.0,2056.0,0.984,0.9946091644204852,0.005390835579514825,0.9961089494163424,False,False,,,,,two_column,rotate3
tesseract,stress,syn001_two_column__rotate8,1.2805667274545467,,False,,,0.28793774319066145,0.28793774319066145,0.5978552278820375,592.0,2056.0,0.6,0.7165605095541401,0.28343949044585987,0.7757782101167315,False,False,,,,,two_column,rotate8
tesseract,stress,syn001_two_column__jpeg_q10,1.2805667274545467,,False,,,0.00632295719844358,0.005350194552529183,0.021447721179624665,11.0,2056.0,0.984,0.9972972972972973,0.002702702702702703,0.9956225680933852,False,False,,,,,two_column,jpeg_q10
tesseract,stress,syn001_two_column__low_contrast,1.2805667274545467,,False,,,0.0038910505836575876,0.0029182879377431907,0.00804289544235925,6.0,2056.0,0.992,1.0,0.0,0.9970817120622568,False,False,,,,,two_column,low_contrast
tesseract,stress,syn001_two_column__photocopy,1.2805667274545467,,False,,,0.01264591439688716,0.012159533073929961,0.05361930294906166,25.0,2056.0,0.984,0.9892761394101877,0.010723860589812333,1.0019455252918288,False,False,,,,,two_column,photocopy
tesseract,stress,syn001_two_column__phone_photo,1.2805667274545467,,False,,,0.21546692607003892,0.21546692607003892,0.26541554959785524,443.0,2056.0,0.976,0.9786096256684492,0.0213903743315508,1.0,False,False,,,,,two_column,phone_photo
tesseract,stress,syn002_table__clean,1.2805667274545467,,False,,,0.002347417840375587,0.002347417840375587,0.015384615384615385,1.0,426.0,0.9888888888888889,0.9888888888888889,0.011111111111111112,1.0,False,False,,,,,table,clean
tesseract,stress,syn002_table__dpi150,1.2805667274545467,,False,,,0.0,0.0,0.0,0.0,426.0,1.0,1.0,0.0,1.0,False,False,,,,,table,dpi150
tesseract,stress,syn002_table__dpi75,1.2805667274545467,,False,,,0.10328638497652583,0.10328638497652583,0.3076923076923077,44.0,426.0,0.7,0.7875,0.2125,0.9671361502347418,False,False,,,,,table,dpi75
tesseract,stress,syn002_table__blur,1.2805667274545467,,False,,,0.12441314553990611,0.12441314553990611,0.35384615384615387,53.0,426.0,0.7111111111111111,0.7901234567901234,0.20987654320987653,0.9460093896713615,False,False,,,,,table,blur
tesseract,stress,syn002_table__noise,1.2805667274545467,,False,,,1.0,1.0,1.0,426.0,426.0,0.0,0.0,0.0,0.0,True,False,,,,,table,noise
tesseract,stress,syn002_table__rotate3,1.2805667274545467,,False,,,0.002347417840375587,0.002347417840375587,0.03076923076923077,1.0,426.0,0.9777777777777777,0.9887640449438202,0.011235955056179775,0.9976525821596244,False,False,,,,,table,rotate3
tesseract,stress,syn002_table__rotate8,1.2805667274545467,,False,,,1.0,1.0,1.0,426.0,426.0,0.0,0.0,0.0,0.0,True,False,,,,,table,rotate8
tesseract,stress,syn002_table__jpeg_q10,1.2805667274545467,,False,,,0.004694835680751174,0.004694835680751174,0.03076923076923077,2.0,426.0,0.9777777777777777,0.9777777777777777,0.022222222222222223,1.0023474178403755,False,False,,,,,table,jpeg_q10
tesseract,stress,syn002_table__low_contrast,1.2805667274545467,,False,,,0.002347417840375587,0.002347417840375587,0.015384615384615385,1.0,426.0,0.9888888888888889,0.9888888888888889,0.011111111111111112,1.0,False,False,,,,,table,low_contrast
tesseract,stress,syn002_table__photocopy,1.2805667274545467,,False,,,0.6713615023474179,0.6713615023474179,0.9230769230769231,286.0,426.0,0.9,0.8617021276595744,0.13829787234042554,1.068075117370892,False,False,,,,,table,photocopy
tesseract,stress,syn002_table__phone_photo,1.2805667274545467,,False,,,0.38967136150234744,0.38967136150234744,0.4461538461538462,166.0,426.0,1.0,1.0,0.0,1.0,False,False,,,,,table,phone_photo
tesseract,stress,syn003_invoice__clean,1.2805667274545467,,False,,,0.0,0.0,0.0,0.0,463.0,1.0,1.0,0.0,1.0,False,False,,,,,invoice,clean
tesseract,stress,syn003_invoice__dpi150,1.2805667274545467,,False,,,0.0,0.0,0.0,0.0,463.0,1.0,1.0,0.0,1.0,False,False,,,,,invoice,dpi150
tesseract,stress,syn003_invoice__dpi75,1.2805667274545467,,False,,,0.06263498920086392,0.06263498920086392,0.2727272727272727,29.0,463.0,0.782608695652174,0.8470588235294118,0.15294117647058825,0.9892008639308856,False,False,,,,,invoice,dpi75
tesseract,stress,syn003_invoice__blur,1.2805667274545467,,False,,,0.12958963282937366,0.12958963282937366,0.3939393939393939,60.0,463.0,0.8913043478260869,0.9534883720930233,0.046511627906976744,0.9136069114470843,False,False,,,,,invoice,blur
tesseract,stress,syn003_invoice__noise,1.2805667274545467,,False,,,1.0,1.0,1.0,463.0,463.0,0.0,0.0,0.0,0.0,True,False,,,,,invoice,noise
tesseract,stress,syn003_invoice__rotate3,1.2805667274545467,,False,,,0.0,0.0,0.0,0.0,463.0,1.0,1.0,0.0,1.0,False,False,,,,,invoice,rotate3
tesseract,stress,syn003_invoice__rotate8,1.2805667274545467,,False,,,1.0,1.0,1.0,463.0,463.0,0.0,0.0,0.0,0.0,True,False,,,,,invoice,rotate8
tesseract,stress,syn003_invoice__jpeg_q10,1.2805667274545467,,False,,,0.0064794816414686825,0.0064794816414686825,0.030303030303030304,3.0,463.0,0.9782608695652174,0.9782608695652174,0.021739130434782608,0.9978401727861771,False,False,,,,,invoice,jpeg_q10
tesseract,stress,syn003_invoice__low_contrast,1.2805667274545467,,False,,,0.0,0.0,0.0,0.0,463.0,1.0,1.0,0.0,1.0,False,False,,,,,invoice,low_contrast
tesseract,stress,syn003_invoice__photocopy,1.2805667274545467,,False,,,0.2505399568034557,0.24838012958963282,0.5151515151515151,115.0,463.0,0.5869565217391305,0.7105263157894737,0.2894736842105263,0.9092872570194385,False,False,,,,,invoice,photocopy
tesseract,stress,syn003_invoice__phone_photo,1.2805667274545467,,False,,,0.31317494600431967,0.31317494600431967,0.3333333333333333,145.0,463.0,0.9239130434782609,0.9883720930232558,0.011627906976744186,0.9611231101511879,False,False,,,,,invoice,phone_photo
tesseract,stress,syn004_prose__clean,1.2805667274545467,,False,,,0.00044603033006244426,0.00044603033006244426,0.0025575447570332483,1.0,2242.0,0.9974619289340102,0.9974619289340102,0.0025380710659898475,1.0,False,False,,,,,prose,clean
tesseract,stress,syn004_prose__dpi150,1.2805667274545467,,False,,,0.0008920606601248885,0.0008920606601248885,0.0025575447570332483,2.0,2242.0,0.9974619289340102,0.9974619289340102,0.0025380710659898475,1.0004460303300624,False,False,,,,,prose,dpi150
tesseract,stress,syn004_prose__dpi75,1.2805667274545467,,False,,,0.0044603033006244425,0.0044603033006244425,0.02557544757033248,10.0,2242.0,0.9847715736040609,0.9872773536895675,0.01272264631043257,0.9995539696699376,False,False,,,,,prose,dpi75
tesseract,stress,syn004_prose__blur,1.2805667274545467,,False,,,0.006244424620874219,0.006244424620874219,0.017902813299232736,14.0,2242.0,0.9822335025380711,0.9974226804123711,0.002577319587628866,0.9942016057091883,False,False,,,,,prose,blur
tesseract,stress,syn004_prose__noise,1.2805667274545467,,False,,,0.13782337198929528,0.13470115967885815,0.37084398976982097,302.0,2242.0,0.9111675126903553,0.804932735426009,0.19506726457399104,1.0664585191793041,False,False,,,,,prose,noise
tesseract,stress,syn004_prose__rotate3,1.2805667274545467,,False,,,0.0026761819803746653,0.0026761819803746653,0.01278772378516624,6.0,2242.0,0.9873096446700508,0.9923469387755102,0.007653061224489796,0.9991079393398751,False,False,,,,,prose,rotate3
tesseract,stress,syn004_prose__rotate8,1.2805667274545467,,False,,,0.8064228367528992,0.8064228367528992,0.8618925831202046,1808.0,2242.0,0.18274111675126903,0.9,0.1,0.20695807314897413,False,False,,,,,prose,rotate8
tesseract,stress,syn004_prose__jpeg_q10,1.2805667274545467,,False,,,0.0013380909901873326,0.0013380909901873326,0.005115089514066497,3.0,2242.0,0.9949238578680203,0.9949238578680203,0.005076142131979695,1.0004460303300624,False,False,,,,,prose,jpeg_q10
tesseract,stress,syn004_prose__low_contrast,1.2805667274545467,,False,,,0.00044603033006244426,0.00044603033006244426,0.0025575447570332483,1.0,2242.0,0.9974619289340102,0.9974619289340102,0.0025380710659898475,1.0,False,False,,,,,prose,low_contrast
tesseract,stress,syn004_prose__photocopy,1.2805667274545467,,False,,,0.0026761819803746653,0.0022301516503122213,0.01278772378516624,5.0,2242.0,0.9898477157360406,0.9923664122137404,0.007633587786259542,0.9995539696699376,False,False,,,,,prose,photocopy
tesseract,stress,syn004_prose__phone_photo,1.2805667274545467,,False,,,0.6480820695807314,0.6480820695807314,0.8593350383631714,1453.0,2242.0,0.9086294416243654,0.8325581395348837,0.16744186046511628,1.0249776984834968,False,False,,,,,prose,phone_photo
